﻿<xml><article id="45411665" name="ADECOFIS11" idOficio="11280101" pubName="DO1" artType="Ato Declaratório" pubDate="12/09/2025" artClass="00028:00032:00435:00019:00003:00000:00000:00000:00000:00000:00007:00000" artCategory="Ministério da Fazenda/Secretaria Especial da Receita Federal do Brasil/Secretaria-Adjunta/Subsecretaria de Fiscalização/Coordenação-Geral de Fiscalização" artSize="12" artNotes="ok" numberPage="136" pdfPage="http://pesquisa.in.gov.br/imprensa/jsp/visualiza/index.jsp?data=12/09/2025&amp;jornal=515&amp;pagina=136" editionNumber="174" highlightType="" highlightPriority="" highlight="" highlightimage="" highlightimagename="" idMateria="23100866">
  <body>
    <Identifica><![CDATA[ ATO DECLARATÓRIO EXECUTIVO COFIS Nº 11, DE 3 DE setembro DE 2025]]></Identifica>
    <Data><![CDATA[]]></Data>
    <Ementa><![CDATA[ Dispõe sobre o prazo para emissão retroativa do Recibo Eletrônico de Serviços de Saúde - Receita Saúde, em atendimento ao disposto no art. 8º, parágrafo único da Instrução Normativa RFB, nº 2.240, de 11 de dezembro de 2024.]]></Ementa>
    <Titulo />
    <SubTitulo />
    <Texto><![CDATA[<p class="identifica">ATO DECLARATÓRIO EXECUTIVO COFIS Nº 11, DE 3 DE setembro DE 2025</p><p class="ementa">Dispõe sobre o prazo para emissão retroativa do Recibo Eletrônico de Serviços de Saúde - Receita Saúde, em atendimento ao disposto no art. 8º, parágrafo único da Instrução Normativa RFB, nº 2.240, de 11 de dezembro de 2024.</p><p>A COORDENADORA-GERAL DE FISCALIZAÇÃO, no uso das atribuições que lhe conferem o art. 121, caput, inciso II, e o art. 358, caput, inciso II, do Regimento Interno da Secretaria Especial da Receita Federal do Brasil, aprovado pela Portaria ME nº 284, de 27 de julho de 2020, e tendo em vista o disposto no art. 8º, parágrafo único, da Instrução Normativa RFB nº 2.240, de 11 de dezembro de 2024, declara:</p><p>Art. 1º A emissão retroativa do Recibo Eletrônico de Serviços de Saúde - Receita Saúde, de que trata o art. 8º da Instrução Normativa RFB, nº 2.240, de 11 de dezembro de 2024, poderá ser realizada até o último dia de fevereiro do primeiro ano subsequente ao ano em que ocorreu o pagamento pela prestação do serviço.</p><p>Art. 2º Este Ato Declaratório Executivo entra em vigor na data de sua publicação no Diário Oficial da União.</p><p class="assina">vandreia mota rocha</p>]]></Texto>
  </body>
  <Midias />
</article></xml>