﻿<xml><article id="45406770" name="PORTARIA NA 613 - 11.09.2025_001" idOficio="11278735" pubName="DO1" artType="Portaria" pubDate="12/09/2025" artClass="00025:00046:00000:00000:00000:00000:00000:00000:00000:00000:00054:00000" artCategory="Ministério da Educação/Secretaria de Regulação e Supervisão da Educação Superior" artSize="24" artNotes="" numberPage="105" pdfPage="http://pesquisa.in.gov.br/imprensa/jsp/visualiza/index.jsp?data=12/09/2025&amp;jornal=515&amp;pagina=105" editionNumber="174" highlightType="" highlightPriority="" highlight="" highlightimage="" highlightimagename="" idMateria="23098720">
  <body>
    <Identifica><![CDATA[ PORTARIA SERES/MEC Nº 613, DE 11 DE SETEMBRO DE 2025]]></Identifica>
    <Data><![CDATA[]]></Data>
    <Ementa />
    <Titulo />
    <SubTitulo />
    <Texto><![CDATA[<p class="identifica">PORTARIA SERES/MEC Nº 613, DE 11 DE SETEMBRO DE 2025</p><p>A SECRETÁRIA DE REGULAÇÃO E SUPERVISÃO DA EDUCAÇÃO SUPERIOR, no uso das atribuições que lhe confere o Decreto nº 11.691, de 5 de setembro de 2023, e tendo em vista os Decretos nº 9.235, de 15 de dezembro de 2017, e nº 12.456, de 19 de maio de 2025; as Portarias Normativas MEC nºs 20 e 23, de 21 de dezembro de 2017; a Portaria MEC nº 381, de 20 de maio de 2025; conforme consta dos processos e-MEC listados na planilha anexa e do processo SEI nº 23000.021707/2025-11, resolve:</p><p>Art. 1º Fica(m) autorizado(s) o(s) curso(s) superior(es) no formato semipresencial, relacionado(s) no Anexo desta Portaria, com as vagas totais anuais nele estabelecidas, nos termos do art. 10, do Decreto nº 9.235, de 2017.</p><p>Art. 2º Os endereços utilizados para as atividades presenciais dos cursos de graduação, ofertados no formato semipresencial, são, exclusivamente, aqueles constantes do Cadastro e-MEC, em conformidade com o art. 30 do Decreto nº 12.456, de 2025.</p><p>Art. 3º A(s) instituição(ões) deverá(ão) solicitar o reconhecimento do(s) curso(s), neste ato autorizado(s), nos termos do art. 46 do Decreto nº 9.235, de 2017.</p><p>Art. 4º Esta portaria entra em vigor na data de sua publicação.</p><p class="assina">MARTA ABRAMO</p><p>ANEXO</p><p /><p></p><table><tr /><tr><td rowspan="1" colspan="1"><p><strong>Nº de Ordem</strong></p></td><td rowspan="1" colspan="1"><p>Nº do Processo</p></td><td rowspan="1" colspan="1"><p>Grau</p></td><td rowspan="1" colspan="1"><p>Curso</p></td><td rowspan="1" colspan="1"><p>Nº de Vagas Totais Anuais</p></td><td rowspan="1" colspan="1"><p>Mantida</p></td><td rowspan="1" colspan="1"><p>Mantenedora</p></td></tr><tr><td rowspan="1" colspan="1"><p>1</p></td><td rowspan="1" colspan="1"><p>202508924</p></td><td rowspan="1" colspan="1"><p>Bacharelado</p></td><td rowspan="1" colspan="1"><p>ARQUITETURA E URBANISMO</p></td><td rowspan="1" colspan="1"><p>300</p></td><td rowspan="1" colspan="1"><p>UNIVERSIDADE CEUMA - UNICEUMA</p></td><td rowspan="1" colspan="1"><p>CEUMA-ASSOCIACAO DE ENSINO SUPERIOR</p></td></tr><tr><td rowspan="1" colspan="1"><p>2</p></td><td rowspan="1" colspan="1"><p>202508178</p></td><td rowspan="1" colspan="1"><p>Bacharelado</p></td><td rowspan="1" colspan="1"><p>BIOMEDICINA</p></td><td rowspan="1" colspan="1"><p>300</p></td><td rowspan="1" colspan="1"><p>UNIVERSIDADE CEUMA - UNICEUMA</p></td><td rowspan="1" colspan="1"><p>CEUMA-ASSOCIACAO DE ENSINO SUPERIOR</p></td></tr><tr><td rowspan="1" colspan="1"><p>3</p></td><td rowspan="1" colspan="1"><p>202508181</p></td><td rowspan="1" colspan="1"><p>Bacharelado</p></td><td rowspan="1" colspan="1"><p>EDUCAÇÃO FÍSICA</p></td><td rowspan="1" colspan="1"><p>300</p></td><td rowspan="1" colspan="1"><p>UNIVERSIDADE CEUMA - UNICEUMA</p></td><td rowspan="1" colspan="1"><p>CEUMA-ASSOCIACAO DE ENSINO SUPERIOR</p></td></tr><tr><td rowspan="1" colspan="1"><p>4</p></td><td rowspan="1" colspan="1"><p>202508923</p></td><td rowspan="1" colspan="1"><p>Bacharelado</p></td><td rowspan="1" colspan="1"><p>ENGENHARIA CIVIL</p></td><td rowspan="1" colspan="1"><p>400</p></td><td rowspan="1" colspan="1"><p>UNIVERSIDADE CEUMA - UNICEUMA</p></td><td rowspan="1" colspan="1"><p>CEUMA-ASSOCIACAO DE ENSINO SUPERIOR</p></td></tr><tr><td rowspan="1" colspan="1"><p>5</p></td><td rowspan="1" colspan="1"><p>202508927</p></td><td rowspan="1" colspan="1"><p>Bacharelado</p></td><td rowspan="1" colspan="1"><p>ENGENHARIA DE PRODUÇÃO</p></td><td rowspan="1" colspan="1"><p>200</p></td><td rowspan="1" colspan="1"><p>UNIVERSIDADE CEUMA - UNICEUMA</p></td><td rowspan="1" colspan="1"><p>CEUMA-ASSOCIACAO DE ENSINO SUPERIOR</p></td></tr><tr><td rowspan="1" colspan="1"><p>6</p></td><td rowspan="1" colspan="1"><p>202508926</p></td><td rowspan="1" colspan="1"><p>Bacharelado</p></td><td rowspan="1" colspan="1"><p>ENGENHARIA ELÉTRICA</p></td><td rowspan="1" colspan="1"><p>400</p></td><td rowspan="1" colspan="1"><p>UNIVERSIDADE CEUMA - UNICEUMA</p></td><td rowspan="1" colspan="1"><p>CEUMA-ASSOCIACAO DE ENSINO SUPERIOR</p></td></tr><tr><td rowspan="1" colspan="1"><p>7</p></td><td rowspan="1" colspan="1"><p>202508925</p></td><td rowspan="1" colspan="1"><p>Bacharelado</p></td><td rowspan="1" colspan="1"><p>ENGENHARIA MECÂNICA</p></td><td rowspan="1" colspan="1"><p>1300</p></td><td rowspan="1" colspan="1"><p>UNIVERSIDADE CEUMA - UNICEUMA</p></td><td rowspan="1" colspan="1"><p>CEUMA-ASSOCIACAO DE ENSINO SUPERIOR</p></td></tr><tr><td rowspan="1" colspan="1"><p>8</p></td><td rowspan="1" colspan="1"><p>202508180</p></td><td rowspan="1" colspan="1"><p>Bacharelado</p></td><td rowspan="1" colspan="1"><p>FARMÁCIA</p></td><td rowspan="1" colspan="1"><p>300</p></td><td rowspan="1" colspan="1"><p>UNIVERSIDADE CEUMA - UNICEUMA</p></td><td rowspan="1" colspan="1"><p>CEUMA-ASSOCIACAO DE ENSINO SUPERIOR</p></td></tr><tr><td rowspan="1" colspan="1"><p>9</p></td><td rowspan="1" colspan="1"><p>202510372</p></td><td rowspan="1" colspan="1"><p>Licenciatura</p></td><td rowspan="1" colspan="1"><p>LETRAS</p></td><td rowspan="1" colspan="1"><p>1300</p></td><td rowspan="1" colspan="1"><p>UNIVERSIDADE CEUMA - UNICEUMA</p></td><td rowspan="1" colspan="1"><p>CEUMA-ASSOCIACAO DE ENSINO SUPERIOR</p></td></tr><tr><td rowspan="1" colspan="1"><p>10</p></td><td rowspan="1" colspan="1"><p>202508179</p></td><td rowspan="1" colspan="1"><p>Bacharelado</p></td><td rowspan="1" colspan="1"><p>NUTRIÇÃO</p></td><td rowspan="1" colspan="1"><p>300</p></td><td rowspan="1" colspan="1"><p>UNIVERSIDADE CEUMA - UNICEUMA</p></td><td rowspan="1" colspan="1"><p>CEUMA-ASSOCIACAO DE ENSINO SUPERIOR</p></td></tr><tr><td rowspan="1" colspan="1"><p>11</p></td><td rowspan="1" colspan="1"><p>202510373</p></td><td rowspan="1" colspan="1"><p>Licenciatura</p></td><td rowspan="1" colspan="1"><p>PEDAGOGIA</p></td><td rowspan="1" colspan="1"><p>1300</p></td><td rowspan="1" colspan="1"><p>UNIVERSIDADE CEUMA - UNICEUMA</p></td><td rowspan="1" colspan="1"><p>CEUMA-ASSOCIACAO DE ENSINO SUPERIOR</p></td></tr><tr><td rowspan="1" colspan="1"><p>12</p></td><td rowspan="1" colspan="1"><p>202508177</p></td><td rowspan="1" colspan="1"><p>Bacharelado</p></td><td rowspan="1" colspan="1"><p>SERVIÇO SOCIAL</p></td><td rowspan="1" colspan="1"><p>300</p></td><td rowspan="1" colspan="1"><p>UNIVERSIDADE CEUMA - UNICEUMA</p></td><td rowspan="1" colspan="1"><p>CEUMA-ASSOCIACAO DE ENSINO SUPERIOR</p></td></tr><tr><td rowspan="1" colspan="1"><p>13</p></td><td rowspan="1" colspan="1"><p>202515887</p></td><td rowspan="1" colspan="1"><p>Bacharelado</p></td><td rowspan="1" colspan="1"><p>AGRONOMIA</p></td><td rowspan="1" colspan="1"><p>10000</p></td><td rowspan="1" colspan="1"><p>UNIVERSIDADE CIDADE DE SAO PAULO - UNICID</p></td><td rowspan="1" colspan="1"><p>SECID - SOCIEDADE EDUCACIONAL CIDADE DE SAO PAULO S.A.</p></td></tr><tr><td rowspan="1" colspan="1"><p>14</p></td><td rowspan="1" colspan="1"><p>202508779</p></td><td rowspan="1" colspan="1"><p>Bacharelado</p></td><td rowspan="1" colspan="1"><p>ARQUITETURA E URBANISMO</p></td><td rowspan="1" colspan="1"><p>1000</p></td><td rowspan="1" colspan="1"><p>UNIVERSIDADE CIDADE DE SAO PAULO - UNICID</p></td><td rowspan="1" colspan="1"><p>SECID - SOCIEDADE EDUCACIONAL CIDADE DE SAO PAULO S.A.</p></td></tr><tr><td rowspan="1" colspan="1"><p>15</p></td><td rowspan="1" colspan="1"><p>202509924</p></td><td rowspan="1" colspan="1"><p>Licenciatura</p></td><td rowspan="1" colspan="1"><p>ARTES VISUAIS</p></td><td rowspan="1" colspan="1"><p>1500</p></td><td rowspan="1" colspan="1"><p>UNIVERSIDADE CIDADE DE SAO PAULO - UNICID</p></td><td rowspan="1" colspan="1"><p>SECID - SOCIEDADE EDUCACIONAL CIDADE DE SAO PAULO S.A.</p></td></tr><tr><td rowspan="1" colspan="1"><p>16</p></td><td rowspan="1" colspan="1"><p>202508024</p></td><td rowspan="1" colspan="1"><p>Bacharelado</p></td><td rowspan="1" colspan="1"><p>BIOMEDICINA</p></td><td rowspan="1" colspan="1"><p>1000</p></td><td rowspan="1" colspan="1"><p>UNIVERSIDADE CIDADE DE SAO PAULO - UNICID</p></td><td rowspan="1" colspan="1"><p>SECID - SOCIEDADE EDUCACIONAL CIDADE DE SAO PAULO S.A.</p></td></tr><tr><td rowspan="1" colspan="1"><p>17</p></td><td rowspan="1" colspan="1"><p>202507780</p></td><td rowspan="1" colspan="1"><p>Bacharelado</p></td><td rowspan="1" colspan="1"><p>CIÊNCIAS BIOLÓGICAS</p></td><td rowspan="1" colspan="1"><p>700</p></td><td rowspan="1" colspan="1"><p>UNIVERSIDADE CIDADE DE SAO PAULO - UNICID</p></td><td rowspan="1" colspan="1"><p>SECID - SOCIEDADE EDUCACIONAL CIDADE DE SAO PAULO S.A.</p></td></tr><tr><td rowspan="1" colspan="1"><p>18</p></td><td rowspan="1" colspan="1"><p>202509932</p></td><td rowspan="1" colspan="1"><p>Licenciatura</p></td><td rowspan="1" colspan="1"><p>CIÊNCIAS BIOLÓGICAS</p></td><td rowspan="1" colspan="1"><p>150</p></td><td rowspan="1" colspan="1"><p>UNIVERSIDADE CIDADE DE SAO PAULO - UNICID</p></td><td rowspan="1" colspan="1"><p>SECID - SOCIEDADE EDUCACIONAL CIDADE DE SAO PAULO S.A.</p></td></tr><tr><td rowspan="1" colspan="1"><p>19</p></td><td rowspan="1" colspan="1"><p>202509930</p></td><td rowspan="1" colspan="1"><p>Licenciatura</p></td><td rowspan="1" colspan="1"><p>CIÊNCIAS SOCIAIS</p></td><td rowspan="1" colspan="1"><p>300</p></td><td rowspan="1" colspan="1"><p>UNIVERSIDADE CIDADE DE SAO PAULO - UNICID</p></td><td rowspan="1" colspan="1"><p>SECID - SOCIEDADE EDUCACIONAL CIDADE DE SAO PAULO S.A.</p></td></tr><tr><td rowspan="1" colspan="1"><p>20</p></td><td rowspan="1" colspan="1"><p>202509920</p></td><td rowspan="1" colspan="1"><p>Licenciatura</p></td><td rowspan="1" colspan="1"><p>EDUCAÇÃO ESPECIAL</p></td><td rowspan="1" colspan="1"><p>300</p></td><td rowspan="1" colspan="1"><p>UNIVERSIDADE CIDADE DE SAO PAULO - UNICID</p></td><td rowspan="1" colspan="1"><p>SECID - SOCIEDADE EDUCACIONAL CIDADE DE SAO PAULO S.A.</p></td></tr><tr><td rowspan="1" colspan="1"><p>21</p></td><td rowspan="1" colspan="1"><p>202508021</p></td><td rowspan="1" colspan="1"><p>Bacharelado</p></td><td rowspan="1" colspan="1"><p>EDUCAÇÃO FÍSICA</p></td><td rowspan="1" colspan="1"><p>1000</p></td><td rowspan="1" colspan="1"><p>UNIVERSIDADE CIDADE DE SAO PAULO - UNICID</p></td><td rowspan="1" colspan="1"><p>SECID - SOCIEDADE EDUCACIONAL CIDADE DE SAO PAULO S.A.</p></td></tr><tr><td rowspan="1" colspan="1"><p>22</p></td><td rowspan="1" colspan="1"><p>202509923</p></td><td rowspan="1" colspan="1"><p>Licenciatura</p></td><td rowspan="1" colspan="1"><p>EDUCAÇÃO FÍSICA</p></td><td rowspan="1" colspan="1"><p>100</p></td><td rowspan="1" colspan="1"><p>UNIVERSIDADE CIDADE DE SAO PAULO - UNICID</p></td><td rowspan="1" colspan="1"><p>SECID - SOCIEDADE EDUCACIONAL CIDADE DE SAO PAULO S.A.</p></td></tr><tr><td rowspan="1" colspan="1"><p>23</p></td><td rowspan="1" colspan="1"><p>202508780</p></td><td rowspan="1" colspan="1"><p>Bacharelado</p></td><td rowspan="1" colspan="1"><p>ENGENHARIA AMBIENTAL</p></td><td rowspan="1" colspan="1"><p>250</p></td><td rowspan="1" colspan="1"><p>UNIVERSIDADE CIDADE DE SAO PAULO - UNICID</p></td><td rowspan="1" colspan="1"><p>SECID - SOCIEDADE EDUCACIONAL CIDADE DE SAO PAULO S.A.</p></td></tr><tr><td rowspan="1" colspan="1"><p>24</p></td><td rowspan="1" colspan="1"><p>202508775</p></td><td rowspan="1" colspan="1"><p>Bacharelado</p></td><td rowspan="1" colspan="1"><p>ENGENHARIA CIVIL</p></td><td rowspan="1" colspan="1"><p>1500</p></td><td rowspan="1" colspan="1"><p>UNIVERSIDADE CIDADE DE SAO PAULO - UNICID</p></td><td rowspan="1" colspan="1"><p>SECID - SOCIEDADE EDUCACIONAL CIDADE DE SAO PAULO S.A.</p></td></tr><tr><td rowspan="1" colspan="1"><p>25</p></td><td rowspan="1" colspan="1"><p>202508776</p></td><td rowspan="1" colspan="1"><p>Bacharelado</p></td><td rowspan="1" colspan="1"><p>ENGENHARIA DE COMPUTAÇÃO</p></td><td rowspan="1" colspan="1"><p>1500</p></td><td rowspan="1" colspan="1"><p>UNIVERSIDADE CIDADE DE SAO PAULO - UNICID</p></td><td rowspan="1" colspan="1"><p>SECID - SOCIEDADE EDUCACIONAL CIDADE DE SAO PAULO S.A.</p></td></tr><tr><td rowspan="1" colspan="1"><p>26</p></td><td rowspan="1" colspan="1"><p>202508774</p></td><td rowspan="1" colspan="1"><p>Bacharelado</p></td><td rowspan="1" colspan="1"><p>ENGENHARIA DE PRODUÇÃO</p></td><td rowspan="1" colspan="1"><p>1500</p></td><td rowspan="1" colspan="1"><p>UNIVERSIDADE CIDADE DE SAO PAULO - UNICID</p></td><td rowspan="1" colspan="1"><p>SECID - SOCIEDADE EDUCACIONAL CIDADE DE SAO PAULO S.A.</p></td></tr><tr><td rowspan="1" colspan="1"><p>27</p></td><td rowspan="1" colspan="1"><p>202508782</p></td><td rowspan="1" colspan="1"><p>Bacharelado</p></td><td rowspan="1" colspan="1"><p>ENGENHARIA ELÉTRICA</p></td><td rowspan="1" colspan="1"><p>1500</p></td><td rowspan="1" colspan="1"><p>UNIVERSIDADE CIDADE DE SAO PAULO - UNICID</p></td><td rowspan="1" colspan="1"><p>SECID - SOCIEDADE EDUCACIONAL CIDADE DE SAO PAULO S.A.</p></td></tr><tr><td rowspan="1" colspan="1"><p>28</p></td><td rowspan="1" colspan="1"><p>202508781</p></td><td rowspan="1" colspan="1"><p>Bacharelado</p></td><td rowspan="1" colspan="1"><p>ENGENHARIA MECÂNICA</p></td><td rowspan="1" colspan="1"><p>1500</p></td><td rowspan="1" colspan="1"><p>UNIVERSIDADE CIDADE DE SAO PAULO - UNICID</p></td><td rowspan="1" colspan="1"><p>SECID - SOCIEDADE EDUCACIONAL CIDADE DE SAO PAULO S.A.</p></td></tr><tr><td rowspan="1" colspan="1"><p>29</p></td><td rowspan="1" colspan="1"><p>202508777</p></td><td rowspan="1" colspan="1"><p>Bacharelado</p></td><td rowspan="1" colspan="1"><p>ENGENHARIA MECATRÔNICA</p></td><td rowspan="1" colspan="1"><p>500</p></td><td rowspan="1" colspan="1"><p>UNIVERSIDADE CIDADE DE SAO PAULO - UNICID</p></td><td rowspan="1" colspan="1"><p>SECID - SOCIEDADE EDUCACIONAL CIDADE DE SAO PAULO S.A.</p></td></tr><tr><td rowspan="1" colspan="1"><p>30</p></td><td rowspan="1" colspan="1"><p>202511670</p></td><td rowspan="1" colspan="1"><p>Tecnológico</p></td><td rowspan="1" colspan="1"><p>ESTÉTICA E COSMÉTICA</p></td><td rowspan="1" colspan="1"><p>1500</p></td><td rowspan="1" colspan="1"><p>UNIVERSIDADE CIDADE DE SAO PAULO - UNICID</p></td><td rowspan="1" colspan="1"><p>SECID - SOCIEDADE EDUCACIONAL CIDADE DE SAO PAULO S.A.</p></td></tr><tr><td rowspan="1" colspan="1"><p>31</p></td><td rowspan="1" colspan="1"><p>202508030</p></td><td rowspan="1" colspan="1"><p>Bacharelado</p></td><td rowspan="1" colspan="1"><p>FARMÁCIA</p></td><td rowspan="1" colspan="1"><p>1000</p></td><td rowspan="1" colspan="1"><p>UNIVERSIDADE CIDADE DE SAO PAULO - UNICID</p></td><td rowspan="1" colspan="1"><p>SECID - SOCIEDADE EDUCACIONAL CIDADE DE SAO PAULO S.A.</p></td></tr><tr><td rowspan="1" colspan="1"><p>32</p></td><td rowspan="1" colspan="1"><p>202509916</p></td><td rowspan="1" colspan="1"><p>Licenciatura</p></td><td rowspan="1" colspan="1"><p>FILOSOFIA</p></td><td rowspan="1" colspan="1"><p>200</p></td><td rowspan="1" colspan="1"><p>UNIVERSIDADE CIDADE DE SAO PAULO - UNICID</p></td><td rowspan="1" colspan="1"><p>SECID - SOCIEDADE EDUCACIONAL CIDADE DE SAO PAULO S.A.</p></td></tr><tr><td rowspan="1" colspan="1"><p>33</p></td><td rowspan="1" colspan="1"><p>202507777</p></td><td rowspan="1" colspan="1"><p>Bacharelado</p></td><td rowspan="1" colspan="1"><p>FÍSICA</p></td><td rowspan="1" colspan="1"><p>500</p></td><td rowspan="1" colspan="1"><p>UNIVERSIDADE CIDADE DE SAO PAULO - UNICID</p></td><td rowspan="1" colspan="1"><p>SECID - SOCIEDADE EDUCACIONAL CIDADE DE SAO PAULO S.A.</p></td></tr><tr><td rowspan="1" colspan="1"><p>34</p></td><td rowspan="1" colspan="1"><p>202509921</p></td><td rowspan="1" colspan="1"><p>Licenciatura</p></td><td rowspan="1" colspan="1"><p>FÍSICA</p></td><td rowspan="1" colspan="1"><p>100</p></td><td rowspan="1" colspan="1"><p>UNIVERSIDADE CIDADE DE SAO PAULO - UNICID</p></td><td rowspan="1" colspan="1"><p>SECID - SOCIEDADE EDUCACIONAL CIDADE DE SAO PAULO S.A.</p></td></tr><tr><td rowspan="1" colspan="1"><p>35</p></td><td rowspan="1" colspan="1"><p>202508029</p></td><td rowspan="1" colspan="1"><p>Bacharelado</p></td><td rowspan="1" colspan="1"><p>FISIOTERAPIA</p></td><td rowspan="1" colspan="1"><p>1000</p></td><td rowspan="1" colspan="1"><p>UNIVERSIDADE CIDADE DE SAO PAULO - UNICID</p></td><td rowspan="1" colspan="1"><p>SECID - SOCIEDADE EDUCACIONAL CIDADE DE SAO PAULO S.A.</p></td></tr><tr><td rowspan="1" colspan="1"><p>36</p></td><td rowspan="1" colspan="1"><p>202515096</p></td><td rowspan="1" colspan="1"><p>Bacharelado</p></td><td rowspan="1" colspan="1"><p>FONOAUDIOLOGIA</p></td><td rowspan="1" colspan="1"><p>16000</p></td><td rowspan="1" colspan="1"><p>UNIVERSIDADE CIDADE DE SAO PAULO - UNICID</p></td><td rowspan="1" colspan="1"><p>SECID - SOCIEDADE EDUCACIONAL CIDADE DE SAO PAULO S.A.</p></td></tr><tr><td rowspan="1" colspan="1"><p>37</p></td><td rowspan="1" colspan="1"><p>202509928</p></td><td rowspan="1" colspan="1"><p>Licenciatura</p></td><td rowspan="1" colspan="1"><p>GEOGRAFIA</p></td><td rowspan="1" colspan="1"><p>200</p></td><td rowspan="1" colspan="1"><p>UNIVERSIDADE CIDADE DE SAO PAULO - UNICID</p></td><td rowspan="1" colspan="1"><p>SECID - SOCIEDADE EDUCACIONAL CIDADE DE SAO PAULO S.A.</p></td></tr><tr><td rowspan="1" colspan="1"><p>38</p></td><td rowspan="1" colspan="1"><p>202508025</p></td><td rowspan="1" colspan="1"><p>Tecnológico</p></td><td rowspan="1" colspan="1"><p>GERONTOLOGIA</p></td><td rowspan="1" colspan="1"><p>500</p></td><td rowspan="1" colspan="1"><p>UNIVERSIDADE CIDADE DE SAO PAULO - UNICID</p></td><td rowspan="1" colspan="1"><p>SECID - SOCIEDADE EDUCACIONAL CIDADE DE SAO PAULO S.A.</p></td></tr><tr><td rowspan="1" colspan="1"><p>39</p></td><td rowspan="1" colspan="1"><p>202508778</p></td><td rowspan="1" colspan="1"><p>Tecnológico</p></td><td rowspan="1" colspan="1"><p>GESTÃO AMBIENTAL</p></td><td rowspan="1" colspan="1"><p>300</p></td><td rowspan="1" colspan="1"><p>UNIVERSIDADE CIDADE DE SAO PAULO - UNICID</p></td><td rowspan="1" colspan="1"><p>SECID - SOCIEDADE EDUCACIONAL CIDADE DE SAO PAULO S.A.</p></td></tr><tr><td rowspan="1" colspan="1"><p>40</p></td><td rowspan="1" colspan="1"><p>202511671</p></td><td rowspan="1" colspan="1"><p>Tecnológico</p></td><td rowspan="1" colspan="1"><p>GESTÃO HOSPITALAR</p></td><td rowspan="1" colspan="1"><p>1500</p></td><td rowspan="1" colspan="1"><p>UNIVERSIDADE CIDADE DE SAO PAULO - UNICID</p></td><td rowspan="1" colspan="1"><p>SECID - SOCIEDADE EDUCACIONAL CIDADE DE SAO PAULO S.A.</p></td></tr><tr><td rowspan="1" colspan="1"><p>41</p></td><td rowspan="1" colspan="1"><p>202509918</p></td><td rowspan="1" colspan="1"><p>Licenciatura</p></td><td rowspan="1" colspan="1"><p>HISTÓRIA</p></td><td rowspan="1" colspan="1"><p>300</p></td><td rowspan="1" colspan="1"><p>UNIVERSIDADE CIDADE DE SAO PAULO - UNICID</p></td><td rowspan="1" colspan="1"><p>SECID - SOCIEDADE EDUCACIONAL CIDADE DE SAO PAULO S.A.</p></td></tr><tr><td rowspan="1" colspan="1"><p>42</p></td><td rowspan="1" colspan="1"><p>202509926</p></td><td rowspan="1" colspan="1"><p>Licenciatura</p></td><td rowspan="1" colspan="1"><p>LETRAS - LIBRAS</p></td><td rowspan="1" colspan="1"><p>300</p></td><td rowspan="1" colspan="1"><p>UNIVERSIDADE CIDADE DE SAO PAULO - UNICID</p></td><td rowspan="1" colspan="1"><p>SECID - SOCIEDADE EDUCACIONAL CIDADE DE SAO PAULO S.A.</p></td></tr><tr><td rowspan="1" colspan="1"><p>43</p></td><td rowspan="1" colspan="1"><p>202514991</p></td><td rowspan="1" colspan="1"><p>Licenciatura</p></td><td rowspan="1" colspan="1"><p>LETRAS - LÍNGUA PORTUGUESA</p></td><td rowspan="1" colspan="1"><p>3000</p></td><td rowspan="1" colspan="1"><p>UNIVERSIDADE CIDADE DE SAO PAULO - UNICID</p></td><td rowspan="1" colspan="1"><p>SECID - SOCIEDADE EDUCACIONAL CIDADE DE SAO PAULO S.A.</p></td></tr><tr><td rowspan="1" colspan="1"><p>44</p></td><td rowspan="1" colspan="1"><p>202509929</p></td><td rowspan="1" colspan="1"><p>Licenciatura</p></td><td rowspan="1" colspan="1"><p>LETRAS - PORTUGUÊS E ESPANHOL</p></td><td rowspan="1" colspan="1"><p>300</p></td><td rowspan="1" colspan="1"><p>UNIVERSIDADE CIDADE DE SAO PAULO - UNICID</p></td><td rowspan="1" colspan="1"><p>SECID - SOCIEDADE EDUCACIONAL CIDADE DE SAO PAULO S.A.</p></td></tr><tr><td rowspan="1" colspan="1"><p>45</p></td><td rowspan="1" colspan="1"><p>202509922</p></td><td rowspan="1" colspan="1"><p>Licenciatura</p></td><td rowspan="1" colspan="1"><p>LETRAS - PORTUGUÊS E INGLÊS</p></td><td rowspan="1" colspan="1"><p>500</p></td><td rowspan="1" colspan="1"><p>UNIVERSIDADE CIDADE DE SAO PAULO - UNICID</p></td><td rowspan="1" colspan="1"><p>SECID - SOCIEDADE EDUCACIONAL CIDADE DE SAO PAULO S.A.</p></td></tr><tr><td rowspan="1" colspan="1"><p>46</p></td><td rowspan="1" colspan="1"><p>202509915</p></td><td rowspan="1" colspan="1"><p>Licenciatura</p></td><td rowspan="1" colspan="1"><p>LETRAS - PORTUGUÊS E JAPONÊS</p></td><td rowspan="1" colspan="1"><p>1000</p></td><td rowspan="1" colspan="1"><p>UNIVERSIDADE CIDADE DE SAO PAULO - UNICID</p></td><td rowspan="1" colspan="1"><p>SECID - SOCIEDADE EDUCACIONAL CIDADE DE SAO PAULO S.A.</p></td></tr><tr><td rowspan="1" colspan="1"><p>47</p></td><td rowspan="1" colspan="1"><p>202507779</p></td><td rowspan="1" colspan="1"><p>Bacharelado</p></td><td rowspan="1" colspan="1"><p>MATEMÁTICA</p></td><td rowspan="1" colspan="1"><p>500</p></td><td rowspan="1" colspan="1"><p>UNIVERSIDADE CIDADE DE SAO PAULO - UNICID</p></td><td rowspan="1" colspan="1"><p>SECID - SOCIEDADE EDUCACIONAL CIDADE DE SAO PAULO S.A.</p></td></tr><tr><td rowspan="1" colspan="1"><p>48</p></td><td rowspan="1" colspan="1"><p>202509919</p></td><td rowspan="1" colspan="1"><p>Licenciatura</p></td><td rowspan="1" colspan="1"><p>MATEMÁTICA</p></td><td rowspan="1" colspan="1"><p>300</p></td><td rowspan="1" colspan="1"><p>UNIVERSIDADE CIDADE DE SAO PAULO - UNICID</p></td><td rowspan="1" colspan="1"><p>SECID - SOCIEDADE EDUCACIONAL CIDADE DE SAO PAULO S.A.</p></td></tr><tr><td rowspan="1" colspan="1"><p>49</p></td><td rowspan="1" colspan="1"><p>202508023</p></td><td rowspan="1" colspan="1"><p>Bacharelado</p></td><td rowspan="1" colspan="1"><p>NATUROLOGIA</p></td><td rowspan="1" colspan="1"><p>1000</p></td><td rowspan="1" colspan="1"><p>UNIVERSIDADE CIDADE DE SAO PAULO - UNICID</p></td><td rowspan="1" colspan="1"><p>SECID - SOCIEDADE EDUCACIONAL CIDADE DE SAO PAULO S.A.</p></td></tr><tr><td rowspan="1" colspan="1"><p>50</p></td><td rowspan="1" colspan="1"><p>202508028</p></td><td rowspan="1" colspan="1"><p>Bacharelado</p></td><td rowspan="1" colspan="1"><p>NUTRIÇÃO</p></td><td rowspan="1" colspan="1"><p>1000</p></td><td rowspan="1" colspan="1"><p>UNIVERSIDADE CIDADE DE SAO PAULO - UNICID</p></td><td rowspan="1" colspan="1"><p>SECID - SOCIEDADE EDUCACIONAL CIDADE DE SAO PAULO S.A.</p></td></tr><tr><td rowspan="1" colspan="1"><p>51</p></td><td rowspan="1" colspan="1"><p>202508027</p></td><td rowspan="1" colspan="1"><p>Bacharelado</p></td><td rowspan="1" colspan="1"><p>ÓPTICA E OPTOMETRIA</p></td><td rowspan="1" colspan="1"><p>1000</p></td><td rowspan="1" colspan="1"><p>UNIVERSIDADE CIDADE DE SAO PAULO - UNICID</p></td><td rowspan="1" colspan="1"><p>SECID - SOCIEDADE EDUCACIONAL CIDADE DE SAO PAULO S.A.</p></td></tr><tr><td rowspan="1" colspan="1"><p>52</p></td><td rowspan="1" colspan="1"><p>202509925</p></td><td rowspan="1" colspan="1"><p>Licenciatura</p></td><td rowspan="1" colspan="1"><p>PEDAGOGIA</p></td><td rowspan="1" colspan="1"><p>7000</p></td><td rowspan="1" colspan="1"><p>UNIVERSIDADE CIDADE DE SAO PAULO - UNICID</p></td><td rowspan="1" colspan="1"><p>SECID - SOCIEDADE EDUCACIONAL CIDADE DE SAO PAULO S.A.</p></td></tr><tr><td rowspan="1" colspan="1"><p>53</p></td><td rowspan="1" colspan="1"><p>202508031</p></td><td rowspan="1" colspan="1"><p>Tecnológico</p></td><td rowspan="1" colspan="1"><p>PODOLOGIA</p></td><td rowspan="1" colspan="1"><p>1000</p></td><td rowspan="1" colspan="1"><p>UNIVERSIDADE CIDADE DE SAO PAULO - UNICID</p></td><td rowspan="1" colspan="1"><p>SECID - SOCIEDADE EDUCACIONAL CIDADE DE SAO PAULO S.A.</p></td></tr><tr><td rowspan="1" colspan="1"><p>54</p></td><td rowspan="1" colspan="1"><p>202517513</p></td><td rowspan="1" colspan="1"><p>Licenciatura</p></td><td rowspan="1" colspan="1"><p>PROGRAMA ESPECIAL DE FORMAÇÃO PEDAGÓGICA DE DOCENTES - BIOLOGIA</p></td><td rowspan="1" colspan="1"><p>50</p></td><td rowspan="1" colspan="1"><p>UNIVERSIDADE CIDADE DE SAO PAULO - UNICID</p></td><td rowspan="1" colspan="1"><p>SECID - SOCIEDADE EDUCACIONAL CIDADE DE SAO PAULO S.A.</p></td></tr><tr><td rowspan="1" colspan="1"><p>55</p></td><td rowspan="1" colspan="1"><p>202518204</p></td><td rowspan="1" colspan="1"><p>Licenciatura</p></td><td rowspan="1" colspan="1"><p>PROGRAMA ESPECIAL DE FORMAÇÃO PEDAGÓGICA DE DOCENTES - PORTUGUÊS</p></td><td rowspan="1" colspan="1"><p>50</p></td><td rowspan="1" colspan="1"><p>UNIVERSIDADE CIDADE DE SAO PAULO - UNICID</p></td><td rowspan="1" colspan="1"><p>SECID - SOCIEDADE EDUCACIONAL CIDADE DE SAO PAULO S.A.</p></td></tr><tr><td rowspan="1" colspan="1"><p>56</p></td><td rowspan="1" colspan="1"><p>202509917</p></td><td rowspan="1" colspan="1"><p>Bacharelado</p></td><td rowspan="1" colspan="1"><p>PSICOPEDAGOGIA</p></td><td rowspan="1" colspan="1"><p>700</p></td><td rowspan="1" colspan="1"><p>UNIVERSIDADE CIDADE DE SAO PAULO - UNICID</p></td><td rowspan="1" colspan="1"><p>SECID - SOCIEDADE EDUCACIONAL CIDADE DE SAO PAULO S.A.</p></td></tr><tr><td rowspan="1" colspan="1"><p>57</p></td><td rowspan="1" colspan="1"><p>202507778</p></td><td rowspan="1" colspan="1"><p>Bacharelado</p></td><td rowspan="1" colspan="1"><p>QUÍMICA</p></td><td rowspan="1" colspan="1"><p>700</p></td><td rowspan="1" colspan="1"><p>UNIVERSIDADE CIDADE DE SAO PAULO - UNICID</p></td><td rowspan="1" colspan="1"><p>SECID - SOCIEDADE EDUCACIONAL CIDADE DE SAO PAULO S.A.</p></td></tr><tr><td rowspan="1" colspan="1"><p>58</p></td><td rowspan="1" colspan="1"><p>202509927</p></td><td rowspan="1" colspan="1"><p>Licenciatura</p></td><td rowspan="1" colspan="1"><p>QUÍMICA</p></td><td rowspan="1" colspan="1"><p>1500</p></td><td rowspan="1" colspan="1"><p>UNIVERSIDADE CIDADE DE SAO PAULO - UNICID</p></td><td rowspan="1" colspan="1"><p>SECID - SOCIEDADE EDUCACIONAL CIDADE DE SAO PAULO S.A.</p></td></tr><tr><td rowspan="1" colspan="1"><p>59</p></td><td rowspan="1" colspan="1"><p>202508022</p></td><td rowspan="1" colspan="1"><p>Tecnológico</p></td><td rowspan="1" colspan="1"><p>RADIOLOGIA</p></td><td rowspan="1" colspan="1"><p>500</p></td><td rowspan="1" colspan="1"><p>UNIVERSIDADE CIDADE DE SAO PAULO - UNICID</p></td><td rowspan="1" colspan="1"><p>SECID - SOCIEDADE EDUCACIONAL CIDADE DE SAO PAULO S.A.</p></td></tr><tr><td rowspan="1" colspan="1"><p>60</p></td><td rowspan="1" colspan="1"><p>202508026</p></td><td rowspan="1" colspan="1"><p>Bacharelado</p></td><td rowspan="1" colspan="1"><p>SERVIÇO SOCIAL</p></td><td rowspan="1" colspan="1"><p>2000</p></td><td rowspan="1" colspan="1"><p>UNIVERSIDADE CIDADE DE SAO PAULO - UNICID</p></td><td rowspan="1" colspan="1"><p>SECID - SOCIEDADE EDUCACIONAL CIDADE DE SAO PAULO S.A.</p></td></tr><tr><td rowspan="1" colspan="1"><p>61</p></td><td rowspan="1" colspan="1"><p>202515095</p></td><td rowspan="1" colspan="1"><p>Bacharelado</p></td><td rowspan="1" colspan="1"><p>TERAPIA OCUPACIONAL</p></td><td rowspan="1" colspan="1"><p>8000</p></td><td rowspan="1" colspan="1"><p>UNIVERSIDADE CIDADE DE SAO PAULO - UNICID</p></td><td rowspan="1" colspan="1"><p>SECID - SOCIEDADE EDUCACIONAL CIDADE DE SAO PAULO S.A.</p></td></tr><tr><td rowspan="1" colspan="1"><p>62</p></td><td rowspan="1" colspan="1"><p>202508020</p></td><td rowspan="1" colspan="1"><p>Tecnológico</p></td><td rowspan="1" colspan="1"><p>TERAPIAS INTEGRATIVAS E COMPLEMENTARES</p></td><td rowspan="1" colspan="1"><p>1000</p></td><td rowspan="1" colspan="1"><p>UNIVERSIDADE CIDADE DE SAO PAULO - UNICID</p></td><td rowspan="1" colspan="1"><p>SECID - SOCIEDADE EDUCACIONAL CIDADE DE SAO PAULO S.A.</p></td></tr><tr><td rowspan="1" colspan="1"><p>63</p></td><td rowspan="1" colspan="1"><p>202515888</p></td><td rowspan="1" colspan="1"><p>Bacharelado</p></td><td rowspan="1" colspan="1"><p>ZOOTECNIA</p></td><td rowspan="1" colspan="1"><p>8000</p></td><td rowspan="1" colspan="1"><p>UNIVERSIDADE CIDADE DE SAO PAULO - UNICID</p></td><td rowspan="1" colspan="1"><p>SECID - SOCIEDADE EDUCACIONAL CIDADE DE SAO PAULO S.A.</p></td></tr><tr><td rowspan="1" colspan="1"><p>64</p></td><td rowspan="1" colspan="1"><p>202510961</p></td><td rowspan="1" colspan="1"><p>Licenciatura</p></td><td rowspan="1" colspan="1"><p>CIÊNCIAS DA RELIGIÃO - ENSINO RELIGIOSO</p></td><td rowspan="1" colspan="1"><p>200</p></td><td rowspan="1" colspan="1"><p>UNIVERSIDADE COMUNITARIA DA REGIAO DE CHAPECO - UNOCHAPECO</p></td><td rowspan="1" colspan="1"><p>FUNDACAO UNIVERSITARIA DO DESENVOLVIMENTO DO OESTE</p></td></tr><tr><td rowspan="1" colspan="1"><p>65</p></td><td rowspan="1" colspan="1"><p>202516570</p></td><td rowspan="1" colspan="1"><p>Licenciatura</p></td><td rowspan="1" colspan="1"><p>EDUCAÇÃO FÍSICA</p></td><td rowspan="1" colspan="1"><p>1600</p></td><td rowspan="1" colspan="1"><p>UNIVERSIDADE COMUNITARIA DA REGIAO DE CHAPECO - UNOCHAPECO</p></td><td rowspan="1" colspan="1"><p>FUNDACAO UNIVERSITARIA DO DESENVOLVIMENTO DO OESTE</p></td></tr><tr><td rowspan="1" colspan="1"><p>66</p></td><td rowspan="1" colspan="1"><p>202517061</p></td><td rowspan="1" colspan="1"><p>Tecnológico</p></td><td rowspan="1" colspan="1"><p>ESTÉTICA E COSMÉTICA</p></td><td rowspan="1" colspan="1"><p>1200</p></td><td rowspan="1" colspan="1"><p>UNIVERSIDADE COMUNITARIA DA REGIAO DE CHAPECO - UNOCHAPECO</p></td><td rowspan="1" colspan="1"><p>FUNDACAO UNIVERSITARIA DO DESENVOLVIMENTO DO OESTE</p></td></tr><tr><td rowspan="1" colspan="1"><p>67</p></td><td rowspan="1" colspan="1"><p>202516569</p></td><td rowspan="1" colspan="1"><p>Licenciatura</p></td><td rowspan="1" colspan="1"><p>LETRAS - PORTUGUÊS</p></td><td rowspan="1" colspan="1"><p>1600</p></td><td rowspan="1" colspan="1"><p>UNIVERSIDADE COMUNITARIA DA REGIAO DE CHAPECO - UNOCHAPECO</p></td><td rowspan="1" colspan="1"><p>FUNDACAO UNIVERSITARIA DO DESENVOLVIMENTO DO OESTE</p></td></tr><tr><td rowspan="1" colspan="1"><p>68</p></td><td rowspan="1" colspan="1"><p>202510962</p></td><td rowspan="1" colspan="1"><p>Licenciatura</p></td><td rowspan="1" colspan="1"><p>PEDAGOGIA</p></td><td rowspan="1" colspan="1"><p>500</p></td><td rowspan="1" colspan="1"><p>UNIVERSIDADE COMUNITARIA DA REGIAO DE CHAPECO - UNOCHAPECO</p></td><td rowspan="1" colspan="1"><p>FUNDACAO UNIVERSITARIA DO DESENVOLVIMENTO DO OESTE</p></td></tr><tr><td rowspan="1" colspan="1"><p>69</p></td><td rowspan="1" colspan="1"><p>202517832</p></td><td rowspan="1" colspan="1"><p>Bacharelado</p></td><td rowspan="1" colspan="1"><p>AGRONOMIA</p></td><td rowspan="1" colspan="1"><p>1000</p></td><td rowspan="1" colspan="1"><p>UNIVERSIDADE CRUZEIRO DO SUL - UNICSUL</p></td><td rowspan="1" colspan="1"><p>CRUZEIRO DO SUL EDUCACIONAL S.A.</p></td></tr><tr><td rowspan="1" colspan="1"><p>70</p></td><td rowspan="1" colspan="1"><p>202511525</p></td><td rowspan="1" colspan="1"><p>Bacharelado</p></td><td rowspan="1" colspan="1"><p>ARQUITETURA E URBANISMO</p></td><td rowspan="1" colspan="1"><p>1000</p></td><td rowspan="1" colspan="1"><p>UNIVERSIDADE CRUZEIRO DO SUL - UNICSUL</p></td><td rowspan="1" colspan="1"><p>CRUZEIRO DO SUL EDUCACIONAL S.A.</p></td></tr><tr><td rowspan="1" colspan="1"><p>71</p></td><td rowspan="1" colspan="1"><p>202509735</p></td><td rowspan="1" colspan="1"><p>Licenciatura</p></td><td rowspan="1" colspan="1"><p>ARTES VISUAIS</p></td><td rowspan="1" colspan="1"><p>2500</p></td><td rowspan="1" colspan="1"><p>UNIVERSIDADE CRUZEIRO DO SUL - UNICSUL</p></td><td rowspan="1" colspan="1"><p>CRUZEIRO DO SUL EDUCACIONAL S.A.</p></td></tr><tr><td rowspan="1" colspan="1"><p>72</p></td><td rowspan="1" colspan="1"><p>202507927</p></td><td rowspan="1" colspan="1"><p>Bacharelado</p></td><td rowspan="1" colspan="1"><p>BIOMEDICINA</p></td><td rowspan="1" colspan="1"><p>1000</p></td><td rowspan="1" colspan="1"><p>UNIVERSIDADE CRUZEIRO DO SUL - UNICSUL</p></td><td rowspan="1" colspan="1"><p>CRUZEIRO DO SUL EDUCACIONAL S.A.</p></td></tr><tr><td rowspan="1" colspan="1"><p>73</p></td><td rowspan="1" colspan="1"><p>202507760</p></td><td rowspan="1" colspan="1"><p>Bacharelado</p></td><td rowspan="1" colspan="1"><p>CIÊNCIAS BIOLÓGICAS</p></td><td rowspan="1" colspan="1"><p>1000</p></td><td rowspan="1" colspan="1"><p>UNIVERSIDADE CRUZEIRO DO SUL - UNICSUL</p></td><td rowspan="1" colspan="1"><p>CRUZEIRO DO SUL EDUCACIONAL S.A.</p></td></tr><tr><td rowspan="1" colspan="1"><p>74</p></td><td rowspan="1" colspan="1"><p>202509733</p></td><td rowspan="1" colspan="1"><p>Licenciatura</p></td><td rowspan="1" colspan="1"><p>CIÊNCIAS BIOLÓGICAS</p></td><td rowspan="1" colspan="1"><p>2000</p></td><td rowspan="1" colspan="1"><p>UNIVERSIDADE CRUZEIRO DO SUL - UNICSUL</p></td><td rowspan="1" colspan="1"><p>CRUZEIRO DO SUL EDUCACIONAL S.A.</p></td></tr><tr><td rowspan="1" colspan="1"><p>75</p></td><td rowspan="1" colspan="1"><p>202518227</p></td><td rowspan="1" colspan="1"><p>Licenciatura</p></td><td rowspan="1" colspan="1"><p>CIÊNCIAS SOCIAIS</p></td><td rowspan="1" colspan="1"><p>2000</p></td><td rowspan="1" colspan="1"><p>UNIVERSIDADE CRUZEIRO DO SUL - UNICSUL</p></td><td rowspan="1" colspan="1"><p>CRUZEIRO DO SUL EDUCACIONAL S.A.</p></td></tr><tr><td rowspan="1" colspan="1"><p>76</p></td><td rowspan="1" colspan="1"><p>202509742</p></td><td rowspan="1" colspan="1"><p>Licenciatura</p></td><td rowspan="1" colspan="1"><p>EDUCAÇÃO ESPECIAL</p></td><td rowspan="1" colspan="1"><p>2000</p></td><td rowspan="1" colspan="1"><p>UNIVERSIDADE CRUZEIRO DO SUL - UNICSUL</p></td><td rowspan="1" colspan="1"><p>CRUZEIRO DO SUL EDUCACIONAL S.A.</p></td></tr><tr><td rowspan="1" colspan="1"><p>77</p></td><td rowspan="1" colspan="1"><p>202507918</p></td><td rowspan="1" colspan="1"><p>Bacharelado</p></td><td rowspan="1" colspan="1"><p>EDUCAÇÃO FÍSICA</p></td><td rowspan="1" colspan="1"><p>1200</p></td><td rowspan="1" colspan="1"><p>UNIVERSIDADE CRUZEIRO DO SUL - UNICSUL</p></td><td rowspan="1" colspan="1"><p>CRUZEIRO DO SUL EDUCACIONAL S.A.</p></td></tr><tr><td rowspan="1" colspan="1"><p>78</p></td><td rowspan="1" colspan="1"><p>202509729</p></td><td rowspan="1" colspan="1"><p>Licenciatura</p></td><td rowspan="1" colspan="1"><p>EDUCAÇÃO FÍSICA</p></td><td rowspan="1" colspan="1"><p>5000</p></td><td rowspan="1" colspan="1"><p>UNIVERSIDADE CRUZEIRO DO SUL - UNICSUL</p></td><td rowspan="1" colspan="1"><p>CRUZEIRO DO SUL EDUCACIONAL S.A.</p></td></tr><tr><td rowspan="1" colspan="1"><p>79</p></td><td rowspan="1" colspan="1"><p>202511528</p></td><td rowspan="1" colspan="1"><p>Bacharelado</p></td><td rowspan="1" colspan="1"><p>ENGENHARIA AMBIENTAL</p></td><td rowspan="1" colspan="1"><p>2500</p></td><td rowspan="1" colspan="1"><p>UNIVERSIDADE CRUZEIRO DO SUL - UNICSUL</p></td><td rowspan="1" colspan="1"><p>CRUZEIRO DO SUL EDUCACIONAL S.A.</p></td></tr></table>]]></Texto>
  </body>
  <Midias />
</article></xml>