﻿<xml><article id="45406344" name="PORTARIA NA 608 - 11.09.2025_001" idOficio="11278735" pubName="DO1" artType="Portaria" pubDate="12/09/2025" artClass="00025:00046:00000:00000:00000:00000:00000:00000:00000:00000:00054:00000" artCategory="Ministério da Educação/Secretaria de Regulação e Supervisão da Educação Superior" artSize="24" artNotes="" numberPage="59" pdfPage="http://pesquisa.in.gov.br/imprensa/jsp/visualiza/index.jsp?data=12/09/2025&amp;jornal=515&amp;pagina=59" editionNumber="174" highlightType="" highlightPriority="" highlight="" highlightimage="" highlightimagename="" idMateria="23098715">
  <body>
    <Identifica><![CDATA[ PORTARIA SERES/MEC Nº 608, DE 11 DE SETEMBRO DE 2025]]></Identifica>
    <Data><![CDATA[]]></Data>
    <Ementa />
    <Titulo />
    <SubTitulo />
    <Texto><![CDATA[<p class="identifica">PORTARIA SERES/MEC Nº 608, DE 11 DE SETEMBRO DE 2025</p><p>A SECRETÁRIA DE REGULAÇÃO E SUPERVISÃO DA EDUCAÇÃO SUPERIOR, no uso das atribuições que lhe confere o Decreto nº 11.691, de 5 de setembro de 2023, e tendo em vista os Decretos nº 9.235, de 15 de dezembro de 2017, e nº 12.456, de 19 de maio de 2025; as Portarias Normativas MEC nºs 20 e 23, de 21 de dezembro de 2017; a Portaria MEC nº 381, de 20 de maio de 2025; conforme consta dos processos e-MEC listados na planilha anexa e do processo SEI nº 23000.021707/2025-11, resolve:</p><p>Art. 1º Fica(m) autorizado(s) o(s) curso(s) superior(es) no formato semipresencial, relacionado(s) no Anexo desta Portaria, com as vagas totais anuais nele estabelecidas, nos termos do art. 10, do Decreto nº 9.235, de 2017.</p><p>Art. 2º Os endereços utilizados para as atividades presenciais dos cursos de graduação, ofertados no formato semipresencial, são, exclusivamente, aqueles constantes do Cadastro e-MEC, em conformidade com o art. 30 do Decreto nº 12.456, de 2025.</p><p>Art. 3º A(s) instituição(ões) deverá(ão) solicitar o reconhecimento do(s) curso(s), neste ato autorizado(s), nos termos do art. 46 do Decreto nº 9.235, de 2017.</p><p>Art. 4º Esta portaria entra em vigor na data de sua publicação.</p><p class="assina">MARTA ABRAMO</p><p>ANEXO</p><p /><p></p><table><tr /><tr><td rowspan="1" colspan="1"><p>Nº de Ordem</p></td><td rowspan="1" colspan="1"><p>Nº do Processo</p></td><td rowspan="1" colspan="1"><p>Grau</p></td><td rowspan="1" colspan="1"><p>Curso</p></td><td rowspan="1" colspan="1"><p>Nº de Vagas Totais Anuais</p></td><td rowspan="1" colspan="1"><p>Mantida</p></td><td rowspan="1" colspan="1"><p>Mantenedora</p></td></tr><tr><td rowspan="1" colspan="1"><p>1</p></td><td rowspan="1" colspan="1"><p>202509299</p></td><td rowspan="1" colspan="1"><p>Bacharelado</p></td><td rowspan="1" colspan="1"><p>ARQUITETURA E URBANISMO</p></td><td rowspan="1" colspan="1"><p>40</p></td><td rowspan="1" colspan="1"><p>CENTRO UNIVERSITARIO FACVEST - UNIFACVEST</p></td><td rowspan="1" colspan="1"><p>SOCIEDADE DE EDUCACAO N.S. AUXILIADORA LTDA</p></td></tr><tr><td rowspan="1" colspan="1"><p>2</p></td><td rowspan="1" colspan="1"><p>202511048</p></td><td rowspan="1" colspan="1"><p>Licenciatura</p></td><td rowspan="1" colspan="1"><p>ARTES</p></td><td rowspan="1" colspan="1"><p>500</p></td><td rowspan="1" colspan="1"><p>CENTRO UNIVERSITARIO FACVEST - UNIFACVEST</p></td><td rowspan="1" colspan="1"><p>SOCIEDADE DE EDUCACAO N.S. AUXILIADORA LTDA</p></td></tr><tr><td rowspan="1" colspan="1"><p>3</p></td><td rowspan="1" colspan="1"><p>202508588</p></td><td rowspan="1" colspan="1"><p>Bacharelado</p></td><td rowspan="1" colspan="1"><p>BIOMEDICINA</p></td><td rowspan="1" colspan="1"><p>40</p></td><td rowspan="1" colspan="1"><p>CENTRO UNIVERSITARIO FACVEST - UNIFACVEST</p></td><td rowspan="1" colspan="1"><p>SOCIEDADE DE EDUCACAO N.S. AUXILIADORA LTDA</p></td></tr><tr><td rowspan="1" colspan="1"><p>4</p></td><td rowspan="1" colspan="1"><p>202511053</p></td><td rowspan="1" colspan="1"><p>Licenciatura</p></td><td rowspan="1" colspan="1"><p>CIÊNCIAS BIOLÓGICAS</p></td><td rowspan="1" colspan="1"><p>200</p></td><td rowspan="1" colspan="1"><p>CENTRO UNIVERSITARIO FACVEST - UNIFACVEST</p></td><td rowspan="1" colspan="1"><p>SOCIEDADE DE EDUCACAO N.S. AUXILIADORA LTDA</p></td></tr><tr><td rowspan="1" colspan="1"><p>5</p></td><td rowspan="1" colspan="1"><p>202511047</p></td><td rowspan="1" colspan="1"><p>Licenciatura</p></td><td rowspan="1" colspan="1"><p>EDUCAÇÃO ESPECIAL</p></td><td rowspan="1" colspan="1"><p>500</p></td><td rowspan="1" colspan="1"><p>CENTRO UNIVERSITARIO FACVEST - UNIFACVEST</p></td><td rowspan="1" colspan="1"><p>SOCIEDADE DE EDUCACAO N.S. AUXILIADORA LTDA</p></td></tr><tr><td rowspan="1" colspan="1"><p>6</p></td><td rowspan="1" colspan="1"><p>202508584</p></td><td rowspan="1" colspan="1"><p>Bacharelado</p></td><td rowspan="1" colspan="1"><p>EDUCAÇÃO FÍSICA</p></td><td rowspan="1" colspan="1"><p>40</p></td><td rowspan="1" colspan="1"><p>CENTRO UNIVERSITARIO FACVEST - UNIFACVEST</p></td><td rowspan="1" colspan="1"><p>SOCIEDADE DE EDUCACAO N.S. AUXILIADORA LTDA</p></td></tr><tr><td rowspan="1" colspan="1"><p>7</p></td><td rowspan="1" colspan="1"><p>202511051</p></td><td rowspan="1" colspan="1"><p>Licenciatura</p></td><td rowspan="1" colspan="1"><p>EDUCAÇÃO FÍSICA</p></td><td rowspan="1" colspan="1"><p>500</p></td><td rowspan="1" colspan="1"><p>CENTRO UNIVERSITARIO FACVEST - UNIFACVEST</p></td><td rowspan="1" colspan="1"><p>SOCIEDADE DE EDUCACAO N.S. AUXILIADORA LTDA</p></td></tr><tr><td rowspan="1" colspan="1"><p>8</p></td><td rowspan="1" colspan="1"><p>202509441</p></td><td rowspan="1" colspan="1"><p>Bacharelado</p></td><td rowspan="1" colspan="1"><p>ENGENHARIA AGRONÔMICA</p></td><td rowspan="1" colspan="1"><p>40</p></td><td rowspan="1" colspan="1"><p>CENTRO UNIVERSITARIO FACVEST - UNIFACVEST</p></td><td rowspan="1" colspan="1"><p>SOCIEDADE DE EDUCACAO N.S. AUXILIADORA LTDA</p></td></tr><tr><td rowspan="1" colspan="1"><p>9</p></td><td rowspan="1" colspan="1"><p>202509302</p></td><td rowspan="1" colspan="1"><p>Bacharelado</p></td><td rowspan="1" colspan="1"><p>ENGENHARIA AMBIENTAL E SANITÁRIA</p></td><td rowspan="1" colspan="1"><p>40</p></td><td rowspan="1" colspan="1"><p>CENTRO UNIVERSITARIO FACVEST - UNIFACVEST</p></td><td rowspan="1" colspan="1"><p>SOCIEDADE DE EDUCACAO N.S. AUXILIADORA LTDA</p></td></tr><tr><td rowspan="1" colspan="1"><p>10</p></td><td rowspan="1" colspan="1"><p>202509300</p></td><td rowspan="1" colspan="1"><p>Bacharelado</p></td><td rowspan="1" colspan="1"><p>ENGENHARIA CIVIL</p></td><td rowspan="1" colspan="1"><p>40</p></td><td rowspan="1" colspan="1"><p>CENTRO UNIVERSITARIO FACVEST - UNIFACVEST</p></td><td rowspan="1" colspan="1"><p>SOCIEDADE DE EDUCACAO N.S. AUXILIADORA LTDA</p></td></tr><tr><td rowspan="1" colspan="1"><p>11</p></td><td rowspan="1" colspan="1"><p>202509305</p></td><td rowspan="1" colspan="1"><p>Bacharelado</p></td><td rowspan="1" colspan="1"><p>ENGENHARIA DE PRODUÇÃO</p></td><td rowspan="1" colspan="1"><p>40</p></td><td rowspan="1" colspan="1"><p>CENTRO UNIVERSITARIO FACVEST - UNIFACVEST</p></td><td rowspan="1" colspan="1"><p>SOCIEDADE DE EDUCACAO N.S. AUXILIADORA LTDA</p></td></tr><tr><td rowspan="1" colspan="1"><p>12</p></td><td rowspan="1" colspan="1"><p>202509304</p></td><td rowspan="1" colspan="1"><p>Bacharelado</p></td><td rowspan="1" colspan="1"><p>ENGENHARIA ELÉTRICA</p></td><td rowspan="1" colspan="1"><p>40</p></td><td rowspan="1" colspan="1"><p>CENTRO UNIVERSITARIO FACVEST - UNIFACVEST</p></td><td rowspan="1" colspan="1"><p>SOCIEDADE DE EDUCACAO N.S. AUXILIADORA LTDA</p></td></tr><tr><td rowspan="1" colspan="1"><p>13</p></td><td rowspan="1" colspan="1"><p>202509301</p></td><td rowspan="1" colspan="1"><p>Bacharelado</p></td><td rowspan="1" colspan="1"><p>ENGENHARIA MECÂNICA</p></td><td rowspan="1" colspan="1"><p>40</p></td><td rowspan="1" colspan="1"><p>CENTRO UNIVERSITARIO FACVEST - UNIFACVEST</p></td><td rowspan="1" colspan="1"><p>SOCIEDADE DE EDUCACAO N.S. AUXILIADORA LTDA</p></td></tr><tr><td rowspan="1" colspan="1"><p>14</p></td><td rowspan="1" colspan="1"><p>202509303</p></td><td rowspan="1" colspan="1"><p>Bacharelado</p></td><td rowspan="1" colspan="1"><p>ENGENHARIA QUÍMICA</p></td><td rowspan="1" colspan="1"><p>40</p></td><td rowspan="1" colspan="1"><p>CENTRO UNIVERSITARIO FACVEST - UNIFACVEST</p></td><td rowspan="1" colspan="1"><p>SOCIEDADE DE EDUCACAO N.S. AUXILIADORA LTDA</p></td></tr><tr><td rowspan="1" colspan="1"><p>15</p></td><td rowspan="1" colspan="1"><p>202508585</p></td><td rowspan="1" colspan="1"><p>Bacharelado</p></td><td rowspan="1" colspan="1"><p>FARMÁCIA</p></td><td rowspan="1" colspan="1"><p>40</p></td><td rowspan="1" colspan="1"><p>CENTRO UNIVERSITARIO FACVEST - UNIFACVEST</p></td><td rowspan="1" colspan="1"><p>SOCIEDADE DE EDUCACAO N.S. AUXILIADORA LTDA</p></td></tr><tr><td rowspan="1" colspan="1"><p>16</p></td><td rowspan="1" colspan="1"><p>202508586</p></td><td rowspan="1" colspan="1"><p>Bacharelado</p></td><td rowspan="1" colspan="1"><p>FISIOTERAPIA</p></td><td rowspan="1" colspan="1"><p>40</p></td><td rowspan="1" colspan="1"><p>CENTRO UNIVERSITARIO FACVEST - UNIFACVEST</p></td><td rowspan="1" colspan="1"><p>SOCIEDADE DE EDUCACAO N.S. AUXILIADORA LTDA</p></td></tr><tr><td rowspan="1" colspan="1"><p>17</p></td><td rowspan="1" colspan="1"><p>202511062</p></td><td rowspan="1" colspan="1"><p>Licenciatura</p></td><td rowspan="1" colspan="1"><p>FORMAÇÃO PEDAGÓGICA PARA GRADUADOS</p></td><td rowspan="1" colspan="1"><p>40</p></td><td rowspan="1" colspan="1"><p>CENTRO UNIVERSITARIO FACVEST - UNIFACVEST</p></td><td rowspan="1" colspan="1"><p>SOCIEDADE DE EDUCACAO N.S. AUXILIADORA LTDA</p></td></tr><tr><td rowspan="1" colspan="1"><p>18</p></td><td rowspan="1" colspan="1"><p>202511060</p></td><td rowspan="1" colspan="1"><p>Licenciatura</p></td><td rowspan="1" colspan="1"><p>FORMAÇÃO PEDAGÓGICA PARA GRADUADOS NÃO LICENCIADOS</p></td><td rowspan="1" colspan="1"><p>40</p></td><td rowspan="1" colspan="1"><p>CENTRO UNIVERSITARIO FACVEST - UNIFACVEST</p></td><td rowspan="1" colspan="1"><p>SOCIEDADE DE EDUCACAO N.S. AUXILIADORA LTDA</p></td></tr><tr><td rowspan="1" colspan="1"><p>19</p></td><td rowspan="1" colspan="1"><p>202511057</p></td><td rowspan="1" colspan="1"><p>Licenciatura</p></td><td rowspan="1" colspan="1"><p>FORMAÇÃO PEDAGÓGICA PARA PORTADORES DE ENSINO SUPERIOR - LETRAS</p></td><td rowspan="1" colspan="1"><p>40</p></td><td rowspan="1" colspan="1"><p>CENTRO UNIVERSITARIO FACVEST - UNIFACVEST</p></td><td rowspan="1" colspan="1"><p>SOCIEDADE DE EDUCACAO N.S. AUXILIADORA LTDA</p></td></tr><tr><td rowspan="1" colspan="1"><p>20</p></td><td rowspan="1" colspan="1"><p>202511049</p></td><td rowspan="1" colspan="1"><p>Licenciatura</p></td><td rowspan="1" colspan="1"><p>GEOGRAFIA</p></td><td rowspan="1" colspan="1"><p>200</p></td><td rowspan="1" colspan="1"><p>CENTRO UNIVERSITARIO FACVEST - UNIFACVEST</p></td><td rowspan="1" colspan="1"><p>SOCIEDADE DE EDUCACAO N.S. AUXILIADORA LTDA</p></td></tr><tr><td rowspan="1" colspan="1"><p>21</p></td><td rowspan="1" colspan="1"><p>202509298</p></td><td rowspan="1" colspan="1"><p>Tecnológico</p></td><td rowspan="1" colspan="1"><p>GESTÃO AMBIENTAL</p></td><td rowspan="1" colspan="1"><p>200</p></td><td rowspan="1" colspan="1"><p>CENTRO UNIVERSITARIO FACVEST - UNIFACVEST</p></td><td rowspan="1" colspan="1"><p>SOCIEDADE DE EDUCACAO N.S. AUXILIADORA LTDA</p></td></tr><tr><td rowspan="1" colspan="1"><p>22</p></td><td rowspan="1" colspan="1"><p>202512065</p></td><td rowspan="1" colspan="1"><p>Tecnológico</p></td><td rowspan="1" colspan="1"><p>GESTÃO HOSPITALAR</p></td><td rowspan="1" colspan="1"><p>500</p></td><td rowspan="1" colspan="1"><p>CENTRO UNIVERSITARIO FACVEST - UNIFACVEST</p></td><td rowspan="1" colspan="1"><p>SOCIEDADE DE EDUCACAO N.S. AUXILIADORA LTDA</p></td></tr><tr><td rowspan="1" colspan="1"><p>23</p></td><td rowspan="1" colspan="1"><p>202511054</p></td><td rowspan="1" colspan="1"><p>Licenciatura</p></td><td rowspan="1" colspan="1"><p>HISTÓRIA</p></td><td rowspan="1" colspan="1"><p>200</p></td><td rowspan="1" colspan="1"><p>CENTRO UNIVERSITARIO FACVEST - UNIFACVEST</p></td><td rowspan="1" colspan="1"><p>SOCIEDADE DE EDUCACAO N.S. AUXILIADORA LTDA</p></td></tr><tr><td rowspan="1" colspan="1"><p>24</p></td><td rowspan="1" colspan="1"><p>202511056</p></td><td rowspan="1" colspan="1"><p>Licenciatura</p></td><td rowspan="1" colspan="1"><p>LETRAS - LÍNGUA PORTUGUESA E LIBRAS</p></td><td rowspan="1" colspan="1"><p>500</p></td><td rowspan="1" colspan="1"><p>CENTRO UNIVERSITARIO FACVEST - UNIFACVEST</p></td><td rowspan="1" colspan="1"><p>SOCIEDADE DE EDUCACAO N.S. AUXILIADORA LTDA</p></td></tr><tr><td rowspan="1" colspan="1"><p>25</p></td><td rowspan="1" colspan="1"><p>202511050</p></td><td rowspan="1" colspan="1"><p>Licenciatura</p></td><td rowspan="1" colspan="1"><p>LETRAS - PORTUGUÊS</p></td><td rowspan="1" colspan="1"><p>200</p></td><td rowspan="1" colspan="1"><p>CENTRO UNIVERSITARIO FACVEST - UNIFACVEST</p></td><td rowspan="1" colspan="1"><p>SOCIEDADE DE EDUCACAO N.S. AUXILIADORA LTDA</p></td></tr><tr><td rowspan="1" colspan="1"><p>26</p></td><td rowspan="1" colspan="1"><p>202511055</p></td><td rowspan="1" colspan="1"><p>Licenciatura</p></td><td rowspan="1" colspan="1"><p>MATEMÁTICA</p></td><td rowspan="1" colspan="1"><p>200</p></td><td rowspan="1" colspan="1"><p>CENTRO UNIVERSITARIO FACVEST - UNIFACVEST</p></td><td rowspan="1" colspan="1"><p>SOCIEDADE DE EDUCACAO N.S. AUXILIADORA LTDA</p></td></tr><tr><td rowspan="1" colspan="1"><p>27</p></td><td rowspan="1" colspan="1"><p>202509440</p></td><td rowspan="1" colspan="1"><p>Bacharelado</p></td><td rowspan="1" colspan="1"><p>MEDICINA VETERINÁRIA</p></td><td rowspan="1" colspan="1"><p>40</p></td><td rowspan="1" colspan="1"><p>CENTRO UNIVERSITARIO FACVEST - UNIFACVEST</p></td><td rowspan="1" colspan="1"><p>SOCIEDADE DE EDUCACAO N.S. AUXILIADORA LTDA</p></td></tr><tr><td rowspan="1" colspan="1"><p>28</p></td><td rowspan="1" colspan="1"><p>202508583</p></td><td rowspan="1" colspan="1"><p>Bacharelado</p></td><td rowspan="1" colspan="1"><p>NUTRIÇÃO</p></td><td rowspan="1" colspan="1"><p>40</p></td><td rowspan="1" colspan="1"><p>CENTRO UNIVERSITARIO FACVEST - UNIFACVEST</p></td><td rowspan="1" colspan="1"><p>SOCIEDADE DE EDUCACAO N.S. AUXILIADORA LTDA</p></td></tr><tr><td rowspan="1" colspan="1"><p>29</p></td><td rowspan="1" colspan="1"><p>202511052</p></td><td rowspan="1" colspan="1"><p>Licenciatura</p></td><td rowspan="1" colspan="1"><p>PEDAGOGIA</p></td><td rowspan="1" colspan="1"><p>3000</p></td><td rowspan="1" colspan="1"><p>CENTRO UNIVERSITARIO FACVEST - UNIFACVEST</p></td><td rowspan="1" colspan="1"><p>SOCIEDADE DE EDUCACAO N.S. AUXILIADORA LTDA</p></td></tr><tr><td rowspan="1" colspan="1"><p>30</p></td><td rowspan="1" colspan="1"><p>202511058</p></td><td rowspan="1" colspan="1"><p>Licenciatura</p></td><td rowspan="1" colspan="1"><p>PROGRAMA DE FORMAÇÃO DE PROFESSORES DA EDUCAÇÃO BÁSICA - PEDAGOGIA</p></td><td rowspan="1" colspan="1"><p>40</p></td><td rowspan="1" colspan="1"><p>CENTRO UNIVERSITARIO FACVEST - UNIFACVEST</p></td><td rowspan="1" colspan="1"><p>SOCIEDADE DE EDUCACAO N.S. AUXILIADORA LTDA</p></td></tr><tr><td rowspan="1" colspan="1"><p>31</p></td><td rowspan="1" colspan="1"><p>202511061</p></td><td rowspan="1" colspan="1"><p>Licenciatura</p></td><td rowspan="1" colspan="1"><p>PROGRAMA ESPECIAL DE FORMAÇÃO PEDAGÓGICA DE DOCENTES</p></td><td rowspan="1" colspan="1"><p>40</p></td><td rowspan="1" colspan="1"><p>CENTRO UNIVERSITARIO FACVEST - UNIFACVEST</p></td><td rowspan="1" colspan="1"><p>SOCIEDADE DE EDUCACAO N.S. AUXILIADORA LTDA</p></td></tr><tr><td rowspan="1" colspan="1"><p>32</p></td><td rowspan="1" colspan="1"><p>202511059</p></td><td rowspan="1" colspan="1"><p>Licenciatura</p></td><td rowspan="1" colspan="1"><p>PSICOPEDAGOGIA</p></td><td rowspan="1" colspan="1"><p>40</p></td><td rowspan="1" colspan="1"><p>CENTRO UNIVERSITARIO FACVEST - UNIFACVEST</p></td><td rowspan="1" colspan="1"><p>SOCIEDADE DE EDUCACAO N.S. AUXILIADORA LTDA</p></td></tr><tr><td rowspan="1" colspan="1"><p>33</p></td><td rowspan="1" colspan="1"><p>202508587</p></td><td rowspan="1" colspan="1"><p>Tecnológico</p></td><td rowspan="1" colspan="1"><p>RADIOLOGIA</p></td><td rowspan="1" colspan="1"><p>40</p></td><td rowspan="1" colspan="1"><p>CENTRO UNIVERSITARIO FACVEST - UNIFACVEST</p></td><td rowspan="1" colspan="1"><p>SOCIEDADE DE EDUCACAO N.S. AUXILIADORA LTDA</p></td></tr><tr><td rowspan="1" colspan="1"><p>34</p></td><td rowspan="1" colspan="1"><p>202508582</p></td><td rowspan="1" colspan="1"><p>Bacharelado</p></td><td rowspan="1" colspan="1"><p>SERVIÇO SOCIAL</p></td><td rowspan="1" colspan="1"><p>300</p></td><td rowspan="1" colspan="1"><p>CENTRO UNIVERSITARIO FACVEST - UNIFACVEST</p></td><td rowspan="1" colspan="1"><p>SOCIEDADE DE EDUCACAO N.S. AUXILIADORA LTDA</p></td></tr><tr><td rowspan="1" colspan="1"><p>35</p></td><td rowspan="1" colspan="1"><p>202508541</p></td><td rowspan="1" colspan="1"><p>Bacharelado</p></td><td rowspan="1" colspan="1"><p>BIOMEDICINA</p></td><td rowspan="1" colspan="1"><p>200</p></td><td rowspan="1" colspan="1"><p>CENTRO UNIVERSITARIO FADERGS - FADERGS</p></td><td rowspan="1" colspan="1"><p>FADERGS - FACULDADE DE DESENVOLVIMENTO DO RIO GRANDE DO SUL LTDA.</p></td></tr><tr><td rowspan="1" colspan="1"><p>36</p></td><td rowspan="1" colspan="1"><p>202510951</p></td><td rowspan="1" colspan="1"><p>Licenciatura</p></td><td rowspan="1" colspan="1"><p>CIÊNCIAS BIOLÓGICAS</p></td><td rowspan="1" colspan="1"><p>200</p></td><td rowspan="1" colspan="1"><p>CENTRO UNIVERSITARIO FADERGS - FADERGS</p></td><td rowspan="1" colspan="1"><p>FADERGS - FACULDADE DE DESENVOLVIMENTO DO RIO GRANDE DO SUL LTDA.</p></td></tr><tr><td rowspan="1" colspan="1"><p>37</p></td><td rowspan="1" colspan="1"><p>202510955</p></td><td rowspan="1" colspan="1"><p>Licenciatura</p></td><td rowspan="1" colspan="1"><p>CIÊNCIAS SOCIAIS</p></td><td rowspan="1" colspan="1"><p>200</p></td><td rowspan="1" colspan="1"><p>CENTRO UNIVERSITARIO FADERGS - FADERGS</p></td><td rowspan="1" colspan="1"><p>FADERGS - FACULDADE DE DESENVOLVIMENTO DO RIO GRANDE DO SUL LTDA.</p></td></tr><tr><td rowspan="1" colspan="1"><p>38</p></td><td rowspan="1" colspan="1"><p>202508540</p></td><td rowspan="1" colspan="1"><p>Bacharelado</p></td><td rowspan="1" colspan="1"><p>EDUCAÇÃO FÍSICA</p></td><td rowspan="1" colspan="1"><p>400</p></td><td rowspan="1" colspan="1"><p>CENTRO UNIVERSITARIO FADERGS - FADERGS</p></td><td rowspan="1" colspan="1"><p>FADERGS - FACULDADE DE DESENVOLVIMENTO DO RIO GRANDE DO SUL LTDA.</p></td></tr><tr><td rowspan="1" colspan="1"><p>39</p></td><td rowspan="1" colspan="1"><p>202512029</p></td><td rowspan="1" colspan="1"><p>Tecnológico</p></td><td rowspan="1" colspan="1"><p>ESTÉTICA E COSMÉTICA</p></td><td rowspan="1" colspan="1"><p>200</p></td><td rowspan="1" colspan="1"><p>CENTRO UNIVERSITARIO FADERGS - FADERGS</p></td><td rowspan="1" colspan="1"><p>FADERGS - FACULDADE DE DESENVOLVIMENTO DO RIO GRANDE DO SUL LTDA.</p></td></tr><tr><td rowspan="1" colspan="1"><p>40</p></td><td rowspan="1" colspan="1"><p>202508543</p></td><td rowspan="1" colspan="1"><p>Bacharelado</p></td><td rowspan="1" colspan="1"><p>FISIOTERAPIA</p></td><td rowspan="1" colspan="1"><p>200</p></td><td rowspan="1" colspan="1"><p>CENTRO UNIVERSITARIO FADERGS - FADERGS</p></td><td rowspan="1" colspan="1"><p>FADERGS - FACULDADE DE DESENVOLVIMENTO DO RIO GRANDE DO SUL LTDA.</p></td></tr><tr><td rowspan="1" colspan="1"><p>41</p></td><td rowspan="1" colspan="1"><p>202508542</p></td><td rowspan="1" colspan="1"><p>Bacharelado</p></td><td rowspan="1" colspan="1"><p>NUTRIÇÃO</p></td><td rowspan="1" colspan="1"><p>200</p></td><td rowspan="1" colspan="1"><p>CENTRO UNIVERSITARIO FADERGS - FADERGS</p></td><td rowspan="1" colspan="1"><p>FADERGS - FACULDADE DE DESENVOLVIMENTO DO RIO GRANDE DO SUL LTDA.</p></td></tr><tr><td rowspan="1" colspan="1"><p>42</p></td><td rowspan="1" colspan="1"><p>202517867</p></td><td rowspan="1" colspan="1"><p>Licenciatura</p></td><td rowspan="1" colspan="1"><p>PEDAGOGIA</p></td><td rowspan="1" colspan="1"><p>200</p></td><td rowspan="1" colspan="1"><p>CENTRO UNIVERSITARIO FADERGS - FADERGS</p></td><td rowspan="1" colspan="1"><p>FADERGS - FACULDADE DE DESENVOLVIMENTO DO RIO GRANDE DO SUL LTDA.</p></td></tr><tr><td rowspan="1" colspan="1"><p>43</p></td><td rowspan="1" colspan="1"><p>202508980</p></td><td rowspan="1" colspan="1"><p>Bacharelado</p></td><td rowspan="1" colspan="1"><p>ARQUITETURA E URBANISMO</p></td><td rowspan="1" colspan="1"><p>6000</p></td><td rowspan="1" colspan="1"><p>CENTRO UNIVERSITARIO FAEL - INIFAEL</p></td><td rowspan="1" colspan="1"><p>SOCIEDADE TECNICA EDUCACIONAL DA LAPA S/A</p></td></tr><tr><td rowspan="1" colspan="1"><p>44</p></td><td rowspan="1" colspan="1"><p>202508238</p></td><td rowspan="1" colspan="1"><p>Bacharelado</p></td><td rowspan="1" colspan="1"><p>BIOMEDICINA</p></td><td rowspan="1" colspan="1"><p>2000</p></td><td rowspan="1" colspan="1"><p>CENTRO UNIVERSITARIO FAEL - INIFAEL</p></td><td rowspan="1" colspan="1"><p>SOCIEDADE TECNICA EDUCACIONAL DA LAPA S/A</p></td></tr><tr><td rowspan="1" colspan="1"><p>45</p></td><td rowspan="1" colspan="1"><p>202510515</p></td><td rowspan="1" colspan="1"><p>Licenciatura</p></td><td rowspan="1" colspan="1"><p>CIÊNCIAS BIOLÓGICAS</p></td><td rowspan="1" colspan="1"><p>6000</p></td><td rowspan="1" colspan="1"><p>CENTRO UNIVERSITARIO FAEL - INIFAEL</p></td><td rowspan="1" colspan="1"><p>SOCIEDADE TECNICA EDUCACIONAL DA LAPA S/A</p></td></tr><tr><td rowspan="1" colspan="1"><p>46</p></td><td rowspan="1" colspan="1"><p>202510518</p></td><td rowspan="1" colspan="1"><p>Licenciatura</p></td><td rowspan="1" colspan="1"><p>EDUCAÇÃO ESPECIAL</p></td><td rowspan="1" colspan="1"><p>500</p></td><td rowspan="1" colspan="1"><p>CENTRO UNIVERSITARIO FAEL - INIFAEL</p></td><td rowspan="1" colspan="1"><p>SOCIEDADE TECNICA EDUCACIONAL DA LAPA S/A</p></td></tr><tr><td rowspan="1" colspan="1"><p>47</p></td><td rowspan="1" colspan="1"><p>202508240</p></td><td rowspan="1" colspan="1"><p>Bacharelado</p></td><td rowspan="1" colspan="1"><p>EDUCAÇÃO FÍSICA</p></td><td rowspan="1" colspan="1"><p>1000</p></td><td rowspan="1" colspan="1"><p>CENTRO UNIVERSITARIO FAEL - INIFAEL</p></td><td rowspan="1" colspan="1"><p>SOCIEDADE TECNICA EDUCACIONAL DA LAPA S/A</p></td></tr><tr><td rowspan="1" colspan="1"><p>48</p></td><td rowspan="1" colspan="1"><p>202510517</p></td><td rowspan="1" colspan="1"><p>Licenciatura</p></td><td rowspan="1" colspan="1"><p>EDUCAÇÃO FÍSICA</p></td><td rowspan="1" colspan="1"><p>1000</p></td><td rowspan="1" colspan="1"><p>CENTRO UNIVERSITARIO FAEL - INIFAEL</p></td><td rowspan="1" colspan="1"><p>SOCIEDADE TECNICA EDUCACIONAL DA LAPA S/A</p></td></tr><tr><td rowspan="1" colspan="1"><p>49</p></td><td rowspan="1" colspan="1"><p>202508981</p></td><td rowspan="1" colspan="1"><p>Bacharelado</p></td><td rowspan="1" colspan="1"><p>ENGENHARIA CIVIL</p></td><td rowspan="1" colspan="1"><p>2000</p></td><td rowspan="1" colspan="1"><p>CENTRO UNIVERSITARIO FAEL - INIFAEL</p></td><td rowspan="1" colspan="1"><p>SOCIEDADE TECNICA EDUCACIONAL DA LAPA S/A</p></td></tr></table>]]></Texto>
  </body>
  <Midias />
</article></xml>