﻿<xml><article id="45406503" name="PORTARIA NA 610 - 11.09.2025_007" idOficio="11278735" pubName="DO1" artType="Portaria" pubDate="12/09/2025" artClass="00025:00046:00000:00000:00000:00000:00000:00000:00000:00000:00054:00000" artCategory="Ministério da Educação/Secretaria de Regulação e Supervisão da Educação Superior" artSize="24" artNotes="" numberPage="85" pdfPage="http://pesquisa.in.gov.br/imprensa/jsp/visualiza/index.jsp?data=12/09/2025&amp;jornal=515&amp;pagina=85" editionNumber="174" highlightType="" highlightPriority="" highlight="" highlightimage="" highlightimagename="" idMateria="23098717">
  <body>
    <Identifica />
    <Data><![CDATA[]]></Data>
    <Ementa />
    <Titulo />
    <SubTitulo />
    <Texto><![CDATA[<p /><p></p><table><tr /><tr><td rowspan="1" colspan="1"><p>351</p></td><td rowspan="1" colspan="1"><p>202509271</p></td><td rowspan="1" colspan="1"><p>Bacharelado</p></td><td rowspan="1" colspan="1"><p>ENGENHARIA DE COMPUTAÇÃO</p></td><td rowspan="1" colspan="1"><p>300</p></td><td rowspan="1" colspan="1"><p>CENTRO UNIVERSITARIO UNIFTEC - FTEC CAXIAS DO SUL</p></td><td rowspan="1" colspan="1"><p>CENTRO SUPERIOR DE TECNOLOGIA TECBRASIL LTDA</p></td></tr><tr><td rowspan="1" colspan="1"><p>352</p></td><td rowspan="1" colspan="1"><p>202509270</p></td><td rowspan="1" colspan="1"><p>Bacharelado</p></td><td rowspan="1" colspan="1"><p>ENGENHARIA DE PRODUÇÃO</p></td><td rowspan="1" colspan="1"><p>600</p></td><td rowspan="1" colspan="1"><p>CENTRO UNIVERSITARIO UNIFTEC - FTEC CAXIAS DO SUL</p></td><td rowspan="1" colspan="1"><p>CENTRO SUPERIOR DE TECNOLOGIA TECBRASIL LTDA</p></td></tr><tr><td rowspan="1" colspan="1"><p>353</p></td><td rowspan="1" colspan="1"><p>202515767</p></td><td rowspan="1" colspan="1"><p>Bacharelado</p></td><td rowspan="1" colspan="1"><p>ENGENHARIA MECÂNICA</p></td><td rowspan="1" colspan="1"><p>10000</p></td><td rowspan="1" colspan="1"><p>CENTRO UNIVERSITARIO UNIFTEC - FTEC CAXIAS DO SUL</p></td><td rowspan="1" colspan="1"><p>CENTRO SUPERIOR DE TECNOLOGIA TECBRASIL LTDA</p></td></tr><tr><td rowspan="1" colspan="1"><p>354</p></td><td rowspan="1" colspan="1"><p>202511000</p></td><td rowspan="1" colspan="1"><p>Licenciatura</p></td><td rowspan="1" colspan="1"><p>PEDAGOGIA</p></td><td rowspan="1" colspan="1"><p>600</p></td><td rowspan="1" colspan="1"><p>CENTRO UNIVERSITARIO UNIFTEC - FTEC CAXIAS DO SUL</p></td><td rowspan="1" colspan="1"><p>CENTRO SUPERIOR DE TECNOLOGIA TECBRASIL LTDA</p></td></tr><tr><td rowspan="1" colspan="1"><p>355</p></td><td rowspan="1" colspan="1"><p>202508552</p></td><td rowspan="1" colspan="1"><p>Bacharelado</p></td><td rowspan="1" colspan="1"><p>SERVIÇO SOCIAL</p></td><td rowspan="1" colspan="1"><p>1000</p></td><td rowspan="1" colspan="1"><p>CENTRO UNIVERSITARIO UNIFTEC - FTEC CAXIAS DO SUL</p></td><td rowspan="1" colspan="1"><p>CENTRO SUPERIOR DE TECNOLOGIA TECBRASIL LTDA</p></td></tr><tr><td rowspan="1" colspan="1"><p>356</p></td><td rowspan="1" colspan="1"><p>202516416</p></td><td rowspan="1" colspan="1"><p>Licenciatura</p></td><td rowspan="1" colspan="1"><p>ARTES VISUAIS</p></td><td rowspan="1" colspan="1"><p>1600</p></td><td rowspan="1" colspan="1"><p>CENTRO UNIVERSITARIO UNIHORIZONTES -</p></td><td rowspan="1" colspan="1"><p>INSTITUTO NOVOS HORIZONTES DE ENSINO SUPERIOR E PESQUISA LTDA.</p></td></tr><tr><td rowspan="1" colspan="1"><p>357</p></td><td rowspan="1" colspan="1"><p>202516420</p></td><td rowspan="1" colspan="1"><p>Licenciatura</p></td><td rowspan="1" colspan="1"><p>CIÊNCIAS BIOLÓGICAS</p></td><td rowspan="1" colspan="1"><p>1600</p></td><td rowspan="1" colspan="1"><p>CENTRO UNIVERSITARIO UNIHORIZONTES -</p></td><td rowspan="1" colspan="1"><p>INSTITUTO NOVOS HORIZONTES DE ENSINO SUPERIOR E PESQUISA LTDA.</p></td></tr><tr><td rowspan="1" colspan="1"><p>358</p></td><td rowspan="1" colspan="1"><p>202516426</p></td><td rowspan="1" colspan="1"><p>Licenciatura</p></td><td rowspan="1" colspan="1"><p>CIÊNCIAS SOCIAIS</p></td><td rowspan="1" colspan="1"><p>1600</p></td><td rowspan="1" colspan="1"><p>CENTRO UNIVERSITARIO UNIHORIZONTES -</p></td><td rowspan="1" colspan="1"><p>INSTITUTO NOVOS HORIZONTES DE ENSINO SUPERIOR E PESQUISA LTDA.</p></td></tr><tr><td rowspan="1" colspan="1"><p>359</p></td><td rowspan="1" colspan="1"><p>202516414</p></td><td rowspan="1" colspan="1"><p>Licenciatura</p></td><td rowspan="1" colspan="1"><p>EDUCAÇÃO FÍSICA</p></td><td rowspan="1" colspan="1"><p>1600</p></td><td rowspan="1" colspan="1"><p>CENTRO UNIVERSITARIO UNIHORIZONTES -</p></td><td rowspan="1" colspan="1"><p>INSTITUTO NOVOS HORIZONTES DE ENSINO SUPERIOR E PESQUISA LTDA.</p></td></tr><tr><td rowspan="1" colspan="1"><p>360</p></td><td rowspan="1" colspan="1"><p>202516417</p></td><td rowspan="1" colspan="1"><p>Licenciatura</p></td><td rowspan="1" colspan="1"><p>FILOSOFIA</p></td><td rowspan="1" colspan="1"><p>1600</p></td><td rowspan="1" colspan="1"><p>CENTRO UNIVERSITARIO UNIHORIZONTES -</p></td><td rowspan="1" colspan="1"><p>INSTITUTO NOVOS HORIZONTES DE ENSINO SUPERIOR E PESQUISA LTDA.</p></td></tr><tr><td rowspan="1" colspan="1"><p>361</p></td><td rowspan="1" colspan="1"><p>202516419</p></td><td rowspan="1" colspan="1"><p>Licenciatura</p></td><td rowspan="1" colspan="1"><p>FÍSICA</p></td><td rowspan="1" colspan="1"><p>1600</p></td><td rowspan="1" colspan="1"><p>CENTRO UNIVERSITARIO UNIHORIZONTES -</p></td><td rowspan="1" colspan="1"><p>INSTITUTO NOVOS HORIZONTES DE ENSINO SUPERIOR E PESQUISA LTDA.</p></td></tr><tr><td rowspan="1" colspan="1"><p>362</p></td><td rowspan="1" colspan="1"><p>202516425</p></td><td rowspan="1" colspan="1"><p>Licenciatura</p></td><td rowspan="1" colspan="1"><p>GEOGRAFIA</p></td><td rowspan="1" colspan="1"><p>1600</p></td><td rowspan="1" colspan="1"><p>CENTRO UNIVERSITARIO UNIHORIZONTES -</p></td><td rowspan="1" colspan="1"><p>INSTITUTO NOVOS HORIZONTES DE ENSINO SUPERIOR E PESQUISA LTDA.</p></td></tr><tr><td rowspan="1" colspan="1"><p>363</p></td><td rowspan="1" colspan="1"><p>202516421</p></td><td rowspan="1" colspan="1"><p>Licenciatura</p></td><td rowspan="1" colspan="1"><p>LETRAS</p></td><td rowspan="1" colspan="1"><p>1600</p></td><td rowspan="1" colspan="1"><p>CENTRO UNIVERSITARIO UNIHORIZONTES -</p></td><td rowspan="1" colspan="1"><p>INSTITUTO NOVOS HORIZONTES DE ENSINO SUPERIOR E PESQUISA LTDA.</p></td></tr><tr><td rowspan="1" colspan="1"><p>364</p></td><td rowspan="1" colspan="1"><p>202516415</p></td><td rowspan="1" colspan="1"><p>Licenciatura</p></td><td rowspan="1" colspan="1"><p>LETRAS - INGLÊS</p></td><td rowspan="1" colspan="1"><p>1600</p></td><td rowspan="1" colspan="1"><p>CENTRO UNIVERSITARIO UNIHORIZONTES -</p></td><td rowspan="1" colspan="1"><p>INSTITUTO NOVOS HORIZONTES DE ENSINO SUPERIOR E PESQUISA LTDA.</p></td></tr><tr><td rowspan="1" colspan="1"><p>365</p></td><td rowspan="1" colspan="1"><p>202516424</p></td><td rowspan="1" colspan="1"><p>Licenciatura</p></td><td rowspan="1" colspan="1"><p>MATEMÁTICA</p></td><td rowspan="1" colspan="1"><p>1600</p></td><td rowspan="1" colspan="1"><p>CENTRO UNIVERSITARIO UNIHORIZONTES -</p></td><td rowspan="1" colspan="1"><p>INSTITUTO NOVOS HORIZONTES DE ENSINO SUPERIOR E PESQUISA LTDA.</p></td></tr><tr><td rowspan="1" colspan="1"><p>366</p></td><td rowspan="1" colspan="1"><p>202516418</p></td><td rowspan="1" colspan="1"><p>Licenciatura</p></td><td rowspan="1" colspan="1"><p>QUÍMICA</p></td><td rowspan="1" colspan="1"><p>1600</p></td><td rowspan="1" colspan="1"><p>CENTRO UNIVERSITARIO UNIHORIZONTES -</p></td><td rowspan="1" colspan="1"><p>INSTITUTO NOVOS HORIZONTES DE ENSINO SUPERIOR E PESQUISA LTDA.</p></td></tr><tr><td rowspan="1" colspan="1"><p>367</p></td><td rowspan="1" colspan="1"><p>202511463</p></td><td rowspan="1" colspan="1"><p>Bacharelado</p></td><td rowspan="1" colspan="1"><p>ARQUITETURA E URBANISMO</p></td><td rowspan="1" colspan="1"><p>100</p></td><td rowspan="1" colspan="1"><p>CENTRO UNIVERSITARIO UNINCOR - UNINCOR</p></td><td rowspan="1" colspan="1"><p>FUNDACAO COMUNITARIA TRICORDIANA DE EDUCACAO EM RECUPERACAO JUDICIAL</p></td></tr><tr><td rowspan="1" colspan="1"><p>368</p></td><td rowspan="1" colspan="1"><p>202516903</p></td><td rowspan="1" colspan="1"><p>Bacharelado</p></td><td rowspan="1" colspan="1"><p>ENGENHARIA AMBIENTAL E SANITÁRIA</p></td><td rowspan="1" colspan="1"><p>2500</p></td><td rowspan="1" colspan="1"><p>CENTRO UNIVERSITARIO UNINCOR - UNINCOR</p></td><td rowspan="1" colspan="1"><p>FUNDACAO COMUNITARIA TRICORDIANA DE EDUCACAO EM RECUPERACAO JUDICIAL</p></td></tr><tr><td rowspan="1" colspan="1"><p>369</p></td><td rowspan="1" colspan="1"><p>202511464</p></td><td rowspan="1" colspan="1"><p>Bacharelado</p></td><td rowspan="1" colspan="1"><p>ENGENHARIA CIVIL</p></td><td rowspan="1" colspan="1"><p>200</p></td><td rowspan="1" colspan="1"><p>CENTRO UNIVERSITARIO UNINCOR - UNINCOR</p></td><td rowspan="1" colspan="1"><p>FUNDACAO COMUNITARIA TRICORDIANA DE EDUCACAO EM RECUPERACAO JUDICIAL</p></td></tr><tr><td rowspan="1" colspan="1"><p>370</p></td><td rowspan="1" colspan="1"><p>202516902</p></td><td rowspan="1" colspan="1"><p>Bacharelado</p></td><td rowspan="1" colspan="1"><p>ENGENHARIA DE COMPUTAÇÃO</p></td><td rowspan="1" colspan="1"><p>2500</p></td><td rowspan="1" colspan="1"><p>CENTRO UNIVERSITARIO UNINCOR - UNINCOR</p></td><td rowspan="1" colspan="1"><p>FUNDACAO COMUNITARIA TRICORDIANA DE EDUCACAO EM RECUPERACAO JUDICIAL</p></td></tr><tr><td rowspan="1" colspan="1"><p>371</p></td><td rowspan="1" colspan="1"><p>202516904</p></td><td rowspan="1" colspan="1"><p>Bacharelado</p></td><td rowspan="1" colspan="1"><p>ENGENHARIA DE PRODUÇÃO</p></td><td rowspan="1" colspan="1"><p>2500</p></td><td rowspan="1" colspan="1"><p>CENTRO UNIVERSITARIO UNINCOR - UNINCOR</p></td><td rowspan="1" colspan="1"><p>FUNDACAO COMUNITARIA TRICORDIANA DE EDUCACAO EM RECUPERACAO JUDICIAL</p></td></tr><tr><td rowspan="1" colspan="1"><p>372</p></td><td rowspan="1" colspan="1"><p>202515975</p></td><td rowspan="1" colspan="1"><p>Licenciatura</p></td><td rowspan="1" colspan="1"><p>GEOGRAFIA</p></td><td rowspan="1" colspan="1"><p>2000</p></td><td rowspan="1" colspan="1"><p>CENTRO UNIVERSITARIO UNINCOR - UNINCOR</p></td><td rowspan="1" colspan="1"><p>FUNDACAO COMUNITARIA TRICORDIANA DE EDUCACAO EM RECUPERACAO JUDICIAL</p></td></tr><tr><td rowspan="1" colspan="1"><p>373</p></td><td rowspan="1" colspan="1"><p>202516933</p></td><td rowspan="1" colspan="1"><p>Tecnológico</p></td><td rowspan="1" colspan="1"><p>GESTÃO HOSPITALAR</p></td><td rowspan="1" colspan="1"><p>1500</p></td><td rowspan="1" colspan="1"><p>CENTRO UNIVERSITARIO UNINCOR - UNINCOR</p></td><td rowspan="1" colspan="1"><p>FUNDACAO COMUNITARIA TRICORDIANA DE EDUCACAO EM RECUPERACAO JUDICIAL</p></td></tr><tr><td rowspan="1" colspan="1"><p>374</p></td><td rowspan="1" colspan="1"><p>202515972</p></td><td rowspan="1" colspan="1"><p>Licenciatura</p></td><td rowspan="1" colspan="1"><p>HISTÓRIA</p></td><td rowspan="1" colspan="1"><p>2000</p></td><td rowspan="1" colspan="1"><p>CENTRO UNIVERSITARIO UNINCOR - UNINCOR</p></td><td rowspan="1" colspan="1"><p>FUNDACAO COMUNITARIA TRICORDIANA DE EDUCACAO EM RECUPERACAO JUDICIAL</p></td></tr><tr><td rowspan="1" colspan="1"><p>375</p></td><td rowspan="1" colspan="1"><p>202509727</p></td><td rowspan="1" colspan="1"><p>Licenciatura</p></td><td rowspan="1" colspan="1"><p>LETRAS</p></td><td rowspan="1" colspan="1"><p>200</p></td><td rowspan="1" colspan="1"><p>CENTRO UNIVERSITARIO UNINCOR - UNINCOR</p></td><td rowspan="1" colspan="1"><p>FUNDACAO COMUNITARIA TRICORDIANA DE EDUCACAO EM RECUPERACAO JUDICIAL</p></td></tr><tr><td rowspan="1" colspan="1"><p>376</p></td><td rowspan="1" colspan="1"><p>202515974</p></td><td rowspan="1" colspan="1"><p>Licenciatura</p></td><td rowspan="1" colspan="1"><p>LETRAS - INGLÊS</p></td><td rowspan="1" colspan="1"><p>2000</p></td><td rowspan="1" colspan="1"><p>CENTRO UNIVERSITARIO UNINCOR - UNINCOR</p></td><td rowspan="1" colspan="1"><p>FUNDACAO COMUNITARIA TRICORDIANA DE EDUCACAO EM RECUPERACAO JUDICIAL</p></td></tr><tr><td rowspan="1" colspan="1"><p>377</p></td><td rowspan="1" colspan="1"><p>202515973</p></td><td rowspan="1" colspan="1"><p>Licenciatura</p></td><td rowspan="1" colspan="1"><p>LETRAS - PORTUGUÊS</p></td><td rowspan="1" colspan="1"><p>2000</p></td><td rowspan="1" colspan="1"><p>CENTRO UNIVERSITARIO UNINCOR - UNINCOR</p></td><td rowspan="1" colspan="1"><p>FUNDACAO COMUNITARIA TRICORDIANA DE EDUCACAO EM RECUPERACAO JUDICIAL</p></td></tr><tr><td rowspan="1" colspan="1"><p>378</p></td><td rowspan="1" colspan="1"><p>202515976</p></td><td rowspan="1" colspan="1"><p>Licenciatura</p></td><td rowspan="1" colspan="1"><p>MATEMÁTICA</p></td><td rowspan="1" colspan="1"><p>2000</p></td><td rowspan="1" colspan="1"><p>CENTRO UNIVERSITARIO UNINCOR - UNINCOR</p></td><td rowspan="1" colspan="1"><p>FUNDACAO COMUNITARIA TRICORDIANA DE EDUCACAO EM RECUPERACAO JUDICIAL</p></td></tr><tr><td rowspan="1" colspan="1"><p>379</p></td><td rowspan="1" colspan="1"><p>202509591</p></td><td rowspan="1" colspan="1"><p>Licenciatura</p></td><td rowspan="1" colspan="1"><p>MÚSICA</p></td><td rowspan="1" colspan="1"><p>100</p></td><td rowspan="1" colspan="1"><p>CENTRO UNIVERSITARIO UNINCOR - UNINCOR</p></td><td rowspan="1" colspan="1"><p>FUNDACAO COMUNITARIA TRICORDIANA DE EDUCACAO EM RECUPERACAO JUDICIAL</p></td></tr><tr><td rowspan="1" colspan="1"><p>380</p></td><td rowspan="1" colspan="1"><p>202509590</p></td><td rowspan="1" colspan="1"><p>Licenciatura</p></td><td rowspan="1" colspan="1"><p>PEDAGOGIA</p></td><td rowspan="1" colspan="1"><p>250</p></td><td rowspan="1" colspan="1"><p>CENTRO UNIVERSITARIO UNINCOR - UNINCOR</p></td><td rowspan="1" colspan="1"><p>FUNDACAO COMUNITARIA TRICORDIANA DE EDUCACAO EM RECUPERACAO JUDICIAL</p></td></tr><tr><td rowspan="1" colspan="1"><p>381</p></td><td rowspan="1" colspan="1"><p>202515028</p></td><td rowspan="1" colspan="1"><p>Bacharelado</p></td><td rowspan="1" colspan="1"><p>SERVIÇO SOCIAL</p></td><td rowspan="1" colspan="1"><p>2500</p></td><td rowspan="1" colspan="1"><p>CENTRO UNIVERSITARIO UNINCOR - UNINCOR</p></td><td rowspan="1" colspan="1"><p>FUNDACAO COMUNITARIA TRICORDIANA DE EDUCACAO EM RECUPERACAO JUDICIAL</p></td></tr><tr><td rowspan="1" colspan="1"><p>382</p></td><td rowspan="1" colspan="1"><p>202509211</p></td><td rowspan="1" colspan="1"><p>Bacharelado</p></td><td rowspan="1" colspan="1"><p>ARQUITETURA E URBANISMO</p></td><td rowspan="1" colspan="1"><p>150</p></td><td rowspan="1" colspan="1"><p>CENTRO UNIVERSITARIO UNINORTE -</p></td><td rowspan="1" colspan="1"><p>UNIAO EDUCACIONAL DO NORTE LTDA</p></td></tr><tr><td rowspan="1" colspan="1"><p>383</p></td><td rowspan="1" colspan="1"><p>202508499</p></td><td rowspan="1" colspan="1"><p>Bacharelado</p></td><td rowspan="1" colspan="1"><p>BIOMEDICINA</p></td><td rowspan="1" colspan="1"><p>150</p></td><td rowspan="1" colspan="1"><p>CENTRO UNIVERSITARIO UNINORTE -</p></td><td rowspan="1" colspan="1"><p>UNIAO EDUCACIONAL DO NORTE LTDA</p></td></tr><tr><td rowspan="1" colspan="1"><p>384</p></td><td rowspan="1" colspan="1"><p>202508498</p></td><td rowspan="1" colspan="1"><p>Bacharelado</p></td><td rowspan="1" colspan="1"><p>EDUCAÇÃO FÍSICA</p></td><td rowspan="1" colspan="1"><p>600</p></td><td rowspan="1" colspan="1"><p>CENTRO UNIVERSITARIO UNINORTE -</p></td><td rowspan="1" colspan="1"><p>UNIAO EDUCACIONAL DO NORTE LTDA</p></td></tr><tr><td rowspan="1" colspan="1"><p>385</p></td><td rowspan="1" colspan="1"><p>202509209</p></td><td rowspan="1" colspan="1"><p>Bacharelado</p></td><td rowspan="1" colspan="1"><p>ENGENHARIA CIVIL</p></td><td rowspan="1" colspan="1"><p>150</p></td><td rowspan="1" colspan="1"><p>CENTRO UNIVERSITARIO UNINORTE -</p></td><td rowspan="1" colspan="1"><p>UNIAO EDUCACIONAL DO NORTE LTDA</p></td></tr><tr><td rowspan="1" colspan="1"><p>386</p></td><td rowspan="1" colspan="1"><p>202509210</p></td><td rowspan="1" colspan="1"><p>Bacharelado</p></td><td rowspan="1" colspan="1"><p>ENGENHARIA ELÉTRICA</p></td><td rowspan="1" colspan="1"><p>600</p></td><td rowspan="1" colspan="1"><p>CENTRO UNIVERSITARIO UNINORTE -</p></td><td rowspan="1" colspan="1"><p>UNIAO EDUCACIONAL DO NORTE LTDA</p></td></tr><tr><td rowspan="1" colspan="1"><p>387</p></td><td rowspan="1" colspan="1"><p>202508501</p></td><td rowspan="1" colspan="1"><p>Bacharelado</p></td><td rowspan="1" colspan="1"><p>FARMÁCIA</p></td><td rowspan="1" colspan="1"><p>150</p></td><td rowspan="1" colspan="1"><p>CENTRO UNIVERSITARIO UNINORTE -</p></td><td rowspan="1" colspan="1"><p>UNIAO EDUCACIONAL DO NORTE LTDA</p></td></tr><tr><td rowspan="1" colspan="1"><p>388</p></td><td rowspan="1" colspan="1"><p>202518163</p></td><td rowspan="1" colspan="1"><p>Bacharelado</p></td><td rowspan="1" colspan="1"><p>ARQUITETURA E URBANISMO</p></td><td rowspan="1" colspan="1"><p>2000</p></td><td rowspan="1" colspan="1"><p>CENTRO UNIVERSITARIO UNIRB - UNIRB</p></td><td rowspan="1" colspan="1"><p>AMERICA EDUCACIONAL S.A</p></td></tr><tr><td rowspan="1" colspan="1"><p>389</p></td><td rowspan="1" colspan="1"><p>202510881</p></td><td rowspan="1" colspan="1"><p>Licenciatura</p></td><td rowspan="1" colspan="1"><p>BIOLOGIA</p></td><td rowspan="1" colspan="1"><p>500</p></td><td rowspan="1" colspan="1"><p>CENTRO UNIVERSITARIO UNIRB - UNIRB</p></td><td rowspan="1" colspan="1"><p>AMERICA EDUCACIONAL S.A</p></td></tr><tr><td rowspan="1" colspan="1"><p>390</p></td><td rowspan="1" colspan="1"><p>202508486</p></td><td rowspan="1" colspan="1"><p>Bacharelado</p></td><td rowspan="1" colspan="1"><p>EDUCAÇÃO FÍSICA</p></td><td rowspan="1" colspan="1"><p>500</p></td><td rowspan="1" colspan="1"><p>CENTRO UNIVERSITARIO UNIRB - UNIRB</p></td><td rowspan="1" colspan="1"><p>AMERICA EDUCACIONAL S.A</p></td></tr><tr><td rowspan="1" colspan="1"><p>391</p></td><td rowspan="1" colspan="1"><p>202510883</p></td><td rowspan="1" colspan="1"><p>Licenciatura</p></td><td rowspan="1" colspan="1"><p>EDUCAÇÃO FÍSICA</p></td><td rowspan="1" colspan="1"><p>500</p></td><td rowspan="1" colspan="1"><p>CENTRO UNIVERSITARIO UNIRB - UNIRB</p></td><td rowspan="1" colspan="1"><p>AMERICA EDUCACIONAL S.A</p></td></tr><tr><td rowspan="1" colspan="1"><p>392</p></td><td rowspan="1" colspan="1"><p>202517544</p></td><td rowspan="1" colspan="1"><p>Bacharelado</p></td><td rowspan="1" colspan="1"><p>ENGENHARIA AGRONÔMICA</p></td><td rowspan="1" colspan="1"><p>2000</p></td><td rowspan="1" colspan="1"><p>CENTRO UNIVERSITARIO UNIRB - UNIRB</p></td><td rowspan="1" colspan="1"><p>AMERICA EDUCACIONAL S.A</p></td></tr><tr><td rowspan="1" colspan="1"><p>393</p></td><td rowspan="1" colspan="1"><p>202509203</p></td><td rowspan="1" colspan="1"><p>Bacharelado</p></td><td rowspan="1" colspan="1"><p>ENGENHARIA CIVIL</p></td><td rowspan="1" colspan="1"><p>500</p></td><td rowspan="1" colspan="1"><p>CENTRO UNIVERSITARIO UNIRB - UNIRB</p></td><td rowspan="1" colspan="1"><p>AMERICA EDUCACIONAL S.A</p></td></tr><tr><td rowspan="1" colspan="1"><p>394</p></td><td rowspan="1" colspan="1"><p>202509202</p></td><td rowspan="1" colspan="1"><p>Bacharelado</p></td><td rowspan="1" colspan="1"><p>ENGENHARIA DE PRODUÇÃO</p></td><td rowspan="1" colspan="1"><p>500</p></td><td rowspan="1" colspan="1"><p>CENTRO UNIVERSITARIO UNIRB - UNIRB</p></td><td rowspan="1" colspan="1"><p>AMERICA EDUCACIONAL S.A</p></td></tr><tr><td rowspan="1" colspan="1"><p>395</p></td><td rowspan="1" colspan="1"><p>202508487</p></td><td rowspan="1" colspan="1"><p>Bacharelado</p></td><td rowspan="1" colspan="1"><p>FARMÁCIA</p></td><td rowspan="1" colspan="1"><p>1200</p></td><td rowspan="1" colspan="1"><p>CENTRO UNIVERSITARIO UNIRB - UNIRB</p></td><td rowspan="1" colspan="1"><p>AMERICA EDUCACIONAL S.A</p></td></tr><tr><td rowspan="1" colspan="1"><p>396</p></td><td rowspan="1" colspan="1"><p>202517364</p></td><td rowspan="1" colspan="1"><p>Licenciatura</p></td><td rowspan="1" colspan="1"><p>FILOSOFIA</p></td><td rowspan="1" colspan="1"><p>500</p></td><td rowspan="1" colspan="1"><p>CENTRO UNIVERSITARIO UNIRB - UNIRB</p></td><td rowspan="1" colspan="1"><p>AMERICA EDUCACIONAL S.A</p></td></tr><tr><td rowspan="1" colspan="1"><p>397</p></td><td rowspan="1" colspan="1"><p>202517587</p></td><td rowspan="1" colspan="1"><p>Licenciatura</p></td><td rowspan="1" colspan="1"><p>FÍSICA</p></td><td rowspan="1" colspan="1"><p>5000</p></td><td rowspan="1" colspan="1"><p>CENTRO UNIVERSITARIO UNIRB - UNIRB</p></td><td rowspan="1" colspan="1"><p>AMERICA EDUCACIONAL S.A</p></td></tr><tr><td rowspan="1" colspan="1"><p>398</p></td><td rowspan="1" colspan="1"><p>202508490</p></td><td rowspan="1" colspan="1"><p>Bacharelado</p></td><td rowspan="1" colspan="1"><p>FISIOTERAPIA</p></td><td rowspan="1" colspan="1"><p>500</p></td><td rowspan="1" colspan="1"><p>CENTRO UNIVERSITARIO UNIRB - UNIRB</p></td><td rowspan="1" colspan="1"><p>AMERICA EDUCACIONAL S.A</p></td></tr><tr><td rowspan="1" colspan="1"><p>399</p></td><td rowspan="1" colspan="1"><p>202517365</p></td><td rowspan="1" colspan="1"><p>Bacharelado</p></td><td rowspan="1" colspan="1"><p>FONOAUDIOLOGIA</p></td><td rowspan="1" colspan="1"><p>500</p></td><td rowspan="1" colspan="1"><p>CENTRO UNIVERSITARIO UNIRB - UNIRB</p></td><td rowspan="1" colspan="1"><p>AMERICA EDUCACIONAL S.A</p></td></tr><tr><td rowspan="1" colspan="1"><p>400</p></td><td rowspan="1" colspan="1"><p>202517803</p></td><td rowspan="1" colspan="1"><p>Licenciatura</p></td><td rowspan="1" colspan="1"><p>GEOGRAFIA</p></td><td rowspan="1" colspan="1"><p>5000</p></td><td rowspan="1" colspan="1"><p>CENTRO UNIVERSITARIO UNIRB - UNIRB</p></td><td rowspan="1" colspan="1"><p>AMERICA EDUCACIONAL S.A</p></td></tr><tr><td rowspan="1" colspan="1"><p>401</p></td><td rowspan="1" colspan="1"><p>202517899</p></td><td rowspan="1" colspan="1"><p>Licenciatura</p></td><td rowspan="1" colspan="1"><p>HISTÓRIA</p></td><td rowspan="1" colspan="1"><p>5000</p></td><td rowspan="1" colspan="1"><p>CENTRO UNIVERSITARIO UNIRB - UNIRB</p></td><td rowspan="1" colspan="1"><p>AMERICA EDUCACIONAL S.A</p></td></tr><tr><td rowspan="1" colspan="1"><p>402</p></td><td rowspan="1" colspan="1"><p>202517350</p></td><td rowspan="1" colspan="1"><p>Licenciatura</p></td><td rowspan="1" colspan="1"><p>LETRAS - LIBRAS</p></td><td rowspan="1" colspan="1"><p>500</p></td><td rowspan="1" colspan="1"><p>CENTRO UNIVERSITARIO UNIRB - UNIRB</p></td><td rowspan="1" colspan="1"><p>AMERICA EDUCACIONAL S.A</p></td></tr><tr><td rowspan="1" colspan="1"><p>403</p></td><td rowspan="1" colspan="1"><p>202517858</p></td><td rowspan="1" colspan="1"><p>Licenciatura</p></td><td rowspan="1" colspan="1"><p>LETRAS - PORTUGUÊS E INGLÊS</p></td><td rowspan="1" colspan="1"><p>5000</p></td><td rowspan="1" colspan="1"><p>CENTRO UNIVERSITARIO UNIRB - UNIRB</p></td><td rowspan="1" colspan="1"><p>AMERICA EDUCACIONAL S.A</p></td></tr><tr><td rowspan="1" colspan="1"><p>404</p></td><td rowspan="1" colspan="1"><p>202518179</p></td><td rowspan="1" colspan="1"><p>Licenciatura</p></td><td rowspan="1" colspan="1"><p>MATEMÁTICA</p></td><td rowspan="1" colspan="1"><p>5000</p></td><td rowspan="1" colspan="1"><p>CENTRO UNIVERSITARIO UNIRB - UNIRB</p></td><td rowspan="1" colspan="1"><p>AMERICA EDUCACIONAL S.A</p></td></tr><tr><td rowspan="1" colspan="1"><p>405</p></td><td rowspan="1" colspan="1"><p>202518041</p></td><td rowspan="1" colspan="1"><p>Bacharelado</p></td><td rowspan="1" colspan="1"><p>MEDICINA VETERINÁRIA</p></td><td rowspan="1" colspan="1"><p>2000</p></td><td rowspan="1" colspan="1"><p>CENTRO UNIVERSITARIO UNIRB - UNIRB</p></td><td rowspan="1" colspan="1"><p>AMERICA EDUCACIONAL S.A</p></td></tr><tr><td rowspan="1" colspan="1"><p>406</p></td><td rowspan="1" colspan="1"><p>202508489</p></td><td rowspan="1" colspan="1"><p>Bacharelado</p></td><td rowspan="1" colspan="1"><p>NUTRIÇÃO</p></td><td rowspan="1" colspan="1"><p>500</p></td><td rowspan="1" colspan="1"><p>CENTRO UNIVERSITARIO UNIRB - UNIRB</p></td><td rowspan="1" colspan="1"><p>AMERICA EDUCACIONAL S.A</p></td></tr><tr><td rowspan="1" colspan="1"><p>407</p></td><td rowspan="1" colspan="1"><p>202510882</p></td><td rowspan="1" colspan="1"><p>Licenciatura</p></td><td rowspan="1" colspan="1"><p>PEDAGOGIA</p></td><td rowspan="1" colspan="1"><p>500</p></td><td rowspan="1" colspan="1"><p>CENTRO UNIVERSITARIO UNIRB - UNIRB</p></td><td rowspan="1" colspan="1"><p>AMERICA EDUCACIONAL S.A</p></td></tr><tr><td rowspan="1" colspan="1"><p>408</p></td><td rowspan="1" colspan="1"><p>202518231</p></td><td rowspan="1" colspan="1"><p>Licenciatura</p></td><td rowspan="1" colspan="1"><p>QUÍMICA</p></td><td rowspan="1" colspan="1"><p>5000</p></td><td rowspan="1" colspan="1"><p>CENTRO UNIVERSITARIO UNIRB - UNIRB</p></td><td rowspan="1" colspan="1"><p>AMERICA EDUCACIONAL S.A</p></td></tr><tr><td rowspan="1" colspan="1"><p>409</p></td><td rowspan="1" colspan="1"><p>202508488</p></td><td rowspan="1" colspan="1"><p>Bacharelado</p></td><td rowspan="1" colspan="1"><p>SERVIÇO SOCIAL</p></td><td rowspan="1" colspan="1"><p>500</p></td><td rowspan="1" colspan="1"><p>CENTRO UNIVERSITARIO UNIRB - UNIRB</p></td><td rowspan="1" colspan="1"><p>AMERICA EDUCACIONAL S.A</p></td></tr><tr><td rowspan="1" colspan="1"><p>410</p></td><td rowspan="1" colspan="1"><p>202508491</p></td><td rowspan="1" colspan="1"><p>Bacharelado</p></td><td rowspan="1" colspan="1"><p>TERAPIA OCUPACIONAL</p></td><td rowspan="1" colspan="1"><p>1300</p></td><td rowspan="1" colspan="1"><p>CENTRO UNIVERSITARIO UNIRB - UNIRB</p></td><td rowspan="1" colspan="1"><p>AMERICA EDUCACIONAL S.A</p></td></tr><tr><td rowspan="1" colspan="1"><p>411</p></td><td rowspan="1" colspan="1"><p>202510380</p></td><td rowspan="1" colspan="1"><p>Licenciatura</p></td><td rowspan="1" colspan="1"><p>PEDAGOGIA</p></td><td rowspan="1" colspan="1"><p>100</p></td><td rowspan="1" colspan="1"><p>CENTRO UNIVERSITARIO UNISAN - UNISAN</p></td><td rowspan="1" colspan="1"><p>ASSOCIACAO DE EDUCACAO SANTA RITA DE CASSIA</p></td></tr><tr><td rowspan="1" colspan="1"><p>412</p></td><td rowspan="1" colspan="1"><p>202515161</p></td><td rowspan="1" colspan="1"><p>Bacharelado</p></td><td rowspan="1" colspan="1"><p>EDUCAÇÃO FÍSICA</p></td><td rowspan="1" colspan="1"><p>400</p></td><td rowspan="1" colspan="1"><p>CENTRO UNIVERSITARIO UNIVEL -</p></td><td rowspan="1" colspan="1"><p>UNIAO EDUCACIONAL DE CASCAVEL - UNIVEL LTDA</p></td></tr><tr><td rowspan="1" colspan="1"><p>413</p></td><td rowspan="1" colspan="1"><p>202516258</p></td><td rowspan="1" colspan="1"><p>Licenciatura</p></td><td rowspan="1" colspan="1"><p>EDUCAÇÃO FÍSICA</p></td><td rowspan="1" colspan="1"><p>400</p></td><td rowspan="1" colspan="1"><p>CENTRO UNIVERSITARIO UNIVEL -</p></td><td rowspan="1" colspan="1"><p>UNIAO EDUCACIONAL DE CASCAVEL - UNIVEL LTDA</p></td></tr><tr><td rowspan="1" colspan="1"><p>414</p></td><td rowspan="1" colspan="1"><p>202515608</p></td><td rowspan="1" colspan="1"><p>Bacharelado</p></td><td rowspan="1" colspan="1"><p>ENGENHARIA CIVIL</p></td><td rowspan="1" colspan="1"><p>400</p></td><td rowspan="1" colspan="1"><p>CENTRO UNIVERSITARIO UNIVEL -</p></td><td rowspan="1" colspan="1"><p>UNIAO EDUCACIONAL DE CASCAVEL - UNIVEL LTDA</p></td></tr><tr><td rowspan="1" colspan="1"><p>415</p></td><td rowspan="1" colspan="1"><p>202515609</p></td><td rowspan="1" colspan="1"><p>Bacharelado</p></td><td rowspan="1" colspan="1"><p>ENGENHARIA DE PRODUÇÃO</p></td><td rowspan="1" colspan="1"><p>4000</p></td><td rowspan="1" colspan="1"><p>CENTRO UNIVERSITARIO UNIVEL -</p></td><td rowspan="1" colspan="1"><p>UNIAO EDUCACIONAL DE CASCAVEL - UNIVEL LTDA</p></td></tr><tr><td rowspan="1" colspan="1"><p>416</p></td><td rowspan="1" colspan="1"><p>202515162</p></td><td rowspan="1" colspan="1"><p>Bacharelado</p></td><td rowspan="1" colspan="1"><p>FARMÁCIA</p></td><td rowspan="1" colspan="1"><p>1200</p></td><td rowspan="1" colspan="1"><p>CENTRO UNIVERSITARIO UNIVEL -</p></td><td rowspan="1" colspan="1"><p>UNIAO EDUCACIONAL DE CASCAVEL - UNIVEL LTDA</p></td></tr><tr><td rowspan="1" colspan="1"><p>417</p></td><td rowspan="1" colspan="1"><p>202510381</p></td><td rowspan="1" colspan="1"><p>Licenciatura</p></td><td rowspan="1" colspan="1"><p>PEDAGOGIA</p></td><td rowspan="1" colspan="1"><p>460</p></td><td rowspan="1" colspan="1"><p>CENTRO UNIVERSITARIO UNIVEL -</p></td><td rowspan="1" colspan="1"><p>UNIAO EDUCACIONAL DE CASCAVEL - UNIVEL LTDA</p></td></tr></table>]]></Texto>
  </body>
  <Midias />
</article></xml>