﻿<xml><article id="45411671" name="ADECONJ8RF9RF74" idOficio="11280101" pubName="DO1" artType="Ato Declaratório" pubDate="12/09/2025" artClass="00028:00032:00435:00100:00000:00000:00000:00000:00000:00000:00007:00000" artCategory="Ministério da Fazenda/Secretaria Especial da Receita Federal do Brasil/Secretaria-Adjunta/Superintendência Regional da Receita Federal do Brasil 8ª Região Fiscal" artSize="24" artNotes="" numberPage="140" pdfPage="http://pesquisa.in.gov.br/imprensa/jsp/visualiza/index.jsp?data=12/09/2025&amp;jornal=515&amp;pagina=140" editionNumber="174" highlightType="" highlightPriority="" highlight="" highlightimage="" highlightimagename="" idMateria="23100867">
  <body>
    <Identifica><![CDATA[ ATO DECLARATÓRIO EXECUTIVO CONJUNTO SRRF08/SRRF09 Nº 74, DE 1º DE SETEMBRO DE 2025]]></Identifica>
    <Data><![CDATA[]]></Data>
    <Ementa><![CDATA[ Autoriza a Simplificação de Operações de Trânsito Aduaneiro para o Transportador que menciona]]></Ementa>
    <Titulo />
    <SubTitulo />
    <Texto><![CDATA[<p class="identifica">ATO DECLARATÓRIO EXECUTIVO CONJUNTO SRRF08/SRRF09 Nº 74, DE 1º DE SETEMBRO DE 2025</p><p class="ementa">Autoriza a Simplificação de Operações de Trânsito Aduaneiro para o Transportador que menciona</p><p>OS SUPERINTENDENTES DA RECEITA FEDERAL DO BRASIL NAS 8ª E 9ª REGIÕES FISCAIS, no uso das atribuições conferidas pelo Regimento Interno da Secretaria Especial da Receita Federal do Brasil, aprovado pela Portaria ME n° 284, de 27/07/2020, e com fundamento no art. 82 da Instrução Normativa SRF nº 248, de 25/11/2002, na Portaria COANA nº 5, de 24/02/2021, com as modificações introduzidas pelas Portarias COANA nº 17, de 03/06/2021, nº 28, de 30/07/2021, nº 56, de 08/12/2021, e nº 124, de 15/05/2023, e à vista do que consta do processo nº 13032.354487/2025-89, resolvem:</p><p>Art. 1º. Fica autorizada a simplificação nas operações de Trânsito Aduaneiro, mediante dispensa das etapas "Informar Elemento de Segurança" e "Registro de Integridade", em que figure como beneficiário a empresa transportadora TSA LOGÍSTICA LTDA., CNPJ nº 04.467.231/0001-60, localizada em Guarulhos/SP, para as rotas rodoviárias abaixo discriminadas:</p><p /><p></p><table><tr /><tr><td rowspan="1" colspan="1"><p>UL</p><p>ORIGEM</p></td><td rowspan="1" colspan="1"><p>RA</p><p>ORIGEM</p></td><td rowspan="1" colspan="1"><p>ORIGEM</p></td><td rowspan="1" colspan="1"><p>UL</p><p>DESTINO</p></td><td rowspan="1" colspan="1"><p>RA</p><p>DESTINO</p></td><td rowspan="1" colspan="1"><p>DESTINO</p></td></tr><tr><td rowspan="1" colspan="1"><p>ALF/GRU</p><p>0817600</p></td><td rowspan="1" colspan="1"><p>8.91.11.01</p></td><td rowspan="1" colspan="1"><p>Concessionária do Aeroporto Internacional de Guarulhos S/A</p></td><td rowspan="1" colspan="1"><p>ALF/ITJ</p><p>0927800</p></td><td rowspan="1" colspan="1"><p>9.10.32.01</p></td><td rowspan="1" colspan="1"><p>CLIA Multilog S/A</p><p>(Itajaí/SC)</p></td></tr><tr><td rowspan="1" colspan="1" /><td rowspan="1" colspan="1" /><td rowspan="1" colspan="1" /><td rowspan="1" colspan="1" /><td rowspan="1" colspan="1"><p>9.10.16.04</p></td><td rowspan="1" colspan="1"><p>Poly Terminais Portuários S/A</p><p>(Itajaí/SC)</p></td></tr><tr><td rowspan="1" colspan="1" /><td rowspan="1" colspan="1" /><td rowspan="1" colspan="1" /><td rowspan="1" colspan="1"><p>ALF/SFS</p><p>0927700</p></td><td rowspan="1" colspan="1"><p>9.98.30.01</p></td><td rowspan="1" colspan="1"><p>CLIA Centro Logístico Integrado Fastcargo Ltda.</p><p>(Itapoá/SC)</p></td></tr><tr><td rowspan="1" colspan="1" /><td rowspan="1" colspan="1" /><td rowspan="1" colspan="1" /><td rowspan="1" colspan="1"><p>ALF/CTA</p><p>0917900</p></td><td rowspan="1" colspan="1"><p>9.99.32.02</p></td><td rowspan="1" colspan="1"><p>Porto Seco Multilog Brasil S/A (São José</p><p>dos Pinhais/PR)</p></td></tr><tr><td rowspan="1" colspan="1" /><td rowspan="1" colspan="1" /><td rowspan="1" colspan="1" /><td rowspan="1" colspan="1"><p>DRF/JOI</p><p>0920200</p></td><td rowspan="1" colspan="1"><p>9.70.30.01</p></td><td rowspan="1" colspan="1"><p>CLIA Multilog S/A</p><p>(Joinville/SC)</p></td></tr></table><p>Art. 2º. Periodicamente, auditorias de conformidade deverão ser realizadas para comprovar o cumprimento pelo beneficiário das condições impostas e avaliar a segurança das operações com dispensa de etapas, nos termos do §4º do art. 6º e do art. 8º da Portaria COANA nº 5/2021.</p><p>Art. 3º. Determinar que a empresa transportadora TSA LOGÍSTICA LTDA., CNPJ nº 04.467.231/0001-60, disponibilize, para aplicação, elementos de segurança aprovados pela International Standard Organization (ISO).</p><p>Art. 4º. Com fundamento na alínea "b" do inciso IV do §2º do art. 3º da Portaria COANA nº 5/2021, não conceder aos veículos com carrocerias abertas ou do tipo sider autorização para Trânsito Simplificado.</p><p>Art. 5º. Com fundamento no §2º do art. 6° da Portaria COANA nº 5/2021, os demais veículos da frota devem atender às exigências estabelecidas no Anexo II da Portaria COANA nº 5/2021.</p><p>Art. 6º. Incumbir a empresa transportadora TSA LOGÍSTICA LTDA., CNPJ nº 04.467.231/0001-60, a providenciar imediata comunicação às SRRF's 8ªRF e 9ªRF na hipótese de exclusão, a pedido ou de ofício, do Programa OEA, sob pena de aplicação de sanções administrativas previstas no art. 76 da Lei nº 10.833, de 29/12/2003, sem prejuízo das demais penalidades cabíveis.</p><p>Art. 7º. Esta simplificação é concedida em caráter precário e sujeita-se à imediata revogação no caso de constatação de descumprimento das condições definidas no presente Ato Declaratório Executivo, na Portaria COANA nº 5, de 24/02/2021, com as modificações introduzidas pelas Portarias COANA nº 17, de 03/06/2021, nº 28, de 30/07/2021, nº 56, de 08/12/2021, e nº 124, de 15/05/2023, sem prejuízo da aplicação de demais penalidades cabíveis.</p><p>Art. 8º. Este ato entra em vigor na data de sua publicação no Diário Oficial da União.</p><p class="assina">MÁRCIA CECÍLIA MENG</p><p class="cargo">Superintendente da Receita Federal do Brasil na 8ª Região Fiscal</p><p class="assina">MÁRCIO LUIZ ZAMIAN</p><p class="cargo">Superintendente da Receita Federal do Brasil na 9ª Região Fiscal</p><p class="cargo">Substituto</p>]]></Texto>
  </body>
  <Midias />
</article></xml>