﻿<xml><article id="45415487" name="Portaria GMMPO NA 305 -2025 + an" idOficio="11280620" pubName="DO1" artType="Portaria" pubDate="12/09/2025" artClass="00040:00001:00000:00000:00000:00000:00000:00000:00000:00000:00054:00000" artCategory="Ministério do Planejamento e Orçamento/Gabinete da Ministra" artSize="24" artNotes="" numberPage="174" pdfPage="http://pesquisa.in.gov.br/imprensa/jsp/visualiza/index.jsp?data=12/09/2025&amp;jornal=515&amp;pagina=174" editionNumber="174" highlightType="" highlightPriority="" highlight="" highlightimage="" highlightimagename="" idMateria="23101771">
  <body>
    <Identifica><![CDATA[ PORTARIA GM/MPO Nº 305, DE 11 DE SETEMBRO DE 2025]]></Identifica>
    <Data><![CDATA[]]></Data>
    <Ementa><![CDATA[ Abre aos Orçamentos Fiscal e da Seguridade Social da União, em favor dos Ministérios da Educação; da Saúde; da Defesa; e do Desenvolvimento e Assistência Social, Família e Combate à Fome, crédito suplementar no valor de R$ 1.441.895.324,00, para reforço de dotações constantes da Lei Orçamentária vigente.]]></Ementa>
    <Titulo />
    <SubTitulo />
    <Texto><![CDATA[<p class="identifica">PORTARIA GM/MPO Nº 305, DE 11 DE SETEMBRO DE 2025</p><p class="ementa">Abre aos Orçamentos Fiscal e da Seguridade Social da União, em favor dos Ministérios da Educação; da Saúde; da Defesa; e do Desenvolvimento e Assistência Social, Família e Combate à Fome, crédito suplementar no valor de R$ 1.441.895.324,00, para reforço de dotações constantes da Lei Orçamentária vigente.</p><p>A MINISTRA DE ESTADO DO PLANEJAMENTO E ORÇAMENTO, no uso da competência que lhe foi delegada pelo art. 1º, inciso II, do Decreto nº 12.369, de 17 de janeiro de 2025, e tendo em vista a autorização contida no art. 4º, § 1º, incisos I e IV, § 2º, incisos I e V, e § 3º, inciso III, da Lei nº 15.121, de 10 de abril de 2025, e no art. 49, § 2º, da Lei nº 15.080, de 30 de dezembro de 2024, resolve:</p><p>Art. 1º Abrir aos Orçamentos Fiscal e da Seguridade Social da União, em favor dos Ministérios da Educação; da Saúde; da Defesa; e do Desenvolvimento e Assistência Social, Família e Combate à Fome, crédito suplementar no valor de R$ 1.441.895.324,00 (um bilhão, quatrocentos e quarenta e um milhões, oitocentos e noventa e cinco mil, trezentos e vinte e quatro reais) para atender às programações constantes do Anexo I.</p><p>Art. 2º Os recursos necessários à abertura do crédito de que trata o art. 1º decorrem de:</p><p>I - incorporação de excesso de arrecadação, no valor de R$ 444.095.324,00 (quatrocentos e quarenta e quatro milhões, noventa e cinco mil, trezentos e vinte e quatro reais), referente a Recursos do Fundo Social Destinados à Educação Pública, com Prioridade para Educação Básica, e à Saúde; e</p><p>II - anulação de dotações orçamentárias, em R$ 997.800.000,00 (novecentos e noventa e sete milhões e oitocentos mil reais), conforme indicado no Anexo II.</p><p>Art. 3º Esta Portaria entra em vigor na data de sua publicação.</p><p class="assina">SIMONE TEBET</p><p class="anexo">ANEXOS</p><p /><p></p><table><tr><td rowspan="1" colspan="10"><p>ÓRGÃO: 26000 - Ministério da Educação</p></td></tr><tr><td rowspan="1" colspan="3"><p>UNIDADE: 26298 - Fundo Nacional de Desenvolvimento da Educação</p></td><td rowspan="1" colspan="7" /></tr><tr><td rowspan="1" colspan="3"><p>ANEXO I</p></td><td rowspan="1" colspan="7"><p>Crédito Suplementar</p></td></tr><tr><td rowspan="1" colspan="3"><p>PROGRAMA DE TRABALHO ( SUPLEMENTAÇÃO )</p></td><td rowspan="1" colspan="7"><p>Recurso de Todas as Fontes R$ 1,00</p></td></tr><tr><td rowspan="1" colspan="1"><p>PROGRAMÁTICA</p></td><td rowspan="1" colspan="1"><p>PROGRAMA/AÇÃO/LOCALIZADOR/PRODUTO</p></td><td rowspan="1" colspan="1"><p>FUNCIONAL</p></td><td rowspan="1" colspan="1"><p>E</p><p>S</p><p>F</p></td><td rowspan="1" colspan="1"><p>G</p><p>N</p><p>D</p></td><td rowspan="1" colspan="1"><p>R</p><p>P</p></td><td rowspan="1" colspan="1"><p>M</p><p>O</p><p>D</p></td><td rowspan="1" colspan="1"><p>I</p><p>U</p></td><td rowspan="1" colspan="1"><p>F</p><p>T</p><p>E</p></td><td rowspan="1" colspan="1"><p>VALOR</p></td></tr><tr><td rowspan="1" colspan="1"><p>5111</p></td><td rowspan="1" colspan="1"><p>Educação Básica Democrática, com qualidade e equidade</p></td><td rowspan="1" colspan="7" /><td rowspan="1" colspan="1"><p>444.095.324</p></td></tr><tr><td rowspan="1" colspan="1" /><td rowspan="1" colspan="1"><p>Operações Especiais</p></td><td rowspan="1" colspan="1" /><td rowspan="1" colspan="1" /><td rowspan="1" colspan="1" /><td rowspan="1" colspan="1" /><td rowspan="1" colspan="1" /><td rowspan="1" colspan="1" /><td rowspan="1" colspan="1" /><td rowspan="1" colspan="1" /></tr><tr><td rowspan="1" colspan="1"><p>5111 00SB</p></td><td rowspan="1" colspan="1"><p>Complementação da União ao Fundo de Manutenção e Desenvolvimento da Educação Básica e de Valorização dos Profissionais da Educação - Fundeb</p></td><td rowspan="1" colspan="1"><p>12 847</p></td><td rowspan="1" colspan="1" /><td rowspan="1" colspan="1" /><td rowspan="1" colspan="1" /><td rowspan="1" colspan="1" /><td rowspan="1" colspan="1" /><td rowspan="1" colspan="1" /><td rowspan="1" colspan="1"><p>444.095.324</p></td></tr><tr><td rowspan="1" colspan="1"><p>5111 00SB 0001</p></td><td rowspan="1" colspan="1"><p>Complementação da União ao Fundo de Manutenção e Desenvolvimento da Educação Básica e de Valorização dos Profissionais da Educação - Fundeb - Nacional</p></td><td rowspan="1" colspan="1"><p>12 847</p></td><td rowspan="1" colspan="1" /><td rowspan="1" colspan="1" /><td rowspan="1" colspan="1" /><td rowspan="1" colspan="1" /><td rowspan="1" colspan="1" /><td rowspan="1" colspan="1" /><td rowspan="1" colspan="1"><p>444.095.324</p></td></tr><tr><td rowspan="1" colspan="1" /><td rowspan="1" colspan="1" /><td rowspan="1" colspan="1" /><td rowspan="1" colspan="1"><p>F</p></td><td rowspan="1" colspan="1"><p>3-ODC</p></td><td rowspan="1" colspan="1"><p>1</p></td><td rowspan="1" colspan="1"><p>40</p></td><td rowspan="1" colspan="1"><p>8</p></td><td rowspan="1" colspan="1"><p>1014</p></td><td rowspan="1" colspan="1"><p>444.095.324</p></td></tr><tr><td rowspan="1" colspan="9"><p>TOTAL - FISCAL</p></td><td rowspan="1" colspan="1"><p>444.095.324</p></td></tr><tr><td rowspan="1" colspan="9"><p>TOTAL - SEGURIDADE</p></td><td rowspan="1" colspan="1"><p>0</p></td></tr><tr><td rowspan="1" colspan="9"><p>TOTAL - GERAL</p></td><td rowspan="1" colspan="1"><p>444.095.324</p></td></tr><tr><td rowspan="1" colspan="9" /><td rowspan="1" colspan="1" /></tr><tr><td rowspan="1" colspan="10"><p>ÓRGÃO: 36000 - Ministério da Saúde</p></td></tr><tr><td rowspan="1" colspan="3"><p>UNIDADE: 36901 - Fundo Nacional de Saúde</p></td><td rowspan="1" colspan="7" /></tr><tr><td rowspan="1" colspan="3"><p>ANEXO I</p></td><td rowspan="1" colspan="7"><p>Crédito Suplementar</p></td></tr><tr><td rowspan="1" colspan="3"><p>PROGRAMA DE TRABALHO ( SUPLEMENTAÇÃO )</p></td><td rowspan="1" colspan="7"><p>Recurso de Todas as Fontes R$ 1,00</p></td></tr><tr><td rowspan="1" colspan="1"><p>PROGRAMÁTICA</p></td><td rowspan="1" colspan="1"><p>PROGRAMA/AÇÃO/LOCALIZADOR/PRODUTO</p></td><td rowspan="1" colspan="1"><p>FUNCIONAL</p></td><td rowspan="1" colspan="1"><p>E</p><p>S</p><p>F</p></td><td rowspan="1" colspan="1"><p>G</p><p>N</p><p>D</p></td><td rowspan="1" colspan="1"><p>R</p><p>P</p></td><td rowspan="1" colspan="1"><p>M</p><p>O</p><p>D</p></td><td rowspan="1" colspan="1"><p>I</p><p>U</p></td><td rowspan="1" colspan="1"><p>F</p><p>T</p><p>E</p></td><td rowspan="1" colspan="1"><p>VALOR</p></td></tr><tr><td rowspan="1" colspan="1"><p>5121</p></td><td rowspan="1" colspan="1"><p>Gestão, Trabalho, Educação e Transformação Digital na Saúde</p></td><td rowspan="1" colspan="7" /><td rowspan="1" colspan="1"><p>948.000.000</p></td></tr><tr><td rowspan="1" colspan="1" /><td rowspan="1" colspan="1"><p>Atividades</p></td><td rowspan="1" colspan="1" /><td rowspan="1" colspan="1" /><td rowspan="1" colspan="1" /><td rowspan="1" colspan="1" /><td rowspan="1" colspan="1" /><td rowspan="1" colspan="1" /><td rowspan="1" colspan="1" /><td rowspan="1" colspan="1" /></tr><tr><td rowspan="1" colspan="1"><p>5121 21DX</p></td><td rowspan="1" colspan="1"><p>Manutenção de Contratos de Gestão com a Agência Brasileira de Apoio à Gestão do SUS (AGSUS)</p></td><td rowspan="1" colspan="1"><p>10 122</p></td><td rowspan="1" colspan="1" /><td rowspan="1" colspan="1" /><td rowspan="1" colspan="1" /><td rowspan="1" colspan="1" /><td rowspan="1" colspan="1" /><td rowspan="1" colspan="1" /><td rowspan="1" colspan="1"><p>948.000.000</p></td></tr><tr><td rowspan="1" colspan="1"><p>5121 21DX 0001</p></td><td rowspan="1" colspan="1"><p>Manutenção de Contratos de Gestão com a Agência Brasileira de Apoio à Gestão do SUS (AGSUS) - Nacional</p></td><td rowspan="1" colspan="1"><p>10 122</p></td><td rowspan="1" colspan="1" /><td rowspan="1" colspan="1" /><td rowspan="1" colspan="1" /><td rowspan="1" colspan="1" /><td rowspan="1" colspan="1" /><td rowspan="1" colspan="1" /><td rowspan="1" colspan="1"><p>948.000.000</p></td></tr><tr><td rowspan="1" colspan="1" /><td rowspan="1" colspan="1" /><td rowspan="1" colspan="1" /><td rowspan="1" colspan="1"><p>S</p></td><td rowspan="1" colspan="1"><p>4-INV</p></td><td rowspan="1" colspan="1"><p>3</p></td><td rowspan="1" colspan="1"><p>50</p></td><td rowspan="1" colspan="1"><p>6</p></td><td rowspan="1" colspan="1"><p>3129</p></td><td rowspan="1" colspan="1"><p>948.000.000</p></td></tr><tr><td rowspan="1" colspan="9"><p>TOTAL - FISCAL</p></td><td rowspan="1" colspan="1"><p>0</p></td></tr><tr><td rowspan="1" colspan="9"><p>TOTAL - SEGURIDADE</p></td><td rowspan="1" colspan="1"><p>948.000.000</p></td></tr><tr><td rowspan="1" colspan="9"><p>TOTAL - GERAL</p></td><td rowspan="1" colspan="1"><p>948.000.000</p></td></tr><tr><td rowspan="1" colspan="9" /><td rowspan="1" colspan="1" /></tr><tr><td rowspan="1" colspan="10"><p>ÓRGÃO: 52000 - Ministério da Defesa</p></td></tr><tr><td rowspan="1" colspan="3"><p>UNIDADE: 52121 - Comando do Exército</p></td><td rowspan="1" colspan="7" /></tr><tr><td rowspan="1" colspan="3"><p>ANEXO I</p></td><td rowspan="1" colspan="7"><p>Crédito Suplementar</p></td></tr><tr><td rowspan="1" colspan="3"><p>PROGRAMA DE TRABALHO ( SUPLEMENTAÇÃO )</p></td><td rowspan="1" colspan="7"><p>Recurso de Todas as Fontes R$ 1,00</p></td></tr><tr><td rowspan="1" colspan="1"><p>PROGRAMÁTICA</p></td><td rowspan="1" colspan="1"><p>PROGRAMA/AÇÃO/LOCALIZADOR/PRODUTO</p></td><td rowspan="1" colspan="1"><p>FUNCIONAL</p></td><td rowspan="1" colspan="1"><p>E</p><p>S</p><p>F</p></td><td rowspan="1" colspan="1"><p>G</p><p>N</p><p>D</p></td><td rowspan="1" colspan="1"><p>R</p><p>P</p></td><td rowspan="1" colspan="1"><p>M</p><p>O</p><p>D</p></td><td rowspan="1" colspan="1"><p>I</p><p>U</p></td><td rowspan="1" colspan="1"><p>F</p><p>T</p><p>E</p></td><td rowspan="1" colspan="1"><p>VALOR</p></td></tr><tr><td rowspan="1" colspan="1"><p>6112</p></td><td rowspan="1" colspan="1"><p>Defesa Nacional</p></td><td rowspan="1" colspan="7" /><td rowspan="1" colspan="1"><p>47.300.000</p></td></tr><tr><td rowspan="1" colspan="1" /><td rowspan="1" colspan="1"><p>Atividades</p></td><td rowspan="1" colspan="1" /><td rowspan="1" colspan="1" /><td rowspan="1" colspan="1" /><td rowspan="1" colspan="1" /><td rowspan="1" colspan="1" /><td rowspan="1" colspan="1" /><td rowspan="1" colspan="1" /><td rowspan="1" colspan="1" /></tr><tr><td rowspan="1" colspan="1"><p>6112 21A0</p></td><td rowspan="1" colspan="1"><p>Aprestamento das Forças - Manutenção da prontidão e da capacidade operativa</p></td><td rowspan="1" colspan="1"><p>05 153</p></td><td rowspan="1" colspan="1" /><td rowspan="1" colspan="1" /><td rowspan="1" colspan="1" /><td rowspan="1" colspan="1" /><td rowspan="1" colspan="1" /><td rowspan="1" colspan="1" /><td rowspan="1" colspan="1"><p>47.300.000</p></td></tr><tr><td rowspan="1" colspan="1"><p>6112 21A0 0001</p></td><td rowspan="1" colspan="1"><p>Aprestamento das Forças - Manutenção da prontidão e da capacidade operativa - Nacional</p></td><td rowspan="1" colspan="1"><p>05 153</p></td><td rowspan="1" colspan="1" /><td rowspan="1" colspan="1" /><td rowspan="1" colspan="1" /><td rowspan="1" colspan="1" /><td rowspan="1" colspan="1" /><td rowspan="1" colspan="1" /><td rowspan="1" colspan="1"><p>47.300.000</p></td></tr><tr><td rowspan="1" colspan="1" /><td rowspan="1" colspan="1" /><td rowspan="1" colspan="1" /><td rowspan="1" colspan="1"><p>F</p></td><td rowspan="1" colspan="1"><p>3-ODC</p></td><td rowspan="1" colspan="1"><p>2</p></td><td rowspan="1" colspan="1"><p>90</p></td><td rowspan="1" colspan="1"><p>0</p></td><td rowspan="1" colspan="1"><p>1000</p></td><td rowspan="1" colspan="1"><p>47.300.000</p></td></tr><tr><td rowspan="1" colspan="9"><p>TOTAL - FISCAL</p></td><td rowspan="1" colspan="1"><p>47.300.000</p></td></tr><tr><td rowspan="1" colspan="9"><p>TOTAL - SEGURIDADE</p></td><td rowspan="1" colspan="1"><p>0</p></td></tr><tr><td rowspan="1" colspan="9"><p>TOTAL - GERAL</p></td><td rowspan="1" colspan="1"><p>47.300.000</p></td></tr></table>]]></Texto>
  </body>
  <Midias />
</article></xml>