﻿<xml><article id="45416162" name="resolucao_3511_2025 COAFE" idOficio="11280829" pubName="DO1" artType="Resolução" pubDate="12/09/2025" artClass="00047:00048:00016:00006:00002:00000:00000:00000:00000:00000:00064:00006" artCategory="Ministério da Saúde/Agência Nacional de Vigilância Sanitária/4ª Diretoria/Gerência-Geral de Inspeção e Fiscalização Sanitária/Coordenação de Autorização de Funcionamento de Empresas" artSize="12" artNotes="" numberPage="193" pdfPage="http://pesquisa.in.gov.br/imprensa/jsp/visualiza/index.jsp?data=12/09/2025&amp;jornal=515&amp;pagina=193" editionNumber="174" highlightType="" highlightPriority="" highlight="" highlightimage="" highlightimagename="" idMateria="23102039">
  <body>
    <Identifica><![CDATA[ RESOLUÇÃO-RE Nº 3.511, DE 11 DE SETEMBRO DE 2025]]></Identifica>
    <Data><![CDATA[]]></Data>
    <Ementa />
    <Titulo />
    <SubTitulo />
    <Texto><![CDATA[<p class="identifica">RESOLUÇÃO-RE Nº 3.511, DE 11 DE SETEMBRO DE 2025</p><p>O COORDENADOR DE AUTORIZAÇÃO DE FUNCIONAMENTO DE EMPRESAS DA AGÊNCIA NACIONAL DE VIGILÂNCIA SANITÁRIA, no uso das atribuições que lhe confere o art. 144, aliado ao art. 203, I, §1° do Regimento Interno aprovado pela Resolução da Diretoria Colegiada - RDC n° 585, de 10 de dezembro de 2021, resolve:</p><p>Art. 1º. Alterar a Autorização de Funcionamento das Empresas constantes no anexo desta Resolução.</p><p>Art. 2º Esta Resolução entra em vigor na data de sua publicação.</p><p class="assina">DANIEL MARCOS PEREIRA DOURADO</p><p class="anexo">ANEXO</p><p>VALE DOS PIRENEUS COMERCIO DE PRODUTOS E SERVICOS HOSPITALARES LTDA / 17.069.536/0001-66</p><p>25351.013254/2025-03 / 3139261</p><p>ARMAZENAR: SANEANTE DOMIS.</p><p>DISTRIBUIR: SANEANTE DOMIS.</p><p>EXPEDIR: SANEANTE DOMIS.</p><p>TRANSPORTAR: SANEANTE DOMIS.</p><p>70931 - AFE - ALTERAÇÃO - SANEANTES DOMISSANITÁRIOS - AMPLIAÇÃO DE ATIVIDADES / 1017737258</p><p>--------------------------------------</p><p>abcm comercio de medicamentos ltda / 54.883.390/0001-14</p><p>25351.300463/2024-03 / 5099224</p><p>COMÉRCIO: ALIMENTOS PERMITIDOS / COSMÉTICOS / PERFUMES / PRODUTOS DE HIGIENE / PRODUTOS PARA SAÚDE (DISPOSITIVOS MÉDICOS)</p><p>DISPENSAÇÃO DE MEDICAMENTOS, INCLUSIVE SUJEITOS A CONTROLE ESPECIAL</p><p>PRESTAÇÃO DE SERVIÇOS FARMACÊUTICOS: -</p><p>7113 - AFE - ALTERAÇÃO - FARMÁCIAS E DROGARIAS - ENDEREÇO / 1044298251</p><p>--------------------------------------</p><p>FARMALOG DISTRIBUIDORA DE MEDICAMENTOS LTDA / 24.924.986/0001-54</p><p>25351.709301/2020-03 / 8213921</p><p>ARMAZENAR: PRODUTOS PARA SAÚDE (DISPOSITIVOS MÉDICOS)</p><p>DISTRIBUIR: PRODUTOS PARA SAÚDE (DISPOSITIVOS MÉDICOS)</p><p>EXPEDIR: PRODUTOS PARA SAÚDE (DISPOSITIVOS MÉDICOS)</p><p>829 - AFE - ALTERAÇÃO - PRODUTOS PARA SAÚDE - RAZÃO SOCIAL / 1197692258</p><p>--------------------------------------</p><p>HEALTH TECH SAUDE E TECNOLOGIA LTDA / 09.002.747/0001-53</p><p>25351.409950/2020-07 / 8200275</p><p>ARMAZENAR: PRODUTOS PARA SAÚDE (DISPOSITIVOS MÉDICOS)</p><p>DISTRIBUIR: PRODUTOS PARA SAÚDE (DISPOSITIVOS MÉDICOS)</p><p>EXPEDIR: PRODUTOS PARA SAÚDE (DISPOSITIVOS MÉDICOS)</p><p>IMPORTAR: PRODUTOS PARA SAÚDE (DISPOSITIVOS MÉDICOS)</p><p>867 - AFE - ALTERAÇÃO - PRODUTOS PARA SAÚDE - AMPLIAÇÃO OU REDUÇÃO DE ATIVIDADES / 0274713250</p><p>--------------------------------------</p><p>GISELE DIAS OLIVEIRA / 10.953.809/0001-91</p><p>25351.721607/2013-09 / 7063385</p><p>COMÉRCIO: ALIMENTOS PERMITIDOS / COSMÉTICOS / PERFUMES / PRODUTOS DE HIGIENE / PRODUTOS PARA SAÚDE (DISPOSITIVOS MÉDICOS)</p><p>DISPENSAÇÃO DE MEDICAMENTOS, INCLUSIVE SUJEITOS A CONTROLE ESPECIAL</p><p>7113 - AFE - ALTERAÇÃO - FARMÁCIAS E DROGARIAS - ENDEREÇO / 1043847251</p><p>--------------------------------------</p><p>CIEX7 - Comercio Importação e Exportação Ltda / 25.234.075/0001-68</p><p>25351.678523/2023-10 / 1304812</p><p>ARMAZENAR: INSUMOS FARMACÊUTICOS / MEDICAMENTO</p><p>DISTRIBUIR: INSUMOS FARMACÊUTICOS / MEDICAMENTO</p><p>EXPEDIR: INSUMOS FARMACÊUTICOS / MEDICAMENTO</p><p>IMPORTAR: INSUMOS FARMACÊUTICOS</p><p>70792 - AFE - ALTERAÇÃO - MEDICAMENTOS E/OU INSUMOS FARMACÊUTICOS - AMPLIAÇÃO DE ATIVIDADES / 1014902258</p><p>--------------------------------------</p><p>FUNDO DE OLHO LTDA / 52.963.227/0001-36</p><p>25351.099698/2025-10 / 8319659</p><p>ARMAZENAR: PRODUTOS PARA SAÚDE (DISPOSITIVOS MÉDICOS)</p><p>DISTRIBUIR: PRODUTOS PARA SAÚDE (DISPOSITIVOS MÉDICOS)</p><p>EXPEDIR: PRODUTOS PARA SAÚDE (DISPOSITIVOS MÉDICOS)</p><p>IMPORTAR: PRODUTOS PARA SAÚDE (DISPOSITIVOS MÉDICOS)</p><p>70933 - AFE - ALTERAÇÃO - PRODUTOS PARA SAÚDE - AMPLIAÇÃO DE ATIVIDADES / 1014912253</p><p>--------------------------------------</p><p>MIX PHARMA DROGARIA LTDA - ME / 22.152.718/0001-36</p><p>25351.215246/2015-10 / 7380687</p><p>COMÉRCIO: ALIMENTOS PERMITIDOS / COSMÉTICOS / PERFUMES / PRODUTOS DE HIGIENE / PRODUTOS PARA SAÚDE (DISPOSITIVOS MÉDICOS)</p><p>DISPENSAÇÃO DE MEDICAMENTOS, INCLUSIVE SUJEITOS A CONTROLE ESPECIAL</p><p>7113 - AFE - ALTERAÇÃO - FARMÁCIAS E DROGARIAS - ENDEREÇO / 1041279256</p><p>--------------------------------------</p><p>MORAIS MAGALHAES DROGARIA LTDA / 53.320.260/0001-00</p><p>25351.052949/2024-11 / 5074758</p><p>COMÉRCIO: ALIMENTOS PERMITIDOS / COSMÉTICOS / PERFUMES / PRODUTOS DE HIGIENE / PRODUTOS PARA SAÚDE (DISPOSITIVOS MÉDICOS)</p><p>DISPENSAÇÃO DE MEDICAMENTOS, INCLUSIVE SUJEITOS A CONTROLE ESPECIAL</p><p>PRESTAÇÃO DE SERVIÇOS FARMACÊUTICOS: -</p><p>7110 - AFE - ALTERAÇÃO - FARMÁCIAS E DROGARIAS - RAZÃO SOCIAL / 1204462259</p><p>--------------------------------------</p><p>W OLIVEIRA DROGARIAS LTDA / 39.610.129/0001-57</p><p>25351.414273/2021-11 / 7848954</p><p>COMÉRCIO: ALIMENTOS PERMITIDOS / COSMÉTICOS / PERFUMES / PRODUTOS DE HIGIENE / PRODUTOS PARA SAÚDE (DISPOSITIVOS MÉDICOS)</p><p>DISPENSAÇÃO DE MEDICAMENTOS, INCLUSIVE SUJEITOS A CONTROLE ESPECIAL</p><p>PRESTAÇÃO DE SERVIÇOS FARMACÊUTICOS: -</p><p>7110 - AFE - ALTERAÇÃO - FARMÁCIAS E DROGARIAS - RAZÃO SOCIAL / 1196714258</p><p>--------------------------------------</p><p>RIBEIRO COMERCIO E ASSISTENCIA TECNICA LTDA / 26.278.137/0001-04</p><p>25351.888621/2020-11 / 8207546</p><p>ARMAZENAR: PRODUTOS PARA SAÚDE (DISPOSITIVOS MÉDICOS)</p><p>DISTRIBUIR: PRODUTOS PARA SAÚDE (DISPOSITIVOS MÉDICOS)</p><p>EXPEDIR: PRODUTOS PARA SAÚDE (DISPOSITIVOS MÉDICOS)</p><p>TRANSPORTAR: PRODUTOS PARA SAÚDE (DISPOSITIVOS MÉDICOS)</p><p>70933 - AFE - ALTERAÇÃO - PRODUTOS PARA SAÚDE - AMPLIAÇÃO DE ATIVIDADES / 1014762251</p><p>--------------------------------------</p><p>MOURA COMERCIO DE MEDICAMENTOS LTDA / 09.607.825/0001-43</p><p>25351.759933/2008-11 / 0574813</p><p>COMÉRCIO: ALIMENTOS PERMITIDOS / COSMÉTICOS / PERFUMES / PRODUTOS DE HIGIENE / PRODUTOS PARA SAÚDE (DISPOSITIVOS MÉDICOS)</p><p>DISPENSAÇÃO DE MEDICAMENTOS, INCLUSIVE SUJEITOS A CONTROLE ESPECIAL</p><p>PRESTAÇÃO DE SERVIÇOS FARMACÊUTICOS: -</p><p>7110 - AFE - ALTERAÇÃO - FARMÁCIAS E DROGARIAS - RAZÃO SOCIAL / 1195036256</p><p>--------------------------------------</p><p>ALIANCA PRODUTOS MEDICOS HOSPITALARES LTDA / 17.763.775/0001-11</p><p>25351.553042/2015-13 / 8127681</p><p>ARMAZENAR: PRODUTOS PARA SAÚDE (DISPOSITIVOS MÉDICOS)</p><p>DISTRIBUIR: PRODUTOS PARA SAÚDE (DISPOSITIVOS MÉDICOS)</p><p>EXPEDIR: PRODUTOS PARA SAÚDE (DISPOSITIVOS MÉDICOS)</p><p>IMPORTAR: PRODUTOS PARA SAÚDE (DISPOSITIVOS MÉDICOS)</p><p>866 - AFE - ALTERAÇÃO - PRODUTOS PARA SAÚDE - ENDEREÇO / 0203561252</p><p>--------------------------------------</p><p>REPROCIR PRODUTOS CIRÚRGICOS E HOSPITALARES LTDA / 21.780.481/0001-75</p><p>25351.089193/2009-14 / 8055098</p><p>DISTRIBUIR: PRODUTOS PARA SAÚDE (DISPOSITIVOS MÉDICOS)</p><p>IMPORTAR: PRODUTOS PARA SAÚDE (DISPOSITIVOS MÉDICOS)</p><p>TRANSPORTAR: PRODUTOS PARA SAÚDE (DISPOSITIVOS MÉDICOS)</p><p>866 - AFE - ALTERAÇÃO - PRODUTOS PARA SAÚDE - ENDEREÇO / 0277611253</p><p>--------------------------------------</p><p>GOLD SEA LOG LTDA / 39.840.664/0001-02</p><p>25351.755090/2023-15 / 8281285</p><p>TRANSPORTAR: PRODUTOS PARA SAÚDE (DISPOSITIVOS MÉDICOS)</p><p>866 - AFE - ALTERAÇÃO - PRODUTOS PARA SAÚDE - ENDEREÇO / 0066152259</p><p>--------------------------------------</p><p>BELMEDICAL COMERCIO DE PRODUTOS HOSPITALARES LTDA / 12.735.479/0001-93</p><p>25351.483888/2020-15 / 8212700</p><p>ARMAZENAR: PRODUTOS PARA SAÚDE (DISPOSITIVOS MÉDICOS)</p><p>DISTRIBUIR: PRODUTOS PARA SAÚDE (DISPOSITIVOS MÉDICOS)</p><p>EXPEDIR: PRODUTOS PARA SAÚDE (DISPOSITIVOS MÉDICOS)</p><p>IMPORTAR: PRODUTOS PARA SAÚDE (DISPOSITIVOS MÉDICOS)</p><p>TRANSPORTAR: PRODUTOS PARA SAÚDE (DISPOSITIVOS MÉDICOS)</p><p>70933 - AFE - ALTERAÇÃO - PRODUTOS PARA SAÚDE - AMPLIAÇÃO DE ATIVIDADES / 1024325253</p><p>--------------------------------------</p><p>SANTANA NOGUEIRA COMERCIO DE MEDICAMENTOS LTDA / 54.027.673/0001-64</p><p>25351.083923/2024-15 / 5080277</p><p>COMÉRCIO: ALIMENTOS PERMITIDOS / COSMÉTICOS / PERFUMES / PRODUTOS DE HIGIENE / PRODUTOS PARA SAÚDE (DISPOSITIVOS MÉDICOS)</p><p>DISPENSAÇÃO DE MEDICAMENTOS, INCLUSIVE SUJEITOS A CONTROLE ESPECIAL</p><p>PRESTAÇÃO DE SERVIÇOS FARMACÊUTICOS: -</p><p>7110 - AFE - ALTERAÇÃO - FARMÁCIAS E DROGARIAS - RAZÃO SOCIAL / 1203702256</p><p>--------------------------------------</p><p>FARMALOG DISTRIBUIDORA DE MEDICAMENTOS LTDA / 24.924.986/0001-54</p><p>25351.407674/2016-15 / 1159115</p><p>ARMAZENAR: MEDICAMENTO</p><p>DISTRIBUIR: MEDICAMENTO</p><p>EXPEDIR: MEDICAMENTO</p><p>70800 - AFE - ALTERAÇÃO - MEDICAMENTOS E/OU INSUMOS FARMACÊUTICOS - RAZÃO SOCIAL / 1197691251</p><p>--------------------------------------</p><p>jk drogaria ltda - me / 07.231.237/0001-22</p><p>25351.450746/2014-15 / 7250741</p><p>COMÉRCIO: ALIMENTOS PERMITIDOS / COSMÉTICOS / PERFUMES / PRODUTOS DE HIGIENE / PRODUTOS PARA SAÚDE (DISPOSITIVOS MÉDICOS)</p><p>DISPENSAÇÃO DE MEDICAMENTOS, INCLUSIVE SUJEITOS A CONTROLE ESPECIAL</p><p>DISPENSAÇÃO DE PLANTAS MEDICINAIS: -</p><p>FRACIONAMENTO: -</p><p>PRESTAÇÃO DE SERVIÇOS FARMACÊUTICOS: -</p><p>7111 - AFE - ALTERAÇÃO - FARMÁCIAS E DROGARIAS - AMPLIAÇÃO DE ATIVIDADES / 1204420254</p><p>--------------------------------------</p><p>VARELA E HENDLER LTDA / 95.759.999/0004-06</p><p>25351.050881/2025-17 / 5174769</p><p>COMÉRCIO: ALIMENTOS PERMITIDOS / COSMÉTICOS / PERFUMES / PRODUTOS DE HIGIENE / PRODUTOS PARA SAÚDE (DISPOSITIVOS MÉDICOS)</p><p>DISPENSAÇÃO DE MEDICAMENTOS, INCLUSIVE SUJEITOS A CONTROLE ESPECIAL</p><p>DISPENSAÇÃO DE PLANTAS MEDICINAIS: -</p><p>PRESTAÇÃO DE SERVIÇOS FARMACÊUTICOS: -</p><p>7113 - AFE - ALTERAÇÃO - FARMÁCIAS E DROGARIAS - ENDEREÇO / 1023579251</p><p>--------------------------------------</p><p>RAFAELA HELENA FIDELIS MARTINS / 19.668.711/0001-67</p><p>25351.163897/2015-17 / 7369652</p><p>COMÉRCIO: ALIMENTOS PERMITIDOS / COSMÉTICOS / PERFUMES / PRODUTOS DE HIGIENE / PRODUTOS PARA SAÚDE (DISPOSITIVOS MÉDICOS)</p><p>DISPENSAÇÃO DE MEDICAMENTOS, INCLUSIVE SUJEITOS A CONTROLE ESPECIAL</p><p>DISPENSAÇÃO DE PLANTAS MEDICINAIS: -</p><p>PRESTAÇÃO DE SERVIÇOS FARMACÊUTICOS: -</p><p>7113 - AFE - ALTERAÇÃO - FARMÁCIAS E DROGARIAS - ENDEREÇO / 1021663255</p><p>--------------------------------------</p><p>A P G VIUDES MACHADO LTDA / 08.604.819/0001-70</p><p>25351.552912/2014-17 / 7290000</p><p>COMÉRCIO: ALIMENTOS PERMITIDOS / COSMÉTICOS / PERFUMES / PRODUTOS DE HIGIENE / PRODUTOS PARA SAÚDE (DISPOSITIVOS MÉDICOS)</p><p>DISPENSAÇÃO DE MEDICAMENTOS, INCLUSIVE SUJEITOS A CONTROLE ESPECIAL</p><p>PRESTAÇÃO DE SERVIÇOS FARMACÊUTICOS: -</p><p>7113 - AFE - ALTERAÇÃO - FARMÁCIAS E DROGARIAS - ENDEREÇO / 0302659251</p><p>--------------------------------------</p><p>BTL BRASIL COMERCIO, IMPORTACAO E EXPORTACAO LTDA / 15.789.367/0005-37</p><p>25351.135318/2025-18 / 8323453</p><p>ARMAZENAR: PRODUTOS PARA SAÚDE (DISPOSITIVOS MÉDICOS)</p><p>DISTRIBUIR: PRODUTOS PARA SAÚDE (DISPOSITIVOS MÉDICOS)</p><p>EXPEDIR: PRODUTOS PARA SAÚDE (DISPOSITIVOS MÉDICOS)</p><p>EXPORTAR: PRODUTOS PARA SAÚDE (DISPOSITIVOS MÉDICOS)</p><p>IMPORTAR: PRODUTOS PARA SAÚDE (DISPOSITIVOS MÉDICOS)</p><p>TRANSPORTAR: PRODUTOS PARA SAÚDE (DISPOSITIVOS MÉDICOS)</p><p>70933 - AFE - ALTERAÇÃO - PRODUTOS PARA SAÚDE - AMPLIAÇÃO DE ATIVIDADES / 1014765251</p><p>25351.135318/2025-18 / 8323453</p><p>ARMAZENAR: PRODUTOS PARA SAÚDE (DISPOSITIVOS MÉDICOS)</p><p>DISTRIBUIR: PRODUTOS PARA SAÚDE (DISPOSITIVOS MÉDICOS)</p><p>EXPEDIR: PRODUTOS PARA SAÚDE (DISPOSITIVOS MÉDICOS)</p><p>EXPORTAR: PRODUTOS PARA SAÚDE (DISPOSITIVOS MÉDICOS)</p><p>IMPORTAR: PRODUTOS PARA SAÚDE (DISPOSITIVOS MÉDICOS)</p><p>TRANSPORTAR: PRODUTOS PARA SAÚDE (DISPOSITIVOS MÉDICOS)</p><p>70933 - AFE - ALTERAÇÃO - PRODUTOS PARA SAÚDE - AMPLIAÇÃO DE ATIVIDADES / 1014645255</p><p>25351.135318/2025-18 / 8323453</p><p>ARMAZENAR: PRODUTOS PARA SAÚDE (DISPOSITIVOS MÉDICOS)</p><p>DISTRIBUIR: PRODUTOS PARA SAÚDE (DISPOSITIVOS MÉDICOS)</p><p>EXPEDIR: PRODUTOS PARA SAÚDE (DISPOSITIVOS MÉDICOS)</p><p>EXPORTAR: PRODUTOS PARA SAÚDE (DISPOSITIVOS MÉDICOS)</p><p>IMPORTAR: PRODUTOS PARA SAÚDE (DISPOSITIVOS MÉDICOS)</p><p>TRANSPORTAR: PRODUTOS PARA SAÚDE (DISPOSITIVOS MÉDICOS)</p><p>70933 - AFE - ALTERAÇÃO - PRODUTOS PARA SAÚDE - AMPLIAÇÃO DE ATIVIDADES / 1014752256</p><p>--------------------------------------</p><p>FILIPE MORALES SOLE LTDA / 16.977.842/0001-38</p><p>25351.022540/2013-18 / 0896182</p><p>COMÉRCIO: ALIMENTOS PERMITIDOS / COSMÉTICOS / PERFUMES / PRODUTOS DE HIGIENE / PRODUTOS PARA SAÚDE (DISPOSITIVOS MÉDICOS)</p><p>DISPENSAÇÃO DE MEDICAMENTOS, INCLUSIVE SUJEITOS A CONTROLE ESPECIAL</p><p>7113 - AFE - ALTERAÇÃO - FARMÁCIAS E DROGARIAS - ENDEREÇO / 1041472251</p><p>--------------------------------------</p><p>GALDERMA DISTRIBUIDORA DO BRASIL LTDA. / 07.489.498/0004-90</p><p>25351.593290/2018-19 / 8171021</p><p>ARMAZENAR: PRODUTOS PARA SAÚDE (DISPOSITIVOS MÉDICOS)</p><p>DISTRIBUIR: PRODUTOS PARA SAÚDE (DISPOSITIVOS MÉDICOS)</p><p>EXPEDIR: PRODUTOS PARA SAÚDE (DISPOSITIVOS MÉDICOS)</p><p>IMPORTAR: PRODUTOS PARA SAÚDE (DISPOSITIVOS MÉDICOS)</p><p>866 - AFE - ALTERAÇÃO - PRODUTOS PARA SAÚDE - ENDEREÇO / 1021929255</p><p>--------------------------------------</p><p>VALE DOS PIRENEUS COMERCIO DE PRODUTOS E SERVICOS HOSPITALARES LTDA / 17.069.536/0001-66</p><p>25351.750709/2019-19 / 8194522</p><p>ARMAZENAR: PRODUTOS PARA SAÚDE (DISPOSITIVOS MÉDICOS)</p><p>DISTRIBUIR: PRODUTOS PARA SAÚDE (DISPOSITIVOS MÉDICOS)</p><p>EXPEDIR: PRODUTOS PARA SAÚDE (DISPOSITIVOS MÉDICOS)</p><p>TRANSPORTAR: PRODUTOS PARA SAÚDE (DISPOSITIVOS MÉDICOS)</p><p>70933 - AFE - ALTERAÇÃO - PRODUTOS PARA SAÚDE - AMPLIAÇÃO DE ATIVIDADES / 1017740259</p><p>--------------------------------------</p><p>V DA SILVA GOMES COMERCIO VAREJISTA DE MEDICAMENTOS LTDA / 50.767.103/0001-50</p><p>25351.360920/2023-20 / 7998342</p><p>COMÉRCIO: ALIMENTOS PERMITIDOS / COSMÉTICOS / PERFUMES / PRODUTOS DE HIGIENE / PRODUTOS PARA SAÚDE (DISPOSITIVOS MÉDICOS)</p><p>DISPENSAÇÃO DE MEDICAMENTOS NÃO SUJEITOS AO CONTROLE ESPECIAL</p><p>PRESTAÇÃO DE SERVIÇOS FARMACÊUTICOS: -</p><p>7113 - AFE - ALTERAÇÃO - FARMÁCIAS E DROGARIAS - ENDEREÇO / 1020827254</p><p>--------------------------------------</p><p>POPULAR FARMA LTDA / 36.346.498/0006-09</p><p>25351.152767/2025-21 / 5210661</p><p>DISPENSAÇÃO DE MEDICAMENTOS, INCLUSIVE SUJEITOS A CONTROLE ESPECIAL</p><p>7111 - AFE - ALTERAÇÃO - FARMÁCIAS E DROGARIAS - AMPLIAÇÃO DE ATIVIDADES / 1195164254</p><p>--------------------------------------</p><p>A. A. M. VIANA - ME / 21.211.531/0001-01</p><p>25351.548434/2015-21 / 7415886</p><p>COMÉRCIO: ALIMENTOS PERMITIDOS / COSMÉTICOS / PERFUMES / PRODUTOS DE HIGIENE / PRODUTOS PARA SAÚDE (DISPOSITIVOS MÉDICOS)</p><p>DISPENSAÇÃO DE MEDICAMENTOS, INCLUSIVE SUJEITOS A CONTROLE ESPECIAL</p><p>DISPENSAÇÃO DE PLANTAS MEDICINAIS: -</p><p>FRACIONAMENTO: -</p><p>PRESTAÇÃO DE SERVIÇOS FARMACÊUTICOS: -</p><p>7111 - AFE - ALTERAÇÃO - FARMÁCIAS E DROGARIAS - AMPLIAÇÃO DE ATIVIDADES / 1196739251</p><p>--------------------------------------</p><p>ALAM HENRIQUE DE OLIVEIRA LTDA - ME / 46.069.487/0001-60</p><p>25351.530911/2022-21 / 7902677</p><p>COMÉRCIO: ALIMENTOS PERMITIDOS / COSMÉTICOS / PERFUMES / PRODUTOS DE HIGIENE / PRODUTOS PARA SAÚDE (DISPOSITIVOS MÉDICOS)</p><p>DISPENSAÇÃO DE MEDICAMENTOS, INCLUSIVE SUJEITOS A CONTROLE ESPECIAL</p><p>PRESTAÇÃO DE SERVIÇOS FARMACÊUTICOS: -</p><p>7113 - AFE - ALTERAÇÃO - FARMÁCIAS E DROGARIAS - ENDEREÇO / 1019970251</p><p>--------------------------------------</p><p>G - MORAIS FARMACIA IRECE LTDA / 43.213.042/0001-13</p><p>25351.584901/2021-25 / 7863140</p><p>COMÉRCIO: ALIMENTOS PERMITIDOS / COSMÉTICOS / PERFUMES / PRODUTOS DE HIGIENE / PRODUTOS PARA SAÚDE (DISPOSITIVOS MÉDICOS)</p><p>DISPENSAÇÃO DE MEDICAMENTOS, INCLUSIVE SUJEITOS A CONTROLE ESPECIAL</p><p>FRACIONAMENTO: -</p><p>PRESTAÇÃO DE SERVIÇOS FARMACÊUTICOS: -</p><p>7110 - AFE - ALTERAÇÃO - FARMÁCIAS E DROGARIAS - RAZÃO SOCIAL / 1204452253</p><p>--------------------------------------</p><p>DROGARIA E FARMÁCIA SACOM LTDA ME / 12.068.017/0001-60</p><p>25351.202622/2014-25 / 7155052</p><p>COMÉRCIO: ALIMENTOS PERMITIDOS / COSMÉTICOS / PERFUMES / PRODUTOS DE HIGIENE / PRODUTOS PARA SAÚDE (DISPOSITIVOS MÉDICOS)</p><p>DISPENSAÇÃO DE MEDICAMENTOS, INCLUSIVE SUJEITOS A CONTROLE ESPECIAL</p><p>DISPENSAÇÃO DE PLANTAS MEDICINAIS: -</p><p>FRACIONAMENTO: -</p><p>MANIPULAÇÃO DE PRODUTOS MAGISTRAIS: -</p><p>MANIPULAÇÃO DE PRODUTOS OFICINAIS: -</p><p>PRESTAÇÃO DE SERVIÇOS FARMACÊUTICOS: -</p><p>7111 - AFE - ALTERAÇÃO - FARMÁCIAS E DROGARIAS - AMPLIAÇÃO DE ATIVIDADES / 1204008256</p><p>--------------------------------------</p><p>DROGARIA POPULAR DE BENTO RIBEIRO LTDA - EPP / 23.238.098/0001-15</p><p>25351.233733/2017-26 / 7515804</p><p>COMÉRCIO: ALIMENTOS PERMITIDOS / COSMÉTICOS / PERFUMES / PRODUTOS DE HIGIENE / PRODUTOS PARA SAÚDE (DISPOSITIVOS MÉDICOS)</p><p>DISPENSAÇÃO DE MEDICAMENTOS, INCLUSIVE SUJEITOS A CONTROLE ESPECIAL</p><p>FRACIONAMENTO: -</p><p>PRESTAÇÃO DE SERVIÇOS FARMACÊUTICOS: -</p><p>7111 - AFE - ALTERAÇÃO - FARMÁCIAS E DROGARIAS - AMPLIAÇÃO DE ATIVIDADES / 1193513251</p><p>--------------------------------------</p><p>OSTEOTECH COMERCIO DE PRODUTOS HOSPITALARES LTDA / 20.155.342/0001-98</p><p>25351.365073/2015-27 / 8122788</p><p>ARMAZENAR: PRODUTOS PARA SAÚDE (DISPOSITIVOS MÉDICOS)</p><p>DISTRIBUIR: PRODUTOS PARA SAÚDE (DISPOSITIVOS MÉDICOS)</p><p>EXPEDIR: PRODUTOS PARA SAÚDE (DISPOSITIVOS MÉDICOS)</p><p>866 - AFE - ALTERAÇÃO - PRODUTOS PARA SAÚDE - ENDEREÇO / 1016798253</p><p>--------------------------------------</p><p>SAUDE &amp; VIDA DROGARIA LTDA / 02.512.823/0001-21</p><p>25351.573645/2013-31 / 7003130</p><p>COMÉRCIO: COSMÉTICOS / PERFUMES / PRODUTOS DE HIGIENE</p><p>DISPENSAÇÃO DE MEDICAMENTOS, INCLUSIVE SUJEITOS A CONTROLE ESPECIAL</p><p>7110 - AFE - ALTERAÇÃO - FARMÁCIAS E DROGARIAS - RAZÃO SOCIAL / 1196721254</p><p>--------------------------------------</p><p>DROGARIA E PERFUMARIA MADRE PAULINA LTDA / 08.268.679/0001-06</p><p>25351.110618/2014-31 / 7128123</p><p>COMÉRCIO: ALIMENTOS PERMITIDOS / COSMÉTICOS / PERFUMES / PRODUTOS DE HIGIENE / PRODUTOS PARA SAÚDE (DISPOSITIVOS MÉDICOS)</p><p>DISPENSAÇÃO DE MEDICAMENTOS, INCLUSIVE SUJEITOS A CONTROLE ESPECIAL</p><p>DISPENSAÇÃO DE PLANTAS MEDICINAIS: -</p><p>FRACIONAMENTO: -</p><p>PRESTAÇÃO DE SERVIÇOS FARMACÊUTICOS: -</p><p>7110 - AFE - ALTERAÇÃO - FARMÁCIAS E DROGARIAS - RAZÃO SOCIAL / 1199108251</p><p>--------------------------------------</p><p>VALEMED DISTRIBUIDORA DE MEDICAMENTOS LTDA / 44.690.848/0001-65</p><p>25351.112729/2025-35 / 8320841</p><p>ARMAZENAR: PRODUTOS PARA SAÚDE (DISPOSITIVOS MÉDICOS)</p><p>DISTRIBUIR: PRODUTOS PARA SAÚDE (DISPOSITIVOS MÉDICOS)</p><p>EXPEDIR: PRODUTOS PARA SAÚDE (DISPOSITIVOS MÉDICOS)</p><p>TRANSPORTAR: PRODUTOS PARA SAÚDE (DISPOSITIVOS MÉDICOS)</p><p>70933 - AFE - ALTERAÇÃO - PRODUTOS PARA SAÚDE - AMPLIAÇÃO DE ATIVIDADES / 1023622254</p><p>--------------------------------------</p><p>Donna ella drogaria ltda - ME / 20.072.137/0001-69</p><p>25351.713471/2014-36 / 7337575</p><p>COMÉRCIO: ALIMENTOS PERMITIDOS / COSMÉTICOS / PERFUMES / PRODUTOS DE HIGIENE / PRODUTOS PARA SAÚDE (DISPOSITIVOS MÉDICOS)</p><p>DISPENSAÇÃO DE MEDICAMENTOS, INCLUSIVE SUJEITOS A CONTROLE ESPECIAL</p><p>DISPENSAÇÃO DE PLANTAS MEDICINAIS: -</p><p>FRACIONAMENTO: -</p><p>PRESTAÇÃO DE SERVIÇOS FARMACÊUTICOS: -</p><p>7111 - AFE - ALTERAÇÃO - FARMÁCIAS E DROGARIAS - AMPLIAÇÃO DE ATIVIDADES / 1204193258</p><p>--------------------------------------</p><p>DROGARIA E PERFUMARIA GAEL LTDA / 52.404.743/0001-20</p><p>25351.891995/2024-39 / 5069961</p><p>COMÉRCIO: ALIMENTOS PERMITIDOS / COSMÉTICOS / PERFUMES / PRODUTOS DE HIGIENE / PRODUTOS PARA SAÚDE (DISPOSITIVOS MÉDICOS)</p><p>DISPENSAÇÃO DE MEDICAMENTOS, INCLUSIVE SUJEITOS A CONTROLE ESPECIAL</p><p>DISPENSAÇÃO DE PLANTAS MEDICINAIS: -</p><p>PRESTAÇÃO DE SERVIÇOS FARMACÊUTICOS: -</p><p>7111 - AFE - ALTERAÇÃO - FARMÁCIAS E DROGARIAS - AMPLIAÇÃO DE ATIVIDADES / 1198336251</p><p>--------------------------------------</p><p>BELMEDICAL COMERCIO DE PRODUTOS HOSPITALARES LTDA / 12.735.479/0001-93</p><p>25351.243209/2021-40 / 1252911</p><p>ARMAZENAR: MEDICAMENTO</p><p>DISTRIBUIR: MEDICAMENTO</p><p>EXPEDIR: MEDICAMENTO</p><p>TRANSPORTAR: MEDICAMENTO</p><p>70792 - AFE - ALTERAÇÃO - MEDICAMENTOS E/OU INSUMOS FARMACÊUTICOS - AMPLIAÇÃO DE ATIVIDADES / 1024369251</p><p>--------------------------------------</p><p>WELL FARMA LTDA / 45.699.272/0001-60</p><p>25351.302356/2022-40 / 7901411</p><p>COMÉRCIO: ALIMENTOS PERMITIDOS / COSMÉTICOS / PERFUMES / PRODUTOS DE HIGIENE / PRODUTOS PARA SAÚDE (DISPOSITIVOS MÉDICOS)</p><p>DISPENSAÇÃO DE MEDICAMENTOS, INCLUSIVE SUJEITOS A CONTROLE ESPECIAL</p><p>7113 - AFE - ALTERAÇÃO - FARMÁCIAS E DROGARIAS - ENDEREÇO / 0043678254</p><p>--------------------------------------</p><p>VALEMED DISTRIBUIDORA DE MEDICAMENTOS LTDA / 44.690.848/0001-65</p><p>25351.112702/2025-42 / 1410221</p><p>ARMAZENAR: MEDICAMENTO</p><p>DISTRIBUIR: MEDICAMENTO</p><p>EXPEDIR: MEDICAMENTO</p><p>TRANSPORTAR: MEDICAMENTO</p><p>70792 - AFE - ALTERAÇÃO - MEDICAMENTOS E/OU INSUMOS FARMACÊUTICOS - AMPLIAÇÃO DE ATIVIDADES / 1023585251</p><p>--------------------------------------</p><p>RAIA DROGASIL S/A / 61.585.865/0691-94</p><p>25351.625049/2013-43 / 7023527</p><p>COMÉRCIO: ALIMENTOS PERMITIDOS / COSMÉTICOS / PERFUMES / PRODUTOS DE HIGIENE / PRODUTOS PARA SAÚDE (DISPOSITIVOS MÉDICOS)</p><p>DISPENSAÇÃO DE MEDICAMENTOS, INCLUSIVE SUJEITOS A CONTROLE ESPECIAL</p><p>PRESTAÇÃO DE SERVIÇOS FARMACÊUTICOS: -</p><p>7113 - AFE - ALTERAÇÃO - FARMÁCIAS E DROGARIAS - ENDEREÇO / 0310500257</p><p>--------------------------------------</p><p>J CRUZ LTDA - EPP / 04.521.258/0012-47</p><p>25351.216787/2016-46 / 7467429</p><p>COMÉRCIO: ALIMENTOS PERMITIDOS / COSMÉTICOS / PERFUMES / PRODUTOS DE HIGIENE / PRODUTOS PARA SAÚDE (DISPOSITIVOS MÉDICOS)</p><p>DISPENSAÇÃO DE MEDICAMENTOS, INCLUSIVE SUJEITOS A CONTROLE ESPECIAL</p><p>FRACIONAMENTO: -</p><p>7113 - AFE - ALTERAÇÃO - FARMÁCIAS E DROGARIAS - ENDEREÇO / 1021758256</p><p>--------------------------------------</p><p>DROGARIA BARAO DA FRANCA LTDA / 50.874.950/0001-13</p><p>25351.430103/2023-46 / 7140534</p><p>COMÉRCIO: ALIMENTOS PERMITIDOS / COSMÉTICOS / PERFUMES / PRODUTOS DE HIGIENE / PRODUTOS PARA SAÚDE (DISPOSITIVOS MÉDICOS)</p><p>DISPENSAÇÃO DE MEDICAMENTOS, INCLUSIVE SUJEITOS A CONTROLE ESPECIAL</p><p>PRESTAÇÃO DE SERVIÇOS FARMACÊUTICOS: -</p><p>7110 - AFE - ALTERAÇÃO - FARMÁCIAS E DROGARIAS - RAZÃO SOCIAL / 1201372259</p><p>--------------------------------------</p><p>REAL DISTRIBUIDORA DE MEDICAMENTOS E MATERIAIS PARA SAUDE LTDA / 43.867.525/0001-31</p><p>25351.076296/2025-47 / 3142260</p><p>ARMAZENAR: SANEANTE DOMIS.</p><p>DISTRIBUIR: SANEANTE DOMIS.</p><p>EXPEDIR: SANEANTE DOMIS.</p><p>TRANSPORTAR: SANEANTE DOMIS.</p><p>70931 - AFE - ALTERAÇÃO - SANEANTES DOMISSANITÁRIOS - AMPLIAÇÃO DE ATIVIDADES / 1026800251</p><p>--------------------------------------</p><p>MARA BEATRIZ ROHSIG ME / 04.281.370/0001-03</p><p>25351.651730/2013-47 / 7042831</p><p>COMÉRCIO: ALIMENTOS PERMITIDOS / COSMÉTICOS / PERFUMES / PRODUTOS DE HIGIENE / PRODUTOS PARA SAÚDE (DISPOSITIVOS MÉDICOS)</p><p>DISPENSAÇÃO DE MEDICAMENTOS, INCLUSIVE SUJEITOS A CONTROLE ESPECIAL</p><p>DISPENSAÇÃO DE PLANTAS MEDICINAIS: -</p><p>FRACIONAMENTO: -</p><p>MANIPULAÇÃO DE PRODUTOS MAGISTRAIS: -</p><p>MANIPULAÇÃO DE PRODUTOS OFICINAIS: -</p><p>PRESTAÇÃO DE SERVIÇOS FARMACÊUTICOS: -</p><p>7113 - AFE - ALTERAÇÃO - FARMÁCIAS E DROGARIAS - ENDEREÇO / 1020193255</p><p>--------------------------------------</p><p>FM DISTRIBUICAO E REPRESENTACAO LTDA / 34.391.031/0001-32</p><p>25351.635649/2020-49 / 8204095</p><p>ARMAZENAR: PRODUTOS PARA SAÚDE (DISPOSITIVOS MÉDICOS)</p><p>DISTRIBUIR: PRODUTOS PARA SAÚDE (DISPOSITIVOS MÉDICOS)</p><p>EXPEDIR: PRODUTOS PARA SAÚDE (DISPOSITIVOS MÉDICOS)</p><p>IMPORTAR: PRODUTOS PARA SAÚDE (DISPOSITIVOS MÉDICOS)</p><p>70933 - AFE - ALTERAÇÃO - PRODUTOS PARA SAÚDE - AMPLIAÇÃO DE ATIVIDADES / 1024409252</p><p>--------------------------------------</p><p>DROGARIA WORST &amp; CIA LTDA / 07.604.116/0001-89</p><p>25351.400281/2014-51 / 7231973</p><p>COMÉRCIO: ALIMENTOS PERMITIDOS / COSMÉTICOS / PERFUMES / PRODUTOS DE HIGIENE / PRODUTOS PARA SAÚDE (DISPOSITIVOS MÉDICOS)</p><p>DISPENSAÇÃO DE MEDICAMENTOS, INCLUSIVE SUJEITOS A CONTROLE ESPECIAL</p><p>PRESTAÇÃO DE SERVIÇOS FARMACÊUTICOS: -</p><p>7110 - AFE - ALTERAÇÃO - FARMÁCIAS E DROGARIAS - RAZÃO SOCIAL / 1200253256</p><p>--------------------------------------</p><p>DROGARIA E PERFUMARIA COELHO E SILVA LTDA - ME / 19.589.993/0001-07</p><p>25351.702359/2015-51 / 7423621</p><p>COMÉRCIO: ALIMENTOS PERMITIDOS / COSMÉTICOS / PERFUMES / PRODUTOS DE HIGIENE / PRODUTOS PARA SAÚDE (DISPOSITIVOS MÉDICOS)</p><p>DISPENSAÇÃO DE MEDICAMENTOS, INCLUSIVE SUJEITOS A CONTROLE ESPECIAL</p><p>PRESTAÇÃO DE SERVIÇOS FARMACÊUTICOS: -</p><p>7111 - AFE - ALTERAÇÃO - FARMÁCIAS E DROGARIAS - AMPLIAÇÃO DE ATIVIDADES / 1202582257</p><p>--------------------------------------</p><p>M M DE OLIVEIRA NASCIMENTO FARMACIA / 61.378.144/0001-70</p><p>25351.151817/2025-52 / 5208491</p><p>COMÉRCIO: COSMÉTICOS, PERFUMES, PRODUTOS DE HIGIENE, CORRELATOS, ALIMENTOS E PLANTAS MEDICINAIS (IN Nº 9/2009)</p><p>DISPENSAÇÃO DE MEDICAMENTOS, INCLUSIVE SUJEITOS A CONTROLE ESPECIAL</p><p>MANIPULAÇÃO DE PRODUTOS ESTÉREIS: -</p><p>MANIPULAÇÃO DE PRODUTOS MAGISTRAIS: -</p><p>MANIPULAÇÃO DE PRODUTOS OFICINAIS: -</p><p>PRESTAÇÃO DE SERVIÇOS FARMACÊUTICOS: -</p><p>7111 - AFE - ALTERAÇÃO - FARMÁCIAS E DROGARIAS - AMPLIAÇÃO DE ATIVIDADES / 1199358258</p><p>--------------------------------------</p><p>g s marcelino farmacia / 15.384.513/0003-82</p><p>25351.404058/2024-55 / 5135266</p><p>COMÉRCIO: ALIMENTOS PERMITIDOS / COSMÉTICOS / PERFUMES / PRODUTOS DE HIGIENE / PRODUTOS PARA SAÚDE (DISPOSITIVOS MÉDICOS)</p><p>DISPENSAÇÃO DE MEDICAMENTOS, INCLUSIVE SUJEITOS A CONTROLE ESPECIAL</p><p>7113 - AFE - ALTERAÇÃO - FARMÁCIAS E DROGARIAS - ENDEREÇO / 1022594257</p><p>--------------------------------------</p><p>ISACLIN MATERIAL MEDICO HOSPITALAR LTDA / 40.306.872/0001-05</p><p>25351.705461/2021-56 / 8227703</p><p>COMÉRCIO VAREJISTA: PRODUTOS PARA SAÚDE (DISPOSITIVOS MÉDICOS)</p><p>829 - AFE - ALTERAÇÃO - PRODUTOS PARA SAÚDE - RAZÃO SOCIAL / 1195173253</p><p>--------------------------------------</p><p>INFINITY PHARMA COMERCIO E REPRESENTACOES DE MEDICAMENTOS LTDA / 42.291.390/0001-46</p><p>25351.311123/2021-57 / 4038526</p><p>ARMAZENAR: COSMÉTICOS / PERFUMES / PRODUTOS DE HIGIENE</p><p>DISTRIBUIR: COSMÉTICOS / PERFUMES / PRODUTOS DE HIGIENE</p><p>EMBALAR: PRODUTOS DE HIGIENE</p><p>EXPEDIR: COSMÉTICOS / PERFUMES / PRODUTOS DE HIGIENE</p><p>FABRICAR: PRODUTOS DE HIGIENE</p><p>FRACIONAR: PRODUTOS DE HIGIENE</p><p>REEMBALAR: PRODUTOS DE HIGIENE</p><p>70935 - AFE - ALTERAÇÃO - COSMÉTICOS, PERFUMES E PRODUTOS DE HIGIENE - AMPLIAÇÃO DE ATIVIDADES / 1022623257</p><p>--------------------------------------</p><p>FRANK O. DA COSTA LTDA / 02.059.927/0001-22</p><p>25351.460318/2011-58 / 0788617</p><p>COMÉRCIO: ALIMENTOS PERMITIDOS / COSMÉTICOS / PERFUMES / PRODUTOS DE HIGIENE / PRODUTOS PARA SAÚDE (DISPOSITIVOS MÉDICOS)</p><p>DISPENSAÇÃO DE MEDICAMENTOS, INCLUSIVE SUJEITOS A CONTROLE ESPECIAL</p><p>FRACIONAMENTO: -</p><p>PRESTAÇÃO DE SERVIÇOS FARMACÊUTICOS: -</p><p>7111 - AFE - ALTERAÇÃO - FARMÁCIAS E DROGARIAS - AMPLIAÇÃO DE ATIVIDADES / 1194999255</p><p>--------------------------------------</p><p>MAHEVA CRISTINA DOS SANTOS KUKOWITSCH / 22.950.021/0001-00</p><p>25351.911418/2016-61 / 7441410</p><p>COMÉRCIO: ALIMENTOS PERMITIDOS / COSMÉTICOS / PERFUMES / PRODUTOS DE HIGIENE / PRODUTOS PARA SAÚDE (DISPOSITIVOS MÉDICOS)</p><p>DISPENSAÇÃO DE MEDICAMENTOS, INCLUSIVE SUJEITOS A CONTROLE ESPECIAL</p><p>PRESTAÇÃO DE SERVIÇOS FARMACÊUTICOS: -</p><p>7113 - AFE - ALTERAÇÃO - FARMÁCIAS E DROGARIAS - ENDEREÇO / 1022618253</p><p>--------------------------------------</p><p>DROGARIA JOÃO PAULO II - CARANDAÍ LTDA / 04.707.156/0001-68</p><p>25351.005505/2003-62 / 0263715</p><p>COMÉRCIO: ALIMENTOS PERMITIDOS / COSMÉTICOS / PRODUTOS DE HIGIENE / PRODUTOS PARA SAÚDE (DISPOSITIVOS MÉDICOS)</p><p>DISPENSAÇÃO DE MEDICAMENTOS, INCLUSIVE SUJEITOS A CONTROLE ESPECIAL</p><p>PRESTAÇÃO DE SERVIÇOS FARMACÊUTICOS: -</p><p>7113 - AFE - ALTERAÇÃO - FARMÁCIAS E DROGARIAS - ENDEREÇO / 1021809250</p><p>--------------------------------------</p><p>DROGARIA CAMBUI LTDA / 01.280.881/0001-04</p><p>25351.566557/2014-63 / 7305254</p><p>COMÉRCIO: ALIMENTOS PERMITIDOS / COSMÉTICOS / PERFUMES / PRODUTOS DE HIGIENE / PRODUTOS PARA SAÚDE (DISPOSITIVOS MÉDICOS)</p><p>DISPENSAÇÃO DE MEDICAMENTOS, INCLUSIVE SUJEITOS A CONTROLE ESPECIAL</p><p>DISPENSAÇÃO DE PLANTAS MEDICINAIS: -</p><p>PRESTAÇÃO DE SERVIÇOS FARMACÊUTICOS: -</p><p>7113 - AFE - ALTERAÇÃO - FARMÁCIAS E DROGARIAS - ENDEREÇO / 1044107251</p><p>--------------------------------------</p><p>VIVA COMERCIO E IMPORTAÇÃO LTDA. / 17.289.619/0001-60</p><p>25351.289717/2013-64 / 8096219</p><p>ARMAZENAR: PRODUTOS PARA SAÚDE (DISPOSITIVOS MÉDICOS)</p><p>DISTRIBUIR: PRODUTOS PARA SAÚDE (DISPOSITIVOS MÉDICOS)</p><p>EXPEDIR: PRODUTOS PARA SAÚDE (DISPOSITIVOS MÉDICOS)</p><p>866 - AFE - ALTERAÇÃO - PRODUTOS PARA SAÚDE - ENDEREÇO / 1024277259</p><p>--------------------------------------</p><p>SIMONE PAULA VIANA &amp; CIA LTDA / 22.639.124/0001-54</p><p>25351.215042/2002-64 / 0150197</p><p>COMÉRCIO: ALIMENTOS PERMITIDOS / COSMÉTICOS / PERFUMES / PRODUTOS DE HIGIENE / PRODUTOS PARA SAÚDE (DISPOSITIVOS MÉDICOS)</p><p>DISPENSAÇÃO DE MEDICAMENTOS, INCLUSIVE SUJEITOS A CONTROLE ESPECIAL</p><p>PRESTAÇÃO DE SERVIÇOS FARMACÊUTICOS: -</p><p>7110 - AFE - ALTERAÇÃO - FARMÁCIAS E DROGARIAS - RAZÃO SOCIAL / 1195156251</p><p>--------------------------------------</p><p>PHORMULATUS FARMACIA DE MANIPULACAO LTDA / 57.639.252/0001-82</p><p>25351.438673/2024-65 / 5145141</p><p>COMÉRCIO: COSMÉTICOS</p><p>DISPENSAÇÃO DE MEDICAMENTOS, INCLUSIVE SUJEITOS A CONTROLE ESPECIAL</p><p>DISPENSAÇÃO DE PLANTAS MEDICINAIS: -</p><p>FRACIONAMENTO: -</p><p>MANIPULAÇÃO DE PRODUTOS ESTÉREIS: -</p><p>MANIPULAÇÃO DE PRODUTOS MAGISTRAIS: -</p><p>MANIPULAÇÃO DE PRODUTOS OFICINAIS: -</p><p>PRESTAÇÃO DE SERVIÇOS FARMACÊUTICOS: -</p><p>7111 - AFE - ALTERAÇÃO - FARMÁCIAS E DROGARIAS - AMPLIAÇÃO DE ATIVIDADES / 1198287250</p><p>--------------------------------------</p><p>DROGARIA E PERFUMARIA JSC LTDA / 16.555.419/0001-40</p><p>25351.349582/2015-65 / 7393429</p><p>COMÉRCIO: ALIMENTOS PERMITIDOS / COSMÉTICOS / PERFUMES / PRODUTOS DE HIGIENE / PRODUTOS PARA SAÚDE (DISPOSITIVOS MÉDICOS)</p><p>DISPENSAÇÃO DE MEDICAMENTOS, INCLUSIVE SUJEITOS A CONTROLE ESPECIAL</p><p>PRESTAÇÃO DE SERVIÇOS FARMACÊUTICOS: -</p><p>7113 - AFE - ALTERAÇÃO - FARMÁCIAS E DROGARIAS - ENDEREÇO / 1041434251</p><p>--------------------------------------</p><p>DROGARIA M SANTANA LTDA / 59.866.024/0001-70</p><p>25351.045134/2025-67 / 5172433</p><p>COMÉRCIO: ALIMENTOS PERMITIDOS / COSMÉTICOS / PERFUMES / PRODUTOS DE HIGIENE / PRODUTOS PARA SAÚDE (DISPOSITIVOS MÉDICOS)</p><p>DISPENSAÇÃO DE MEDICAMENTOS, INCLUSIVE SUJEITOS A CONTROLE ESPECIAL</p><p>DISPENSAÇÃO DE PLANTAS MEDICINAIS: -</p><p>FRACIONAMENTO: -</p><p>PRESTAÇÃO DE SERVIÇOS FARMACÊUTICOS: -</p><p>7113 - AFE - ALTERAÇÃO - FARMÁCIAS E DROGARIAS - ENDEREÇO / 1041362251</p><p>--------------------------------------</p><p>JJA DROGARIA LTDA / 13.568.658/0001-46</p><p>25351.132675/2014-71 / 7128811</p><p>COMÉRCIO: ALIMENTOS PERMITIDOS / COSMÉTICOS / PERFUMES / PRODUTOS DE HIGIENE / PRODUTOS PARA SAÚDE (DISPOSITIVOS MÉDICOS)</p><p>DISPENSAÇÃO DE MEDICAMENTOS, INCLUSIVE SUJEITOS A CONTROLE ESPECIAL</p><p>DISPENSAÇÃO DE PLANTAS MEDICINAIS: -</p><p>MANIPULAÇÃO DE PRODUTOS MAGISTRAIS: -</p><p>MANIPULAÇÃO DE PRODUTOS OFICINAIS: -</p><p>PRESTAÇÃO DE SERVIÇOS FARMACÊUTICOS: -</p><p>7111 - AFE - ALTERAÇÃO - FARMÁCIAS E DROGARIAS - AMPLIAÇÃO DE ATIVIDADES / 1199048259</p><p>--------------------------------------</p><p>MAF DISTRIBUIDORA DE PRODUTOS NATURAIS LTDA / 36.941.740/0001-70</p><p>25351.266832/2021-71 / 1262536</p><p>ARMAZENAR: INSUMOS FARMACÊUTICOS / MEDICAMENTO</p><p>DISTRIBUIR: INSUMOS FARMACÊUTICOS / MEDICAMENTO</p><p>EXPEDIR: INSUMOS FARMACÊUTICOS / MEDICAMENTO</p><p>70798 - AFE - ALTERAÇÃO - MEDICAMENTOS E/OU INSUMOS FARMACÊUTICOS - ENDEREÇO MATRIZ / 0277547253</p><p>--------------------------------------</p><p>DROGARIA DESTAQUE DA PRACA SECA LTDA / 52.781.491/0001-59</p><p>25351.763619/2023-74 / 5046439</p><p>COMÉRCIO: ALIMENTOS PERMITIDOS / COSMÉTICOS / PERFUMES / PRODUTOS DE HIGIENE / PRODUTOS PARA SAÚDE (DISPOSITIVOS MÉDICOS)</p><p>DISPENSAÇÃO DE MEDICAMENTOS, INCLUSIVE SUJEITOS A CONTROLE ESPECIAL</p><p>PRESTAÇÃO DE SERVIÇOS FARMACÊUTICOS: -</p><p>7110 - AFE - ALTERAÇÃO - FARMÁCIAS E DROGARIAS - RAZÃO SOCIAL / 1199039250</p><p>--------------------------------------</p><p>FARMACIA CASSEB DO BRASIL LTDA / 05.491.153/0001-00</p><p>25351.353958/2013-74 / 0976614</p><p>COMÉRCIO: ALIMENTOS PERMITIDOS / COSMÉTICOS / PERFUMES / PRODUTOS DE HIGIENE / PRODUTOS PARA SAÚDE (DISPOSITIVOS MÉDICOS)</p><p>DISPENSAÇÃO DE MEDICAMENTOS, INCLUSIVE SUJEITOS A CONTROLE ESPECIAL</p><p>7111 - AFE - ALTERAÇÃO - FARMÁCIAS E DROGARIAS - AMPLIAÇÃO DE ATIVIDADES / 1198695251</p><p>--------------------------------------</p><p>FARMÁCIA GUARACIABA LTDA / 79.421.517/0001-04</p><p>25351.192679/2002-75 / 0034748</p><p>COMÉRCIO: ALIMENTOS PERMITIDOS / COSMÉTICOS / PERFUMES / PRODUTOS DE HIGIENE / PRODUTOS PARA SAÚDE (DISPOSITIVOS MÉDICOS)</p><p>DISPENSAÇÃO DE MEDICAMENTOS, INCLUSIVE SUJEITOS A CONTROLE ESPECIAL</p><p>PRESTAÇÃO DE SERVIÇOS FARMACÊUTICOS: -</p><p>7113 - AFE - ALTERAÇÃO - FARMÁCIAS E DROGARIAS - ENDEREÇO / 1043862251</p><p>--------------------------------------</p><p>MEDISET IMPORTACAO E COMERCIO DE MATERIAL HOSPITALAR LTDA / 39.676.510/0002-08</p><p>25351.113436/2025-75 / 8320886</p><p>ARMAZENAR: PRODUTOS PARA SAÚDE (DISPOSITIVOS MÉDICOS)</p><p>DISTRIBUIR: PRODUTOS PARA SAÚDE (DISPOSITIVOS MÉDICOS)</p><p>EXPEDIR: PRODUTOS PARA SAÚDE (DISPOSITIVOS MÉDICOS)</p><p>IMPORTAR: PRODUTOS PARA SAÚDE (DISPOSITIVOS MÉDICOS)</p><p>70933 - AFE - ALTERAÇÃO - PRODUTOS PARA SAÚDE - AMPLIAÇÃO DE ATIVIDADES / 1017841250</p><p>--------------------------------------</p><p>VALE DOS PIRENEUS COMERCIO DE PRODUTOS E SERVICOS HOSPITALARES LTDA / 17.069.536/0001-66</p><p>25351.947768/2024-75 / 1306338</p><p>ARMAZENAR: MEDICAMENTO</p><p>DISTRIBUIR: MEDICAMENTO</p><p>EXPEDIR: MEDICAMENTO</p><p>TRANSPORTAR: MEDICAMENTO</p><p>70792 - AFE - ALTERAÇÃO - MEDICAMENTOS E/OU INSUMOS FARMACÊUTICOS - AMPLIAÇÃO DE ATIVIDADES / 1017762252</p><p>--------------------------------------</p><p>MED3 COMERCIO DE PRODUTOS HOSPITALARES LTDA / 41.464.907/0001-99</p><p>25351.362235/2021-76 / 8233969</p><p>ARMAZENAR: PRODUTOS PARA SAÚDE (DISPOSITIVOS MÉDICOS)</p><p>DISTRIBUIR: PRODUTOS PARA SAÚDE (DISPOSITIVOS MÉDICOS)</p><p>EXPEDIR: PRODUTOS PARA SAÚDE (DISPOSITIVOS MÉDICOS)</p><p>866 - AFE - ALTERAÇÃO - PRODUTOS PARA SAÚDE - ENDEREÇO / 1022659251</p><p>--------------------------------------</p><p>DROGARIAS FLAVIO CAMPEAO FARMA LTDA / 61.459.772/0002-61</p><p>25351.153000/2022-76 / 7923505</p><p>COMÉRCIO: ALIMENTOS PERMITIDOS / COSMÉTICOS / PERFUMES / PRODUTOS DE HIGIENE / PRODUTOS PARA SAÚDE (DISPOSITIVOS MÉDICOS)</p><p>DISPENSAÇÃO DE MEDICAMENTOS, INCLUSIVE SUJEITOS A CONTROLE ESPECIAL</p><p>PRESTAÇÃO DE SERVIÇOS FARMACÊUTICOS: -</p><p>7113 - AFE - ALTERAÇÃO - FARMÁCIAS E DROGARIAS - ENDEREÇO / 1022789252</p><p>--------------------------------------</p><p>DROGAFARMA OLIVEIRA E OLIVEIRA LTDA - ME / 19.793.654/0001-48</p><p>25351.514767/2014-76 / 7335773</p><p>COMÉRCIO: ALIMENTOS PERMITIDOS / COSMÉTICOS / PERFUMES / PRODUTOS DE HIGIENE / PRODUTOS PARA SAÚDE (DISPOSITIVOS MÉDICOS)</p><p>DISPENSAÇÃO DE MEDICAMENTOS, INCLUSIVE SUJEITOS A CONTROLE ESPECIAL</p><p>PRESTAÇÃO DE SERVIÇOS FARMACÊUTICOS: -</p><p>7113 - AFE - ALTERAÇÃO - FARMÁCIAS E DROGARIAS - ENDEREÇO / 1022652257</p><p>--------------------------------------</p><p>DROGARIA SITIO LTDA-ME / 00.487.385/0001-63</p><p>25351.702398/2014-77 / 7350201</p><p>COMÉRCIO: ALIMENTOS PERMITIDOS / COSMÉTICOS / PERFUMES / PRODUTOS DE HIGIENE / PRODUTOS PARA SAÚDE (DISPOSITIVOS MÉDICOS)</p><p>DISPENSAÇÃO DE MEDICAMENTOS NÃO SUJEITOS AO CONTROLE ESPECIAL</p><p>DISPENSAÇÃO DE PLANTAS MEDICINAIS: -</p><p>PRESTAÇÃO DE SERVIÇOS FARMACÊUTICOS: -</p><p>7111 - AFE - ALTERAÇÃO - FARMÁCIAS E DROGARIAS - AMPLIAÇÃO DE ATIVIDADES / 1196697256</p><p>--------------------------------------</p><p>Oceano Azul Treinamentos e PRojetos LTDA ME / 23.669.782/0001-51</p><p>25351.365839/2018-79 / 7594139</p><p>COMÉRCIO: ALIMENTOS PERMITIDOS / COSMÉTICOS / PERFUMES / PRODUTOS DE HIGIENE / PRODUTOS PARA SAÚDE (DISPOSITIVOS MÉDICOS)</p><p>DISPENSAÇÃO DE MEDICAMENTOS, INCLUSIVE SUJEITOS A CONTROLE ESPECIAL</p><p>PRESTAÇÃO DE SERVIÇOS FARMACÊUTICOS: -</p><p>7113 - AFE - ALTERAÇÃO - FARMÁCIAS E DROGARIAS - ENDEREÇO / 1022666258</p><p>--------------------------------------</p><p>ALEXANDRO CARVALHO TEIXEIRA &amp; CIA LTDA / 02.028.100/0001-51</p><p>25351.689150/2010-80 / 0710727</p><p>COMÉRCIO: ALIMENTOS PERMITIDOS / COSMÉTICOS / PERFUMES / PRODUTOS DE HIGIENE / PRODUTOS PARA SAÚDE (DISPOSITIVOS MÉDICOS)</p><p>DISPENSAÇÃO DE MEDICAMENTOS, INCLUSIVE SUJEITOS A CONTROLE ESPECIAL</p><p>PRESTAÇÃO DE SERVIÇOS FARMACÊUTICOS: -</p><p>7111 - AFE - ALTERAÇÃO - FARMÁCIAS E DROGARIAS - AMPLIAÇÃO DE ATIVIDADES / 1198777257</p><p>--------------------------------------</p><p>FARMALOG DISTRIBUIDORA DE MEDICAMENTOS LTDA / 24.924.986/0003-16</p><p>25351.425346/2022-81 / 8257946</p><p>ARMAZENAR: PRODUTOS PARA SAÚDE (DISPOSITIVOS MÉDICOS)</p><p>DISTRIBUIR: PRODUTOS PARA SAÚDE (DISPOSITIVOS MÉDICOS)</p><p>EXPEDIR: PRODUTOS PARA SAÚDE (DISPOSITIVOS MÉDICOS)</p><p>829 - AFE - ALTERAÇÃO - PRODUTOS PARA SAÚDE - RAZÃO SOCIAL / 1203748256</p><p>--------------------------------------</p><p>DROGALIRA 2 COMÉRCIO DE PRODUTOS FARMACÊUTICOS LTDA EPP / 06.029.270/0001-01</p><p>25351.338304/2009-81 / 0604418</p><p>COMÉRCIO: ALIMENTOS PERMITIDOS / COSMÉTICOS / PERFUMES / PRODUTOS DE HIGIENE / PRODUTOS PARA SAÚDE (DISPOSITIVOS MÉDICOS)</p><p>DISPENSAÇÃO DE MEDICAMENTOS, INCLUSIVE SUJEITOS A CONTROLE ESPECIAL</p><p>7113 - AFE - ALTERAÇÃO - FARMÁCIAS E DROGARIAS - ENDEREÇO / 1041355254</p><p>--------------------------------------</p><p>FARMALOG DISTRIBUIDORA DE MEDICAMENTOS LTDA / 24.924.986/0001-54</p><p>25351.390407/2022-82 / 4050218</p><p>ARMAZENAR: COSMÉTICOS / PERFUMES / PRODUTOS DE HIGIENE</p><p>DISTRIBUIR: COSMÉTICOS / PERFUMES / PRODUTOS DE HIGIENE</p><p>EXPEDIR: COSMÉTICOS / PERFUMES / PRODUTOS DE HIGIENE</p><p>724 - AFE - ALTERAÇÃO - COSMÉTICOS, PERFUMES E PRODUTOS DE HIGIENE - RAZÃO SOCIAL / 1196738254</p><p>--------------------------------------</p><p>dna medical devices ltda me / 21.157.924/0001-76</p><p>25351.201985/2017-82 / 8150204</p><p>ARMAZENAR: PRODUTOS PARA SAÚDE (DISPOSITIVOS MÉDICOS)</p><p>DISTRIBUIR: PRODUTOS PARA SAÚDE (DISPOSITIVOS MÉDICOS)</p><p>EXPEDIR: PRODUTOS PARA SAÚDE (DISPOSITIVOS MÉDICOS)</p><p>866 - AFE - ALTERAÇÃO - PRODUTOS PARA SAÚDE - ENDEREÇO / 1014721253</p><p>--------------------------------------</p><p>F. AFONSO NETO LTDA / 21.863.891/0003-41</p><p>25351.253786/2016-82 / 7470353</p><p>COMÉRCIO: ALIMENTOS PERMITIDOS / COSMÉTICOS / PERFUMES / PRODUTOS DE HIGIENE / PRODUTOS PARA SAÚDE (DISPOSITIVOS MÉDICOS)</p><p>DISPENSAÇÃO DE MEDICAMENTOS NÃO SUJEITOS AO CONTROLE ESPECIAL</p><p>7113 - AFE - ALTERAÇÃO - FARMÁCIAS E DROGARIAS - ENDEREÇO / 0212521250</p><p>--------------------------------------</p><p>Comercial Farmacêutico Frei Damião LTDA / 13.458.568/0001-00</p><p>25351.517703/2011-84 / 0794352</p><p>COMÉRCIO: ALIMENTOS PERMITIDOS / COSMÉTICOS / PERFUMES / PRODUTOS DE HIGIENE / PRODUTOS PARA SAÚDE (DISPOSITIVOS MÉDICOS)</p><p>DISPENSAÇÃO DE MEDICAMENTOS, INCLUSIVE SUJEITOS A CONTROLE ESPECIAL</p><p>FRACIONAMENTO: -</p><p>7113 - AFE - ALTERAÇÃO - FARMÁCIAS E DROGARIAS - ENDEREÇO / 1022521250</p><p>--------------------------------------</p><p>M. A. DE SOUZA CAVALCANTE / 02.334.204/0001-94</p><p>25351.172776/2014-85 / 7146369</p><p>COMÉRCIO: ALIMENTOS PERMITIDOS / COSMÉTICOS / PERFUMES / PRODUTOS DE HIGIENE / PRODUTOS PARA SAÚDE (DISPOSITIVOS MÉDICOS)</p><p>DISPENSAÇÃO DE MEDICAMENTOS, INCLUSIVE SUJEITOS A CONTROLE ESPECIAL</p><p>7111 - AFE - ALTERAÇÃO - FARMÁCIAS E DROGARIAS - AMPLIAÇÃO DE ATIVIDADES / 1199122254</p><p>--------------------------------------</p><p>KATIA SUELI LOPES VILAS BOAS E CIA LTDA / 28.859.570/0001-50</p><p>25351.723265/2017-87 / 7560843</p><p>COMÉRCIO: ALIMENTOS PERMITIDOS / COSMÉTICOS / PERFUMES / PRODUTOS DE HIGIENE / PRODUTOS PARA SAÚDE (DISPOSITIVOS MÉDICOS)</p><p>DISPENSAÇÃO DE MEDICAMENTOS, INCLUSIVE SUJEITOS A CONTROLE ESPECIAL</p><p>7110 - AFE - ALTERAÇÃO - FARMÁCIAS E DROGARIAS - RAZÃO SOCIAL / 1199056251</p><p>--------------------------------------</p><p>FRANCISCO CARVALHO MOTA / 41.485.319/0001-31</p><p>25351.015254/2014-87 / 7081356</p><p>COMÉRCIO: COSMÉTICOS, PERFUMES, PRODUTOS DE HIGIENE, CORRELATOS, ALIMENTOS E PLANTAS MEDICINAIS (IN Nº 9/2009)</p><p>DISPENSAÇÃO DE MEDICAMENTOS, INCLUSIVE SUJEITOS A CONTROLE ESPECIAL</p><p>PRESTAÇÃO DE SERVIÇOS FARMACÊUTICOS: -</p><p>7111 - AFE - ALTERAÇÃO - FARMÁCIAS E DROGARIAS - AMPLIAÇÃO DE ATIVIDADES / 1196711259</p><p>--------------------------------------</p><p>GCL - JUNIOR LTDA / 26.210.680/0002-42</p><p>25351.122577/2025-89 / 8321924</p><p>ARMAZENAR: PRODUTOS PARA SAÚDE (DISPOSITIVOS MÉDICOS)</p><p>DISTRIBUIR: PRODUTOS PARA SAÚDE (DISPOSITIVOS MÉDICOS)</p><p>EXPEDIR: PRODUTOS PARA SAÚDE (DISPOSITIVOS MÉDICOS)</p><p>TRANSPORTAR: PRODUTOS PARA SAÚDE (DISPOSITIVOS MÉDICOS)</p><p>70933 - AFE - ALTERAÇÃO - PRODUTOS PARA SAÚDE - AMPLIAÇÃO DE ATIVIDADES / 1023596253</p><p>--------------------------------------</p><p>FARMACIA AYROSO PHARMA LTDA / 60.506.928/0001-74</p><p>25351.104755/2025-90 / 5192743</p><p>COMÉRCIO: COSMÉTICOS, PERFUMES, PRODUTOS DE HIGIENE, CORRELATOS, ALIMENTOS E PLANTAS MEDICINAIS (IN Nº 9/2009)</p><p>DISPENSAÇÃO DE MEDICAMENTOS, INCLUSIVE SUJEITOS A CONTROLE ESPECIAL</p><p>7110 - AFE - ALTERAÇÃO - FARMÁCIAS E DROGARIAS - RAZÃO SOCIAL / 1195132255</p><p>--------------------------------------</p><p>W F L COMERCIO DE MEDICAMENTOS LTDA / 60.659.688/0001-48</p><p>25351.135803/2025-91 / 5207862</p><p>COMÉRCIO: COSMÉTICOS, PERFUMES, PRODUTOS DE HIGIENE, CORRELATOS, ALIMENTOS E PLANTAS MEDICINAIS (IN Nº 9/2009)</p><p>DISPENSAÇÃO DE MEDICAMENTOS, INCLUSIVE SUJEITOS A CONTROLE ESPECIAL</p><p>7111 - AFE - ALTERAÇÃO - FARMÁCIAS E DROGARIAS - AMPLIAÇÃO DE ATIVIDADES / 1204807256</p><p>--------------------------------------</p><p>SAÚDE BEM ESTAR FARMÁCIA LTDA-ME / 17.608.042/0001-02</p><p>25351.527170/2014-91 / 7288328</p><p>COMÉRCIO: ALIMENTOS PERMITIDOS / COSMÉTICOS / PERFUMES / PRODUTOS DE HIGIENE / PRODUTOS PARA SAÚDE (DISPOSITIVOS MÉDICOS)</p><p>DISPENSAÇÃO DE MEDICAMENTOS, INCLUSIVE SUJEITOS A CONTROLE ESPECIAL</p><p>70892 - AFE - ALTERAÇÃO - FARMÁCIAS E DROGARIAS - ENDEREÇO, POR ATO PÚBLICO / 1022053256</p><p>--------------------------------------</p><p>FARMACIA MARACAJU LTDA ME / 13.380.068/0001-95</p><p>25351.080715/2014-92 / 7110001</p><p>COMÉRCIO: ALIMENTOS PERMITIDOS / COSMÉTICOS / PERFUMES / PRODUTOS DE HIGIENE / PRODUTOS PARA SAÚDE (DISPOSITIVOS MÉDICOS)</p><p>DISPENSAÇÃO DE MEDICAMENTOS, INCLUSIVE SUJEITOS A CONTROLE ESPECIAL</p><p>PRESTAÇÃO DE SERVIÇOS FARMACÊUTICOS: -</p><p>7111 - AFE - ALTERAÇÃO - FARMÁCIAS E DROGARIAS - AMPLIAÇÃO DE ATIVIDADES / 1204134251</p><p>--------------------------------------</p><p>QA MED SUPPLY COMERCIO DE ARTIGOS MEDICOS E ORTOPEDICOS LTDA / 61.604.071/0001-98</p><p>25351.118695/2025-92 / 1410694</p><p>ARMAZENAR: MEDICAMENTO</p><p>DISTRIBUIR: MEDICAMENTO</p><p>EXPEDIR: MEDICAMENTO</p><p>TRANSPORTAR: MEDICAMENTO</p><p>70792 - AFE - ALTERAÇÃO - MEDICAMENTOS E/OU INSUMOS FARMACÊUTICOS - AMPLIAÇÃO DE ATIVIDADES / 1021878251</p><p>--------------------------------------</p><p>CRISTIANO FEITOSA IBIAPINO DE MOURA LTDA / 24.866.545/0003-05</p><p>25351.246609/2019-92 / 7650614</p><p>COMÉRCIO: ALIMENTOS PERMITIDOS / COSMÉTICOS / PERFUMES / PRODUTOS DE HIGIENE / PRODUTOS PARA SAÚDE (DISPOSITIVOS MÉDICOS)</p><p>DISPENSAÇÃO DE MEDICAMENTOS, INCLUSIVE SUJEITOS A CONTROLE ESPECIAL</p><p>7110 - AFE - ALTERAÇÃO - FARMÁCIAS E DROGARIAS - RAZÃO SOCIAL / 1201358256</p><p>--------------------------------------</p><p>VALE DOS PIRENEUS COMERCIO DE PRODUTOS E SERVICOS HOSPITALARES LTDA / 17.069.536/0001-66</p><p>25351.013256/2025-94 / 2104240</p><p>ARMAZENAR: COSMÉTICOS / PERFUMES / PRODUTOS DE HIGIENE</p><p>DISTRIBUIR: COSMÉTICOS / PERFUMES / PRODUTOS DE HIGIENE</p><p>EXPEDIR: COSMÉTICOS / PERFUMES / PRODUTOS DE HIGIENE</p><p>TRANSPORTAR: COSMÉTICOS / PERFUMES / PRODUTOS DE HIGIENE</p><p>70935 - AFE - ALTERAÇÃO - COSMÉTICOS, PERFUMES E PRODUTOS DE HIGIENE - AMPLIAÇÃO DE ATIVIDADES / 1017738254</p><p>--------------------------------------</p><p>T3 IMPORT IMPORTACAO E EXPORTACAO LTDA / 49.418.985/0001-69</p><p>25351.122920/2025-95 / 2110660</p><p>DISTRIBUIR: COSMÉTICOS / PERFUMES / PRODUTOS DE HIGIENE</p><p>IMPORTAR: COSMÉTICOS / PERFUMES / PRODUTOS DE HIGIENE</p><p>70935 - AFE - ALTERAÇÃO - COSMÉTICOS, PERFUMES E PRODUTOS DE HIGIENE - AMPLIAÇÃO DE ATIVIDADES / 1017027251</p><p>--------------------------------------</p><p>GOLD SEA LOG LTDA / 39.840.664/0001-02</p><p>25351.794974/2023-95 / 4063961</p><p>TRANSPORTAR: COSMÉTICOS / PERFUMES / PRODUTOS DE HIGIENE</p><p>751 - AFE - ALTERAÇÃO - COSMÉTICOS, PERFUMES E PRODUTOS DE HIGIENE - ENDEREÇO MATRIZ / 0066151252</p><p>--------------------------------------</p><p>MIX PHARMA DROGARIA LTDA FILIAL / 22.152.718/0002-17</p><p>25351.459535/2020-96 / 7766261</p><p>COMÉRCIO: ALIMENTOS PERMITIDOS / COSMÉTICOS / PERFUMES / PRODUTOS DE HIGIENE / PRODUTOS PARA SAÚDE (DISPOSITIVOS MÉDICOS)</p><p>DISPENSAÇÃO DE MEDICAMENTOS, INCLUSIVE SUJEITOS A CONTROLE ESPECIAL</p><p>7113 - AFE - ALTERAÇÃO - FARMÁCIAS E DROGARIAS - ENDEREÇO / 1041213255</p><p>--------------------------------------</p><p>FARMA VILA LTDA / 53.288.052/0001-71</p><p>25351.888733/2024-97 / 5060442</p><p>COMÉRCIO: ALIMENTOS PERMITIDOS / COSMÉTICOS / PERFUMES / PRODUTOS DE HIGIENE / PRODUTOS PARA SAÚDE (DISPOSITIVOS MÉDICOS)</p><p>DISPENSAÇÃO DE MEDICAMENTOS, INCLUSIVE SUJEITOS A CONTROLE ESPECIAL</p><p>7110 - AFE - ALTERAÇÃO - FARMÁCIAS E DROGARIAS - RAZÃO SOCIAL / 1204171254</p><p>--------------------------------------</p><p>FARMED COMERCIO DE MEDICAMENTOS LTDA / 24.940.939/0001-02</p><p>25351.244176/2016-98 / 7469191</p><p>COMÉRCIO: ALIMENTOS PERMITIDOS / COSMÉTICOS / PERFUMES / PRODUTOS DE HIGIENE / PRODUTOS PARA SAÚDE (DISPOSITIVOS MÉDICOS)</p><p>DISPENSAÇÃO DE MEDICAMENTOS, INCLUSIVE SUJEITOS A CONTROLE ESPECIAL</p><p>PRESTAÇÃO DE SERVIÇOS FARMACÊUTICOS: -</p><p>7110 - AFE - ALTERAÇÃO - FARMÁCIAS E DROGARIAS - RAZÃO SOCIAL / 1193568251</p><p>--------------------------------------</p><p>CNA S.A. / 60.881.299/0001-62</p><p>25001.006024/82 / 2006547</p><p>EMBALAR: COSMÉTICO / PERFUMES / PRODUTOS DE HIGIENE</p><p>EXPORTAR: COSMÉTICO / PERFUMES / PRODUTOS DE HIGIENE</p><p>FABRICAR: COSMÉTICO / PERFUMES / PRODUTOS DE HIGIENE</p><p>IMPORTAR: COSMÉTICO / PERFUMES / PRODUTOS DE HIGIENE</p><p>PRODUZIR: COSMÉTICO / PERFUMES / PRODUTOS DE HIGIENE</p><p>724 - AFE - ALTERAÇÃO - COSMÉTICOS, PERFUMES E PRODUTOS DE HIGIENE - RAZÃO SOCIAL / 1203171251</p><p>25991.001940/79 / 3003029</p><p>EMBALAR: SANEANTE DOMIS.</p><p>EXPORTAR: SANEANTE DOMIS.</p><p>FABRICAR: SANEANTE DOMIS.</p><p>IMPORTAR: SANEANTE DOMIS.</p><p>732 - AFE - ALTERAÇÃO - SANEANTES DOMISSANITÁRIOS - RAZÃO SOCIAL / 1202379257</p><p>--------------------------------------</p><p>AUTOAMERICA LTDA / 04.140.399/0001-67</p><p>25023.020215/01-91 / 3025041</p><p>ARMAZENAR: SANEANTE DOMIS.</p><p>DISTRIBUIR: SANEANTE DOMIS.</p><p>EMBALAR: SANEANTE DOMIS.</p><p>EXPEDIR: SANEANTE DOMIS.</p><p>FABRICAR: SANEANTE DOMIS.</p><p>FRACIONAR: SANEANTE DOMIS.</p><p>IMPORTAR: SANEANTE DOMIS.</p><p>REEMBALAR: SANEANTE DOMIS.</p><p>732 - AFE - ALTERAÇÃO - SANEANTES DOMISSANITÁRIOS - RAZÃO SOCIAL / 1198306254</p><p>--------------------------------------</p><p>CLARIANT BRASIL LTDA. / 31.452.113/0001-51</p><p>25001.000389/98-28 / 3020406</p><p>ARMAZENAR: INSUMO / SANEANTE DOMIS.</p><p>DISTRIBUIR: INSUMO / SANEANTE DOMIS.</p><p>EMBALAR: INSUMO / SANEANTE DOMIS.</p><p>EXPEDIR: INSUMO / SANEANTE DOMIS.</p><p>EXPORTAR: INSUMO / SANEANTE DOMIS.</p><p>FABRICAR: INSUMO / SANEANTE DOMIS.</p><p>IMPORTAR: INSUMO / SANEANTE DOMIS.</p><p>TRANSPORTAR: INSUMO / SANEANTE DOMIS.</p><p>714 - AFE - ALTERAÇÃO - SANEANTES DOMISSANITÁRIOS - ENDEREÇO MATRIZ / 0210953250</p>]]></Texto>
  </body>
  <Midias />
</article></xml>