﻿<xml><article id="45414874" name="Res_REA_16.427_2025_SCE" idOficio="11280625" pubName="DO1" artType="Resolução" pubDate="12/09/2025" artClass="00035:00043:00021:00000:00000:00000:00000:00000:00000:00000:00024:00005" artCategory="Ministério de Minas e Energia/Agência Nacional de Energia Elétrica/Diretoria Colegiada" artSize="12" artNotes="" numberPage="168" pdfPage="http://pesquisa.in.gov.br/imprensa/jsp/visualiza/index.jsp?data=12/09/2025&amp;jornal=515&amp;pagina=168" editionNumber="174" highlightType="" highlightPriority="" highlight="" highlightimage="" highlightimagename="" idMateria="23101798">
  <body>
    <Identifica><![CDATA[ RESOLUÇÃO AUTORIZATIVA Nº 16.427, DE 9 DE SETEMBRO DE 2025]]></Identifica>
    <Data><![CDATA[]]></Data>
    <Ementa />
    <Titulo />
    <SubTitulo />
    <Texto><![CDATA[<p class="identifica">RESOLUÇÃO AUTORIZATIVA Nº 16.427, DE 9 DE SETEMBRO DE 2025</p><p>O DIRETOR-GERAL DA AGÊNCIA NACIONAL DE ENERGIA ELÉTRICA - ANEEL, com base no art. 16, IV, do Regimento Interno da ANEEL, resolve:</p><p>Processo nº: 48500.024927/2025-97. Interessado: Isa Energia Brasil S.A., CNPJ nº 02.998.611/0001-04. Objeto: Declarar de utilidade pública, para instituição de servidão administrativa, em favor da interessada, as áreas de terra de 52 (cinquenta e dois) metros de largura, cada, necessárias à passagem dos trechos de Linha de Transmissão que perfazem o seccionamento da Linha de Transmissão Bom Jesus da Lapa II - Rio das Éguas C1, na Subestação Correntina, circuito simples, 500 kV, com aproximadamente 1,1 km (um quilômetro e cem metros) de extensão, que interligarão a Linha de Transmissão 500 kV Bom Jesus da Lapa II - Rio das Éguas C1 à Subestação Correntina, localizadas no município de Correntina, estado da Bahia. A íntegra desta Resolução consta dos autos e encontra-se disponível no endereço eletrônico http://biblioteca.aneel.gov.br.</p><p class="assina">SANDOVAL DE ARAÚJO FEITOSA NETO</p>]]></Texto>
  </body>
  <Midias />
</article></xml>