﻿<xml><article id="45406194" name="PUBLICACAO_100925" idOficio="11278390" pubName="DO1" artType="Despacho" pubDate="12/09/2025" artClass="00048:00026:00005:00000:00000:00000:00000:00000:00000:00000:00024:00000" artCategory="Ministério do Trabalho e Emprego/Secretaria de Inspeção do Trabalho/Coordenação-Geral de Recursos" artSize="12" artNotes="" numberPage="201" pdfPage="http://pesquisa.in.gov.br/imprensa/jsp/visualiza/index.jsp?data=12/09/2025&amp;jornal=515&amp;pagina=201" editionNumber="174" highlightType="" highlightPriority="" highlight="" highlightimage="" highlightimagename="" idMateria="23098258">
  <body>
    <Identifica><![CDATA[ Despacho dE 10 de setembro de 2025]]></Identifica>
    <Data><![CDATA[]]></Data>
    <Ementa />
    <Titulo />
    <SubTitulo />
    <Texto><![CDATA[<p class="identifica">Despacho dE 10 de setembro de 2025</p><p>A Coordenadora-Geral de Recursos da Secretaria de Inspeção do Trabalho/MTE, no uso de sua competência, prevista no Art. 32, inciso I, alíneas "a", "b" e "f", anexo IX, da Portaria Nº 1.153, de 30 de outubro de 2017, com Amparo no Art. 50, §1º, da Lei 9.784/99, decidiu os processos de auto de Infração ou notificação de débito nos seguintes termos:</p><p>1- Em Apreciação de Recurso voluntário.</p><p>1.1 Pela procedência de auto de infração ou da notificação de débito.</p><p /><p></p><table><tr><td rowspan="1" colspan="1"><p>Nº</p></td><td rowspan="1" colspan="1"><p>PROCESSO</p></td><td rowspan="1" colspan="1"><p>AI</p></td><td rowspan="1" colspan="1"><p>EMPRESA</p></td><td rowspan="1" colspan="1"><p>UF</p></td></tr><tr><td rowspan="1" colspan="1"><p>1</p></td><td rowspan="1" colspan="1"><p>46206.013646/2018-89</p></td><td rowspan="1" colspan="1"><p>216499585</p></td><td rowspan="1" colspan="1"><p>Geo Brasil Servicos Ambientais Ltda</p></td><td rowspan="1" colspan="1"><p>DF</p></td></tr><tr><td rowspan="1" colspan="1"><p>2</p></td><td rowspan="1" colspan="1"><p>46206.013647/2018-23</p></td><td rowspan="1" colspan="1"><p>216499488</p></td><td rowspan="1" colspan="1"><p>Geo Brasil Servicos Ambientais Ltda</p></td><td rowspan="1" colspan="1"><p>DF</p></td></tr><tr><td rowspan="1" colspan="1"><p>3</p></td><td rowspan="1" colspan="1"><p>46206.013648/2018-78</p></td><td rowspan="1" colspan="1"><p>216499402</p></td><td rowspan="1" colspan="1"><p>Geo Brasil Servicos Ambientais Ltda</p></td><td rowspan="1" colspan="1"><p>DF</p></td></tr><tr><td rowspan="1" colspan="1"><p>4</p></td><td rowspan="1" colspan="1"><p>14152.023920/2021-18</p></td><td rowspan="1" colspan="1"><p>220556661</p></td><td rowspan="1" colspan="1"><p>Usina Rio Verde Ltda. - Em Recuperação Judicial</p></td><td rowspan="1" colspan="1"><p>GO</p></td></tr><tr><td rowspan="1" colspan="1"><p>5</p></td><td rowspan="1" colspan="1"><p>46245.002127/2019-18</p></td><td rowspan="1" colspan="1"><p>217701591</p></td><td rowspan="1" colspan="1"><p>Stephani Industria De Equipamentos Eireli</p></td><td rowspan="1" colspan="1"><p>MG</p></td></tr><tr><td rowspan="1" colspan="1"><p>6</p></td><td rowspan="1" colspan="1"><p>46245.002129/2019-07</p></td><td rowspan="1" colspan="1"><p>217701612</p></td><td rowspan="1" colspan="1"><p>Stephani Industria De Equipamentos Eireli</p></td><td rowspan="1" colspan="1"><p>MG</p></td></tr><tr><td rowspan="1" colspan="1"><p>7</p></td><td rowspan="1" colspan="1"><p>46334.002063/2018-67</p></td><td rowspan="1" colspan="1"><p>215320662</p></td><td rowspan="1" colspan="1"><p>Comercial Milano Brasil Ltda</p></td><td rowspan="1" colspan="1"><p>RJ</p></td></tr><tr><td rowspan="1" colspan="1"><p>87</p></td><td rowspan="1" colspan="1"><p>14152.012843/2020-81</p></td><td rowspan="1" colspan="1"><p>219158134</p></td><td rowspan="1" colspan="1"><p>Conselho Regional De Quimica Terceira Regiao</p></td><td rowspan="1" colspan="1"><p>RJ</p></td></tr><tr><td rowspan="1" colspan="1"><p>9</p></td><td rowspan="1" colspan="1"><p>46215.011284/2018-82</p></td><td rowspan="1" colspan="1"><p>215167651</p></td><td rowspan="1" colspan="1"><p>Happy Confecções Ltda.</p></td><td rowspan="1" colspan="1"><p>RJ</p></td></tr><tr><td rowspan="1" colspan="1"><p>10</p></td><td rowspan="1" colspan="1"><p>14152.108431/2020-46</p></td><td rowspan="1" colspan="1"><p>220094942</p></td><td rowspan="1" colspan="1"><p>Jupiter Servicos De Pesquisas Cadastrais Ltda</p></td><td rowspan="1" colspan="1"><p>RJ</p></td></tr><tr><td rowspan="1" colspan="1"><p>11</p></td><td rowspan="1" colspan="1"><p>14152.004897/2020-73</p></td><td rowspan="1" colspan="1"><p>219079048</p></td><td rowspan="1" colspan="1"><p>Maritima Petroleo E Engenharia Ltda</p></td><td rowspan="1" colspan="1"><p>RJ</p></td></tr><tr><td rowspan="1" colspan="1"><p>12</p></td><td rowspan="1" colspan="1"><p>46334.003194/2014-38</p></td><td rowspan="1" colspan="1"><p>204401615</p></td><td rowspan="1" colspan="1"><p>Seel Servicos Especiais De Engenharia Ltda</p></td><td rowspan="1" colspan="1"><p>RJ</p></td></tr><tr><td rowspan="1" colspan="1"><p>13</p></td><td rowspan="1" colspan="1"><p>46666.000509/2019-48</p></td><td rowspan="1" colspan="1"><p>216864798</p></td><td rowspan="1" colspan="1"><p>Serviço Social Autonomo Hospital Alcides Carneiro</p></td><td rowspan="1" colspan="1"><p>RJ</p></td></tr><tr><td rowspan="1" colspan="1"><p>14</p></td><td rowspan="1" colspan="1"><p>46666.000518/2019-39</p></td><td rowspan="1" colspan="1"><p>216864402</p></td><td rowspan="1" colspan="1"><p>Serviço Social Autonomo Hospital Alcides Carneiro</p></td><td rowspan="1" colspan="1"><p>RJ</p></td></tr><tr><td rowspan="1" colspan="1"><p>15</p></td><td rowspan="1" colspan="1"><p>14152.125966/2020-81</p></td><td rowspan="1" colspan="1"><p>220270295</p></td><td rowspan="1" colspan="1"><p>Tt Burger Alimentos Ltda</p></td><td rowspan="1" colspan="1"><p>RJ</p></td></tr><tr><td rowspan="1" colspan="1"><p>16</p></td><td rowspan="1" colspan="1"><p>47105.001191/2019-31</p></td><td rowspan="1" colspan="1"><p>218790368</p></td><td rowspan="1" colspan="1"><p>Brasil Terminal Portuario S.A.</p></td><td rowspan="1" colspan="1"><p>SP</p></td></tr><tr><td rowspan="1" colspan="1"><p>17</p></td><td rowspan="1" colspan="1"><p>46268.002381/2019-40</p></td><td rowspan="1" colspan="1"><p>218299770</p></td><td rowspan="1" colspan="1"><p>Jda Eletrometalurgica Industrial Ltda</p></td><td rowspan="1" colspan="1"><p>SP</p></td></tr><tr><td rowspan="1" colspan="1"><p>Nº</p></td><td rowspan="1" colspan="1"><p>PROCESSO</p></td><td rowspan="1" colspan="1"><p>NDFG</p></td><td rowspan="1" colspan="1"><p>EMPRESA</p></td><td rowspan="1" colspan="1"><p>UF</p></td></tr><tr><td rowspan="1" colspan="1"><p>1</p></td><td rowspan="1" colspan="1"><p>14185.001687/2021-27</p></td><td rowspan="1" colspan="1"><p>201885719 - TRet nº 202936473</p></td><td rowspan="1" colspan="1"><p>G.F.S. Administradora de Condominios e Terceirização</p></td><td rowspan="1" colspan="1"><p>DF</p></td></tr><tr><td rowspan="1" colspan="1"><p>2</p></td><td rowspan="1" colspan="1"><p>14185.003104/2021-01</p></td><td rowspan="1" colspan="1"><p>201900131 - TRet nº 202964752</p></td><td rowspan="1" colspan="1"><p>G.F.S. Administradora de Condominios e Terceirização</p></td><td rowspan="1" colspan="1"><p>DF</p></td></tr><tr><td rowspan="1" colspan="1"><p>3</p></td><td rowspan="1" colspan="1"><p>46206.013661/2018-27</p></td><td rowspan="1" colspan="1"><p>201303353 - TRet nº 201493918</p></td><td rowspan="1" colspan="1"><p>Geo Brasil Serviços Ambientais Ltda.</p></td><td rowspan="1" colspan="1"><p>DF</p></td></tr><tr><td rowspan="1" colspan="1"><p>4</p></td><td rowspan="1" colspan="1"><p>46207.005517/2019-98</p></td><td rowspan="1" colspan="1"><p>201474506</p></td><td rowspan="1" colspan="1"><p>Boa Massa Comércio de Alimentos Ltda.</p></td><td rowspan="1" colspan="1"><p>ES</p></td></tr><tr><td rowspan="1" colspan="1"><p>5</p></td><td rowspan="1" colspan="1"><p>14185.011256/2020-98</p></td><td rowspan="1" colspan="1"><p>201756862 - TRet nº 203316631</p></td><td rowspan="1" colspan="1"><p>Jmax Empreendimentos Educacionais Ltdas.</p></td><td rowspan="1" colspan="1"><p>MG</p></td></tr><tr><td rowspan="1" colspan="1"><p>6</p></td><td rowspan="1" colspan="1"><p>14185.021524/2020-80</p></td><td rowspan="1" colspan="1"><p>201861836 - TRet nº 203157931</p></td><td rowspan="1" colspan="1"><p>Mohallen Engenharia Ltda.</p></td><td rowspan="1" colspan="1"><p>MG</p></td></tr><tr><td rowspan="1" colspan="1"><p>7</p></td><td rowspan="1" colspan="1"><p>46245.002135/2019-56</p></td><td rowspan="1" colspan="1"><p>201454947 - TRet nº 203312238</p></td><td rowspan="1" colspan="1"><p>Stephani Indústria de Equipamentos Eireli</p></td><td rowspan="1" colspan="1"><p>MG</p></td></tr><tr><td rowspan="1" colspan="1"><p>8</p></td><td rowspan="1" colspan="1"><p>46222.006215/2018-68</p></td><td rowspan="1" colspan="1"><p>201197031 - TRet nº 202862739</p></td><td rowspan="1" colspan="1"><p>Agricultura Bandeirantes Ltda.</p></td><td rowspan="1" colspan="1"><p>PA</p></td></tr><tr><td rowspan="1" colspan="1"><p>9</p></td><td rowspan="1" colspan="1"><p>46213001638/2019-81</p></td><td rowspan="1" colspan="1"><p>201315866</p></td><td rowspan="1" colspan="1"><p>Comercio de Joias e Presentes Ltda.</p></td><td rowspan="1" colspan="1"><p>PE</p></td></tr><tr><td rowspan="1" colspan="1"><p>10</p></td><td rowspan="1" colspan="1"><p>14185.013776/2020-35</p></td><td rowspan="1" colspan="1"><p>201781891</p></td><td rowspan="1" colspan="1"><p>Diario de Pernambuco S.A.</p></td><td rowspan="1" colspan="1"><p>PE</p></td></tr><tr><td rowspan="1" colspan="1"><p>11</p></td><td rowspan="1" colspan="1"><p>14185.016368/2020-35</p></td><td rowspan="1" colspan="1"><p>201808471</p></td><td rowspan="1" colspan="1"><p>Editora Folha de Pernambuco Ltda.</p></td><td rowspan="1" colspan="1"><p>PE</p></td></tr><tr><td rowspan="1" colspan="1"><p>12</p></td><td rowspan="1" colspan="1"><p>14185.013586/2020-18</p></td><td rowspan="1" colspan="1"><p>201780674</p></td><td rowspan="1" colspan="1"><p>MMC Manipulação Ltda.</p></td><td rowspan="1" colspan="1"><p>PE</p></td></tr><tr><td rowspan="1" colspan="1"><p>13</p></td><td rowspan="1" colspan="1"><p>14185.013958/2020-14</p></td><td rowspan="1" colspan="1"><p>201783762</p></td><td rowspan="1" colspan="1"><p>Pharmativa Farmacia de Manipulação Ltda.</p></td><td rowspan="1" colspan="1"><p>PE</p></td></tr><tr><td rowspan="1" colspan="1"><p>14</p></td><td rowspan="1" colspan="1"><p>46263.000361/2019-84</p></td><td rowspan="1" colspan="1"><p>201305143</p></td><td rowspan="1" colspan="1"><p>Proaroma Industria e Comércio Ltda.</p></td><td rowspan="1" colspan="1"><p>SP</p></td></tr></table><p>1.2 Pela improcedência de auto de infração ou da notificação de débito.</p><p /><p></p><table><tr><td rowspan="1" colspan="1"><p>Nº</p></td><td rowspan="1" colspan="1"><p>PROCESSO</p></td><td rowspan="1" colspan="1"><p>Auto de Infração</p></td><td rowspan="1" colspan="1"><p>EMPRESA</p></td><td rowspan="1" colspan="1"><p>UF</p></td></tr><tr><td rowspan="1" colspan="1"><p>1</p></td><td rowspan="1" colspan="1"><p>14152.002797/2021-93</p></td><td rowspan="1" colspan="1"><p>220349100</p></td><td rowspan="1" colspan="1"><p>Boytime Entregas Rapidas Ltda</p></td><td rowspan="1" colspan="1"><p>RJ</p></td></tr><tr><td rowspan="1" colspan="1"><p>2</p></td><td rowspan="1" colspan="1"><p>46230.004982/2018-33</p></td><td rowspan="1" colspan="1"><p>215574672</p></td><td rowspan="1" colspan="1"><p>Centro De Formacao De Condutores Lagoa De Marica Ltda</p></td><td rowspan="1" colspan="1"><p>RJ</p></td></tr><tr><td rowspan="1" colspan="1"><p>3</p></td><td rowspan="1" colspan="1"><p>14152.072458/2021-74</p></td><td rowspan="1" colspan="1"><p>221028188</p></td><td rowspan="1" colspan="1"><p>Mit Comercio Brasil Ltda.</p></td><td rowspan="1" colspan="1"><p>RJ</p></td></tr><tr><td rowspan="1" colspan="1"><p>4</p></td><td rowspan="1" colspan="1"><p>14152.078868/2020-48</p></td><td rowspan="1" colspan="1"><p>219799318</p></td><td rowspan="1" colspan="1"><p>Canaa Industria De Laticinios Ltda</p></td><td rowspan="1" colspan="1"><p>RO</p></td></tr><tr><td rowspan="1" colspan="1"><p>5</p></td><td rowspan="1" colspan="1"><p>14152.078869/2020-92</p></td><td rowspan="1" colspan="1"><p>219799326</p></td><td rowspan="1" colspan="1"><p>Canaa Industria De Laticinios Ltda</p></td><td rowspan="1" colspan="1"><p>RO</p></td></tr><tr><td rowspan="1" colspan="1"><p>6</p></td><td rowspan="1" colspan="1"><p>14152.078870/2020-17</p></td><td rowspan="1" colspan="1"><p>219799334</p></td><td rowspan="1" colspan="1"><p>Canaa Industria De Laticinios Ltda</p></td><td rowspan="1" colspan="1"><p>RO</p></td></tr><tr><td rowspan="1" colspan="1"><p>7</p></td><td rowspan="1" colspan="1"><p>14152.078871/2020-61</p></td><td rowspan="1" colspan="1"><p>219799342</p></td><td rowspan="1" colspan="1"><p>Canaa Industria De Laticinios Ltda</p></td><td rowspan="1" colspan="1"><p>RO</p></td></tr><tr><td rowspan="1" colspan="1"><p>8</p></td><td rowspan="1" colspan="1"><p>14152.078872/2020-14</p></td><td rowspan="1" colspan="1"><p>219799351</p></td><td rowspan="1" colspan="1"><p>Canaa Industria De Laticinios Ltda</p></td><td rowspan="1" colspan="1"><p>RO</p></td></tr><tr><td rowspan="1" colspan="1"><p>9</p></td><td rowspan="1" colspan="1"><p>14152.078873/2020-51</p></td><td rowspan="1" colspan="1"><p>219799369</p></td><td rowspan="1" colspan="1"><p>Canaa Industria De Laticinios Ltda</p></td><td rowspan="1" colspan="1"><p>RO</p></td></tr><tr><td rowspan="1" colspan="1"><p>10</p></td><td rowspan="1" colspan="1"><p>14152.078874/2020-03</p></td><td rowspan="1" colspan="1"><p>219799377</p></td><td rowspan="1" colspan="1"><p>Canaa Industria De Laticinios Ltda</p></td><td rowspan="1" colspan="1"><p>RO</p></td></tr><tr><td rowspan="1" colspan="1"><p>11</p></td><td rowspan="1" colspan="1"><p>46221.004678/2019-86</p></td><td rowspan="1" colspan="1"><p>217682961</p></td><td rowspan="1" colspan="1"><p>Centro Comunitario De Formacao Em Agropecuaria Dom</p></td><td rowspan="1" colspan="1"><p>SE</p></td></tr><tr><td rowspan="1" colspan="1"><p>12</p></td><td rowspan="1" colspan="1"><p>46221.004679/2019-21</p></td><td rowspan="1" colspan="1"><p>217682987</p></td><td rowspan="1" colspan="1"><p>Centro Comunitario De Formacao Em Agropecuaria Dom</p></td><td rowspan="1" colspan="1"><p>SE</p></td></tr><tr><td rowspan="1" colspan="1"><p>13</p></td><td rowspan="1" colspan="1"><p>46221.004680/2019-55</p></td><td rowspan="1" colspan="1"><p>217682944</p></td><td rowspan="1" colspan="1"><p>Centro Comunitario De Formacao Em Agropecuaria Dom</p></td><td rowspan="1" colspan="1"><p>SE</p></td></tr><tr><td rowspan="1" colspan="1"><p>14</p></td><td rowspan="1" colspan="1"><p>46221.004681/2019-08</p></td><td rowspan="1" colspan="1"><p>217682928</p></td><td rowspan="1" colspan="1"><p>Centro Comunitario De Formacao Em Agropecuaria Dom</p></td><td rowspan="1" colspan="1"><p>SE</p></td></tr><tr><td rowspan="1" colspan="1"><p>15</p></td><td rowspan="1" colspan="1"><p>46268.002201/2019-20</p></td><td rowspan="1" colspan="1"><p>218181418</p></td><td rowspan="1" colspan="1"><p>Art Brasil Industria E Comercio De Moveis Ltda</p></td><td rowspan="1" colspan="1"><p>SP</p></td></tr><tr><td rowspan="1" colspan="1"><p>16</p></td><td rowspan="1" colspan="1"><p>14152.022096/2020-90</p></td><td rowspan="1" colspan="1"><p>219250201</p></td><td rowspan="1" colspan="1"><p>Company Seguranca E Vigilancia S/S Ltda</p></td><td rowspan="1" colspan="1"><p>SP</p></td></tr><tr><td rowspan="1" colspan="1"><p>17</p></td><td rowspan="1" colspan="1"><p>46263.002747/2018-40</p></td><td rowspan="1" colspan="1"><p>215752805</p></td><td rowspan="1" colspan="1"><p>Edag Do Brasil Ltda</p></td><td rowspan="1" colspan="1"><p>SP</p></td></tr><tr><td rowspan="1" colspan="1"><p>18</p></td><td rowspan="1" colspan="1"><p>46263.002748/2018-94</p></td><td rowspan="1" colspan="1"><p>215749731</p></td><td rowspan="1" colspan="1"><p>Edag Do Brasil Ltda</p></td><td rowspan="1" colspan="1"><p>SP</p></td></tr><tr><td rowspan="1" colspan="1"><p>19</p></td><td rowspan="1" colspan="1"><p>14152.099903/2020-62</p></td><td rowspan="1" colspan="1"><p>220009660</p></td><td rowspan="1" colspan="1"><p>G4s Interativa Service Ltda.</p></td><td rowspan="1" colspan="1"><p>SP</p></td></tr><tr><td rowspan="1" colspan="1"><p>20</p></td><td rowspan="1" colspan="1"><p>46219.019332/2019-21</p></td><td rowspan="1" colspan="1"><p>218505469</p></td><td rowspan="1" colspan="1"><p>Itau Corretora De Seguros S.A.</p></td><td rowspan="1" colspan="1"><p>SP</p></td></tr><tr><td rowspan="1" colspan="1"><p>21</p></td><td rowspan="1" colspan="1"><p>46219.020636/2019-31</p></td><td rowspan="1" colspan="1"><p>218554729</p></td><td rowspan="1" colspan="1"><p>Itau Corretora De Seguros S.A.</p></td><td rowspan="1" colspan="1"><p>SP</p></td></tr><tr><td rowspan="1" colspan="1"><p>22</p></td><td rowspan="1" colspan="1"><p>46219.020637/2019-86</p></td><td rowspan="1" colspan="1"><p>218554753</p></td><td rowspan="1" colspan="1"><p>Itau Corretora De Seguros S.A.</p></td><td rowspan="1" colspan="1"><p>SP</p></td></tr><tr><td rowspan="1" colspan="1"><p>23</p></td><td rowspan="1" colspan="1"><p>46219.020638/2019-21</p></td><td rowspan="1" colspan="1"><p>218554761</p></td><td rowspan="1" colspan="1"><p>Itau Corretora De Seguros S.A.</p></td><td rowspan="1" colspan="1"><p>SP</p></td></tr><tr><td rowspan="1" colspan="1"><p>24</p></td><td rowspan="1" colspan="1"><p>46219.020639/2019-75</p></td><td rowspan="1" colspan="1"><p>218554770</p></td><td rowspan="1" colspan="1"><p>Itau Corretora De Seguros S.A.</p></td><td rowspan="1" colspan="1"><p>SP</p></td></tr><tr><td rowspan="1" colspan="1"><p>25</p></td><td rowspan="1" colspan="1"><p>46219.020640/2019-08</p></td><td rowspan="1" colspan="1"><p>218554788</p></td><td rowspan="1" colspan="1"><p>Itau Corretora De Seguros S.A.</p></td><td rowspan="1" colspan="1"><p>SP</p></td></tr><tr><td rowspan="1" colspan="1"><p>26</p></td><td rowspan="1" colspan="1"><p>46219.020784/2019-56</p></td><td rowspan="1" colspan="1"><p>218554664</p></td><td rowspan="1" colspan="1"><p>Itau Corretora De Seguros S.A.</p></td><td rowspan="1" colspan="1"><p>SP</p></td></tr><tr><td rowspan="1" colspan="1"><p>27</p></td><td rowspan="1" colspan="1"><p>46219.020785/2019-09</p></td><td rowspan="1" colspan="1"><p>218554672</p></td><td rowspan="1" colspan="1"><p>Itau Corretora De Seguros S.A.</p></td><td rowspan="1" colspan="1"><p>SP</p></td></tr><tr><td rowspan="1" colspan="1"><p>28</p></td><td rowspan="1" colspan="1"><p>46219.020787/2019-90</p></td><td rowspan="1" colspan="1"><p>218554702</p></td><td rowspan="1" colspan="1"><p>Itau Corretora De Seguros S.A.</p></td><td rowspan="1" colspan="1"><p>SP</p></td></tr><tr><td rowspan="1" colspan="1"><p>29</p></td><td rowspan="1" colspan="1"><p>46219.020789/2019-89</p></td><td rowspan="1" colspan="1"><p>218554745</p></td><td rowspan="1" colspan="1"><p>Itau Corretora De Seguros S.A.</p></td><td rowspan="1" colspan="1"><p>SP</p></td></tr><tr><td rowspan="1" colspan="1"><p>Nº</p></td><td rowspan="1" colspan="1"><p>PROCESSO</p></td><td rowspan="1" colspan="1"><p>NDFG</p></td><td rowspan="1" colspan="1"><p>EMPRESA</p></td><td rowspan="1" colspan="1"><p>UF</p></td></tr><tr><td rowspan="1" colspan="1"><p>1</p></td><td rowspan="1" colspan="1"><p>46204.014356/2017-91</p></td><td rowspan="1" colspan="1"><p>201062879</p></td><td rowspan="1" colspan="1"><p>Condominio Shopping Passeio Norte</p></td><td rowspan="1" colspan="1"><p>BA</p></td></tr><tr><td rowspan="1" colspan="1"><p>2</p></td><td rowspan="1" colspan="1"><p>46208.001519/2019-96</p></td><td rowspan="1" colspan="1"><p>201347181</p></td><td rowspan="1" colspan="1"><p>Posto Buriti Ltda.</p></td><td rowspan="1" colspan="1"><p>GO</p></td></tr><tr><td rowspan="1" colspan="1"><p>3</p></td><td rowspan="1" colspan="1"><p>46246.002574/2016-14</p></td><td rowspan="1" colspan="1"><p>200791435 - TRet nº 202685489</p></td><td rowspan="1" colspan="1"><p>Porterinha Cartorio de Registro de Imoveis e Anexos</p></td><td rowspan="1" colspan="1"><p>MG</p></td></tr><tr><td rowspan="1" colspan="1"><p>4</p></td><td rowspan="1" colspan="1"><p>46263.002746/2018-03</p></td><td rowspan="1" colspan="1"><p>201237628</p></td><td rowspan="1" colspan="1"><p>Edag do Brasil Ltda.</p></td><td rowspan="1" colspan="1"><p>SP</p></td></tr></table><p>1.3 Pela procedência parcial de auto de infração ou da notificação de débito.</p><p /><p></p><table><tr><td rowspan="1" colspan="1"><p>Nº</p></td><td rowspan="1" colspan="1"><p>PROCESSO</p></td><td rowspan="1" colspan="1"><p>NDFG</p></td><td rowspan="1" colspan="1"><p>EMPRESA</p></td><td rowspan="1" colspan="1"><p>UF</p></td></tr><tr><td rowspan="1" colspan="1"><p>1</p></td><td rowspan="1" colspan="1"><p>14185.013358/2020-48</p></td><td rowspan="1" colspan="1"><p>201778343 - TAD nº 203494466</p></td><td rowspan="1" colspan="1"><p>Renata Pimentel Seabra Farmacia</p></td><td rowspan="1" colspan="1"><p>PE</p></td></tr></table><p>2- Em Apreciação de Recurso de Ofício.</p><p>2.1 Pela improcedência de auto de infração ou da notificação de débito.</p><p /><p></p><table><tr /><tr><td rowspan="1" colspan="1"><p>Nº</p></td><td rowspan="1" colspan="1"><p>PROCESSO</p></td><td rowspan="1" colspan="1"><p>AI</p></td><td rowspan="1" colspan="1"><p>EMPRESA</p></td><td rowspan="1" colspan="1"><p>UF</p></td></tr><tr><td rowspan="1" colspan="1"><p>1</p></td><td rowspan="1" colspan="1"><p>46204.008125/2019-19</p></td><td rowspan="1" colspan="1"><p>217341357</p></td><td rowspan="1" colspan="1"><p>Diocese De Amargosa</p></td><td rowspan="1" colspan="1"><p>BA</p></td></tr><tr><td rowspan="1" colspan="1"><p>2</p></td><td rowspan="1" colspan="1"><p>46204.008135/2019-46</p></td><td rowspan="1" colspan="1"><p>217341331</p></td><td rowspan="1" colspan="1"><p>Diocese De Amargosa</p></td><td rowspan="1" colspan="1"><p>BA</p></td></tr><tr><td rowspan="1" colspan="1"><p>3</p></td><td rowspan="1" colspan="1"><p>46204.010369/2019-53</p></td><td rowspan="1" colspan="1"><p>218485468</p></td><td rowspan="1" colspan="1"><p>Kijeme Travel Hoteis Ltda</p></td><td rowspan="1" colspan="1"><p>BA</p></td></tr><tr><td rowspan="1" colspan="1"><p>4</p></td><td rowspan="1" colspan="1"><p>14152.121735/2020-07</p></td><td rowspan="1" colspan="1"><p>220227985</p></td><td rowspan="1" colspan="1"><p>Associacao Rivail</p></td><td rowspan="1" colspan="1"><p>DF</p></td></tr><tr><td rowspan="1" colspan="1"><p>5</p></td><td rowspan="1" colspan="1"><p>14152.121740/2020-10</p></td><td rowspan="1" colspan="1"><p>220228035</p></td><td rowspan="1" colspan="1"><p>Associacao Rivail</p></td><td rowspan="1" colspan="1"><p>DF</p></td></tr><tr><td rowspan="1" colspan="1"><p>6</p></td><td rowspan="1" colspan="1"><p>14152.121744/2020-90</p></td><td rowspan="1" colspan="1"><p>220228078</p></td><td rowspan="1" colspan="1"><p>Associacao Rivail</p></td><td rowspan="1" colspan="1"><p>DF</p></td></tr><tr><td rowspan="1" colspan="1"><p>7</p></td><td rowspan="1" colspan="1"><p>14152.121746/2020-89</p></td><td rowspan="1" colspan="1"><p>220228094</p></td><td rowspan="1" colspan="1"><p>Associacao Rivail</p></td><td rowspan="1" colspan="1"><p>DF</p></td></tr><tr><td rowspan="1" colspan="1"><p>8</p></td><td rowspan="1" colspan="1"><p>14152.121752/2020-36</p></td><td rowspan="1" colspan="1"><p>220228159</p></td><td rowspan="1" colspan="1"><p>Associacao Rivail</p></td><td rowspan="1" colspan="1"><p>DF</p></td></tr><tr><td rowspan="1" colspan="1"><p>9</p></td><td rowspan="1" colspan="1"><p>14152.121753/2020-81</p></td><td rowspan="1" colspan="1"><p>220228167</p></td><td rowspan="1" colspan="1"><p>Associacao Rivail</p></td><td rowspan="1" colspan="1"><p>DF</p></td></tr><tr><td rowspan="1" colspan="1"><p>10</p></td><td rowspan="1" colspan="1"><p>14152.121758/2020-11</p></td><td rowspan="1" colspan="1"><p>220228213</p></td><td rowspan="1" colspan="1"><p>Associacao Rivail</p></td><td rowspan="1" colspan="1"><p>DF</p></td></tr><tr><td rowspan="1" colspan="1"><p>11</p></td><td rowspan="1" colspan="1"><p>14152.121762/2020-71</p></td><td rowspan="1" colspan="1"><p>220228256</p></td><td rowspan="1" colspan="1"><p>Associacao Rivail</p></td><td rowspan="1" colspan="1"><p>DF</p></td></tr><tr><td rowspan="1" colspan="1"><p>12</p></td><td rowspan="1" colspan="1"><p>14152.040191/2021-56</p></td><td rowspan="1" colspan="1"><p>220719373</p></td><td rowspan="1" colspan="1"><p>Brasfort Administracao E Servicos Ltda</p></td><td rowspan="1" colspan="1"><p>DF</p></td></tr><tr><td rowspan="1" colspan="1"><p>13</p></td><td rowspan="1" colspan="1"><p>14152.040197/2021-23</p></td><td rowspan="1" colspan="1"><p>220719438</p></td><td rowspan="1" colspan="1"><p>Brasfort Administracao E Servicos Ltda</p></td><td rowspan="1" colspan="1"><p>DF</p></td></tr><tr><td rowspan="1" colspan="1"><p>14</p></td><td rowspan="1" colspan="1"><p>14152.002337/2021-65</p></td><td rowspan="1" colspan="1"><p>220344507</p></td><td rowspan="1" colspan="1"><p>Diplomatic Service Prestacao De Servicos Gerais Ltda</p></td><td rowspan="1" colspan="1"><p>DF</p></td></tr><tr><td rowspan="1" colspan="1"><p>15</p></td><td rowspan="1" colspan="1"><p>14152.002338/2021-18</p></td><td rowspan="1" colspan="1"><p>220344515</p></td><td rowspan="1" colspan="1"><p>Diplomatic Service Prestacao De Servicos Gerais Ltda</p></td><td rowspan="1" colspan="1"><p>DF</p></td></tr><tr><td rowspan="1" colspan="1"><p>16</p></td><td rowspan="1" colspan="1"><p>14152.002341/2021-23</p></td><td rowspan="1" colspan="1"><p>220344540</p></td><td rowspan="1" colspan="1"><p>Diplomatic Service Prestacao De Servicos Gerais Ltda</p></td><td rowspan="1" colspan="1"><p>DF</p></td></tr><tr><td rowspan="1" colspan="1"><p>17</p></td><td rowspan="1" colspan="1"><p>14152.002345/2021-10</p></td><td rowspan="1" colspan="1"><p>220344582</p></td><td rowspan="1" colspan="1"><p>Diplomatic Service Prestacao De Servicos Gerais Ltda</p></td><td rowspan="1" colspan="1"><p>DF</p></td></tr><tr><td rowspan="1" colspan="1"><p>18</p></td><td rowspan="1" colspan="1"><p>14152.018147/2020-89</p></td><td rowspan="1" colspan="1"><p>219210659</p></td><td rowspan="1" colspan="1"><p>Iate Clube De Brasilia</p></td><td rowspan="1" colspan="1"><p>DF</p></td></tr><tr><td rowspan="1" colspan="1"><p>19</p></td><td rowspan="1" colspan="1"><p>14152.042755/2021-95</p></td><td rowspan="1" colspan="1"><p>220745013</p></td><td rowspan="1" colspan="1"><p>Mira Otm Transportes Ltda</p></td><td rowspan="1" colspan="1"><p>DF</p></td></tr><tr><td rowspan="1" colspan="1"><p>20</p></td><td rowspan="1" colspan="1"><p>14152.043818/2020-40</p></td><td rowspan="1" colspan="1"><p>219466289</p></td><td rowspan="1" colspan="1"><p>7call Sales Center Teleatendimento- Eireli</p></td><td rowspan="1" colspan="1"><p>SP</p></td></tr><tr><td rowspan="1" colspan="1"><p>21</p></td><td rowspan="1" colspan="1"><p>14152.070843/2020-04</p></td><td rowspan="1" colspan="1"><p>219725098</p></td><td rowspan="1" colspan="1"><p>R.V.G. Comercio De Pedras, Marmores E Granitos Ltda</p></td><td rowspan="1" colspan="1"><p>SP</p></td></tr><tr><td rowspan="1" colspan="1"><p>Nº</p></td><td rowspan="1" colspan="1"><p>PROCESSO</p></td><td rowspan="1" colspan="1"><p>NDFG</p></td><td rowspan="1" colspan="1"><p>EMPRESA</p></td><td rowspan="1" colspan="1"><p>UF</p></td></tr><tr><td rowspan="1" colspan="1"><p>1</p></td><td rowspan="1" colspan="1"><p>46281.000260/2012-19</p></td><td rowspan="1" colspan="1"><p>506598241</p></td><td rowspan="1" colspan="1"><p>Metaf Indústria Comercio e Construções Ltda.</p></td><td rowspan="1" colspan="1"><p>BA</p></td></tr></table><p>2.2 - Pela procedência parcial do auto de infração e notificação de débito</p><p /><p></p><table><tr /><tr><td rowspan="1" colspan="1"><p>Nº</p></td><td rowspan="1" colspan="1"><p>PROCESSO</p></td><td rowspan="1" colspan="1"><p>AI</p></td><td rowspan="1" colspan="1"><p>EMPRESA</p></td><td rowspan="1" colspan="1"><p>UF</p></td></tr><tr><td rowspan="1" colspan="1"><p>1</p></td><td rowspan="1" colspan="1"><p>14152.076878/2021-20</p></td><td rowspan="1" colspan="1"><p>221071954</p></td><td rowspan="1" colspan="1"><p>Revelar Engenharia Ltda.</p></td><td rowspan="1" colspan="1"><p>DF</p></td></tr></table><p>3- Arquivamento:</p><p>3.1 - Incidência da prescrição prevista no art. 1ºA da Lei nº 9.873/99 de 23/11/1999 combinado com Art. 114, inciso VIII, da Lei nº13.043, de 14/11/2014.</p><p /><p></p><table><tr /><tr><td rowspan="1" colspan="1"><p>Nº</p></td><td rowspan="1" colspan="1"><p>PROCESSO</p></td><td rowspan="1" colspan="1"><p>AI</p></td><td rowspan="1" colspan="1"><p>EMPRESA</p></td><td rowspan="1" colspan="1"><p>UF</p></td></tr><tr><td rowspan="1" colspan="1"><p>1</p></td><td rowspan="1" colspan="1"><p>46203.003170/2016-36</p></td><td rowspan="1" colspan="1"><p>210882701</p></td><td rowspan="1" colspan="1"><p>C. Pinheiro Galvao - Me</p></td><td rowspan="1" colspan="1"><p>AP</p></td></tr><tr><td rowspan="1" colspan="1"><p>2</p></td><td rowspan="1" colspan="1"><p>46252.000788/2018-21</p></td><td rowspan="1" colspan="1"><p>214699412</p></td><td rowspan="1" colspan="1"><p>Auto Posto Mais Severinia Ltda Me</p></td><td rowspan="1" colspan="1"><p>SP</p></td></tr><tr><td rowspan="1" colspan="1"><p>3</p></td><td rowspan="1" colspan="1"><p>46252.001382/2018-65</p></td><td rowspan="1" colspan="1"><p>216379873</p></td><td rowspan="1" colspan="1"><p>Larissa Antonini Mendonca 40631129855</p></td><td rowspan="1" colspan="1"><p>SP</p></td></tr><tr><td rowspan="1" colspan="1"><p>4</p></td><td rowspan="1" colspan="1"><p>46252.000909/2018-34</p></td><td rowspan="1" colspan="1"><p>215353188</p></td><td rowspan="1" colspan="1"><p>Leite &amp; Gallina - Producao De Parasitoide Ltda</p></td><td rowspan="1" colspan="1"><p>SP</p></td></tr><tr><td rowspan="1" colspan="1"><p>5</p></td><td rowspan="1" colspan="1"><p>46252.000183/2019-11</p></td><td rowspan="1" colspan="1"><p>216733049</p></td><td rowspan="1" colspan="1"><p>Marrone Equipamentos Ltda</p></td><td rowspan="1" colspan="1"><p>SP</p></td></tr><tr><td rowspan="1" colspan="1"><p>6</p></td><td rowspan="1" colspan="1"><p>46252.000184/2019-65</p></td><td rowspan="1" colspan="1"><p>216733057</p></td><td rowspan="1" colspan="1"><p>Marrone Equipamentos Ltda</p></td><td rowspan="1" colspan="1"><p>SP</p></td></tr><tr><td rowspan="1" colspan="1"><p>7</p></td><td rowspan="1" colspan="1"><p>46252.001640/2017-22</p></td><td rowspan="1" colspan="1"><p>213615037</p></td><td rowspan="1" colspan="1"><p>Posto Sao Jose De Severinia Ltda - Me</p></td><td rowspan="1" colspan="1"><p>SP</p></td></tr><tr><td rowspan="1" colspan="1"><p>8</p></td><td rowspan="1" colspan="1"><p>46252.000222/2019-80</p></td><td rowspan="1" colspan="1"><p>216783500</p></td><td rowspan="1" colspan="1"><p>Sueli Aparecida Fontanesi - Me</p></td><td rowspan="1" colspan="1"><p>SP</p></td></tr></table><p class="assina">Hélida Alves Girão</p>]]></Texto>
  </body>
  <Midias />
</article></xml>