﻿<xml><article id="45406776" name="PORTARIA NA 613 - 11.09.2025_003" idOficio="11278735" pubName="DO1" artType="Portaria" pubDate="12/09/2025" artClass="00025:00046:00000:00000:00000:00000:00000:00000:00000:00000:00054:00000" artCategory="Ministério da Educação/Secretaria de Regulação e Supervisão da Educação Superior" artSize="24" artNotes="" numberPage="108" pdfPage="http://pesquisa.in.gov.br/imprensa/jsp/visualiza/index.jsp?data=12/09/2025&amp;jornal=515&amp;pagina=108" editionNumber="174" highlightType="" highlightPriority="" highlight="" highlightimage="" highlightimagename="" idMateria="23098720">
  <body>
    <Identifica />
    <Data><![CDATA[]]></Data>
    <Ementa />
    <Titulo />
    <SubTitulo />
    <Texto><![CDATA[<p /><p></p><table><tr /><tr><td rowspan="1" colspan="1"><p>175</p></td><td rowspan="1" colspan="1"><p>202516931</p></td><td rowspan="1" colspan="1"><p>Tecnológico</p></td><td rowspan="1" colspan="1"><p>ESTÉTICA E COSMÉTICA</p></td><td rowspan="1" colspan="1"><p>2000</p></td><td rowspan="1" colspan="1"><p>UNIVERSIDADE DE CAXIAS DO SUL - UCS</p></td><td rowspan="1" colspan="1"><p>FUNDACAO UNIVERSIDADE DE CAXIAS DO SUL</p></td></tr><tr><td rowspan="1" colspan="1"><p>176</p></td><td rowspan="1" colspan="1"><p>202509560</p></td><td rowspan="1" colspan="1"><p>Licenciatura</p></td><td rowspan="1" colspan="1"><p>GEOGRAFIA</p></td><td rowspan="1" colspan="1"><p>180</p></td><td rowspan="1" colspan="1"><p>UNIVERSIDADE DE CAXIAS DO SUL - UCS</p></td><td rowspan="1" colspan="1"><p>FUNDACAO UNIVERSIDADE DE CAXIAS DO SUL</p></td></tr><tr><td rowspan="1" colspan="1"><p>177</p></td><td rowspan="1" colspan="1"><p>202509563</p></td><td rowspan="1" colspan="1"><p>Licenciatura</p></td><td rowspan="1" colspan="1"><p>LETRAS</p></td><td rowspan="1" colspan="1"><p>180</p></td><td rowspan="1" colspan="1"><p>UNIVERSIDADE DE CAXIAS DO SUL - UCS</p></td><td rowspan="1" colspan="1"><p>FUNDACAO UNIVERSIDADE DE CAXIAS DO SUL</p></td></tr><tr><td rowspan="1" colspan="1"><p>178</p></td><td rowspan="1" colspan="1"><p>202509561</p></td><td rowspan="1" colspan="1"><p>Licenciatura</p></td><td rowspan="1" colspan="1"><p>PEDAGOGIA</p></td><td rowspan="1" colspan="1"><p>250</p></td><td rowspan="1" colspan="1"><p>UNIVERSIDADE DE CAXIAS DO SUL - UCS</p></td><td rowspan="1" colspan="1"><p>FUNDACAO UNIVERSIDADE DE CAXIAS DO SUL</p></td></tr><tr><td rowspan="1" colspan="1"><p>179</p></td><td rowspan="1" colspan="1"><p>202517787</p></td><td rowspan="1" colspan="1"><p>Licenciatura</p></td><td rowspan="1" colspan="1"><p>PROGRAMA ESPECIAL DE FORMAÇÃO PEDAGÓGICA</p></td><td rowspan="1" colspan="1"><p>70</p></td><td rowspan="1" colspan="1"><p>UNIVERSIDADE DE CAXIAS DO SUL - UCS</p></td><td rowspan="1" colspan="1"><p>FUNDACAO UNIVERSIDADE DE CAXIAS DO SUL</p></td></tr><tr><td rowspan="1" colspan="1"><p>180</p></td><td rowspan="1" colspan="1"><p>202507862</p></td><td rowspan="1" colspan="1"><p>Bacharelado</p></td><td rowspan="1" colspan="1"><p>SERVIÇO SOCIAL</p></td><td rowspan="1" colspan="1"><p>180</p></td><td rowspan="1" colspan="1"><p>UNIVERSIDADE DE CAXIAS DO SUL - UCS</p></td><td rowspan="1" colspan="1"><p>FUNDACAO UNIVERSIDADE DE CAXIAS DO SUL</p></td></tr><tr><td rowspan="1" colspan="1"><p>181</p></td><td rowspan="1" colspan="1"><p>202515542</p></td><td rowspan="1" colspan="1"><p>Bacharelado</p></td><td rowspan="1" colspan="1"><p>ENGENHARIA CIVIL</p></td><td rowspan="1" colspan="1"><p>1000</p></td><td rowspan="1" colspan="1"><p>UNIVERSIDADE DE CRUZ ALTA - UNICRUZ</p></td><td rowspan="1" colspan="1"><p>FUNDACAO UNIVERSIDADE DE CRUZ ALTA</p></td></tr><tr><td rowspan="1" colspan="1"><p>182</p></td><td rowspan="1" colspan="1"><p>202515541</p></td><td rowspan="1" colspan="1"><p>Bacharelado</p></td><td rowspan="1" colspan="1"><p>ENGENHARIA DE PRODUÇÃO</p></td><td rowspan="1" colspan="1"><p>1000</p></td><td rowspan="1" colspan="1"><p>UNIVERSIDADE DE CRUZ ALTA - UNICRUZ</p></td><td rowspan="1" colspan="1"><p>FUNDACAO UNIVERSIDADE DE CRUZ ALTA</p></td></tr><tr><td rowspan="1" colspan="1"><p>183</p></td><td rowspan="1" colspan="1"><p>202515894</p></td><td rowspan="1" colspan="1"><p>Bacharelado</p></td><td rowspan="1" colspan="1"><p>AGRONOMIA</p></td><td rowspan="1" colspan="1"><p>5000</p></td><td rowspan="1" colspan="1"><p>UNIVERSIDADE DE FRANCA - UNIFRAN</p></td><td rowspan="1" colspan="1"><p>ACEF S/A.</p></td></tr><tr><td rowspan="1" colspan="1"><p>184</p></td><td rowspan="1" colspan="1"><p>202508846</p></td><td rowspan="1" colspan="1"><p>Bacharelado</p></td><td rowspan="1" colspan="1"><p>ARQUITETURA E URBANISMO</p></td><td rowspan="1" colspan="1"><p>600</p></td><td rowspan="1" colspan="1"><p>UNIVERSIDADE DE FRANCA - UNIFRAN</p></td><td rowspan="1" colspan="1"><p>ACEF S/A.</p></td></tr><tr><td rowspan="1" colspan="1"><p>185</p></td><td rowspan="1" colspan="1"><p>202510034</p></td><td rowspan="1" colspan="1"><p>Licenciatura</p></td><td rowspan="1" colspan="1"><p>ARTES VISUAIS</p></td><td rowspan="1" colspan="1"><p>800</p></td><td rowspan="1" colspan="1"><p>UNIVERSIDADE DE FRANCA - UNIFRAN</p></td><td rowspan="1" colspan="1"><p>ACEF S/A.</p></td></tr><tr><td rowspan="1" colspan="1"><p>186</p></td><td rowspan="1" colspan="1"><p>202508092</p></td><td rowspan="1" colspan="1"><p>Bacharelado</p></td><td rowspan="1" colspan="1"><p>BIOMEDICINA</p></td><td rowspan="1" colspan="1"><p>1000</p></td><td rowspan="1" colspan="1"><p>UNIVERSIDADE DE FRANCA - UNIFRAN</p></td><td rowspan="1" colspan="1"><p>ACEF S/A.</p></td></tr><tr><td rowspan="1" colspan="1"><p>187</p></td><td rowspan="1" colspan="1"><p>202507790</p></td><td rowspan="1" colspan="1"><p>Bacharelado</p></td><td rowspan="1" colspan="1"><p>CIÊNCIAS BIOLÓGICAS</p></td><td rowspan="1" colspan="1"><p>500</p></td><td rowspan="1" colspan="1"><p>UNIVERSIDADE DE FRANCA - UNIFRAN</p></td><td rowspan="1" colspan="1"><p>ACEF S/A.</p></td></tr><tr><td rowspan="1" colspan="1"><p>188</p></td><td rowspan="1" colspan="1"><p>202510044</p></td><td rowspan="1" colspan="1"><p>Licenciatura</p></td><td rowspan="1" colspan="1"><p>CIÊNCIAS BIOLÓGICAS</p></td><td rowspan="1" colspan="1"><p>800</p></td><td rowspan="1" colspan="1"><p>UNIVERSIDADE DE FRANCA - UNIFRAN</p></td><td rowspan="1" colspan="1"><p>ACEF S/A.</p></td></tr><tr><td rowspan="1" colspan="1"><p>189</p></td><td rowspan="1" colspan="1"><p>202510037</p></td><td rowspan="1" colspan="1"><p>Licenciatura</p></td><td rowspan="1" colspan="1"><p>CIÊNCIAS SOCIAIS</p></td><td rowspan="1" colspan="1"><p>600</p></td><td rowspan="1" colspan="1"><p>UNIVERSIDADE DE FRANCA - UNIFRAN</p></td><td rowspan="1" colspan="1"><p>ACEF S/A.</p></td></tr><tr><td rowspan="1" colspan="1"><p>190</p></td><td rowspan="1" colspan="1"><p>202510045</p></td><td rowspan="1" colspan="1"><p>Licenciatura</p></td><td rowspan="1" colspan="1"><p>EDUCAÇÃO ESPECIAL</p></td><td rowspan="1" colspan="1"><p>500</p></td><td rowspan="1" colspan="1"><p>UNIVERSIDADE DE FRANCA - UNIFRAN</p></td><td rowspan="1" colspan="1"><p>ACEF S/A.</p></td></tr><tr><td rowspan="1" colspan="1"><p>191</p></td><td rowspan="1" colspan="1"><p>202508090</p></td><td rowspan="1" colspan="1"><p>Bacharelado</p></td><td rowspan="1" colspan="1"><p>EDUCAÇÃO FÍSICA</p></td><td rowspan="1" colspan="1"><p>1000</p></td><td rowspan="1" colspan="1"><p>UNIVERSIDADE DE FRANCA - UNIFRAN</p></td><td rowspan="1" colspan="1"><p>ACEF S/A.</p></td></tr><tr><td rowspan="1" colspan="1"><p>192</p></td><td rowspan="1" colspan="1"><p>202510046</p></td><td rowspan="1" colspan="1"><p>Licenciatura</p></td><td rowspan="1" colspan="1"><p>EDUCAÇÃO FÍSICA</p></td><td rowspan="1" colspan="1"><p>1000</p></td><td rowspan="1" colspan="1"><p>UNIVERSIDADE DE FRANCA - UNIFRAN</p></td><td rowspan="1" colspan="1"><p>ACEF S/A.</p></td></tr><tr><td rowspan="1" colspan="1"><p>193</p></td><td rowspan="1" colspan="1"><p>202508849</p></td><td rowspan="1" colspan="1"><p>Bacharelado</p></td><td rowspan="1" colspan="1"><p>ENGENHARIA AMBIENTAL</p></td><td rowspan="1" colspan="1"><p>600</p></td><td rowspan="1" colspan="1"><p>UNIVERSIDADE DE FRANCA - UNIFRAN</p></td><td rowspan="1" colspan="1"><p>ACEF S/A.</p></td></tr><tr><td rowspan="1" colspan="1"><p>194</p></td><td rowspan="1" colspan="1"><p>202508852</p></td><td rowspan="1" colspan="1"><p>Bacharelado</p></td><td rowspan="1" colspan="1"><p>ENGENHARIA CIVIL</p></td><td rowspan="1" colspan="1"><p>600</p></td><td rowspan="1" colspan="1"><p>UNIVERSIDADE DE FRANCA - UNIFRAN</p></td><td rowspan="1" colspan="1"><p>ACEF S/A.</p></td></tr><tr><td rowspan="1" colspan="1"><p>195</p></td><td rowspan="1" colspan="1"><p>202508848</p></td><td rowspan="1" colspan="1"><p>Bacharelado</p></td><td rowspan="1" colspan="1"><p>ENGENHARIA DE COMPUTAÇÃO</p></td><td rowspan="1" colspan="1"><p>600</p></td><td rowspan="1" colspan="1"><p>UNIVERSIDADE DE FRANCA - UNIFRAN</p></td><td rowspan="1" colspan="1"><p>ACEF S/A.</p></td></tr><tr><td rowspan="1" colspan="1"><p>196</p></td><td rowspan="1" colspan="1"><p>202508847</p></td><td rowspan="1" colspan="1"><p>Bacharelado</p></td><td rowspan="1" colspan="1"><p>ENGENHARIA DE PRODUÇÃO</p></td><td rowspan="1" colspan="1"><p>600</p></td><td rowspan="1" colspan="1"><p>UNIVERSIDADE DE FRANCA - UNIFRAN</p></td><td rowspan="1" colspan="1"><p>ACEF S/A.</p></td></tr><tr><td rowspan="1" colspan="1"><p>197</p></td><td rowspan="1" colspan="1"><p>202508845</p></td><td rowspan="1" colspan="1"><p>Bacharelado</p></td><td rowspan="1" colspan="1"><p>ENGENHARIA ELÉTRICA</p></td><td rowspan="1" colspan="1"><p>600</p></td><td rowspan="1" colspan="1"><p>UNIVERSIDADE DE FRANCA - UNIFRAN</p></td><td rowspan="1" colspan="1"><p>ACEF S/A.</p></td></tr><tr><td rowspan="1" colspan="1"><p>198</p></td><td rowspan="1" colspan="1"><p>202508850</p></td><td rowspan="1" colspan="1"><p>Bacharelado</p></td><td rowspan="1" colspan="1"><p>ENGENHARIA MECÂNICA</p></td><td rowspan="1" colspan="1"><p>600</p></td><td rowspan="1" colspan="1"><p>UNIVERSIDADE DE FRANCA - UNIFRAN</p></td><td rowspan="1" colspan="1"><p>ACEF S/A.</p></td></tr><tr><td rowspan="1" colspan="1"><p>199</p></td><td rowspan="1" colspan="1"><p>202508851</p></td><td rowspan="1" colspan="1"><p>Bacharelado</p></td><td rowspan="1" colspan="1"><p>ENGENHARIA MECATRÔNICA</p></td><td rowspan="1" colspan="1"><p>600</p></td><td rowspan="1" colspan="1"><p>UNIVERSIDADE DE FRANCA - UNIFRAN</p></td><td rowspan="1" colspan="1"><p>ACEF S/A.</p></td></tr><tr><td rowspan="1" colspan="1"><p>200</p></td><td rowspan="1" colspan="1"><p>202511718</p></td><td rowspan="1" colspan="1"><p>Tecnológico</p></td><td rowspan="1" colspan="1"><p>ESTÉTICA E COSMÉTICA</p></td><td rowspan="1" colspan="1"><p>800</p></td><td rowspan="1" colspan="1"><p>UNIVERSIDADE DE FRANCA - UNIFRAN</p></td><td rowspan="1" colspan="1"><p>ACEF S/A.</p></td></tr><tr><td rowspan="1" colspan="1"><p>201</p></td><td rowspan="1" colspan="1"><p>202508097</p></td><td rowspan="1" colspan="1"><p>Bacharelado</p></td><td rowspan="1" colspan="1"><p>FARMÁCIA</p></td><td rowspan="1" colspan="1"><p>500</p></td><td rowspan="1" colspan="1"><p>UNIVERSIDADE DE FRANCA - UNIFRAN</p></td><td rowspan="1" colspan="1"><p>ACEF S/A.</p></td></tr><tr><td rowspan="1" colspan="1"><p>202</p></td><td rowspan="1" colspan="1"><p>202510036</p></td><td rowspan="1" colspan="1"><p>Licenciatura</p></td><td rowspan="1" colspan="1"><p>FILOSOFIA</p></td><td rowspan="1" colspan="1"><p>500</p></td><td rowspan="1" colspan="1"><p>UNIVERSIDADE DE FRANCA - UNIFRAN</p></td><td rowspan="1" colspan="1"><p>ACEF S/A.</p></td></tr><tr><td rowspan="1" colspan="1"><p>203</p></td><td rowspan="1" colspan="1"><p>202507792</p></td><td rowspan="1" colspan="1"><p>Bacharelado</p></td><td rowspan="1" colspan="1"><p>FÍSICA</p></td><td rowspan="1" colspan="1"><p>500</p></td><td rowspan="1" colspan="1"><p>UNIVERSIDADE DE FRANCA - UNIFRAN</p></td><td rowspan="1" colspan="1"><p>ACEF S/A.</p></td></tr><tr><td rowspan="1" colspan="1"><p>204</p></td><td rowspan="1" colspan="1"><p>202517924</p></td><td rowspan="1" colspan="1"><p>Licenciatura</p></td><td rowspan="1" colspan="1"><p>FÍSICA</p></td><td rowspan="1" colspan="1"><p>500</p></td><td rowspan="1" colspan="1"><p>UNIVERSIDADE DE FRANCA - UNIFRAN</p></td><td rowspan="1" colspan="1"><p>ACEF S/A.</p></td></tr><tr><td rowspan="1" colspan="1"><p>205</p></td><td rowspan="1" colspan="1"><p>202508095</p></td><td rowspan="1" colspan="1"><p>Bacharelado</p></td><td rowspan="1" colspan="1"><p>FISIOTERAPIA</p></td><td rowspan="1" colspan="1"><p>500</p></td><td rowspan="1" colspan="1"><p>UNIVERSIDADE DE FRANCA - UNIFRAN</p></td><td rowspan="1" colspan="1"><p>ACEF S/A.</p></td></tr><tr><td rowspan="1" colspan="1"><p>206</p></td><td rowspan="1" colspan="1"><p>202515121</p></td><td rowspan="1" colspan="1"><p>Bacharelado</p></td><td rowspan="1" colspan="1"><p>FONOAUDIOLOGIA</p></td><td rowspan="1" colspan="1"><p>4000</p></td><td rowspan="1" colspan="1"><p>UNIVERSIDADE DE FRANCA - UNIFRAN</p></td><td rowspan="1" colspan="1"><p>ACEF S/A.</p></td></tr><tr><td rowspan="1" colspan="1"><p>207</p></td><td rowspan="1" colspan="1"><p>202517372</p></td><td rowspan="1" colspan="1"><p>Licenciatura</p></td><td rowspan="1" colspan="1"><p>GEOGRAFIA</p></td><td rowspan="1" colspan="1"><p>500</p></td><td rowspan="1" colspan="1"><p>UNIVERSIDADE DE FRANCA - UNIFRAN</p></td><td rowspan="1" colspan="1"><p>ACEF S/A.</p></td></tr><tr><td rowspan="1" colspan="1"><p>208</p></td><td rowspan="1" colspan="1"><p>202508091</p></td><td rowspan="1" colspan="1"><p>Tecnológico</p></td><td rowspan="1" colspan="1"><p>GERONTOLOGIA</p></td><td rowspan="1" colspan="1"><p>500</p></td><td rowspan="1" colspan="1"><p>UNIVERSIDADE DE FRANCA - UNIFRAN</p></td><td rowspan="1" colspan="1"><p>ACEF S/A.</p></td></tr><tr><td rowspan="1" colspan="1"><p>209</p></td><td rowspan="1" colspan="1"><p>202508844</p></td><td rowspan="1" colspan="1"><p>Tecnológico</p></td><td rowspan="1" colspan="1"><p>GESTÃO AMBIENTAL</p></td><td rowspan="1" colspan="1"><p>500</p></td><td rowspan="1" colspan="1"><p>UNIVERSIDADE DE FRANCA - UNIFRAN</p></td><td rowspan="1" colspan="1"><p>ACEF S/A.</p></td></tr><tr><td rowspan="1" colspan="1"><p>210</p></td><td rowspan="1" colspan="1"><p>202511719</p></td><td rowspan="1" colspan="1"><p>Tecnológico</p></td><td rowspan="1" colspan="1"><p>GESTÃO HOSPITALAR</p></td><td rowspan="1" colspan="1"><p>500</p></td><td rowspan="1" colspan="1"><p>UNIVERSIDADE DE FRANCA - UNIFRAN</p></td><td rowspan="1" colspan="1"><p>ACEF S/A.</p></td></tr><tr><td rowspan="1" colspan="1"><p>211</p></td><td rowspan="1" colspan="1"><p>202510031</p></td><td rowspan="1" colspan="1"><p>Licenciatura</p></td><td rowspan="1" colspan="1"><p>HISTÓRIA</p></td><td rowspan="1" colspan="1"><p>500</p></td><td rowspan="1" colspan="1"><p>UNIVERSIDADE DE FRANCA - UNIFRAN</p></td><td rowspan="1" colspan="1"><p>ACEF S/A.</p></td></tr><tr><td rowspan="1" colspan="1"><p>212</p></td><td rowspan="1" colspan="1"><p>202510033</p></td><td rowspan="1" colspan="1"><p>Licenciatura</p></td><td rowspan="1" colspan="1"><p>LETRAS - LIBRAS</p></td><td rowspan="1" colspan="1"><p>300</p></td><td rowspan="1" colspan="1"><p>UNIVERSIDADE DE FRANCA - UNIFRAN</p></td><td rowspan="1" colspan="1"><p>ACEF S/A.</p></td></tr><tr><td rowspan="1" colspan="1"><p>213</p></td><td rowspan="1" colspan="1"><p>202518068</p></td><td rowspan="1" colspan="1"><p>Licenciatura</p></td><td rowspan="1" colspan="1"><p>LETRAS - PORTUGUÊS E ESPANHOL</p></td><td rowspan="1" colspan="1"><p>600</p></td><td rowspan="1" colspan="1"><p>UNIVERSIDADE DE FRANCA - UNIFRAN</p></td><td rowspan="1" colspan="1"><p>ACEF S/A.</p></td></tr><tr><td rowspan="1" colspan="1"><p>214</p></td><td rowspan="1" colspan="1"><p>202517850</p></td><td rowspan="1" colspan="1"><p>Licenciatura</p></td><td rowspan="1" colspan="1"><p>LETRAS - PORTUGUÊS E INGLÊS</p></td><td rowspan="1" colspan="1"><p>700</p></td><td rowspan="1" colspan="1"><p>UNIVERSIDADE DE FRANCA - UNIFRAN</p></td><td rowspan="1" colspan="1"><p>ACEF S/A.</p></td></tr><tr><td rowspan="1" colspan="1"><p>215</p></td><td rowspan="1" colspan="1"><p>202510038</p></td><td rowspan="1" colspan="1"><p>Licenciatura</p></td><td rowspan="1" colspan="1"><p>LETRAS - PORTUGUÊS E JAPONÊS</p></td><td rowspan="1" colspan="1"><p>500</p></td><td rowspan="1" colspan="1"><p>UNIVERSIDADE DE FRANCA - UNIFRAN</p></td><td rowspan="1" colspan="1"><p>ACEF S/A.</p></td></tr><tr><td rowspan="1" colspan="1"><p>216</p></td><td rowspan="1" colspan="1"><p>202507789</p></td><td rowspan="1" colspan="1"><p>Bacharelado</p></td><td rowspan="1" colspan="1"><p>MATEMÁTICA</p></td><td rowspan="1" colspan="1"><p>500</p></td><td rowspan="1" colspan="1"><p>UNIVERSIDADE DE FRANCA - UNIFRAN</p></td><td rowspan="1" colspan="1"><p>ACEF S/A.</p></td></tr><tr><td rowspan="1" colspan="1"><p>217</p></td><td rowspan="1" colspan="1"><p>202510043</p></td><td rowspan="1" colspan="1"><p>Licenciatura</p></td><td rowspan="1" colspan="1"><p>MATEMÁTICA</p></td><td rowspan="1" colspan="1"><p>500</p></td><td rowspan="1" colspan="1"><p>UNIVERSIDADE DE FRANCA - UNIFRAN</p></td><td rowspan="1" colspan="1"><p>ACEF S/A.</p></td></tr><tr><td rowspan="1" colspan="1"><p>218</p></td><td rowspan="1" colspan="1"><p>202508089</p></td><td rowspan="1" colspan="1"><p>Bacharelado</p></td><td rowspan="1" colspan="1"><p>NATUROLOGIA</p></td><td rowspan="1" colspan="1"><p>400</p></td><td rowspan="1" colspan="1"><p>UNIVERSIDADE DE FRANCA - UNIFRAN</p></td><td rowspan="1" colspan="1"><p>ACEF S/A.</p></td></tr><tr><td rowspan="1" colspan="1"><p>219</p></td><td rowspan="1" colspan="1"><p>202508088</p></td><td rowspan="1" colspan="1"><p>Bacharelado</p></td><td rowspan="1" colspan="1"><p>NUTRIÇÃO</p></td><td rowspan="1" colspan="1"><p>800</p></td><td rowspan="1" colspan="1"><p>UNIVERSIDADE DE FRANCA - UNIFRAN</p></td><td rowspan="1" colspan="1"><p>ACEF S/A.</p></td></tr><tr><td rowspan="1" colspan="1"><p>220</p></td><td rowspan="1" colspan="1"><p>202508098</p></td><td rowspan="1" colspan="1"><p>Bacharelado</p></td><td rowspan="1" colspan="1"><p>ÓPTICA E OPTOMETRIA</p></td><td rowspan="1" colspan="1"><p>500</p></td><td rowspan="1" colspan="1"><p>UNIVERSIDADE DE FRANCA - UNIFRAN</p></td><td rowspan="1" colspan="1"><p>ACEF S/A.</p></td></tr><tr><td rowspan="1" colspan="1"><p>221</p></td><td rowspan="1" colspan="1"><p>202517970</p></td><td rowspan="1" colspan="1"><p>Licenciatura</p></td><td rowspan="1" colspan="1"><p>PEDAGOGIA</p></td><td rowspan="1" colspan="1"><p>5000</p></td><td rowspan="1" colspan="1"><p>UNIVERSIDADE DE FRANCA - UNIFRAN</p></td><td rowspan="1" colspan="1"><p>ACEF S/A.</p></td></tr><tr><td rowspan="1" colspan="1"><p>222</p></td><td rowspan="1" colspan="1"><p>202508087</p></td><td rowspan="1" colspan="1"><p>Tecnológico</p></td><td rowspan="1" colspan="1"><p>PODOLOGIA</p></td><td rowspan="1" colspan="1"><p>400</p></td><td rowspan="1" colspan="1"><p>UNIVERSIDADE DE FRANCA - UNIFRAN</p></td><td rowspan="1" colspan="1"><p>ACEF S/A.</p></td></tr><tr><td rowspan="1" colspan="1"><p>223</p></td><td rowspan="1" colspan="1"><p>202507681</p></td><td rowspan="1" colspan="1"><p>Licenciatura</p></td><td rowspan="1" colspan="1"><p>PROGRAMA ESPECIAL DE FORMAÇÃO PEDAGÓGICA DE DOCENTES - BIOLOGIA</p></td><td rowspan="1" colspan="1"><p>200</p></td><td rowspan="1" colspan="1"><p>UNIVERSIDADE DE FRANCA - UNIFRAN</p></td><td rowspan="1" colspan="1"><p>ACEF S/A.</p></td></tr><tr><td rowspan="1" colspan="1"><p>224</p></td><td rowspan="1" colspan="1"><p>202507682</p></td><td rowspan="1" colspan="1"><p>Licenciatura</p></td><td rowspan="1" colspan="1"><p>PROGRAMA ESPECIAL DE FORMAÇÃO PEDAGÓGICA DE DOCENTES - FÍSICA</p></td><td rowspan="1" colspan="1"><p>100</p></td><td rowspan="1" colspan="1"><p>UNIVERSIDADE DE FRANCA - UNIFRAN</p></td><td rowspan="1" colspan="1"><p>ACEF S/A.</p></td></tr><tr><td rowspan="1" colspan="1"><p>225</p></td><td rowspan="1" colspan="1"><p>202507676</p></td><td rowspan="1" colspan="1"><p>Licenciatura</p></td><td rowspan="1" colspan="1"><p>PROGRAMA ESPECIAL DE FORMAÇÃO PEDAGÓGICA DE DOCENTES - GEOGRAFIA</p></td><td rowspan="1" colspan="1"><p>50</p></td><td rowspan="1" colspan="1"><p>UNIVERSIDADE DE FRANCA - UNIFRAN</p></td><td rowspan="1" colspan="1"><p>ACEF S/A.</p></td></tr><tr><td rowspan="1" colspan="1"><p>226</p></td><td rowspan="1" colspan="1"><p>202507679</p></td><td rowspan="1" colspan="1"><p>Licenciatura</p></td><td rowspan="1" colspan="1"><p>PROGRAMA ESPECIAL DE FORMAÇÃO PEDAGÓGICA DE DOCENTES - HISTÓRIA</p></td><td rowspan="1" colspan="1"><p>50</p></td><td rowspan="1" colspan="1"><p>UNIVERSIDADE DE FRANCA - UNIFRAN</p></td><td rowspan="1" colspan="1"><p>ACEF S/A.</p></td></tr><tr><td rowspan="1" colspan="1"><p>227</p></td><td rowspan="1" colspan="1"><p>202507678</p></td><td rowspan="1" colspan="1"><p>Licenciatura</p></td><td rowspan="1" colspan="1"><p>PROGRAMA ESPECIAL DE FORMAÇÃO PEDAGÓGICA DE DOCENTES - MATEMÁTICA</p></td><td rowspan="1" colspan="1"><p>300</p></td><td rowspan="1" colspan="1"><p>UNIVERSIDADE DE FRANCA - UNIFRAN</p></td><td rowspan="1" colspan="1"><p>ACEF S/A.</p></td></tr><tr><td rowspan="1" colspan="1"><p>228</p></td><td rowspan="1" colspan="1"><p>202507680</p></td><td rowspan="1" colspan="1"><p>Licenciatura</p></td><td rowspan="1" colspan="1"><p>PROGRAMA ESPECIAL DE FORMAÇÃO PEDAGÓGICA DE DOCENTES - PORTUGUÊS</p></td><td rowspan="1" colspan="1"><p>50</p></td><td rowspan="1" colspan="1"><p>UNIVERSIDADE DE FRANCA - UNIFRAN</p></td><td rowspan="1" colspan="1"><p>ACEF S/A.</p></td></tr><tr><td rowspan="1" colspan="1"><p>229</p></td><td rowspan="1" colspan="1"><p>202507677</p></td><td rowspan="1" colspan="1"><p>Licenciatura</p></td><td rowspan="1" colspan="1"><p>PROGRAMA ESPECIAL DE FORMAÇÃO PEDAGÓGICA DE DOCENTES - QUÍMICA</p></td><td rowspan="1" colspan="1"><p>200</p></td><td rowspan="1" colspan="1"><p>UNIVERSIDADE DE FRANCA - UNIFRAN</p></td><td rowspan="1" colspan="1"><p>ACEF S/A.</p></td></tr><tr><td rowspan="1" colspan="1"><p>230</p></td><td rowspan="1" colspan="1"><p>202510035</p></td><td rowspan="1" colspan="1"><p>Bacharelado</p></td><td rowspan="1" colspan="1"><p>PSICOPEDAGOGIA</p></td><td rowspan="1" colspan="1"><p>500</p></td><td rowspan="1" colspan="1"><p>UNIVERSIDADE DE FRANCA - UNIFRAN</p></td><td rowspan="1" colspan="1"><p>ACEF S/A.</p></td></tr><tr><td rowspan="1" colspan="1"><p>231</p></td><td rowspan="1" colspan="1"><p>202507791</p></td><td rowspan="1" colspan="1"><p>Bacharelado</p></td><td rowspan="1" colspan="1"><p>QUÍMICA</p></td><td rowspan="1" colspan="1"><p>500</p></td><td rowspan="1" colspan="1"><p>UNIVERSIDADE DE FRANCA - UNIFRAN</p></td><td rowspan="1" colspan="1"><p>ACEF S/A.</p></td></tr><tr><td rowspan="1" colspan="1"><p>232</p></td><td rowspan="1" colspan="1"><p>202517868</p></td><td rowspan="1" colspan="1"><p>Licenciatura</p></td><td rowspan="1" colspan="1"><p>QUÍMICA</p></td><td rowspan="1" colspan="1"><p>500</p></td><td rowspan="1" colspan="1"><p>UNIVERSIDADE DE FRANCA - UNIFRAN</p></td><td rowspan="1" colspan="1"><p>ACEF S/A.</p></td></tr><tr><td rowspan="1" colspan="1"><p>233</p></td><td rowspan="1" colspan="1"><p>202508096</p></td><td rowspan="1" colspan="1"><p>Tecnológico</p></td><td rowspan="1" colspan="1"><p>RADIOLOGIA</p></td><td rowspan="1" colspan="1"><p>500</p></td><td rowspan="1" colspan="1"><p>UNIVERSIDADE DE FRANCA - UNIFRAN</p></td><td rowspan="1" colspan="1"><p>ACEF S/A.</p></td></tr><tr><td rowspan="1" colspan="1"><p>234</p></td><td rowspan="1" colspan="1"><p>202517491</p></td><td rowspan="1" colspan="1"><p>Bacharelado</p></td><td rowspan="1" colspan="1"><p>SERVIÇO SOCIAL</p></td><td rowspan="1" colspan="1"><p>500</p></td><td rowspan="1" colspan="1"><p>UNIVERSIDADE DE FRANCA - UNIFRAN</p></td><td rowspan="1" colspan="1"><p>ACEF S/A.</p></td></tr><tr><td rowspan="1" colspan="1"><p>235</p></td><td rowspan="1" colspan="1"><p>202515122</p></td><td rowspan="1" colspan="1"><p>Bacharelado</p></td><td rowspan="1" colspan="1"><p>TERAPIA OCUPACIONAL</p></td><td rowspan="1" colspan="1"><p>4000</p></td><td rowspan="1" colspan="1"><p>UNIVERSIDADE DE FRANCA - UNIFRAN</p></td><td rowspan="1" colspan="1"><p>ACEF S/A.</p></td></tr><tr><td rowspan="1" colspan="1"><p>236</p></td><td rowspan="1" colspan="1"><p>202508093</p></td><td rowspan="1" colspan="1"><p>Tecnológico</p></td><td rowspan="1" colspan="1"><p>TERAPIAS INTEGRATIVAS E COMPLEMENTARES</p></td><td rowspan="1" colspan="1"><p>500</p></td><td rowspan="1" colspan="1"><p>UNIVERSIDADE DE FRANCA - UNIFRAN</p></td><td rowspan="1" colspan="1"><p>ACEF S/A.</p></td></tr><tr><td rowspan="1" colspan="1"><p>237</p></td><td rowspan="1" colspan="1"><p>202509408</p></td><td rowspan="1" colspan="1"><p>Tecnológico</p></td><td rowspan="1" colspan="1"><p>AGROECOLOGIA</p></td><td rowspan="1" colspan="1"><p>800</p></td><td rowspan="1" colspan="1"><p>UNIVERSIDADE DE MARILIA - UNIMAR</p></td><td rowspan="1" colspan="1"><p>ASSOCIACAO DE ENSINO DE MARILIA LTDA</p></td></tr><tr><td rowspan="1" colspan="1"><p>238</p></td><td rowspan="1" colspan="1"><p>202517853</p></td><td rowspan="1" colspan="1"><p>Licenciatura</p></td><td rowspan="1" colspan="1"><p>CIÊNCIAS DA NATUREZA</p></td><td rowspan="1" colspan="1"><p>800</p></td><td rowspan="1" colspan="1"><p>UNIVERSIDADE DE MARILIA - UNIMAR</p></td><td rowspan="1" colspan="1"><p>ASSOCIACAO DE ENSINO DE MARILIA LTDA</p></td></tr><tr><td rowspan="1" colspan="1"><p>239</p></td><td rowspan="1" colspan="1"><p>202508032</p></td><td rowspan="1" colspan="1"><p>Bacharelado</p></td><td rowspan="1" colspan="1"><p>EDUCAÇÃO FÍSICA</p></td><td rowspan="1" colspan="1"><p>1500</p></td><td rowspan="1" colspan="1"><p>UNIVERSIDADE DE MARILIA - UNIMAR</p></td><td rowspan="1" colspan="1"><p>ASSOCIACAO DE ENSINO DE MARILIA LTDA</p></td></tr><tr><td rowspan="1" colspan="1"><p>240</p></td><td rowspan="1" colspan="1"><p>202509934</p></td><td rowspan="1" colspan="1"><p>Licenciatura</p></td><td rowspan="1" colspan="1"><p>EDUCAÇÃO FÍSICA</p></td><td rowspan="1" colspan="1"><p>1000</p></td><td rowspan="1" colspan="1"><p>UNIVERSIDADE DE MARILIA - UNIMAR</p></td><td rowspan="1" colspan="1"><p>ASSOCIACAO DE ENSINO DE MARILIA LTDA</p></td></tr><tr><td rowspan="1" colspan="1"><p>241</p></td><td rowspan="1" colspan="1"><p>202508787</p></td><td rowspan="1" colspan="1"><p>Bacharelado</p></td><td rowspan="1" colspan="1"><p>ENGENHARIA CIVIL</p></td><td rowspan="1" colspan="1"><p>500</p></td><td rowspan="1" colspan="1"><p>UNIVERSIDADE DE MARILIA - UNIMAR</p></td><td rowspan="1" colspan="1"><p>ASSOCIACAO DE ENSINO DE MARILIA LTDA</p></td></tr><tr><td rowspan="1" colspan="1"><p>242</p></td><td rowspan="1" colspan="1"><p>202508783</p></td><td rowspan="1" colspan="1"><p>Bacharelado</p></td><td rowspan="1" colspan="1"><p>ENGENHARIA DE COMPUTAÇÃO</p></td><td rowspan="1" colspan="1"><p>300</p></td><td rowspan="1" colspan="1"><p>UNIVERSIDADE DE MARILIA - UNIMAR</p></td><td rowspan="1" colspan="1"><p>ASSOCIACAO DE ENSINO DE MARILIA LTDA</p></td></tr><tr><td rowspan="1" colspan="1"><p>243</p></td><td rowspan="1" colspan="1"><p>202508784</p></td><td rowspan="1" colspan="1"><p>Bacharelado</p></td><td rowspan="1" colspan="1"><p>ENGENHARIA DE PRODUÇÃO</p></td><td rowspan="1" colspan="1"><p>500</p></td><td rowspan="1" colspan="1"><p>UNIVERSIDADE DE MARILIA - UNIMAR</p></td><td rowspan="1" colspan="1"><p>ASSOCIACAO DE ENSINO DE MARILIA LTDA</p></td></tr><tr><td rowspan="1" colspan="1"><p>244</p></td><td rowspan="1" colspan="1"><p>202508786</p></td><td rowspan="1" colspan="1"><p>Bacharelado</p></td><td rowspan="1" colspan="1"><p>ENGENHARIA ELÉTRICA</p></td><td rowspan="1" colspan="1"><p>500</p></td><td rowspan="1" colspan="1"><p>UNIVERSIDADE DE MARILIA - UNIMAR</p></td><td rowspan="1" colspan="1"><p>ASSOCIACAO DE ENSINO DE MARILIA LTDA</p></td></tr><tr><td rowspan="1" colspan="1"><p>245</p></td><td rowspan="1" colspan="1"><p>202511673</p></td><td rowspan="1" colspan="1"><p>Tecnológico</p></td><td rowspan="1" colspan="1"><p>ESTÉTICA E COSMÉTICA</p></td><td rowspan="1" colspan="1"><p>800</p></td><td rowspan="1" colspan="1"><p>UNIVERSIDADE DE MARILIA - UNIMAR</p></td><td rowspan="1" colspan="1"><p>ASSOCIACAO DE ENSINO DE MARILIA LTDA</p></td></tr><tr><td rowspan="1" colspan="1"><p>246</p></td><td rowspan="1" colspan="1"><p>202508033</p></td><td rowspan="1" colspan="1"><p>Tecnológico</p></td><td rowspan="1" colspan="1"><p>GERONTOLOGIA</p></td><td rowspan="1" colspan="1"><p>500</p></td><td rowspan="1" colspan="1"><p>UNIVERSIDADE DE MARILIA - UNIMAR</p></td><td rowspan="1" colspan="1"><p>ASSOCIACAO DE ENSINO DE MARILIA LTDA</p></td></tr><tr><td rowspan="1" colspan="1"><p>247</p></td><td rowspan="1" colspan="1"><p>202508785</p></td><td rowspan="1" colspan="1"><p>Tecnológico</p></td><td rowspan="1" colspan="1"><p>GESTÃO AMBIENTAL</p></td><td rowspan="1" colspan="1"><p>800</p></td><td rowspan="1" colspan="1"><p>UNIVERSIDADE DE MARILIA - UNIMAR</p></td><td rowspan="1" colspan="1"><p>ASSOCIACAO DE ENSINO DE MARILIA LTDA</p></td></tr><tr><td rowspan="1" colspan="1"><p>248</p></td><td rowspan="1" colspan="1"><p>202511674</p></td><td rowspan="1" colspan="1"><p>Tecnológico</p></td><td rowspan="1" colspan="1"><p>GESTÃO HOSPITALAR</p></td><td rowspan="1" colspan="1"><p>800</p></td><td rowspan="1" colspan="1"><p>UNIVERSIDADE DE MARILIA - UNIMAR</p></td><td rowspan="1" colspan="1"><p>ASSOCIACAO DE ENSINO DE MARILIA LTDA</p></td></tr><tr><td rowspan="1" colspan="1"><p>249</p></td><td rowspan="1" colspan="1"><p>202509936</p></td><td rowspan="1" colspan="1"><p>Licenciatura</p></td><td rowspan="1" colspan="1"><p>HISTÓRIA</p></td><td rowspan="1" colspan="1"><p>800</p></td><td rowspan="1" colspan="1"><p>UNIVERSIDADE DE MARILIA - UNIMAR</p></td><td rowspan="1" colspan="1"><p>ASSOCIACAO DE ENSINO DE MARILIA LTDA</p></td></tr><tr><td rowspan="1" colspan="1"><p>250</p></td><td rowspan="1" colspan="1"><p>202509937</p></td><td rowspan="1" colspan="1"><p>Licenciatura</p></td><td rowspan="1" colspan="1"><p>LETRAS - PORTUGUÊS E INGLÊS</p></td><td rowspan="1" colspan="1"><p>800</p></td><td rowspan="1" colspan="1"><p>UNIVERSIDADE DE MARILIA - UNIMAR</p></td><td rowspan="1" colspan="1"><p>ASSOCIACAO DE ENSINO DE MARILIA LTDA</p></td></tr><tr><td rowspan="1" colspan="1"><p>251</p></td><td rowspan="1" colspan="1"><p>202517905</p></td><td rowspan="1" colspan="1"><p>Licenciatura</p></td><td rowspan="1" colspan="1"><p>MATEMÁTICA</p></td><td rowspan="1" colspan="1"><p>500</p></td><td rowspan="1" colspan="1"><p>UNIVERSIDADE DE MARILIA - UNIMAR</p></td><td rowspan="1" colspan="1"><p>ASSOCIACAO DE ENSINO DE MARILIA LTDA</p></td></tr><tr><td rowspan="1" colspan="1"><p>252</p></td><td rowspan="1" colspan="1"><p>202509935</p></td><td rowspan="1" colspan="1"><p>Licenciatura</p></td><td rowspan="1" colspan="1"><p>PEDAGOGIA</p></td><td rowspan="1" colspan="1"><p>2000</p></td><td rowspan="1" colspan="1"><p>UNIVERSIDADE DE MARILIA - UNIMAR</p></td><td rowspan="1" colspan="1"><p>ASSOCIACAO DE ENSINO DE MARILIA LTDA</p></td></tr><tr><td rowspan="1" colspan="1"><p>253</p></td><td rowspan="1" colspan="1"><p>202517719</p></td><td rowspan="1" colspan="1"><p>Bacharelado</p></td><td rowspan="1" colspan="1"><p>SERVIÇO SOCIAL</p></td><td rowspan="1" colspan="1"><p>800</p></td><td rowspan="1" colspan="1"><p>UNIVERSIDADE DE MARILIA - UNIMAR</p></td><td rowspan="1" colspan="1"><p>ASSOCIACAO DE ENSINO DE MARILIA LTDA</p></td></tr><tr><td rowspan="1" colspan="1"><p>254</p></td><td rowspan="1" colspan="1"><p>202507684</p></td><td rowspan="1" colspan="1"><p>Licenciatura</p></td><td rowspan="1" colspan="1"><p>EDUCAÇÃO FÍSICA</p></td><td rowspan="1" colspan="1"><p>300</p></td><td rowspan="1" colspan="1"><p>UNIVERSIDADE DE MOGI DAS CRUZES - UMC</p></td><td rowspan="1" colspan="1"><p>ORGANIZACAO MOGIANA DE EDUCACAO E CULTURA SOCIEDADE SIMPLES LIMITADA</p></td></tr><tr><td rowspan="1" colspan="1"><p>255</p></td><td rowspan="1" colspan="1"><p>202507851</p></td><td rowspan="1" colspan="1"><p>Bacharelado</p></td><td rowspan="1" colspan="1"><p>EDUCAÇÃO FÍSICA</p></td><td rowspan="1" colspan="1"><p>300</p></td><td rowspan="1" colspan="1"><p>UNIVERSIDADE DE MOGI DAS CRUZES - UMC</p></td><td rowspan="1" colspan="1"><p>ORGANIZACAO MOGIANA DE EDUCACAO E CULTURA SOCIEDADE SIMPLES LIMITADA</p></td></tr><tr><td rowspan="1" colspan="1"><p>256</p></td><td rowspan="1" colspan="1"><p>202515567</p></td><td rowspan="1" colspan="1"><p>Bacharelado</p></td><td rowspan="1" colspan="1"><p>ENGENHARIA CIVIL</p></td><td rowspan="1" colspan="1"><p>15000</p></td><td rowspan="1" colspan="1"><p>UNIVERSIDADE DE MOGI DAS CRUZES - UMC</p></td><td rowspan="1" colspan="1"><p>ORGANIZACAO MOGIANA DE EDUCACAO E CULTURA SOCIEDADE SIMPLES LIMITADA</p></td></tr><tr><td rowspan="1" colspan="1"><p>257</p></td><td rowspan="1" colspan="1"><p>202515565</p></td><td rowspan="1" colspan="1"><p>Bacharelado</p></td><td rowspan="1" colspan="1"><p>ENGENHARIA DE PRODUÇÃO</p></td><td rowspan="1" colspan="1"><p>15000</p></td><td rowspan="1" colspan="1"><p>UNIVERSIDADE DE MOGI DAS CRUZES - UMC</p></td><td rowspan="1" colspan="1"><p>ORGANIZACAO MOGIANA DE EDUCACAO E CULTURA SOCIEDADE SIMPLES LIMITADA</p></td></tr><tr><td rowspan="1" colspan="1"><p>258</p></td><td rowspan="1" colspan="1"><p>202515566</p></td><td rowspan="1" colspan="1"><p>Bacharelado</p></td><td rowspan="1" colspan="1"><p>ENGENHARIA ELÉTRICA</p></td><td rowspan="1" colspan="1"><p>5000</p></td><td rowspan="1" colspan="1"><p>UNIVERSIDADE DE MOGI DAS CRUZES - UMC</p></td><td rowspan="1" colspan="1"><p>ORGANIZACAO MOGIANA DE EDUCACAO E CULTURA SOCIEDADE SIMPLES LIMITADA</p></td></tr><tr><td rowspan="1" colspan="1"><p>259</p></td><td rowspan="1" colspan="1"><p>202510067</p></td><td rowspan="1" colspan="1"><p>Licenciatura</p></td><td rowspan="1" colspan="1"><p>PEDAGOGIA</p></td><td rowspan="1" colspan="1"><p>1500</p></td><td rowspan="1" colspan="1"><p>UNIVERSIDADE DE MOGI DAS CRUZES - UMC</p></td><td rowspan="1" colspan="1"><p>ORGANIZACAO MOGIANA DE EDUCACAO E CULTURA SOCIEDADE SIMPLES LIMITADA</p></td></tr><tr><td rowspan="1" colspan="1"><p>260</p></td><td rowspan="1" colspan="1"><p>202516901</p></td><td rowspan="1" colspan="1"><p>Tecnológico</p></td><td rowspan="1" colspan="1"><p>ALIMENTOS</p></td><td rowspan="1" colspan="1"><p>180</p></td><td rowspan="1" colspan="1"><p>UNIVERSIDADE DE PASSO FUNDO - UPF</p></td><td rowspan="1" colspan="1"><p>FUNDACAO UNIVERSIDADE DE PASSO FUNDO</p></td></tr><tr><td rowspan="1" colspan="1"><p>261</p></td><td rowspan="1" colspan="1"><p>202516898</p></td><td rowspan="1" colspan="1"><p>Tecnológico</p></td><td rowspan="1" colspan="1"><p>AUTOMAÇÃO INDUSTRIAL</p></td><td rowspan="1" colspan="1"><p>120</p></td><td rowspan="1" colspan="1"><p>UNIVERSIDADE DE PASSO FUNDO - UPF</p></td><td rowspan="1" colspan="1"><p>FUNDACAO UNIVERSIDADE DE PASSO FUNDO</p></td></tr><tr><td rowspan="1" colspan="1"><p>262</p></td><td rowspan="1" colspan="1"><p>202516899</p></td><td rowspan="1" colspan="1"><p>Tecnológico</p></td><td rowspan="1" colspan="1"><p>ENERGIAS RENOVÁVEIS</p></td><td rowspan="1" colspan="1"><p>120</p></td><td rowspan="1" colspan="1"><p>UNIVERSIDADE DE PASSO FUNDO - UPF</p></td><td rowspan="1" colspan="1"><p>FUNDACAO UNIVERSIDADE DE PASSO FUNDO</p></td></tr><tr><td rowspan="1" colspan="1"><p>263</p></td><td rowspan="1" colspan="1"><p>202516900</p></td><td rowspan="1" colspan="1"><p>Tecnológico</p></td><td rowspan="1" colspan="1"><p>GESTÃO AMBIENTAL</p></td><td rowspan="1" colspan="1"><p>120</p></td><td rowspan="1" colspan="1"><p>UNIVERSIDADE DE PASSO FUNDO - UPF</p></td><td rowspan="1" colspan="1"><p>FUNDACAO UNIVERSIDADE DE PASSO FUNDO</p></td></tr><tr><td rowspan="1" colspan="1"><p>264</p></td><td rowspan="1" colspan="1"><p>202509578</p></td><td rowspan="1" colspan="1"><p>Licenciatura</p></td><td rowspan="1" colspan="1"><p>PEDAGOGIA</p></td><td rowspan="1" colspan="1"><p>100</p></td><td rowspan="1" colspan="1"><p>UNIVERSIDADE DE PASSO FUNDO - UPF</p></td><td rowspan="1" colspan="1"><p>FUNDACAO UNIVERSIDADE DE PASSO FUNDO</p></td></tr><tr><td rowspan="1" colspan="1"><p>265</p></td><td rowspan="1" colspan="1"><p>202507868</p></td><td rowspan="1" colspan="1"><p>Bacharelado</p></td><td rowspan="1" colspan="1"><p>SERVIÇO SOCIAL</p></td><td rowspan="1" colspan="1"><p>100</p></td><td rowspan="1" colspan="1"><p>UNIVERSIDADE DE PASSO FUNDO - UPF</p></td><td rowspan="1" colspan="1"><p>FUNDACAO UNIVERSIDADE DE PASSO FUNDO</p></td></tr><tr><td rowspan="1" colspan="1"><p>266</p></td><td rowspan="1" colspan="1"><p>202516106</p></td><td rowspan="1" colspan="1"><p>Licenciatura</p></td><td rowspan="1" colspan="1"><p>CIÊNCIAS BIOLÓGICAS</p></td><td rowspan="1" colspan="1"><p>2016</p></td><td rowspan="1" colspan="1"><p>UNIVERSIDADE DE PERNAMBUCO - UPE</p></td><td rowspan="1" colspan="1"><p>FUNDACAO UNIVERSIDADE DE PERNAMBUCO</p></td></tr><tr><td rowspan="1" colspan="1"><p>267</p></td><td rowspan="1" colspan="1"><p>202516104</p></td><td rowspan="1" colspan="1"><p>Licenciatura</p></td><td rowspan="1" colspan="1"><p>HISTÓRIA</p></td><td rowspan="1" colspan="1"><p>840</p></td><td rowspan="1" colspan="1"><p>UNIVERSIDADE DE PERNAMBUCO - UPE</p></td><td rowspan="1" colspan="1"><p>FUNDACAO UNIVERSIDADE DE PERNAMBUCO</p></td></tr><tr><td rowspan="1" colspan="1"><p>268</p></td><td rowspan="1" colspan="1"><p>202516105</p></td><td rowspan="1" colspan="1"><p>Licenciatura</p></td><td rowspan="1" colspan="1"><p>LETRAS</p></td><td rowspan="1" colspan="1"><p>150</p></td><td rowspan="1" colspan="1"><p>UNIVERSIDADE DE PERNAMBUCO - UPE</p></td><td rowspan="1" colspan="1"><p>FUNDACAO UNIVERSIDADE DE PERNAMBUCO</p></td></tr><tr><td rowspan="1" colspan="1"><p>269</p></td><td rowspan="1" colspan="1"><p>202516103</p></td><td rowspan="1" colspan="1"><p>Licenciatura</p></td><td rowspan="1" colspan="1"><p>PEDAGOGIA</p></td><td rowspan="1" colspan="1"><p>2250</p></td><td rowspan="1" colspan="1"><p>UNIVERSIDADE DE PERNAMBUCO - UPE</p></td><td rowspan="1" colspan="1"><p>FUNDACAO UNIVERSIDADE DE PERNAMBUCO</p></td></tr><tr><td rowspan="1" colspan="1"><p>270</p></td><td rowspan="1" colspan="1"><p>202516637</p></td><td rowspan="1" colspan="1"><p>Licenciatura</p></td><td rowspan="1" colspan="1"><p>PEDAGOGIA</p></td><td rowspan="1" colspan="1"><p>800</p></td><td rowspan="1" colspan="1"><p>UNIVERSIDADE DE RIO VERDE - FESURV</p></td><td rowspan="1" colspan="1"><p>FESURV - UNIVERSIDADE DE RIO VERDE</p></td></tr><tr><td rowspan="1" colspan="1"><p>271</p></td><td rowspan="1" colspan="1"><p>202507937</p></td><td rowspan="1" colspan="1"><p>Bacharelado</p></td><td rowspan="1" colspan="1"><p>EDUCAÇÃO FÍSICA</p></td><td rowspan="1" colspan="1"><p>150</p></td><td rowspan="1" colspan="1"><p>UNIVERSIDADE DE SANTA CRUZ DO SUL - UNISC</p></td><td rowspan="1" colspan="1"><p>ASSOCIACAO PRO ENSINO EM SANTA CRUZ DO SUL</p></td></tr><tr><td rowspan="1" colspan="1"><p>272</p></td><td rowspan="1" colspan="1"><p>202509779</p></td><td rowspan="1" colspan="1"><p>Licenciatura</p></td><td rowspan="1" colspan="1"><p>EDUCAÇÃO FÍSICA</p></td><td rowspan="1" colspan="1"><p>150</p></td><td rowspan="1" colspan="1"><p>UNIVERSIDADE DE SANTA CRUZ DO SUL - UNISC</p></td><td rowspan="1" colspan="1"><p>ASSOCIACAO PRO ENSINO EM SANTA CRUZ DO SUL</p></td></tr></table>]]></Texto>
  </body>
  <Midias />
</article></xml>