﻿<xml><article id="45410368" name="RESOLUCAO 192 2025 CONDEL SUDENE" idOficio="11279601" pubName="DO1" artType="Resolução" pubDate="12/09/2025" artClass="00032:00037:00004:00000:00000:00000:00000:00000:00000:00000:00064:00000" artCategory="Ministério da Integração e do Desenvolvimento Regional/Superintendência do Desenvolvimento do Nordeste/Conselho Deliberativo" artSize="24" artNotes="" numberPage="149" pdfPage="http://pesquisa.in.gov.br/imprensa/jsp/visualiza/index.jsp?data=12/09/2025&amp;jornal=515&amp;pagina=149" editionNumber="174" highlightType="" highlightPriority="" highlight="" highlightimage="" highlightimagename="" idMateria="23099787">
  <body>
    <Identifica />
    <Data><![CDATA[]]></Data>
    <Ementa />
    <Titulo />
    <SubTitulo />
    <Texto><![CDATA[<p /><p></p><table><tr><td rowspan="1" colspan="1"><p>103</p></td><td rowspan="1" colspan="1"><p>ES</p></td><td rowspan="1" colspan="1"><p>INDUSTRIAL</p></td><td rowspan="1" colspan="1"><p>C21</p></td><td rowspan="1" colspan="1"><p>FABRICAÇÃO DE PRODUTOS FARMOQUÍMICOS E FARMACÊUTICOS</p></td></tr><tr><td rowspan="1" colspan="1"><p>104</p></td><td rowspan="1" colspan="1"><p>ES</p></td><td rowspan="1" colspan="1"><p>INDUSTRIAL</p></td><td rowspan="1" colspan="1"><p>C23</p></td><td rowspan="1" colspan="1"><p>FABRICAÇÃO DE PRODUTOS DE MINERAIS NÃO-METÁLICOS</p></td></tr><tr><td rowspan="1" colspan="1"><p>105</p></td><td rowspan="1" colspan="1"><p>ES</p></td><td rowspan="1" colspan="1"><p>INDUSTRIAL</p></td><td rowspan="1" colspan="1"><p>C24</p></td><td rowspan="1" colspan="1"><p>METALURGIA</p></td></tr><tr><td rowspan="1" colspan="1"><p>106</p></td><td rowspan="1" colspan="1"><p>ES</p></td><td rowspan="1" colspan="1"><p>INDUSTRIAL</p></td><td rowspan="1" colspan="1"><p>C30</p></td><td rowspan="1" colspan="1"><p>FABRICAÇÃO DE OUTROS EQUIPAMENTOS DE TRANSPORTE, EXCETO VEÍCULOS AUTOMOTORES</p></td></tr><tr><td rowspan="1" colspan="1"><p>107</p></td><td rowspan="1" colspan="1"><p>ES</p></td><td rowspan="1" colspan="1"><p>INDUSTRIAL</p></td><td rowspan="1" colspan="1"><p>C32</p></td><td rowspan="1" colspan="1"><p>FABRICAÇÃO DE PRODUTOS DIVERSOS</p></td></tr><tr><td rowspan="1" colspan="1"><p>108</p></td><td rowspan="1" colspan="1"><p>ES</p></td><td rowspan="1" colspan="1"><p>INDUSTRIAL</p></td><td rowspan="1" colspan="1"><p>C33</p></td><td rowspan="1" colspan="1"><p>MANUTENÇÃO, REPARAÇÃO E INSTALAÇÃO DE MÁQUINAS E EQUIPAMENTOS</p></td></tr><tr><td rowspan="1" colspan="1"><p>109</p></td><td rowspan="1" colspan="1"><p>MA</p></td><td rowspan="1" colspan="1"><p>AGROPECUÁRIO</p></td><td rowspan="1" colspan="1"><p>A011</p></td><td rowspan="1" colspan="1"><p>PRODUÇÃO DE LAVOURAS TEMPORÁRIAS</p></td></tr><tr><td rowspan="1" colspan="1"><p>110</p></td><td rowspan="1" colspan="1"><p>MA</p></td><td rowspan="1" colspan="1"><p>AGROPECUÁRIO</p></td><td rowspan="1" colspan="1"><p>A012</p></td><td rowspan="1" colspan="1"><p>HORTICULTURA E FLORICULTURA</p></td></tr><tr><td rowspan="1" colspan="1"><p>111</p></td><td rowspan="1" colspan="1"><p>MA</p></td><td rowspan="1" colspan="1"><p>AGROPECUÁRIO</p></td><td rowspan="1" colspan="1"><p>A013</p></td><td rowspan="1" colspan="1"><p>PRODUÇÃO DE LAVOURAS PERMANENTES</p></td></tr><tr><td rowspan="1" colspan="1"><p>112</p></td><td rowspan="1" colspan="1"><p>MA</p></td><td rowspan="1" colspan="1"><p>AGROPECUÁRIO</p></td><td rowspan="1" colspan="1"><p>A015</p></td><td rowspan="1" colspan="1"><p>PECUÁRIA</p></td></tr><tr><td rowspan="1" colspan="1"><p>113</p></td><td rowspan="1" colspan="1"><p>MA</p></td><td rowspan="1" colspan="1"><p>AGROPECUÁRIO</p></td><td rowspan="1" colspan="1"><p>A01610</p></td><td rowspan="1" colspan="1"><p>ATIVIDADES DE APOIO À AGRICULTURA</p></td></tr><tr><td rowspan="1" colspan="1"><p>114</p></td><td rowspan="1" colspan="1"><p>MA</p></td><td rowspan="1" colspan="1"><p>AGROPECUÁRIO</p></td><td rowspan="1" colspan="1"><p>A02</p></td><td rowspan="1" colspan="1"><p>PRODUÇÃO FLORESTAL</p></td></tr><tr><td rowspan="1" colspan="1"><p>115</p></td><td rowspan="1" colspan="1"><p>MA</p></td><td rowspan="1" colspan="1"><p>AGROPECUÁRIO</p></td><td rowspan="1" colspan="1"><p>A031</p></td><td rowspan="1" colspan="1"><p>PESCA</p></td></tr><tr><td rowspan="1" colspan="1"><p>116</p></td><td rowspan="1" colspan="1"><p>MA</p></td><td rowspan="1" colspan="1"><p>AGROPECUÁRIO</p></td><td rowspan="1" colspan="1"><p>A032</p></td><td rowspan="1" colspan="1"><p>AQUICULTURA</p></td></tr><tr><td rowspan="1" colspan="1"><p>117</p></td><td rowspan="1" colspan="1"><p>MA</p></td><td rowspan="1" colspan="1"><p>INDUSTRIAL</p></td><td rowspan="1" colspan="1"><p>B09</p></td><td rowspan="1" colspan="1"><p>ATIVIDADES DE APOIO À EXTRAÇÃO DE MINERAIS</p></td></tr><tr><td rowspan="1" colspan="1"><p>118</p></td><td rowspan="1" colspan="1"><p>MA</p></td><td rowspan="1" colspan="1"><p>INDUSTRIAL</p></td><td rowspan="1" colspan="1"><p>C24</p></td><td rowspan="1" colspan="1"><p>METALURGIA</p></td></tr><tr><td rowspan="1" colspan="1"><p>119</p></td><td rowspan="1" colspan="1"><p>MA</p></td><td rowspan="1" colspan="1"><p>INDUSTRIAL</p></td><td rowspan="1" colspan="1"><p>C30</p></td><td rowspan="1" colspan="1"><p>FABRICAÇÃO DE OUTROS EQUIPAMENTOS DE TRANSPORTE, EXCETO VEÍCULOS AUTOMOTORES</p></td></tr><tr><td rowspan="1" colspan="1"><p>120</p></td><td rowspan="1" colspan="1"><p>MA</p></td><td rowspan="1" colspan="1"><p>INDUSTRIAL</p></td><td rowspan="1" colspan="1"><p>C32</p></td><td rowspan="1" colspan="1"><p>FABRICAÇÃO DE PRODUTOS DIVERSOS</p></td></tr><tr><td rowspan="1" colspan="1"><p>121</p></td><td rowspan="1" colspan="1"><p>MA</p></td><td rowspan="1" colspan="1"><p>INDUSTRIAL</p></td><td rowspan="1" colspan="1"><p>C33</p></td><td rowspan="1" colspan="1"><p>MANUTENÇÃO, REPARAÇÃO E INSTALAÇÃO DE MÁQUINAS E EQUIPAMENTOS</p></td></tr><tr><td rowspan="1" colspan="1"><p>122</p></td><td rowspan="1" colspan="1"><p>MG</p></td><td rowspan="1" colspan="1"><p>AGROPECUÁRIO</p></td><td rowspan="1" colspan="1"><p>A01113</p></td><td rowspan="1" colspan="1"><p>CULTIVO DE CEREAIS</p></td></tr><tr><td rowspan="1" colspan="1"><p>123</p></td><td rowspan="1" colspan="1"><p>MG</p></td><td rowspan="1" colspan="1"><p>AGROPECUÁRIO</p></td><td rowspan="1" colspan="1"><p>A01121</p></td><td rowspan="1" colspan="1"><p>CULTIVO DE ALGODÃO HERBÁCEO E DE OUTRAS FIBRAS DE LAVOURA TEMPORÁRIA</p></td></tr><tr><td rowspan="1" colspan="1"><p>124</p></td><td rowspan="1" colspan="1"><p>MG</p></td><td rowspan="1" colspan="1"><p>AGROPECUÁRIO</p></td><td rowspan="1" colspan="1"><p>A01130</p></td><td rowspan="1" colspan="1"><p>CULTIVO DE CANA DE AÇÚCAR</p></td></tr><tr><td rowspan="1" colspan="1"><p>125</p></td><td rowspan="1" colspan="1"><p>MG</p></td><td rowspan="1" colspan="1"><p>AGROPECUÁRIO</p></td><td rowspan="1" colspan="1"><p>A01164</p></td><td rowspan="1" colspan="1"><p>CULTIVO DE OLEAGINOSAS DE LAVOURA TEMPORÁRIA, EXCETO SOJA</p></td></tr><tr><td rowspan="1" colspan="1"><p>126</p></td><td rowspan="1" colspan="1"><p>MG</p></td><td rowspan="1" colspan="1"><p>AGROPECUÁRIO</p></td><td rowspan="1" colspan="1"><p>A01199</p></td><td rowspan="1" colspan="1"><p>CULTIVO DE PLANTAS DE LAVOURA TEMPORÁRIA NÃO ESPECIFICADAS ANTERIORMENTE</p></td></tr><tr><td rowspan="1" colspan="1"><p>127</p></td><td rowspan="1" colspan="1"><p>MG</p></td><td rowspan="1" colspan="1"><p>AGROPECUÁRIO</p></td><td rowspan="1" colspan="1"><p>A01211</p></td><td rowspan="1" colspan="1"><p>HORTICULTURA</p></td></tr><tr><td rowspan="1" colspan="1"><p>128</p></td><td rowspan="1" colspan="1"><p>MG</p></td><td rowspan="1" colspan="1"><p>AGROPECUÁRIO</p></td><td rowspan="1" colspan="1"><p>A01229</p></td><td rowspan="1" colspan="1"><p>CULTIVO DE FLORES E PLANTAS ORNAMENTAIS</p></td></tr><tr><td rowspan="1" colspan="1"><p>129</p></td><td rowspan="1" colspan="1"><p>MG</p></td><td rowspan="1" colspan="1"><p>AGROPECUÁRIO</p></td><td rowspan="1" colspan="1"><p>A013</p></td><td rowspan="1" colspan="1"><p>PRODUÇÃO DE LAVOURAS PERMANENTES</p></td></tr><tr><td rowspan="1" colspan="1"><p>130</p></td><td rowspan="1" colspan="1"><p>MG</p></td><td rowspan="1" colspan="1"><p>AGROPECUÁRIO</p></td><td rowspan="1" colspan="1"><p>A01415</p></td><td rowspan="1" colspan="1"><p>PRODUÇÃO DE SEMENTES CERTIFICADAS</p></td></tr><tr><td rowspan="1" colspan="1"><p>131</p></td><td rowspan="1" colspan="1"><p>MG</p></td><td rowspan="1" colspan="1"><p>AGROPECUÁRIO</p></td><td rowspan="1" colspan="1"><p>A01423</p></td><td rowspan="1" colspan="1"><p>PRODUÇÃO DE MUDAS E OUTRAS FORMAS DE PROPAGAÇÃO VEGETAL, CERTIFICADAS</p></td></tr><tr><td rowspan="1" colspan="1"><p>132</p></td><td rowspan="1" colspan="1"><p>MG</p></td><td rowspan="1" colspan="1"><p>AGROPECUÁRIO</p></td><td rowspan="1" colspan="1"><p>A01512</p></td><td rowspan="1" colspan="1"><p>CRIAÇÃO DE BOVINOS</p></td></tr><tr><td rowspan="1" colspan="1"><p>133</p></td><td rowspan="1" colspan="1"><p>MG</p></td><td rowspan="1" colspan="1"><p>AGROPECUÁRIO</p></td><td rowspan="1" colspan="1"><p>A01521</p></td><td rowspan="1" colspan="1"><p>CRIAÇÃO DE OUTROS ANIMAIS DE GRANDE PORTE</p></td></tr><tr><td rowspan="1" colspan="1"><p>134</p></td><td rowspan="1" colspan="1"><p>MG</p></td><td rowspan="1" colspan="1"><p>AGROPECUÁRIO</p></td><td rowspan="1" colspan="1"><p>A01539</p></td><td rowspan="1" colspan="1"><p>CRIAÇÃO DE CAPRINOS E OVINOS</p></td></tr><tr><td rowspan="1" colspan="1"><p>135</p></td><td rowspan="1" colspan="1"><p>MG</p></td><td rowspan="1" colspan="1"><p>AGROPECUÁRIO</p></td><td rowspan="1" colspan="1"><p>A01547</p></td><td rowspan="1" colspan="1"><p>CRIAÇÃO DE SUÍNOS</p></td></tr><tr><td rowspan="1" colspan="1"><p>136</p></td><td rowspan="1" colspan="1"><p>MG</p></td><td rowspan="1" colspan="1"><p>AGROPECUÁRIO</p></td><td rowspan="1" colspan="1"><p>A01555</p></td><td rowspan="1" colspan="1"><p>CRIAÇÃO DE AVES</p></td></tr><tr><td rowspan="1" colspan="1"><p>137</p></td><td rowspan="1" colspan="1"><p>MG</p></td><td rowspan="1" colspan="1"><p>AGROPECUÁRIO</p></td><td rowspan="1" colspan="1"><p>A01598</p></td><td rowspan="1" colspan="1"><p>CRIAÇÃO DE ANIMAIS NÃO ESPECIFICADOS ANTERIORMENTE</p></td></tr><tr><td rowspan="1" colspan="1"><p>138</p></td><td rowspan="1" colspan="1"><p>MG</p></td><td rowspan="1" colspan="1"><p>AGROPECUÁRIO</p></td><td rowspan="1" colspan="1"><p>A016</p></td><td rowspan="1" colspan="1"><p>ATIVIDADES DE APOIO À AGRICULTURA E À PECUÁRIA; ATIVIDADES DE PÓS-COLHEITA</p></td></tr><tr><td rowspan="1" colspan="1"><p>139</p></td><td rowspan="1" colspan="1"><p>MG</p></td><td rowspan="1" colspan="1"><p>AGROPECUÁRIO</p></td><td rowspan="1" colspan="1"><p>A02101</p></td><td rowspan="1" colspan="1"><p>PRODUÇÃO FLORESTAL - FLORESTAS PLANTADAS</p></td></tr><tr><td rowspan="1" colspan="1"><p>140</p></td><td rowspan="1" colspan="1"><p>MG</p></td><td rowspan="1" colspan="1"><p>AGROPECUÁRIO</p></td><td rowspan="1" colspan="1"><p>A02209</p></td><td rowspan="1" colspan="1"><p>PRODUÇÃO FLORESTAL - FLORESTAS NATIVAS</p></td></tr><tr><td rowspan="1" colspan="1"><p>141</p></td><td rowspan="1" colspan="1"><p>MG</p></td><td rowspan="1" colspan="1"><p>AGROPECUÁRIO</p></td><td rowspan="1" colspan="1"><p>A02306</p></td><td rowspan="1" colspan="1"><p>ATIVIDADES DE APOIO À PRODUÇÃO FLORESTAL</p></td></tr><tr><td rowspan="1" colspan="1"><p>142</p></td><td rowspan="1" colspan="1"><p>MG</p></td><td rowspan="1" colspan="1"><p>AGROPECUÁRIO</p></td><td rowspan="1" colspan="1"><p>A03124</p></td><td rowspan="1" colspan="1"><p>PESCA EM ÁGUA DOCE</p></td></tr></table>]]></Texto>
  </body>
  <Midias />
</article></xml>