﻿<xml><article id="45418489" name="8099 PORTARIA T Torna sem efeito" idOficio="11281145" pubName="DO1" artType="Portaria" pubDate="12/09/2025" artClass="00047:00001:00000:00000:00000:00000:00000:00000:00000:00000:00024:00013" artCategory="Ministério da Saúde/Gabinete do Ministro" artSize="24" artNotes="" numberPage="186" pdfPage="http://pesquisa.in.gov.br/imprensa/jsp/visualiza/index.jsp?data=12/09/2025&amp;jornal=515&amp;pagina=186" editionNumber="174" highlightType="" highlightPriority="" highlight="" highlightimage="" highlightimagename="" idMateria="23102534">
  <body>
    <Identifica><![CDATA[ Portaria GM/MS Nº 8.099, DE 11 DE setembro DE 2025]]></Identifica>
    <Data><![CDATA[]]></Data>
    <Ementa><![CDATA[ Torna sem efeito a proposta do Município de Goianésia (GO), constante do Anexo da Portaria GM/MS nº 7.547, de 11 de julho de 2025, que autoriza o Estado, Município ou Distrito Federal a receber recursos referentes ao incremento temporário ao custeio dos serviços de Atenção Especializada à Saúde.]]></Ementa>
    <Titulo />
    <SubTitulo />
    <Texto><![CDATA[<p class="identifica">Portaria GM/MS Nº 8.099, DE 11 DE setembro DE 2025</p><p class="ementa">Torna sem efeito a proposta do Município de Goianésia (GO), constante do Anexo da Portaria GM/MS nº 7.547, de 11 de julho de 2025, que autoriza o Estado, Município ou Distrito Federal a receber recursos referentes ao incremento temporário ao custeio dos serviços de Atenção Especializada à Saúde.</p><p>O MINISTRO DE ESTADO DA SAÚDE, no uso das atribuições que lhe conferem os incisos I e II do parágrafo único do art. 87 da Constituição, resolve:</p><p>Art. 1º Fica sem efeito a seguinte proposta, constante no anexo da Portaria GM/MS 7.547, de 11 de julho de 2025, publicada no Diário Oficial da União nº 130, de 14 de julho de 2025, Seção 1, página 99.</p><p /><p></p><table><tr /><tr><td rowspan="1" colspan="1"><p>UF</p></td><td rowspan="1" colspan="1"><p>MUNICÍPIO</p></td><td rowspan="1" colspan="1"><p>ENTIDADE</p></td><td rowspan="1" colspan="1"><p>Nº PROPOSTA</p></td><td rowspan="1" colspan="1"><p>CÓD. EMENDA</p></td><td rowspan="1" colspan="1"><p>VALOR POR EMENDA (R$)</p></td><td rowspan="1" colspan="1"><p>VALOR TOTAL DA PROPOSTA (R$)</p></td><td rowspan="1" colspan="1"><p>FUNCIONAL PROGRAMÁTICA</p></td></tr><tr><td rowspan="1" colspan="1"><p>GO</p></td><td rowspan="1" colspan="1"><p>GOIANÉSIA</p></td><td rowspan="1" colspan="1"><p>FUNDO MUNICIPAL DE SAUDE</p></td><td rowspan="1" colspan="1"><p>36000670134202500</p></td><td rowspan="1" colspan="1"><p>19600004</p></td><td rowspan="1" colspan="1"><p>450.000,00</p></td><td rowspan="1" colspan="1"><p>450.000,00</p></td><td rowspan="1" colspan="1"><p>1030251182E900052</p></td></tr></table><p>Art. 2º Esta Portaria entra em vigor na data de sua publicação.</p><p class="assina">ALEXANDRE ROCHA SANTOS PADILHA</p>]]></Texto>
  </body>
  <Midias />
</article></xml>