﻿<xml><article id="45406719" name="PORTARIA NA 612 - 11.09.2025_008" idOficio="11278735" pubName="DO1" artType="Portaria" pubDate="12/09/2025" artClass="00025:00046:00000:00000:00000:00000:00000:00000:00000:00000:00054:00000" artCategory="Ministério da Educação/Secretaria de Regulação e Supervisão da Educação Superior" artSize="24" artNotes="" numberPage="102" pdfPage="http://pesquisa.in.gov.br/imprensa/jsp/visualiza/index.jsp?data=12/09/2025&amp;jornal=515&amp;pagina=102" editionNumber="174" highlightType="" highlightPriority="" highlight="" highlightimage="" highlightimagename="" idMateria="23098719">
  <body>
    <Identifica />
    <Data><![CDATA[]]></Data>
    <Ementa />
    <Titulo />
    <SubTitulo />
    <Texto><![CDATA[<p /><p></p><table><tr /><tr><td rowspan="1" colspan="1"><p>314</p></td><td rowspan="1" colspan="1"><p>202508153</p></td><td rowspan="1" colspan="1"><p>Tecnológico</p></td><td rowspan="1" colspan="1"><p>PODOLOGIA</p></td><td rowspan="1" colspan="1"><p>3000</p></td><td rowspan="1" colspan="1"><p>UNIVERSIDADE ANHANGUERA - UNIDERP</p></td><td rowspan="1" colspan="1"><p>PITAGORAS SISTEMA DE EDUCACAO SUPERIOR SOCIEDADE S.A.</p></td></tr><tr><td rowspan="1" colspan="1"><p>315</p></td><td rowspan="1" colspan="1"><p>202508903</p></td><td rowspan="1" colspan="1"><p>Tecnológico</p></td><td rowspan="1" colspan="1"><p>PRODUÇÃO CERVEJEIRA</p></td><td rowspan="1" colspan="1"><p>3000</p></td><td rowspan="1" colspan="1"><p>UNIVERSIDADE ANHANGUERA - UNIDERP</p></td><td rowspan="1" colspan="1"><p>PITAGORAS SISTEMA DE EDUCACAO SUPERIOR SOCIEDADE S.A.</p></td></tr><tr><td rowspan="1" colspan="1"><p>316</p></td><td rowspan="1" colspan="1"><p>202510309</p></td><td rowspan="1" colspan="1"><p>Bacharelado</p></td><td rowspan="1" colspan="1"><p>PSICOPEDAGOGIA</p></td><td rowspan="1" colspan="1"><p>500</p></td><td rowspan="1" colspan="1"><p>UNIVERSIDADE ANHANGUERA - UNIDERP</p></td><td rowspan="1" colspan="1"><p>PITAGORAS SISTEMA DE EDUCACAO SUPERIOR SOCIEDADE S.A.</p></td></tr><tr><td rowspan="1" colspan="1"><p>317</p></td><td rowspan="1" colspan="1"><p>202507798</p></td><td rowspan="1" colspan="1"><p>Bacharelado</p></td><td rowspan="1" colspan="1"><p>QUÍMICA</p></td><td rowspan="1" colspan="1"><p>500</p></td><td rowspan="1" colspan="1"><p>UNIVERSIDADE ANHANGUERA - UNIDERP</p></td><td rowspan="1" colspan="1"><p>PITAGORAS SISTEMA DE EDUCACAO SUPERIOR SOCIEDADE S.A.</p></td></tr><tr><td rowspan="1" colspan="1"><p>318</p></td><td rowspan="1" colspan="1"><p>202508150</p></td><td rowspan="1" colspan="1"><p>Tecnológico</p></td><td rowspan="1" colspan="1"><p>RADIOLOGIA</p></td><td rowspan="1" colspan="1"><p>3000</p></td><td rowspan="1" colspan="1"><p>UNIVERSIDADE ANHANGUERA - UNIDERP</p></td><td rowspan="1" colspan="1"><p>PITAGORAS SISTEMA DE EDUCACAO SUPERIOR SOCIEDADE S.A.</p></td></tr><tr><td rowspan="1" colspan="1"><p>319</p></td><td rowspan="1" colspan="1"><p>202508147</p></td><td rowspan="1" colspan="1"><p>Bacharelado</p></td><td rowspan="1" colspan="1"><p>SERVIÇO SOCIAL</p></td><td rowspan="1" colspan="1"><p>16800</p></td><td rowspan="1" colspan="1"><p>UNIVERSIDADE ANHANGUERA - UNIDERP</p></td><td rowspan="1" colspan="1"><p>PITAGORAS SISTEMA DE EDUCACAO SUPERIOR SOCIEDADE S.A.</p></td></tr><tr><td rowspan="1" colspan="1"><p>320</p></td><td rowspan="1" colspan="1"><p>202510305</p></td><td rowspan="1" colspan="1"><p>Licenciatura</p></td><td rowspan="1" colspan="1"><p>SOCIOLOGIA</p></td><td rowspan="1" colspan="1"><p>1000</p></td><td rowspan="1" colspan="1"><p>UNIVERSIDADE ANHANGUERA - UNIDERP</p></td><td rowspan="1" colspan="1"><p>PITAGORAS SISTEMA DE EDUCACAO SUPERIOR SOCIEDADE S.A.</p></td></tr><tr><td rowspan="1" colspan="1"><p>321</p></td><td rowspan="1" colspan="1"><p>202508156</p></td><td rowspan="1" colspan="1"><p>Tecnológico</p></td><td rowspan="1" colspan="1"><p>TERAPIAS INTEGRATIVAS E COMPLEMENTARES</p></td><td rowspan="1" colspan="1"><p>3000</p></td><td rowspan="1" colspan="1"><p>UNIVERSIDADE ANHANGUERA - UNIDERP</p></td><td rowspan="1" colspan="1"><p>PITAGORAS SISTEMA DE EDUCACAO SUPERIOR SOCIEDADE S.A.</p></td></tr><tr><td rowspan="1" colspan="1"><p>322</p></td><td rowspan="1" colspan="1"><p>202508055</p></td><td rowspan="1" colspan="1"><p>Bacharelado</p></td><td rowspan="1" colspan="1"><p>BIOMEDICINA</p></td><td rowspan="1" colspan="1"><p>200</p></td><td rowspan="1" colspan="1"><p>UNIVERSIDADE ANHEMBI MORUMBI - UAM</p></td><td rowspan="1" colspan="1"><p>ISCP - SOCIEDADE EDUCACIONAL LTDA.</p></td></tr><tr><td rowspan="1" colspan="1"><p>323</p></td><td rowspan="1" colspan="1"><p>202508056</p></td><td rowspan="1" colspan="1"><p>Bacharelado</p></td><td rowspan="1" colspan="1"><p>EDUCAÇÃO FÍSICA</p></td><td rowspan="1" colspan="1"><p>400</p></td><td rowspan="1" colspan="1"><p>UNIVERSIDADE ANHEMBI MORUMBI - UAM</p></td><td rowspan="1" colspan="1"><p>ISCP - SOCIEDADE EDUCACIONAL LTDA.</p></td></tr><tr><td rowspan="1" colspan="1"><p>324</p></td><td rowspan="1" colspan="1"><p>202509987</p></td><td rowspan="1" colspan="1"><p>Licenciatura</p></td><td rowspan="1" colspan="1"><p>EDUCAÇÃO FÍSICA</p></td><td rowspan="1" colspan="1"><p>400</p></td><td rowspan="1" colspan="1"><p>UNIVERSIDADE ANHEMBI MORUMBI - UAM</p></td><td rowspan="1" colspan="1"><p>ISCP - SOCIEDADE EDUCACIONAL LTDA.</p></td></tr><tr><td rowspan="1" colspan="1"><p>325</p></td><td rowspan="1" colspan="1"><p>202508822</p></td><td rowspan="1" colspan="1"><p>Bacharelado</p></td><td rowspan="1" colspan="1"><p>ENGENHARIA AMBIENTAL</p></td><td rowspan="1" colspan="1"><p>100</p></td><td rowspan="1" colspan="1"><p>UNIVERSIDADE ANHEMBI MORUMBI - UAM</p></td><td rowspan="1" colspan="1"><p>ISCP - SOCIEDADE EDUCACIONAL LTDA.</p></td></tr><tr><td rowspan="1" colspan="1"><p>326</p></td><td rowspan="1" colspan="1"><p>202508820</p></td><td rowspan="1" colspan="1"><p>Bacharelado</p></td><td rowspan="1" colspan="1"><p>ENGENHARIA CIVIL</p></td><td rowspan="1" colspan="1"><p>45</p></td><td rowspan="1" colspan="1"><p>UNIVERSIDADE ANHEMBI MORUMBI - UAM</p></td><td rowspan="1" colspan="1"><p>ISCP - SOCIEDADE EDUCACIONAL LTDA.</p></td></tr><tr><td rowspan="1" colspan="1"><p>327</p></td><td rowspan="1" colspan="1"><p>202508818</p></td><td rowspan="1" colspan="1"><p>Bacharelado</p></td><td rowspan="1" colspan="1"><p>ENGENHARIA DE COMPUTAÇÃO</p></td><td rowspan="1" colspan="1"><p>200</p></td><td rowspan="1" colspan="1"><p>UNIVERSIDADE ANHEMBI MORUMBI - UAM</p></td><td rowspan="1" colspan="1"><p>ISCP - SOCIEDADE EDUCACIONAL LTDA.</p></td></tr><tr><td rowspan="1" colspan="1"><p>328</p></td><td rowspan="1" colspan="1"><p>202508817</p></td><td rowspan="1" colspan="1"><p>Bacharelado</p></td><td rowspan="1" colspan="1"><p>ENGENHARIA DE PRODUÇÃO</p></td><td rowspan="1" colspan="1"><p>200</p></td><td rowspan="1" colspan="1"><p>UNIVERSIDADE ANHEMBI MORUMBI - UAM</p></td><td rowspan="1" colspan="1"><p>ISCP - SOCIEDADE EDUCACIONAL LTDA.</p></td></tr><tr><td rowspan="1" colspan="1"><p>329</p></td><td rowspan="1" colspan="1"><p>202508815</p></td><td rowspan="1" colspan="1"><p>Bacharelado</p></td><td rowspan="1" colspan="1"><p>ENGENHARIA ELÉTRICA</p></td><td rowspan="1" colspan="1"><p>200</p></td><td rowspan="1" colspan="1"><p>UNIVERSIDADE ANHEMBI MORUMBI - UAM</p></td><td rowspan="1" colspan="1"><p>ISCP - SOCIEDADE EDUCACIONAL LTDA.</p></td></tr><tr><td rowspan="1" colspan="1"><p>330</p></td><td rowspan="1" colspan="1"><p>202508816</p></td><td rowspan="1" colspan="1"><p>Bacharelado</p></td><td rowspan="1" colspan="1"><p>ENGENHARIA MECÂNICA</p></td><td rowspan="1" colspan="1"><p>200</p></td><td rowspan="1" colspan="1"><p>UNIVERSIDADE ANHEMBI MORUMBI - UAM</p></td><td rowspan="1" colspan="1"><p>ISCP - SOCIEDADE EDUCACIONAL LTDA.</p></td></tr><tr><td rowspan="1" colspan="1"><p>331</p></td><td rowspan="1" colspan="1"><p>202511701</p></td><td rowspan="1" colspan="1"><p>Tecnológico</p></td><td rowspan="1" colspan="1"><p>ESTÉTICA E COSMÉTICA</p></td><td rowspan="1" colspan="1"><p>100</p></td><td rowspan="1" colspan="1"><p>UNIVERSIDADE ANHEMBI MORUMBI - UAM</p></td><td rowspan="1" colspan="1"><p>ISCP - SOCIEDADE EDUCACIONAL LTDA.</p></td></tr><tr><td rowspan="1" colspan="1"><p>332</p></td><td rowspan="1" colspan="1"><p>202508054</p></td><td rowspan="1" colspan="1"><p>Bacharelado</p></td><td rowspan="1" colspan="1"><p>FARMÁCIA</p></td><td rowspan="1" colspan="1"><p>100</p></td><td rowspan="1" colspan="1"><p>UNIVERSIDADE ANHEMBI MORUMBI - UAM</p></td><td rowspan="1" colspan="1"><p>ISCP - SOCIEDADE EDUCACIONAL LTDA.</p></td></tr><tr><td rowspan="1" colspan="1"><p>333</p></td><td rowspan="1" colspan="1"><p>202515110</p></td><td rowspan="1" colspan="1"><p>Bacharelado</p></td><td rowspan="1" colspan="1"><p>FARMÁCIA</p></td><td rowspan="1" colspan="1"><p>1600</p></td><td rowspan="1" colspan="1"><p>UNIVERSIDADE ANHEMBI MORUMBI - UAM</p></td><td rowspan="1" colspan="1"><p>ISCP - SOCIEDADE EDUCACIONAL LTDA.</p></td></tr><tr><td rowspan="1" colspan="1"><p>334</p></td><td rowspan="1" colspan="1"><p>202508060</p></td><td rowspan="1" colspan="1"><p>Bacharelado</p></td><td rowspan="1" colspan="1"><p>FISIOTERAPIA</p></td><td rowspan="1" colspan="1"><p>200</p></td><td rowspan="1" colspan="1"><p>UNIVERSIDADE ANHEMBI MORUMBI - UAM</p></td><td rowspan="1" colspan="1"><p>ISCP - SOCIEDADE EDUCACIONAL LTDA.</p></td></tr><tr><td rowspan="1" colspan="1"><p>335</p></td><td rowspan="1" colspan="1"><p>202511700</p></td><td rowspan="1" colspan="1"><p>Tecnológico</p></td><td rowspan="1" colspan="1"><p>GESTÃO HOSPITALAR</p></td><td rowspan="1" colspan="1"><p>30</p></td><td rowspan="1" colspan="1"><p>UNIVERSIDADE ANHEMBI MORUMBI - UAM</p></td><td rowspan="1" colspan="1"><p>ISCP - SOCIEDADE EDUCACIONAL LTDA.</p></td></tr><tr><td rowspan="1" colspan="1"><p>336</p></td><td rowspan="1" colspan="1"><p>202516121</p></td><td rowspan="1" colspan="1"><p>Licenciatura</p></td><td rowspan="1" colspan="1"><p>LETRAS - PORTUGUÊS E INGLÊS</p></td><td rowspan="1" colspan="1"><p>528</p></td><td rowspan="1" colspan="1"><p>UNIVERSIDADE ANHEMBI MORUMBI - UAM</p></td><td rowspan="1" colspan="1"><p>ISCP - SOCIEDADE EDUCACIONAL LTDA.</p></td></tr><tr><td rowspan="1" colspan="1"><p>337</p></td><td rowspan="1" colspan="1"><p>202508059</p></td><td rowspan="1" colspan="1"><p>Bacharelado</p></td><td rowspan="1" colspan="1"><p>NUTRIÇÃO</p></td><td rowspan="1" colspan="1"><p>300</p></td><td rowspan="1" colspan="1"><p>UNIVERSIDADE ANHEMBI MORUMBI - UAM</p></td><td rowspan="1" colspan="1"><p>ISCP - SOCIEDADE EDUCACIONAL LTDA.</p></td></tr><tr><td rowspan="1" colspan="1"><p>338</p></td><td rowspan="1" colspan="1"><p>202509986</p></td><td rowspan="1" colspan="1"><p>Licenciatura</p></td><td rowspan="1" colspan="1"><p>PEDAGOGIA</p></td><td rowspan="1" colspan="1"><p>800</p></td><td rowspan="1" colspan="1"><p>UNIVERSIDADE ANHEMBI MORUMBI - UAM</p></td><td rowspan="1" colspan="1"><p>ISCP - SOCIEDADE EDUCACIONAL LTDA.</p></td></tr><tr><td rowspan="1" colspan="1"><p>339</p></td><td rowspan="1" colspan="1"><p>202508058</p></td><td rowspan="1" colspan="1"><p>Bacharelado</p></td><td rowspan="1" colspan="1"><p>SERVIÇO SOCIAL</p></td><td rowspan="1" colspan="1"><p>300</p></td><td rowspan="1" colspan="1"><p>UNIVERSIDADE ANHEMBI MORUMBI - UAM</p></td><td rowspan="1" colspan="1"><p>ISCP - SOCIEDADE EDUCACIONAL LTDA.</p></td></tr><tr><td rowspan="1" colspan="1"><p>340</p></td><td rowspan="1" colspan="1"><p>202517641</p></td><td rowspan="1" colspan="1"><p>Bacharelado</p></td><td rowspan="1" colspan="1"><p>AGRONOMIA</p></td><td rowspan="1" colspan="1"><p>9920</p></td><td rowspan="1" colspan="1"><p>UNIVERSIDADE BRASIL -</p></td><td rowspan="1" colspan="1"><p>CEISP SERVICOS EDUCACIONAIS LTDA</p></td></tr><tr><td rowspan="1" colspan="1"><p>341</p></td><td rowspan="1" colspan="1"><p>202507952</p></td><td rowspan="1" colspan="1"><p>Bacharelado</p></td><td rowspan="1" colspan="1"><p>EDUCAÇÃO FÍSICA</p></td><td rowspan="1" colspan="1"><p>29840</p></td><td rowspan="1" colspan="1"><p>UNIVERSIDADE BRASIL -</p></td><td rowspan="1" colspan="1"><p>CEISP SERVICOS EDUCACIONAIS LTDA</p></td></tr><tr><td rowspan="1" colspan="1"><p>342</p></td><td rowspan="1" colspan="1"><p>202509808</p></td><td rowspan="1" colspan="1"><p>Licenciatura</p></td><td rowspan="1" colspan="1"><p>EDUCAÇÃO FÍSICA</p></td><td rowspan="1" colspan="1"><p>4500</p></td><td rowspan="1" colspan="1"><p>UNIVERSIDADE BRASIL -</p></td><td rowspan="1" colspan="1"><p>CEISP SERVICOS EDUCACIONAIS LTDA</p></td></tr><tr><td rowspan="1" colspan="1"><p>343</p></td><td rowspan="1" colspan="1"><p>202511421</p></td><td rowspan="1" colspan="1"><p>Bacharelado</p></td><td rowspan="1" colspan="1"><p>ENGENHARIA CIVIL</p></td><td rowspan="1" colspan="1"><p>4500</p></td><td rowspan="1" colspan="1"><p>UNIVERSIDADE BRASIL -</p></td><td rowspan="1" colspan="1"><p>CEISP SERVICOS EDUCACIONAIS LTDA</p></td></tr><tr><td rowspan="1" colspan="1"><p>344</p></td><td rowspan="1" colspan="1"><p>202508707</p></td><td rowspan="1" colspan="1"><p>Bacharelado</p></td><td rowspan="1" colspan="1"><p>ENGENHARIA DE PRODUÇÃO</p></td><td rowspan="1" colspan="1"><p>25370</p></td><td rowspan="1" colspan="1"><p>UNIVERSIDADE BRASIL -</p></td><td rowspan="1" colspan="1"><p>CEISP SERVICOS EDUCACIONAIS LTDA</p></td></tr><tr><td rowspan="1" colspan="1"><p>345</p></td><td rowspan="1" colspan="1"><p>202508709</p></td><td rowspan="1" colspan="1"><p>Bacharelado</p></td><td rowspan="1" colspan="1"><p>ENGENHARIA ELÉTRICA</p></td><td rowspan="1" colspan="1"><p>5000</p></td><td rowspan="1" colspan="1"><p>UNIVERSIDADE BRASIL -</p></td><td rowspan="1" colspan="1"><p>CEISP SERVICOS EDUCACIONAIS LTDA</p></td></tr><tr><td rowspan="1" colspan="1"><p>346</p></td><td rowspan="1" colspan="1"><p>202508708</p></td><td rowspan="1" colspan="1"><p>Bacharelado</p></td><td rowspan="1" colspan="1"><p>ENGENHARIA MECÂNICA</p></td><td rowspan="1" colspan="1"><p>5000</p></td><td rowspan="1" colspan="1"><p>UNIVERSIDADE BRASIL -</p></td><td rowspan="1" colspan="1"><p>CEISP SERVICOS EDUCACIONAIS LTDA</p></td></tr><tr><td rowspan="1" colspan="1"><p>347</p></td><td rowspan="1" colspan="1"><p>202517410</p></td><td rowspan="1" colspan="1"><p>Tecnológico</p></td><td rowspan="1" colspan="1"><p>ESTÉTICA E COSMÉTICA</p></td><td rowspan="1" colspan="1"><p>4500</p></td><td rowspan="1" colspan="1"><p>UNIVERSIDADE BRASIL -</p></td><td rowspan="1" colspan="1"><p>CEISP SERVICOS EDUCACIONAIS LTDA</p></td></tr><tr><td rowspan="1" colspan="1"><p>348</p></td><td rowspan="1" colspan="1"><p>202517403</p></td><td rowspan="1" colspan="1"><p>Bacharelado</p></td><td rowspan="1" colspan="1"><p>FARMÁCIA</p></td><td rowspan="1" colspan="1"><p>1000</p></td><td rowspan="1" colspan="1"><p>UNIVERSIDADE BRASIL -</p></td><td rowspan="1" colspan="1"><p>CEISP SERVICOS EDUCACIONAIS LTDA</p></td></tr><tr><td rowspan="1" colspan="1"><p>349</p></td><td rowspan="1" colspan="1"><p>202517756</p></td><td rowspan="1" colspan="1"><p>Bacharelado</p></td><td rowspan="1" colspan="1"><p>FISIOTERAPIA</p></td><td rowspan="1" colspan="1"><p>1000</p></td><td rowspan="1" colspan="1"><p>UNIVERSIDADE BRASIL -</p></td><td rowspan="1" colspan="1"><p>CEISP SERVICOS EDUCACIONAIS LTDA</p></td></tr><tr><td rowspan="1" colspan="1"><p>350</p></td><td rowspan="1" colspan="1"><p>202517834</p></td><td rowspan="1" colspan="1"><p>Tecnológico</p></td><td rowspan="1" colspan="1"><p>GESTÃO HOSPITALAR</p></td><td rowspan="1" colspan="1"><p>4500</p></td><td rowspan="1" colspan="1"><p>UNIVERSIDADE BRASIL -</p></td><td rowspan="1" colspan="1"><p>CEISP SERVICOS EDUCACIONAIS LTDA</p></td></tr><tr><td rowspan="1" colspan="1"><p>351</p></td><td rowspan="1" colspan="1"><p>202507665</p></td><td rowspan="1" colspan="1"><p>Licenciatura</p></td><td rowspan="1" colspan="1"><p>HISTÓRIA</p></td><td rowspan="1" colspan="1"><p>4500</p></td><td rowspan="1" colspan="1"><p>UNIVERSIDADE BRASIL -</p></td><td rowspan="1" colspan="1"><p>CEISP SERVICOS EDUCACIONAIS LTDA</p></td></tr><tr><td rowspan="1" colspan="1"><p>352</p></td><td rowspan="1" colspan="1"><p>202517405</p></td><td rowspan="1" colspan="1"><p>Bacharelado</p></td><td rowspan="1" colspan="1"><p>INTERDISCIPLINAR EM SAÚDE</p></td><td rowspan="1" colspan="1"><p>1200</p></td><td rowspan="1" colspan="1"><p>UNIVERSIDADE BRASIL -</p></td><td rowspan="1" colspan="1"><p>CEISP SERVICOS EDUCACIONAIS LTDA</p></td></tr><tr><td rowspan="1" colspan="1"><p>353</p></td><td rowspan="1" colspan="1"><p>202518125</p></td><td rowspan="1" colspan="1"><p>Licenciatura</p></td><td rowspan="1" colspan="1"><p>LETRAS - PORTUGUÊS E INGLÊS</p></td><td rowspan="1" colspan="1"><p>1000</p></td><td rowspan="1" colspan="1"><p>UNIVERSIDADE BRASIL -</p></td><td rowspan="1" colspan="1"><p>CEISP SERVICOS EDUCACIONAIS LTDA</p></td></tr><tr><td rowspan="1" colspan="1"><p>354</p></td><td rowspan="1" colspan="1"><p>202507664</p></td><td rowspan="1" colspan="1"><p>Licenciatura</p></td><td rowspan="1" colspan="1"><p>MATEMÁTICA</p></td><td rowspan="1" colspan="1"><p>4500</p></td><td rowspan="1" colspan="1"><p>UNIVERSIDADE BRASIL -</p></td><td rowspan="1" colspan="1"><p>CEISP SERVICOS EDUCACIONAIS LTDA</p></td></tr><tr><td rowspan="1" colspan="1"><p>355</p></td><td rowspan="1" colspan="1"><p>202507953</p></td><td rowspan="1" colspan="1"><p>Bacharelado</p></td><td rowspan="1" colspan="1"><p>NUTRIÇÃO</p></td><td rowspan="1" colspan="1"><p>1000</p></td><td rowspan="1" colspan="1"><p>UNIVERSIDADE BRASIL -</p></td><td rowspan="1" colspan="1"><p>CEISP SERVICOS EDUCACIONAIS LTDA</p></td></tr><tr><td rowspan="1" colspan="1"><p>356</p></td><td rowspan="1" colspan="1"><p>202517417</p></td><td rowspan="1" colspan="1"><p>Licenciatura</p></td><td rowspan="1" colspan="1"><p>PEDAGOGIA</p></td><td rowspan="1" colspan="1"><p>1000</p></td><td rowspan="1" colspan="1"><p>UNIVERSIDADE BRASIL -</p></td><td rowspan="1" colspan="1"><p>CEISP SERVICOS EDUCACIONAIS LTDA</p></td></tr><tr><td rowspan="1" colspan="1"><p>357</p></td><td rowspan="1" colspan="1"><p>202508217</p></td><td rowspan="1" colspan="1"><p>Bacharelado</p></td><td rowspan="1" colspan="1"><p>BIOMEDICINA</p></td><td rowspan="1" colspan="1"><p>2640</p></td><td rowspan="1" colspan="1"><p>UNIVERSIDADE CANDIDO MENDES - UCAM</p></td><td rowspan="1" colspan="1"><p>ASSOCIACAO SOCIEDADE BRASILEIRA DE INSTRUCAO - EM RECUPERACAO JUDICIAL</p></td></tr><tr><td rowspan="1" colspan="1"><p>358</p></td><td rowspan="1" colspan="1"><p>202508215</p></td><td rowspan="1" colspan="1"><p>Bacharelado</p></td><td rowspan="1" colspan="1"><p>EDUCAÇÃO FÍSICA</p></td><td rowspan="1" colspan="1"><p>2640</p></td><td rowspan="1" colspan="1"><p>UNIVERSIDADE CANDIDO MENDES - UCAM</p></td><td rowspan="1" colspan="1"><p>ASSOCIACAO SOCIEDADE BRASILEIRA DE INSTRUCAO - EM RECUPERACAO JUDICIAL</p></td></tr><tr><td rowspan="1" colspan="1"><p>359</p></td><td rowspan="1" colspan="1"><p>202508957</p></td><td rowspan="1" colspan="1"><p>Bacharelado</p></td><td rowspan="1" colspan="1"><p>ENGENHARIA DE COMPUTAÇÃO</p></td><td rowspan="1" colspan="1"><p>1353</p></td><td rowspan="1" colspan="1"><p>UNIVERSIDADE CANDIDO MENDES - UCAM</p></td><td rowspan="1" colspan="1"><p>ASSOCIACAO SOCIEDADE BRASILEIRA DE INSTRUCAO - EM RECUPERACAO JUDICIAL</p></td></tr><tr><td rowspan="1" colspan="1"><p>360</p></td><td rowspan="1" colspan="1"><p>202508956</p></td><td rowspan="1" colspan="1"><p>Bacharelado</p></td><td rowspan="1" colspan="1"><p>ENGENHARIA DE PRODUÇÃO</p></td><td rowspan="1" colspan="1"><p>2617</p></td><td rowspan="1" colspan="1"><p>UNIVERSIDADE CANDIDO MENDES - UCAM</p></td><td rowspan="1" colspan="1"><p>ASSOCIACAO SOCIEDADE BRASILEIRA DE INSTRUCAO - EM RECUPERACAO JUDICIAL</p></td></tr><tr><td rowspan="1" colspan="1"><p>361</p></td><td rowspan="1" colspan="1"><p>202511807</p></td><td rowspan="1" colspan="1"><p>Tecnológico</p></td><td rowspan="1" colspan="1"><p>ESTÉTICA E COSMÉTICA</p></td><td rowspan="1" colspan="1"><p>2640</p></td><td rowspan="1" colspan="1"><p>UNIVERSIDADE CANDIDO MENDES - UCAM</p></td><td rowspan="1" colspan="1"><p>ASSOCIACAO SOCIEDADE BRASILEIRA DE INSTRUCAO - EM RECUPERACAO JUDICIAL</p></td></tr><tr><td rowspan="1" colspan="1"><p>362</p></td><td rowspan="1" colspan="1"><p>202508216</p></td><td rowspan="1" colspan="1"><p>Bacharelado</p></td><td rowspan="1" colspan="1"><p>FISIOTERAPIA</p></td><td rowspan="1" colspan="1"><p>2640</p></td><td rowspan="1" colspan="1"><p>UNIVERSIDADE CANDIDO MENDES - UCAM</p></td><td rowspan="1" colspan="1"><p>ASSOCIACAO SOCIEDADE BRASILEIRA DE INSTRUCAO - EM RECUPERACAO JUDICIAL</p></td></tr><tr><td rowspan="1" colspan="1"><p>363</p></td><td rowspan="1" colspan="1"><p>202510469</p></td><td rowspan="1" colspan="1"><p>Licenciatura</p></td><td rowspan="1" colspan="1"><p>HISTÓRIA</p></td><td rowspan="1" colspan="1"><p>1650</p></td><td rowspan="1" colspan="1"><p>UNIVERSIDADE CANDIDO MENDES - UCAM</p></td><td rowspan="1" colspan="1"><p>ASSOCIACAO SOCIEDADE BRASILEIRA DE INSTRUCAO - EM RECUPERACAO JUDICIAL</p></td></tr></table>]]></Texto>
  </body>
  <Midias />
</article></xml>