﻿<xml><article id="45406236" name="PARTARIA NA 605 - 11.09.2025_006" idOficio="11278735" pubName="DO1" artType="Portaria" pubDate="12/09/2025" artClass="00025:00046:00000:00000:00000:00000:00000:00000:00000:00000:00054:00000" artCategory="Ministério da Educação/Secretaria de Regulação e Supervisão da Educação Superior" artSize="24" artNotes="" numberPage="40" pdfPage="http://pesquisa.in.gov.br/imprensa/jsp/visualiza/index.jsp?data=12/09/2025&amp;jornal=515&amp;pagina=40" editionNumber="174" highlightType="" highlightPriority="" highlight="" highlightimage="" highlightimagename="" idMateria="23098710">
  <body>
    <Identifica />
    <Data><![CDATA[]]></Data>
    <Ementa />
    <Titulo />
    <SubTitulo />
    <Texto><![CDATA[<p /><p></p><table><tr /><tr><td rowspan="1" colspan="1"><p>402</p></td><td rowspan="1" colspan="1"><p>202509721</p></td><td rowspan="1" colspan="1"><p>Licenciatura</p></td><td rowspan="1" colspan="1"><p>CIÊNCIAS BIOLÓGICAS</p></td><td rowspan="1" colspan="1"><p>100</p></td><td rowspan="1" colspan="1"><p>CENTRO UNIVERSITARIO CATOLICO ITALO BRASILEIRO - UNIÍTALO</p></td><td rowspan="1" colspan="1"><p>INSTITUICAO EDUCACIONAL PROFESSOR PASQUALE CASCINO</p></td></tr><tr><td rowspan="1" colspan="1"><p>403</p></td><td rowspan="1" colspan="1"><p>202516056</p></td><td rowspan="1" colspan="1"><p>Licenciatura</p></td><td rowspan="1" colspan="1"><p>CIÊNCIAS DA RELIGIÃO</p></td><td rowspan="1" colspan="1"><p>800</p></td><td rowspan="1" colspan="1"><p>CENTRO UNIVERSITARIO CATOLICO ITALO BRASILEIRO - UNIÍTALO</p></td><td rowspan="1" colspan="1"><p>INSTITUICAO EDUCACIONAL PROFESSOR PASQUALE CASCINO</p></td></tr><tr><td rowspan="1" colspan="1"><p>404</p></td><td rowspan="1" colspan="1"><p>202516049</p></td><td rowspan="1" colspan="1"><p>Licenciatura</p></td><td rowspan="1" colspan="1"><p>EDUCAÇÃO ESPECIAL</p></td><td rowspan="1" colspan="1"><p>4000</p></td><td rowspan="1" colspan="1"><p>CENTRO UNIVERSITARIO CATOLICO ITALO BRASILEIRO - UNIÍTALO</p></td><td rowspan="1" colspan="1"><p>INSTITUICAO EDUCACIONAL PROFESSOR PASQUALE CASCINO</p></td></tr><tr><td rowspan="1" colspan="1"><p>405</p></td><td rowspan="1" colspan="1"><p>202507915</p></td><td rowspan="1" colspan="1"><p>Bacharelado</p></td><td rowspan="1" colspan="1"><p>EDUCAÇÃO FÍSICA</p></td><td rowspan="1" colspan="1"><p>100</p></td><td rowspan="1" colspan="1"><p>CENTRO UNIVERSITARIO CATOLICO ITALO BRASILEIRO - UNIÍTALO</p></td><td rowspan="1" colspan="1"><p>INSTITUICAO EDUCACIONAL PROFESSOR PASQUALE CASCINO</p></td></tr><tr><td rowspan="1" colspan="1"><p>406</p></td><td rowspan="1" colspan="1"><p>202515039</p></td><td rowspan="1" colspan="1"><p>Bacharelado</p></td><td rowspan="1" colspan="1"><p>EDUCAÇÃO FÍSICA</p></td><td rowspan="1" colspan="1"><p>800</p></td><td rowspan="1" colspan="1"><p>CENTRO UNIVERSITARIO CATOLICO ITALO BRASILEIRO - UNIÍTALO</p></td><td rowspan="1" colspan="1"><p>INSTITUICAO EDUCACIONAL PROFESSOR PASQUALE CASCINO</p></td></tr><tr><td rowspan="1" colspan="1"><p>407</p></td><td rowspan="1" colspan="1"><p>202515041</p></td><td rowspan="1" colspan="1"><p>Bacharelado</p></td><td rowspan="1" colspan="1"><p>EDUCAÇÃO FÍSICA</p></td><td rowspan="1" colspan="1"><p>1600</p></td><td rowspan="1" colspan="1"><p>CENTRO UNIVERSITARIO CATOLICO ITALO BRASILEIRO - UNIÍTALO</p></td><td rowspan="1" colspan="1"><p>INSTITUICAO EDUCACIONAL PROFESSOR PASQUALE CASCINO</p></td></tr><tr><td rowspan="1" colspan="1"><p>408</p></td><td rowspan="1" colspan="1"><p>202516048</p></td><td rowspan="1" colspan="1"><p>Licenciatura</p></td><td rowspan="1" colspan="1"><p>EDUCAÇÃO FÍSICA</p></td><td rowspan="1" colspan="1"><p>6000</p></td><td rowspan="1" colspan="1"><p>CENTRO UNIVERSITARIO CATOLICO ITALO BRASILEIRO - UNIÍTALO</p></td><td rowspan="1" colspan="1"><p>INSTITUICAO EDUCACIONAL PROFESSOR PASQUALE CASCINO</p></td></tr><tr><td rowspan="1" colspan="1"><p>409</p></td><td rowspan="1" colspan="1"><p>202516051</p></td><td rowspan="1" colspan="1"><p>Licenciatura</p></td><td rowspan="1" colspan="1"><p>EDUCAÇÃO FÍSICA</p></td><td rowspan="1" colspan="1"><p>1600</p></td><td rowspan="1" colspan="1"><p>CENTRO UNIVERSITARIO CATOLICO ITALO BRASILEIRO - UNIÍTALO</p></td><td rowspan="1" colspan="1"><p>INSTITUICAO EDUCACIONAL PROFESSOR PASQUALE CASCINO</p></td></tr><tr><td rowspan="1" colspan="1"><p>410</p></td><td rowspan="1" colspan="1"><p>202516914</p></td><td rowspan="1" colspan="1"><p>Bacharelado</p></td><td rowspan="1" colspan="1"><p>ENGENHARIA AERONÁUTICA</p></td><td rowspan="1" colspan="1"><p>2000</p></td><td rowspan="1" colspan="1"><p>CENTRO UNIVERSITARIO CATOLICO ITALO BRASILEIRO - UNIÍTALO</p></td><td rowspan="1" colspan="1"><p>INSTITUICAO EDUCACIONAL PROFESSOR PASQUALE CASCINO</p></td></tr><tr><td rowspan="1" colspan="1"><p>411</p></td><td rowspan="1" colspan="1"><p>202515878</p></td><td rowspan="1" colspan="1"><p>Bacharelado</p></td><td rowspan="1" colspan="1"><p>ENGENHARIA AGRONÔMICA</p></td><td rowspan="1" colspan="1"><p>500</p></td><td rowspan="1" colspan="1"><p>CENTRO UNIVERSITARIO CATOLICO ITALO BRASILEIRO - UNIÍTALO</p></td><td rowspan="1" colspan="1"><p>INSTITUICAO EDUCACIONAL PROFESSOR PASQUALE CASCINO</p></td></tr><tr><td rowspan="1" colspan="1"><p>412</p></td><td rowspan="1" colspan="1"><p>202511517</p></td><td rowspan="1" colspan="1"><p>Bacharelado</p></td><td rowspan="1" colspan="1"><p>ENGENHARIA CIVIL</p></td><td rowspan="1" colspan="1"><p>200</p></td><td rowspan="1" colspan="1"><p>CENTRO UNIVERSITARIO CATOLICO ITALO BRASILEIRO - UNIÍTALO</p></td><td rowspan="1" colspan="1"><p>INSTITUICAO EDUCACIONAL PROFESSOR PASQUALE CASCINO</p></td></tr><tr><td rowspan="1" colspan="1"><p>413</p></td><td rowspan="1" colspan="1"><p>202516917</p></td><td rowspan="1" colspan="1"><p>Bacharelado</p></td><td rowspan="1" colspan="1"><p>ENGENHARIA CIVIL</p></td><td rowspan="1" colspan="1"><p>500</p></td><td rowspan="1" colspan="1"><p>CENTRO UNIVERSITARIO CATOLICO ITALO BRASILEIRO - UNIÍTALO</p></td><td rowspan="1" colspan="1"><p>INSTITUICAO EDUCACIONAL PROFESSOR PASQUALE CASCINO</p></td></tr><tr><td rowspan="1" colspan="1"><p>414</p></td><td rowspan="1" colspan="1"><p>202516923</p></td><td rowspan="1" colspan="1"><p>Bacharelado</p></td><td rowspan="1" colspan="1"><p>ENGENHARIA CIVIL</p></td><td rowspan="1" colspan="1"><p>500</p></td><td rowspan="1" colspan="1"><p>CENTRO UNIVERSITARIO CATOLICO ITALO BRASILEIRO - UNIÍTALO</p></td><td rowspan="1" colspan="1"><p>INSTITUICAO EDUCACIONAL PROFESSOR PASQUALE CASCINO</p></td></tr><tr><td rowspan="1" colspan="1"><p>415</p></td><td rowspan="1" colspan="1"><p>202516913</p></td><td rowspan="1" colspan="1"><p>Bacharelado</p></td><td rowspan="1" colspan="1"><p>ENGENHARIA DE CONTROLE E AUTOMAÇÃO</p></td><td rowspan="1" colspan="1"><p>500</p></td><td rowspan="1" colspan="1"><p>CENTRO UNIVERSITARIO CATOLICO ITALO BRASILEIRO - UNIÍTALO</p></td><td rowspan="1" colspan="1"><p>INSTITUICAO EDUCACIONAL PROFESSOR PASQUALE CASCINO</p></td></tr><tr><td rowspan="1" colspan="1"><p>416</p></td><td rowspan="1" colspan="1"><p>202511516</p></td><td rowspan="1" colspan="1"><p>Bacharelado</p></td><td rowspan="1" colspan="1"><p>ENGENHARIA DE PRODUÇÃO</p></td><td rowspan="1" colspan="1"><p>100</p></td><td rowspan="1" colspan="1"><p>CENTRO UNIVERSITARIO CATOLICO ITALO BRASILEIRO - UNIÍTALO</p></td><td rowspan="1" colspan="1"><p>INSTITUICAO EDUCACIONAL PROFESSOR PASQUALE CASCINO</p></td></tr><tr><td rowspan="1" colspan="1"><p>417</p></td><td rowspan="1" colspan="1"><p>202516918</p></td><td rowspan="1" colspan="1"><p>Bacharelado</p></td><td rowspan="1" colspan="1"><p>ENGENHARIA DE PRODUÇÃO</p></td><td rowspan="1" colspan="1"><p>1200</p></td><td rowspan="1" colspan="1"><p>CENTRO UNIVERSITARIO CATOLICO ITALO BRASILEIRO - UNIÍTALO</p></td><td rowspan="1" colspan="1"><p>INSTITUICAO EDUCACIONAL PROFESSOR PASQUALE CASCINO</p></td></tr><tr><td rowspan="1" colspan="1"><p>418</p></td><td rowspan="1" colspan="1"><p>202516919</p></td><td rowspan="1" colspan="1"><p>Bacharelado</p></td><td rowspan="1" colspan="1"><p>ENGENHARIA DE PRODUÇÃO</p></td><td rowspan="1" colspan="1"><p>2000</p></td><td rowspan="1" colspan="1"><p>CENTRO UNIVERSITARIO CATOLICO ITALO BRASILEIRO - UNIÍTALO</p></td><td rowspan="1" colspan="1"><p>INSTITUICAO EDUCACIONAL PROFESSOR PASQUALE CASCINO</p></td></tr><tr><td rowspan="1" colspan="1"><p>419</p></td><td rowspan="1" colspan="1"><p>202516920</p></td><td rowspan="1" colspan="1"><p>Bacharelado</p></td><td rowspan="1" colspan="1"><p>ENGENHARIA DE PRODUÇÃO</p></td><td rowspan="1" colspan="1"><p>500</p></td><td rowspan="1" colspan="1"><p>CENTRO UNIVERSITARIO CATOLICO ITALO BRASILEIRO - UNIÍTALO</p></td><td rowspan="1" colspan="1"><p>INSTITUICAO EDUCACIONAL PROFESSOR PASQUALE CASCINO</p></td></tr><tr><td rowspan="1" colspan="1"><p>420</p></td><td rowspan="1" colspan="1"><p>202511518</p></td><td rowspan="1" colspan="1"><p>Bacharelado</p></td><td rowspan="1" colspan="1"><p>ENGENHARIA ELÉTRICA</p></td><td rowspan="1" colspan="1"><p>200</p></td><td rowspan="1" colspan="1"><p>CENTRO UNIVERSITARIO CATOLICO ITALO BRASILEIRO - UNIÍTALO</p></td><td rowspan="1" colspan="1"><p>INSTITUICAO EDUCACIONAL PROFESSOR PASQUALE CASCINO</p></td></tr><tr><td rowspan="1" colspan="1"><p>421</p></td><td rowspan="1" colspan="1"><p>202516912</p></td><td rowspan="1" colspan="1"><p>Bacharelado</p></td><td rowspan="1" colspan="1"><p>ENGENHARIA ELÉTRICA</p></td><td rowspan="1" colspan="1"><p>500</p></td><td rowspan="1" colspan="1"><p>CENTRO UNIVERSITARIO CATOLICO ITALO BRASILEIRO - UNIÍTALO</p></td><td rowspan="1" colspan="1"><p>INSTITUICAO EDUCACIONAL PROFESSOR PASQUALE CASCINO</p></td></tr><tr><td rowspan="1" colspan="1"><p>422</p></td><td rowspan="1" colspan="1"><p>202516916</p></td><td rowspan="1" colspan="1"><p>Bacharelado</p></td><td rowspan="1" colspan="1"><p>ENGENHARIA ELÉTRICA</p></td><td rowspan="1" colspan="1"><p>500</p></td><td rowspan="1" colspan="1"><p>CENTRO UNIVERSITARIO CATOLICO ITALO BRASILEIRO - UNIÍTALO</p></td><td rowspan="1" colspan="1"><p>INSTITUICAO EDUCACIONAL PROFESSOR PASQUALE CASCINO</p></td></tr><tr><td rowspan="1" colspan="1"><p>423</p></td><td rowspan="1" colspan="1"><p>202511519</p></td><td rowspan="1" colspan="1"><p>Bacharelado</p></td><td rowspan="1" colspan="1"><p>ENGENHARIA MECÂNICA</p></td><td rowspan="1" colspan="1"><p>200</p></td><td rowspan="1" colspan="1"><p>CENTRO UNIVERSITARIO CATOLICO ITALO BRASILEIRO - UNIÍTALO</p></td><td rowspan="1" colspan="1"><p>INSTITUICAO EDUCACIONAL PROFESSOR PASQUALE CASCINO</p></td></tr><tr><td rowspan="1" colspan="1"><p>424</p></td><td rowspan="1" colspan="1"><p>202516915</p></td><td rowspan="1" colspan="1"><p>Bacharelado</p></td><td rowspan="1" colspan="1"><p>ENGENHARIA MECÂNICA</p></td><td rowspan="1" colspan="1"><p>500</p></td><td rowspan="1" colspan="1"><p>CENTRO UNIVERSITARIO CATOLICO ITALO BRASILEIRO - UNIÍTALO</p></td><td rowspan="1" colspan="1"><p>INSTITUICAO EDUCACIONAL PROFESSOR PASQUALE CASCINO</p></td></tr><tr><td rowspan="1" colspan="1"><p>425</p></td><td rowspan="1" colspan="1"><p>202516922</p></td><td rowspan="1" colspan="1"><p>Bacharelado</p></td><td rowspan="1" colspan="1"><p>ENGENHARIA MECÂNICA</p></td><td rowspan="1" colspan="1"><p>500</p></td><td rowspan="1" colspan="1"><p>CENTRO UNIVERSITARIO CATOLICO ITALO BRASILEIRO - UNIÍTALO</p></td><td rowspan="1" colspan="1"><p>INSTITUICAO EDUCACIONAL PROFESSOR PASQUALE CASCINO</p></td></tr><tr><td rowspan="1" colspan="1"><p>426</p></td><td rowspan="1" colspan="1"><p>202516939</p></td><td rowspan="1" colspan="1"><p>Tecnológico</p></td><td rowspan="1" colspan="1"><p>ESTÉTICA E COSMÉTICA</p></td><td rowspan="1" colspan="1"><p>400</p></td><td rowspan="1" colspan="1"><p>CENTRO UNIVERSITARIO CATOLICO ITALO BRASILEIRO - UNIÍTALO</p></td><td rowspan="1" colspan="1"><p>INSTITUICAO EDUCACIONAL PROFESSOR PASQUALE CASCINO</p></td></tr><tr><td rowspan="1" colspan="1"><p>427</p></td><td rowspan="1" colspan="1"><p>202516940</p></td><td rowspan="1" colspan="1"><p>Tecnológico</p></td><td rowspan="1" colspan="1"><p>ESTÉTICA E COSMÉTICA</p></td><td rowspan="1" colspan="1"><p>400</p></td><td rowspan="1" colspan="1"><p>CENTRO UNIVERSITARIO CATOLICO ITALO BRASILEIRO - UNIÍTALO</p></td><td rowspan="1" colspan="1"><p>INSTITUICAO EDUCACIONAL PROFESSOR PASQUALE CASCINO</p></td></tr><tr><td rowspan="1" colspan="1"><p>428</p></td><td rowspan="1" colspan="1"><p>202516941</p></td><td rowspan="1" colspan="1"><p>Tecnológico</p></td><td rowspan="1" colspan="1"><p>ESTÉTICA E COSMÉTICA</p></td><td rowspan="1" colspan="1"><p>200</p></td><td rowspan="1" colspan="1"><p>CENTRO UNIVERSITARIO CATOLICO ITALO BRASILEIRO - UNIÍTALO</p></td><td rowspan="1" colspan="1"><p>INSTITUICAO EDUCACIONAL PROFESSOR PASQUALE CASCINO</p></td></tr><tr><td rowspan="1" colspan="1"><p>429</p></td><td rowspan="1" colspan="1"><p>202516942</p></td><td rowspan="1" colspan="1"><p>Tecnológico</p></td><td rowspan="1" colspan="1"><p>ESTÉTICA E COSMÉTICA</p></td><td rowspan="1" colspan="1"><p>400</p></td><td rowspan="1" colspan="1"><p>CENTRO UNIVERSITARIO CATOLICO ITALO BRASILEIRO - UNIÍTALO</p></td><td rowspan="1" colspan="1"><p>INSTITUICAO EDUCACIONAL PROFESSOR PASQUALE CASCINO</p></td></tr><tr><td rowspan="1" colspan="1"><p>430</p></td><td rowspan="1" colspan="1"><p>202516943</p></td><td rowspan="1" colspan="1"><p>Tecnológico</p></td><td rowspan="1" colspan="1"><p>ESTÉTICA E COSMÉTICA</p></td><td rowspan="1" colspan="1"><p>400</p></td><td rowspan="1" colspan="1"><p>CENTRO UNIVERSITARIO CATOLICO ITALO BRASILEIRO - UNIÍTALO</p></td><td rowspan="1" colspan="1"><p>INSTITUICAO EDUCACIONAL PROFESSOR PASQUALE CASCINO</p></td></tr><tr><td rowspan="1" colspan="1"><p>431</p></td><td rowspan="1" colspan="1"><p>202507911</p></td><td rowspan="1" colspan="1"><p>Bacharelado</p></td><td rowspan="1" colspan="1"><p>FARMÁCIA</p></td><td rowspan="1" colspan="1"><p>200</p></td><td rowspan="1" colspan="1"><p>CENTRO UNIVERSITARIO CATOLICO ITALO BRASILEIRO - UNIÍTALO</p></td><td rowspan="1" colspan="1"><p>INSTITUICAO EDUCACIONAL PROFESSOR PASQUALE CASCINO</p></td></tr><tr><td rowspan="1" colspan="1"><p>432</p></td><td rowspan="1" colspan="1"><p>202515042</p></td><td rowspan="1" colspan="1"><p>Bacharelado</p></td><td rowspan="1" colspan="1"><p>FARMÁCIA</p></td><td rowspan="1" colspan="1"><p>500</p></td><td rowspan="1" colspan="1"><p>CENTRO UNIVERSITARIO CATOLICO ITALO BRASILEIRO - UNIÍTALO</p></td><td rowspan="1" colspan="1"><p>INSTITUICAO EDUCACIONAL PROFESSOR PASQUALE CASCINO</p></td></tr><tr><td rowspan="1" colspan="1"><p>433</p></td><td rowspan="1" colspan="1"><p>202515043</p></td><td rowspan="1" colspan="1"><p>Bacharelado</p></td><td rowspan="1" colspan="1"><p>FARMÁCIA</p></td><td rowspan="1" colspan="1"><p>1000</p></td><td rowspan="1" colspan="1"><p>CENTRO UNIVERSITARIO CATOLICO ITALO BRASILEIRO - UNIÍTALO</p></td><td rowspan="1" colspan="1"><p>INSTITUICAO EDUCACIONAL PROFESSOR PASQUALE CASCINO</p></td></tr><tr><td rowspan="1" colspan="1"><p>434</p></td><td rowspan="1" colspan="1"><p>202509722</p></td><td rowspan="1" colspan="1"><p>Licenciatura</p></td><td rowspan="1" colspan="1"><p>FILOSOFIA</p></td><td rowspan="1" colspan="1"><p>200</p></td><td rowspan="1" colspan="1"><p>CENTRO UNIVERSITARIO CATOLICO ITALO BRASILEIRO - UNIÍTALO</p></td><td rowspan="1" colspan="1"><p>INSTITUICAO EDUCACIONAL PROFESSOR PASQUALE CASCINO</p></td></tr><tr><td rowspan="1" colspan="1"><p>435</p></td><td rowspan="1" colspan="1"><p>202509726</p></td><td rowspan="1" colspan="1"><p>Licenciatura</p></td><td rowspan="1" colspan="1"><p>FÍSICA</p></td><td rowspan="1" colspan="1"><p>100</p></td><td rowspan="1" colspan="1"><p>CENTRO UNIVERSITARIO CATOLICO ITALO BRASILEIRO - UNIÍTALO</p></td><td rowspan="1" colspan="1"><p>INSTITUICAO EDUCACIONAL PROFESSOR PASQUALE CASCINO</p></td></tr><tr><td rowspan="1" colspan="1"><p>436</p></td><td rowspan="1" colspan="1"><p>202507912</p></td><td rowspan="1" colspan="1"><p>Bacharelado</p></td><td rowspan="1" colspan="1"><p>FISIOTERAPIA</p></td><td rowspan="1" colspan="1"><p>200</p></td><td rowspan="1" colspan="1"><p>CENTRO UNIVERSITARIO CATOLICO ITALO BRASILEIRO - UNIÍTALO</p></td><td rowspan="1" colspan="1"><p>INSTITUICAO EDUCACIONAL PROFESSOR PASQUALE CASCINO</p></td></tr><tr><td rowspan="1" colspan="1"><p>437</p></td><td rowspan="1" colspan="1"><p>202507913</p></td><td rowspan="1" colspan="1"><p>Bacharelado</p></td><td rowspan="1" colspan="1"><p>FISIOTERAPIA</p></td><td rowspan="1" colspan="1"><p>100</p></td><td rowspan="1" colspan="1"><p>CENTRO UNIVERSITARIO CATOLICO ITALO BRASILEIRO - UNIÍTALO</p></td><td rowspan="1" colspan="1"><p>INSTITUICAO EDUCACIONAL PROFESSOR PASQUALE CASCINO</p></td></tr><tr><td rowspan="1" colspan="1"><p>438</p></td><td rowspan="1" colspan="1"><p>202515044</p></td><td rowspan="1" colspan="1"><p>Bacharelado</p></td><td rowspan="1" colspan="1"><p>FISIOTERAPIA</p></td><td rowspan="1" colspan="1"><p>1000</p></td><td rowspan="1" colspan="1"><p>CENTRO UNIVERSITARIO CATOLICO ITALO BRASILEIRO - UNIÍTALO</p></td><td rowspan="1" colspan="1"><p>INSTITUICAO EDUCACIONAL PROFESSOR PASQUALE CASCINO</p></td></tr><tr><td rowspan="1" colspan="1"><p>439</p></td><td rowspan="1" colspan="1"><p>202509725</p></td><td rowspan="1" colspan="1"><p>Licenciatura</p></td><td rowspan="1" colspan="1"><p>GEOGRAFIA</p></td><td rowspan="1" colspan="1"><p>1000</p></td><td rowspan="1" colspan="1"><p>CENTRO UNIVERSITARIO CATOLICO ITALO BRASILEIRO - UNIÍTALO</p></td><td rowspan="1" colspan="1"><p>INSTITUICAO EDUCACIONAL PROFESSOR PASQUALE CASCINO</p></td></tr><tr><td rowspan="1" colspan="1"><p>440</p></td><td rowspan="1" colspan="1"><p>202516911</p></td><td rowspan="1" colspan="1"><p>Tecnológico</p></td><td rowspan="1" colspan="1"><p>GESTÃO AMBIENTAL</p></td><td rowspan="1" colspan="1"><p>8000</p></td><td rowspan="1" colspan="1"><p>CENTRO UNIVERSITARIO CATOLICO ITALO BRASILEIRO - UNIÍTALO</p></td><td rowspan="1" colspan="1"><p>INSTITUICAO EDUCACIONAL PROFESSOR PASQUALE CASCINO</p></td></tr><tr><td rowspan="1" colspan="1"><p>441</p></td><td rowspan="1" colspan="1"><p>202511577</p></td><td rowspan="1" colspan="1"><p>Tecnológico</p></td><td rowspan="1" colspan="1"><p>GESTÃO HOSPITALAR</p></td><td rowspan="1" colspan="1"><p>200</p></td><td rowspan="1" colspan="1"><p>CENTRO UNIVERSITARIO CATOLICO ITALO BRASILEIRO - UNIÍTALO</p></td><td rowspan="1" colspan="1"><p>INSTITUICAO EDUCACIONAL PROFESSOR PASQUALE CASCINO</p></td></tr><tr><td rowspan="1" colspan="1"><p>442</p></td><td rowspan="1" colspan="1"><p>202509718</p></td><td rowspan="1" colspan="1"><p>Licenciatura</p></td><td rowspan="1" colspan="1"><p>HISTÓRIA</p></td><td rowspan="1" colspan="1"><p>1000</p></td><td rowspan="1" colspan="1"><p>CENTRO UNIVERSITARIO CATOLICO ITALO BRASILEIRO - UNIÍTALO</p></td><td rowspan="1" colspan="1"><p>INSTITUICAO EDUCACIONAL PROFESSOR PASQUALE CASCINO</p></td></tr><tr><td rowspan="1" colspan="1"><p>443</p></td><td rowspan="1" colspan="1"><p>202509724</p></td><td rowspan="1" colspan="1"><p>Licenciatura</p></td><td rowspan="1" colspan="1"><p>LETRAS - PORTUGUÊS</p></td><td rowspan="1" colspan="1"><p>100</p></td><td rowspan="1" colspan="1"><p>CENTRO UNIVERSITARIO CATOLICO ITALO BRASILEIRO - UNIÍTALO</p></td><td rowspan="1" colspan="1"><p>INSTITUICAO EDUCACIONAL PROFESSOR PASQUALE CASCINO</p></td></tr><tr><td rowspan="1" colspan="1"><p>444</p></td><td rowspan="1" colspan="1"><p>202516054</p></td><td rowspan="1" colspan="1"><p>Licenciatura</p></td><td rowspan="1" colspan="1"><p>LETRAS - PORTUGUÊS E ESPANHOL</p></td><td rowspan="1" colspan="1"><p>800</p></td><td rowspan="1" colspan="1"><p>CENTRO UNIVERSITARIO CATOLICO ITALO BRASILEIRO - UNIÍTALO</p></td><td rowspan="1" colspan="1"><p>INSTITUICAO EDUCACIONAL PROFESSOR PASQUALE CASCINO</p></td></tr><tr><td rowspan="1" colspan="1"><p>445</p></td><td rowspan="1" colspan="1"><p>202516055</p></td><td rowspan="1" colspan="1"><p>Licenciatura</p></td><td rowspan="1" colspan="1"><p>LETRAS - PORTUGUÊS E INGLÊS</p></td><td rowspan="1" colspan="1"><p>800</p></td><td rowspan="1" colspan="1"><p>CENTRO UNIVERSITARIO CATOLICO ITALO BRASILEIRO - UNIÍTALO</p></td><td rowspan="1" colspan="1"><p>INSTITUICAO EDUCACIONAL PROFESSOR PASQUALE CASCINO</p></td></tr><tr><td rowspan="1" colspan="1"><p>446</p></td><td rowspan="1" colspan="1"><p>202509723</p></td><td rowspan="1" colspan="1"><p>Licenciatura</p></td><td rowspan="1" colspan="1"><p>MATEMÁTICA</p></td><td rowspan="1" colspan="1"><p>1000</p></td><td rowspan="1" colspan="1"><p>CENTRO UNIVERSITARIO CATOLICO ITALO BRASILEIRO - UNIÍTALO</p></td><td rowspan="1" colspan="1"><p>INSTITUICAO EDUCACIONAL PROFESSOR PASQUALE CASCINO</p></td></tr><tr><td rowspan="1" colspan="1"><p>447</p></td><td rowspan="1" colspan="1"><p>202509402</p></td><td rowspan="1" colspan="1"><p>Bacharelado</p></td><td rowspan="1" colspan="1"><p>MEDICINA VETERINÁRIA</p></td><td rowspan="1" colspan="1"><p>200</p></td><td rowspan="1" colspan="1"><p>CENTRO UNIVERSITARIO CATOLICO ITALO BRASILEIRO - UNIÍTALO</p></td><td rowspan="1" colspan="1"><p>INSTITUICAO EDUCACIONAL PROFESSOR PASQUALE CASCINO</p></td></tr><tr><td rowspan="1" colspan="1"><p>448</p></td><td rowspan="1" colspan="1"><p>202515879</p></td><td rowspan="1" colspan="1"><p>Bacharelado</p></td><td rowspan="1" colspan="1"><p>MEDICINA VETERINÁRIA</p></td><td rowspan="1" colspan="1"><p>500</p></td><td rowspan="1" colspan="1"><p>CENTRO UNIVERSITARIO CATOLICO ITALO BRASILEIRO - UNIÍTALO</p></td><td rowspan="1" colspan="1"><p>INSTITUICAO EDUCACIONAL PROFESSOR PASQUALE CASCINO</p></td></tr><tr><td rowspan="1" colspan="1"><p>449</p></td><td rowspan="1" colspan="1"><p>202516052</p></td><td rowspan="1" colspan="1"><p>Licenciatura</p></td><td rowspan="1" colspan="1"><p>MÚSICA</p></td><td rowspan="1" colspan="1"><p>800</p></td><td rowspan="1" colspan="1"><p>CENTRO UNIVERSITARIO CATOLICO ITALO BRASILEIRO - UNIÍTALO</p></td><td rowspan="1" colspan="1"><p>INSTITUICAO EDUCACIONAL PROFESSOR PASQUALE CASCINO</p></td></tr><tr><td rowspan="1" colspan="1"><p>450</p></td><td rowspan="1" colspan="1"><p>202507916</p></td><td rowspan="1" colspan="1"><p>Bacharelado</p></td><td rowspan="1" colspan="1"><p>NUTRIÇÃO</p></td><td rowspan="1" colspan="1"><p>100</p></td><td rowspan="1" colspan="1"><p>CENTRO UNIVERSITARIO CATOLICO ITALO BRASILEIRO - UNIÍTALO</p></td><td rowspan="1" colspan="1"><p>INSTITUICAO EDUCACIONAL PROFESSOR PASQUALE CASCINO</p></td></tr><tr><td rowspan="1" colspan="1"><p>451</p></td><td rowspan="1" colspan="1"><p>202515040</p></td><td rowspan="1" colspan="1"><p>Bacharelado</p></td><td rowspan="1" colspan="1"><p>NUTRIÇÃO</p></td><td rowspan="1" colspan="1"><p>1600</p></td><td rowspan="1" colspan="1"><p>CENTRO UNIVERSITARIO CATOLICO ITALO BRASILEIRO - UNIÍTALO</p></td><td rowspan="1" colspan="1"><p>INSTITUICAO EDUCACIONAL PROFESSOR PASQUALE CASCINO</p></td></tr><tr><td rowspan="1" colspan="1"><p>452</p></td><td rowspan="1" colspan="1"><p>202509719</p></td><td rowspan="1" colspan="1"><p>Licenciatura</p></td><td rowspan="1" colspan="1"><p>PEDAGOGIA</p></td><td rowspan="1" colspan="1"><p>1000</p></td><td rowspan="1" colspan="1"><p>CENTRO UNIVERSITARIO CATOLICO ITALO BRASILEIRO - UNIÍTALO</p></td><td rowspan="1" colspan="1"><p>INSTITUICAO EDUCACIONAL PROFESSOR PASQUALE CASCINO</p></td></tr><tr><td rowspan="1" colspan="1"><p>453</p></td><td rowspan="1" colspan="1"><p>202516050</p></td><td rowspan="1" colspan="1"><p>Licenciatura</p></td><td rowspan="1" colspan="1"><p>PEDAGOGIA</p></td><td rowspan="1" colspan="1"><p>800</p></td><td rowspan="1" colspan="1"><p>CENTRO UNIVERSITARIO CATOLICO ITALO BRASILEIRO - UNIÍTALO</p></td><td rowspan="1" colspan="1"><p>INSTITUICAO EDUCACIONAL PROFESSOR PASQUALE CASCINO</p></td></tr><tr><td rowspan="1" colspan="1"><p>454</p></td><td rowspan="1" colspan="1"><p>202515045</p></td><td rowspan="1" colspan="1"><p>Tecnológico</p></td><td rowspan="1" colspan="1"><p>RADIOLOGIA</p></td><td rowspan="1" colspan="1"><p>600</p></td><td rowspan="1" colspan="1"><p>CENTRO UNIVERSITARIO CATOLICO ITALO BRASILEIRO - UNIÍTALO</p></td><td rowspan="1" colspan="1"><p>INSTITUICAO EDUCACIONAL PROFESSOR PASQUALE CASCINO</p></td></tr><tr><td rowspan="1" colspan="1"><p>455</p></td><td rowspan="1" colspan="1"><p>202507914</p></td><td rowspan="1" colspan="1"><p>Bacharelado</p></td><td rowspan="1" colspan="1"><p>SERVIÇO SOCIAL</p></td><td rowspan="1" colspan="1"><p>100</p></td><td rowspan="1" colspan="1"><p>CENTRO UNIVERSITARIO CATOLICO ITALO BRASILEIRO - UNIÍTALO</p></td><td rowspan="1" colspan="1"><p>INSTITUICAO EDUCACIONAL PROFESSOR PASQUALE CASCINO</p></td></tr><tr><td rowspan="1" colspan="1"><p>456</p></td><td rowspan="1" colspan="1"><p>202516053</p></td><td rowspan="1" colspan="1"><p>Licenciatura</p></td><td rowspan="1" colspan="1"><p>TEATRO</p></td><td rowspan="1" colspan="1"><p>800</p></td><td rowspan="1" colspan="1"><p>CENTRO UNIVERSITARIO CATOLICO ITALO BRASILEIRO - UNIÍTALO</p></td><td rowspan="1" colspan="1"><p>INSTITUICAO EDUCACIONAL PROFESSOR PASQUALE CASCINO</p></td></tr></table>]]></Texto>
  </body>
  <Midias />
</article></xml>