﻿<xml><article id="45415673" name="ATA 32 - 2C_006" idOficio="11280638" pubName="DO1" artType="Ata" pubDate="12/09/2025" artClass="00067:00013:00000:00000:00000:00000:00000:00000:00000:00000:00005:00000" artCategory="Tribunal de Contas da União/2ª Câmara" artSize="12" artNotes="" numberPage="225" pdfPage="http://pesquisa.in.gov.br/imprensa/jsp/visualiza/index.jsp?data=12/09/2025&amp;jornal=515&amp;pagina=225" editionNumber="174" highlightType="" highlightPriority="" highlight="" highlightimage="" highlightimagename="" idMateria="23101840">
  <body>
    <Identifica />
    <Data><![CDATA[]]></Data>
    <Ementa />
    <Titulo />
    <SubTitulo />
    <Texto><![CDATA[<p>1.7.1.2. dê ciência do inteiro teor desta Deliberação à interessada, alertando-a de que o efeito suspensivo proveniente da interposição de possíveis recursos perante o TCU não a exime da devolução dos valores percebidos indevidamente após a respectiva notificação, caso os recursos não sejam providos, encaminhando a este Tribunal, no prazo de 30 (trinta) dias, comprovante da referida ciência, na forma prevista no art. 21, inciso I, da IN/TCU 78/2018.</p><p>ACÓRDÃO Nº 5512/2025 - TCU - 2ª Câmara</p><p>VISTOS e relacionados estes autos de ato de aposentadoria em favor do Sr. Marcilio de Oliveira Lopes, emitido pelo Tribunal Regional do Trabalho da 3ª Região e submetido a este Tribunal para fins de registro;</p><p>Considerando que as análises empreendidas na fase de instrução revelam a irregularidade caracterizada pela inclusão nos proventos da vantagem "opção" oriunda do art. 193 da Lei 8.112/1990, benefício não aplicável aos servidores que implementaram o direito à aposentadoria após a publicação da Emenda Constitucional 20/1998 (16/12/1998), além da percepção cumulativa das vantagens "opção" e "quintos/décimos", em contrariedade ao disposto no art. 193, § 2º, da Lei 8.112/1990;</p><p>Considerando que o pagamento dessa vantagem proporcionou acréscimo aos proventos de aposentadoria em relação à última remuneração contributiva da atividade, o que estaria em desacordo com o disposto no art. 40, caput e § 2º, da Constituição Federal, com a redação conferida pela EC 20/1998;</p><p>Considerando que, no caso concreto, o direito à aposentadoria foi implementado após 16/12/1998;</p><p>Considerando que a irregularidade em questão é objeto de jurisprudência pacificada nesta Corte de Contas, tendo por paradigma o Acórdão 1.599/2019 - Plenário (relator: Ministro Benjamin Zymler), acompanhado por iterativas deliberações, a exemplo dos Acórdãos 2.003/2024 (relator Ministro Aroldo Cedraz), 3.426/2023 - 2ª Câmara (relator: Ministro Substituto Marcos Bemquerer Costa), 995/2023 e 2551/2022 (ambos Relator Ministro Vital do Rêgo), 8.186/2021 - 1ª Câmara (relator: Ministro Walton Alencar Rodrigues), 8.477/2021 - 1ª Câmara (relator: Ministro Benjamin Zymler), 8.311/2021 - 1ª Câmara (relator: Ministro Vital do Rêgo), 6.289/2021 - 1ª Câmara (relator: Ministro Jorge Oliveira), 8.694/2021 - 1ª Câmara (relator: Ministro Substituto Augusto Sherman Cavalcanti), 1.746/2021 - 2ª Câmara (relator: Ministro Augusto Nardes), 6.835/2021 - 2ª Câmara (relator: Ministro Aroldo Cedraz), 8.082/2021 - 2ª Câmara (relator: Ministro Raimundo Carreiro), 12.983/2020 - 2ª Câmara (relatora: Ministra Ana Arraes) e 8.111/2021 - 2ª Câmara (relator: Ministro Bruno Dantas), entre outros;</p><p>Considerando, ainda, que esta Corte possui entendimento pacífico de que é indevido o pagamento cumulativo das duas rubricas - a vantagem "opção" de que trata o artigo 2º da Lei 8.911/1994 e a vantagem de "quintos/décimos", transformada em Vantagem Pessoal Nominalmente Identificada (VPNI), pelo artigo 62-A da Lei 8.112/1990 -, em razão da vedação trazida pelo § 2º do art. 193 da Lei 8.112/1990 (v.g. Acórdãos 4032/2021 - 1ª Câmara, rel. Min. Benjamin Zymler; e 15.185/2021 - 1ª Câmara, rel. Min. Jorge Oliveira);</p><p>Considerando, entretanto, que a vantagem "opção" foi mantida nos proventos do interessado por força da decisão judicial adotada nos autos do Processo 1032823-73.2022.4.01.0000 (Tribunal Regional Federal da 1ª Região) que deferiu a tutela de urgência e determinou a suspensão da aplicação do entendimento firmado no Acórdão 1.599/2019 - Plenário (peça 3, p. 22);</p><p>Considerando que a existência de decisão judicial contrária ao entendimento deste Tribunal não consubstancia óbice à apreciação de mérito da questão ora submetida a exame, sem que seja, todavia, determinada a supressão da parcela "opção" dos proventos do interessado neste primeiro momento, devendo o órgão de origem, por outro lado, ser instado a acompanhar o desdobramento da decisão judicial que está dando suporte ao pagamento da aludida vantagem e, no caso de desfecho desfavorável ao interessado, retirar a parcela inquinada de vício de seus proventos e encaminhar novo ato para oportuna deliberação desta Corte de Contas;</p><p>Considerando os pareceres convergentes da Unidade de Auditoria Especializada em Pessoal (AudPessoal) e do Ministério Público junto a este Tribunal;</p><p>Considerando a presunção de boa-fé do interessado;</p><p>Considerando que o ato ora examinado deu entrada no TCU há menos de cinco anos; e</p><p>Considerando que este Tribunal, por meio do Acórdão 1.414/2021 - Plenário (relator: Ministro Walton Alencar Rodrigues), fixou entendimento no sentido da possibilidade de apreciação de ato sujeito a registro mediante relação, na forma do art. 143, inciso II, do Regimento Interno do TCU, nas hipóteses em que a ilegalidade do ato decorra exclusivamente de questão jurídica de solução já pacificada na jurisprudência desta Corte de Contas.</p><p>ACORDAM os Ministros do Tribunal de Contas da União, com fundamento nos artigos 1º, inciso V, e 39, inciso II, da Lei 8.443/1992, c/c os artigos 17, inciso III, 143, inciso II, e 259, inciso II, do Regimento Interno/TCU, e o art. 7º, inciso III, da Resolução/TCU 353/2023 (com a redação dada pela Resolução/TCU 377/2025), em negar o registro do ato de aposentadoria do Sr. Marcilio de Oliveira Lopes, dispensar o ressarcimento das quantias indevidamente recebidas de boa-fé pelo interessado, consoante o disposto no Enunciado 106 da Súmula da Jurisprudência do TCU, e expedir as determinações contidas no subitem 1.7 abaixo:</p><p>1. Processo TC-016.626/2025-7 (APOSENTADORIA)</p><p>1.1. Interessado: Marcilio de Oliveira Lopes (452.208.086-72).</p><p>1.2. Órgão: Tribunal Regional do Trabalho da 3ª Região/MG.</p><p>1.3. Relator: Ministro-Substituto Marcos Bemquerer Costa.</p><p>1.4. Representante do Ministério Público: Procurador Júlio Marcelo de Oliveira.</p><p>1.5. Unidade Técnica: Unidade de Auditoria Especializada em Pessoal (AudPessoal).</p><p>1.6. Representação legal: não há.</p><p>1.7. Determinações:</p><p>1.7.1. ao Tribunal Regional do Trabalho da 3ª Região que, no prazo de 15 (quinze) dias contados da ciência desta deliberação, adote as seguintes providências:</p><p>1.7.1.1. dê ciência do inteiro teor deste Acórdão ao interessado, alertando-o de que o efeito suspensivo proveniente da interposição de eventuais recursos junto ao TCU não o exime da devolução dos valores percebidos indevidamente, caso o recurso não seja provido, encaminhando a este Tribunal, no prazo de 30 (trinta) dias, comprovante da referida ciência, na forma prevista no art. 21, inciso I, da IN/TCU 78/2018; e</p><p>1.7.1.2. acompanhe o desfecho do Processo 1032823-73.2022.4.01.0000 (Tribunal Regional Federal da 1ª Região) mencionado nestes autos e, na hipótese de desconstituição da decisão judicial que tem amparado o pagamento da vantagem "opção", faça cessar o seu pagamento, ora impugnado pelo TCU, sob pena de responsabilidade solidária da autoridade administrativa omissa, nos termos do art. 262 do Regimento Interno/TCU, bem como emita novo ato de aposentadoria livre da irregularidade ora apontada (inclusão da parcela "opção"), para oportuna deliberação desta Corte de Contas.</p><p>ACÓRDÃO Nº 5513/2025 - TCU - 2ª Câmara</p><p>Os Ministros do Tribunal de Contas da União ACORDAM, por unanimidade, com fundamento nos arts. 1º, inciso V, e 39, inciso II, da Lei 8.443/1992, c/c os arts. 1º, inciso VIII, 143, inciso II, e 259, inciso II, do Regimento Interno/TCU, e o art. 7º, inciso I, da Resolução/TCU 353/2023 (com a redação dada pela Resolução/TCU 377/2025), em ordenar o registro do ato de concessão de pensão militar a seguir relacionado, de acordo com os pareceres emitidos nos autos:</p><p>1. Processo TC-023.512/2024-5 (PENSÃO MILITAR)</p><p>1.1. Interessadas: Gilsamara Santos Pinto (672.233.203-97); Gilvania Marcia Santos Pinto (504.627.413-20); Laura Gigriola Santos Pinto (006.740.143-08); Raimunda Helena Melo Dias (178.986.683-91).</p><p>1.2. Órgão: Diretoria de Inativos e Pensionistas - Comando do Exército.</p><p>1.3. Relator: Ministro-Substituto Marcos Bemquerer Costa.</p><p>1.4. Representante do Ministério Público: Procurador Marinus Eduardo De Vries Marsico.</p><p>1.5. Unidade Técnica: Unidade de Auditoria Especializada em Pessoal (AudPessoal).</p><p>1.6. Representação legal: não há.</p><p>1.7. Determinações/Recomendações/Orientações: não há.</p><p>ACÓRDÃO Nº 5514/2025 - TCU - 2ª Câmara</p><p>Os Ministros do Tribunal de Contas da União ACORDAM, por unanimidade, com fundamento nos arts. 1º, inciso V, e 39, inciso II, da Lei 8.443/1992, c/c os arts. 1º, inciso VIII, 143, inciso II, e 259, inciso II, do Regimento Interno/TCU, bem como nos arts. 7º, inciso I, e 9º da Resolução/TCU 353/2023 (com a redação dada pela Resolução/TCU 377/2025), em considerar prejudicado, por perda de objeto, o exame do ato de alteração de pensão militar cadastrado sob o número 58493/2020, e em ordenar o registro do ato de pensão militar cadastrado sob o número 140975/2019, de acordo com os pareceres emitidos nos autos:</p><p>1. Processo TC-023.890/2024-0 (PENSÃO MILITAR)</p><p>1.1. Interessadas: Maria Bernadeth Teixeira de Andrade (261.906.137-72); Maria Helena Franco de Andrade (434.492.047-34).</p><p>1.2. Órgão: Diretoria de Inativos e Pensionistas - Comando do Exército.</p><p>1.3. Relator: Ministro-Substituto Marcos Bemquerer Costa.</p><p>1.4. Representante do Ministério Público: Procurador Sergio Ricardo Costa Caribé.</p><p>1.5. Unidade Técnica: Unidade de Auditoria Especializada em Pessoal (AudPessoal).</p><p>1.6. Representação legal: não há.</p><p>1.7. Determinações/Recomendações/Orientações: não há.</p><p>ACÓRDÃO Nº 5515/2025 - TCU - 2ª Câmara</p><p>Os Ministros do Tribunal de Contas da União ACORDAM, por unanimidade, com fundamento nos arts. 1º, inciso V, e 39, inciso II, da Lei 8.443/1992, c/c os arts. 1º, inciso VIII, 143, inciso II, e 259, inciso II, do Regimento Interno/TCU, e o art. 7º, inciso I, da Resolução/TCU 353/2023 (com a redação dada pela Resolução/TCU 377/2025), em ordenar o registro do ato de concessão de reforma a seguir relacionado, tendo em vista que o percentual pago a título de Adicional de Tempo de Serviço foi excluído e substituído pelo Adicional de Disponibilidade Militar, que está diretamente relacionado ao posto/graduação do militar/instituidor, nos termos do art. 8º da Lei 13.954/2019, de acordo com os pareceres emitidos nos autos:</p><p>1. Processo TC-012.084/2025-5 (REFORMA)</p><p>1.1. Interessado: Fernando Pereira Bento (749.157.207-30).</p><p>1.2. Órgão: Comando da Aeronáutica.</p><p>1.3. Relator: Ministro-Substituto Marcos Bemquerer Costa.</p><p>1.4. Representante do Ministério Público: Procurador Sergio Ricardo Costa Caribé.</p><p>1.5. Unidade Técnica: Unidade de Auditoria Especializada em Pessoal (AudPessoal).</p><p>1.6. Representação legal: não há.</p><p>1.7. Determinações/Recomendações/Orientações: não há.</p><p>ACÓRDÃO Nº 5516/2025 - TCU - 2ª Câmara</p><p>Os Ministros do Tribunal de Contas da União ACORDAM, por unanimidade, com fundamento nos arts. 1º, inciso V, e 39, inciso II, da Lei 8.443/1992, c/c os arts. 1º, inciso VIII, 143, inciso II, e 259, inciso II, do Regimento Interno/TCU, e o art. 7º, inciso I, da Resolução/TCU 353/2023 (com a redação dada pela Resolução/TCU 377/2025), em ordenar o registro do ato de concessão de reforma a seguir relacionado, tendo em vista que o percentual pago a título de Adicional de Tempo de Serviço foi excluído e substituído pelo Adicional de Disponibilidade Militar, que está diretamente relacionado ao posto/graduação do militar/instituidor, nos termos do art. 8º da Lei 13.954/2019, de acordo com os pareceres emitidos nos autos:</p><p>1. Processo TC-012.157/2025-2 (REFORMA)</p><p>1.1. Interessado: Luiz Carlos Fernandes da Silva (628.135.018-91).</p><p>1.2. Órgão: Comando da Aeronáutica.</p><p>1.3. Relator: Ministro-Substituto Marcos Bemquerer Costa.</p><p>1.4. Representante do Ministério Público: Procurador Sergio Ricardo Costa Caribé.</p><p>1.5. Unidade Técnica: Unidade de Auditoria Especializada em Pessoal (AudPessoal).</p><p>1.6. Representação legal: não há.</p><p>1.7. Determinações/Recomendações/Orientações: não há.</p><p>ACÓRDÃO Nº 5517/2025 - TCU - 2ª Câmara</p><p>Os Ministros do Tribunal de Contas da União ACORDAM, por unanimidade, com fundamento nos arts. 1º, inciso V, e 39, inciso II, da Lei 8.443/1992, c/c os arts. 1º, inciso VIII, 143, inciso II, e 259, inciso II, do Regimento Interno/TCU, e o art. 7º, inciso I, da Resolução/TCU 353/2023 (com a redação dada pela Resolução/TCU 377/2025), em ordenar o registro do ato de concessão de reforma constante deste processo, de acordo com os pareceres emitidos nos autos:</p><p>1. Processo TC-012.200/2025-5 (REFORMA)</p><p>1.1. Interessado: Paulo de Jesus Silveira (115.553.418-29).</p><p>1.2. Órgão: Comando da Aeronáutica.</p><p>1.3. Relator: Ministro-Substituto Marcos Bemquerer Costa.</p><p>1.4. Representante do Ministério Público: Procurador Júlio Marcelo de Oliveira.</p><p>1.5. Unidade Técnica: Unidade de Auditoria Especializada em Pessoal (AudPessoal).</p><p>1.6. Representação legal: não há.</p><p>1.7. Determinações/Recomendações/Orientações: não há.</p><p>ACÓRDÃO Nº 5518/2025 - TCU - 2ª Câmara</p><p>Os Ministros do Tribunal de Contas da União ACORDAM, por unanimidade, com fundamento nos arts. 1º, inciso V, e 39, inciso II, da Lei 8.443/1992, c/c os arts. 1º, inciso VIII, 143, inciso II, e 259, inciso II, do Regimento Interno/TCU, e o art. 7º, inciso I, da Resolução/TCU 353/2023 (com a redação dada pela Resolução/TCU 377/2025), em ordenar o registro do ato de concessão de reforma a seguir relacionado, tendo em vista que o percentual pago a título de Adicional de Tempo de Serviço foi excluído e substituído pelo Adicional de Disponibilidade Militar, que está diretamente relacionado ao posto/graduação do militar/instituidor, nos termos do art. 8º da Lei 13.954/2019, de acordo com os pareceres emitidos nos autos:</p><p>1. Processo TC-012.245/2025-9 (REFORMA)</p><p>1.1. Interessado: Vitor Branco Schott (548.455.217-68).</p><p>1.2. Órgão: Comando da Aeronáutica.</p><p>1.3. Relator: Ministro-Substituto Marcos Bemquerer Costa.</p><p>1.4. Representante do Ministério Público: Procurador Júlio Marcelo de Oliveira.</p><p>1.5. Unidade Técnica: Unidade de Auditoria Especializada em Pessoal (AudPessoal).</p><p>1.6. Representação legal: não há.</p><p>1.7. Determinações/Recomendações/Orientações: não há.</p><p>ACÓRDÃO Nº 5519/2025 - TCU - 2ª Câmara</p><p>VISTOS e relacionados estes autos de ato de reforma em favor do Sr. Gilnei Rodrigues Machado, emitido pelo Comando da Aeronáutica e submetido a este Tribunal para fins de registro.</p><p>Considerando que a análise empreendida pela Unidade de Auditoria Especializada em Pessoal (AudPessoal) detectou que o interessado se beneficiou indevidamente da regra de arredondamento prevista no art. 138 da Lei 6.880/1980, segundo a qual dispunha que a fração maior do que 180 dias seria considerada 1 (um) ano (dispositivo atualmente revogado), o que lhe conferiu um adicional por tempo de serviço de 20%, em vez de 19%;</p><p>Considerando que o adicional por tempo de serviço nas carreiras militares foi extinto pela Medida Provisória 2.215, de 29/12/2001, assegurado ao militar o percentual correspondente aos anos de serviço a que fizesse jus em 29/12/2000 (art. 30 da referida MP);</p><p>Considerando que o militar contava com 19 anos, 11 meses e 25 dias de serviço para fins de ATS (peça 3, p. 3);</p><p>Considerando que o interessado faz jus ao adicional por tempo de serviço de 19%, e não de 20%, sem direito ao arredondamento previsto no art. 138 da Lei 6.880/1980, uma vez que os motivos para tanto previstos nos incisos I a X do art. 98 (transferência para reserva ex officio) e nos incisos II e III do art. 106 (reforma por incapacidade) não se encontram presentes no ato em questão;</p><p>Considerando, entretanto, que faltaram somente 5 dias de serviço (20 anos - 19 anos, 11 meses e 25 dias = 5 dias) para que o reformado fizesse jus a perceber adicional por tempo de serviço de 20%, pode esta Corte, com base nos princípios da proporcionalidade e da razoabilidade, conceder registro ao ato, na linha dos Acórdãos 3018/2025, 3019/2025 e 4403/2025, da 2ª Câmara e de minha relatoria;</p><p>Considerando que, por meio do Acórdão 1.414/2021-Plenário (relator Ministro Walton Alencar Rodrigues), este Tribunal fixou entendimento no sentido da possibilidade de apreciação de ato sujeito a registro mediante relação, na forma do artigo 143, inciso II, do Regimento Interno/TCU, nas hipóteses em que a ilegalidade do ato decorra exclusivamente de questão jurídica de solução já pacificada na jurisprudência desta Corte de Contas;</p><p>Considerando a presunção de boa-fé do interessado; e</p><p>Considerando que o ato ora examinado deu entrada no TCU há menos de cinco anos.</p><p>ACORDAM os Ministros do Tribunal de Contas da União, com fundamento nos artigos 1º, inciso V, e 39, inciso II, da Lei 8.443/1992, c/c os artigos 17, inciso III, 143, inciso II, e 259, inciso II, do Regimento Interno/TCU, e o art. 7º, inciso I, da Resolução/TCU 353/2023 (com redação dada pela Resolução/TCU 377/2025) em ordenar o registro do ato de reforma em benefício do Sr. Gilnei Rodrigues Machado, a seguir relacionado:</p><p>1. Processo TC-013.457/2025-0 (REFORMA)</p><p>1.1. Interessado: Gilnei Rodrigues Machado (591.296.200-82).</p><p>1.2. Órgão: Comando da Aeronáutica.</p><p>1.3. Relator: Ministro-Substituto Marcos Bemquerer Costa.</p><p>1.4. Representante do Ministério Público: Procuradora-Geral Cristina Machado da Costa e Silva.</p><p>1.5. Unidade Técnica: Unidade de Auditoria Especializada em Pessoal (AudPessoal).</p><p>1.6. Representação legal: não há.</p><p>1.7. Determinações/Recomendações/Orientações: não há.</p><p>ACÓRDÃO Nº 5520/2025 - TCU - 2ª Câmara</p><p>VISTOS e relacionados estes autos de ato de reforma em favor do Sr. José Reinaldo Ferreira Ramos, emitido pelo Comando da Aeronáutica e submetido a este Tribunal para fins de registro.</p><p>Considerando que a análise empreendida pela Unidade de Auditoria Especializada em Pessoal (AudPessoal), que contou com a anuência do representante do MP/TCU, detectou que o interessado se beneficiou indevidamente da regra de arredondamento prevista no art. 138 da Lei 6.880/1980, segundo a qual dispunha que a fração maior do que 180 dias seria considerada 1 (um) ano (dispositivo atualmente revogado), o que lhe conferiu um adicional por tempo de serviço de 21%, em vez de 20%;</p><p>Considerando que o adicional por tempo de serviço nas carreiras militares foi extinto pela Medida Provisória 2.215, de 29/12/2001, assegurado ao militar o percentual correspondente aos anos de serviço a que fizesse jus em 29/12/2000 (art. 30 da referida MP);</p><p>Considerando que o militar contava com 20 anos, 11 meses e 26 dias de tempo de serviço militar em 29/12/2000 (peça 3, p. 3);</p><p>Considerando que o interessado faz jus ao adicional por tempo de serviço de 20%, e não de 21%, sem direito ao arredondamento previsto no art. 138 da Lei 6.880/1980, uma vez que os motivos para tanto previstos nos incisos I a X do art. 98 (transferência para reserva ex officio) e nos incisos II e III do art. 106 (reforma por incapacidade) não se encontram presentes no ato em questão;</p><p>Considerando, entretanto, que faltaram somente 4 dias de serviço (21 anos - 20 anos, 11 meses e 26 dias = 4 dias) para que o reformado fizesse jus a perceber adicional por tempo de serviço de 21%, pode esta Corte, com base nos princípios da proporcionalidade e da razoabilidade, conceder registro ao ato, na linha dos Acórdãos 3018/2025, 3019/2025 e 4403/2025, da 2ª Câmara e de minha relatoria;</p><p>Considerando que, por meio do Acórdão 1.414/2021-Plenário (relator Ministro Walton Alencar Rodrigues), este Tribunal fixou entendimento no sentido da possibilidade de apreciação de ato sujeito a registro mediante relação, na forma do artigo 143, inciso II, do Regimento Interno/TCU, nas hipóteses em que a ilegalidade do ato decorra exclusivamente de questão jurídica de solução já pacificada na jurisprudência desta Corte de Contas;</p><p>Considerando a presunção de boa-fé do interessado; e</p><p>Considerando que o ato ora examinado deu entrada no TCU há menos de cinco anos.</p><p>ACORDAM os Ministros do Tribunal de Contas da União, com fundamento nos artigos 1º, inciso V, e 39, inciso II, da Lei 8.443/1992, c/c os artigos 17, inciso III, 143, inciso II, e 259, inciso II, do Regimento Interno/TCU, e o art. 7º, inciso I, da Resolução/TCU 353/2023 (com a redação dada pela Resolução/TCU 377/2025), em ordenar o registro do ato de reforma em benefício do Sr. José Reinaldo Ferreira Ramos, a seguir relacionado:</p><p>1. Processo TC-013.558/2025-0 (REFORMA)</p><p>1.1. Interessado: José Reinaldo Ferreira Ramos (568.254.552-49).</p><p>1.2. Órgão: Comando da Aeronáutica.</p><p>1.3. Relator: Ministro-Substituto Marcos Bemquerer Costa.</p><p>1.4. Representante do Ministério Público: Procurador Rodrigo Medeiros de Lima.</p><p>1.5. Unidade Técnica: Unidade de Auditoria Especializada em Pessoal (AudPessoal).</p><p>1.6. Representação legal: não há.</p><p>1.7. Determinações/Recomendações/Orientações: não há.</p><p>ACÓRDÃO Nº 5521/2025 - TCU - 2ª Câmara</p><p>VISTOS e relacionados estes autos de ato de reforma em favor do Sr. Azanias Bastos Guimarães, emitido pelo Comando da Aeronáutica e submetido a este Tribunal para fins de registro.</p><p>Considerando que a análise empreendida pela Unidade de Auditoria Especializada em Pessoal (AudPessoal), que contou com a anuência do representante do MP/TCU, detectou que o interessado se beneficiou indevidamente da regra de arredondamento prevista no art. 138 da Lei 6.880/1980, segundo a qual dispunha que a fração maior do que 180 dias seria considerada 1 (um) ano (dispositivo atualmente revogado), o que lhe conferiu um adicional por tempo de serviço de 24%, em vez de 23%;</p><p>Considerando que o adicional por tempo de serviço nas carreiras militares foi extinto pela Medida Provisória 2.215, de 29/12/2001, assegurado ao militar o percentual correspondente aos anos de serviço a que fizesse jus em 29/12/2000 (art. 30 da referida MP);</p><p>Considerando que o militar contava inicialmente com 25 anos, 8 meses e 2 dias de serviço e descontando-se os tempos indevidos para fins de ATS (iniciativa privada, incisos III e VI do art. 137 da Lei 6.880/1980) passou a ter 23 anos, 11 meses e 25 dias de tempo de serviço (peça 3, p. 3);</p><p>Considerando que o interessado faz jus ao adicional por tempo de serviço de 23%, e não de 24%, sem direito ao arredondamento previsto no art. 138 da Lei 6.880/1980, uma vez que os motivos para tanto previstos nos incisos I a X do art. 98 (transferência para reserva ex officio) e nos incisos II e III do art. 106 (reforma por incapacidade) não se encontram presentes no ato em questão;</p><p>Considerando, entretanto, que faltaram somente 5 dias de serviço (24 anos - 23 anos, 11 meses e 25 dias = 5 dias) para que o reformado fizesse jus a perceber adicional por tempo de serviço de 24%, pode esta Corte, com base nos princípios da proporcionalidade e da razoabilidade, conceder registro ao ato, na linha dos Acórdãos 3018/2025, 3019/2025 e 4403/2025, da 2ª Câmara e de minha relatoria;</p><p>Considerando que, por meio do Acórdão 1.414/2021-Plenário (relator Ministro Walton Alencar Rodrigues), este Tribunal fixou entendimento no sentido da possibilidade de apreciação de ato sujeito a registro mediante relação, na forma do artigo 143, inciso II, do Regimento Interno/TCU, nas hipóteses em que a ilegalidade do ato decorra exclusivamente de questão jurídica de solução já pacificada na jurisprudência desta Corte de Contas;</p><p>Considerando a presunção de boa-fé do interessado; e</p><p>Considerando que o ato ora examinado deu entrada no TCU há menos de cinco anos.</p><p>ACORDAM os Ministros do Tribunal de Contas da União, com fundamento nos artigos 1º, inciso V, e 39, inciso II, da Lei 8.443/1992, c/c os artigos 17, inciso III, 143, inciso II, e 259, inciso II, do Regimento Interno/TCU, e o art. 7º, inciso I, da Resolução/TCU 353/2023 (com a redação dada pela Resolução/TCU 377/2025), em ordenar o registro do ato de reforma em benefício do Sr. Azanias Bastos Guimarães, a seguir relacionado:</p><p>1. Processo TC-013.595/2025-3 (REFORMA)</p><p>1.1. Interessado: Azanias Bastos Guimarães (644.499.807-78).</p><p>1.2. Órgão: Comando da Aeronáutica.</p><p>1.3. Relator: Ministro-Substituto Marcos Bemquerer Costa.</p><p>1.4. Representante do Ministério Público: Procurador Rodrigo Medeiros de Lima.</p><p>1.5. Unidade Técnica: Unidade de Auditoria Especializada em Pessoal (AudPessoal).</p><p>1.6. Representação legal: não há.</p><p>1.7. Determinações/Recomendações/Orientações: não há.</p><p>ACÓRDÃO Nº 5522/2025 - TCU - 2ª Câmara</p><p>VISTOS e relacionados estes autos de ato de reforma em favor do Sr. Luiz Henrique Candido dos Santos, emitido pelo Comando da Aeronáutica e submetido a este Tribunal para fins de registro.</p><p>Considerando que a análise empreendida pela Unidade de Auditoria Especializada em Pessoal (AudPessoal), que contou com a anuência do representante do MP/TCU, detectou que o interessado se beneficiou indevidamente da regra de arredondamento prevista no art. 138 da Lei 6.880/1980, segundo a qual dispunha que a fração maior do que 180 dias seria considerada 1 (um) ano (dispositivo atualmente revogado), o que lhe conferiu um adicional por tempo de serviço de 21%, em vez de 20%;</p><p>Considerando que o adicional por tempo de serviço nas carreiras militares foi extinto pela Medida Provisória 2.215, de 29/12/2001, assegurado ao militar o percentual correspondente aos anos de serviço a que fizesse jus em 29/12/2000 (art. 30 da referida MP);</p><p>Considerando que o militar contava com 20 anos, 9 meses e 24 dias de tempo de serviço militar em 29/12/2000 (peça 3, p. 4);</p><p>Considerando que o interessado faz jus ao adicional por tempo de serviço de 20%, e não de 21%, sem direito ao arredondamento previsto no art. 138 da Lei 6.880/1980, uma vez que os motivos para tanto previstos nos incisos I a X do art. 98 (transferência para reserva ex officio) e nos incisos II e III do art. 106 (reforma por incapacidade) não se encontram presentes no ato em questão;</p><p>Considerando, entretanto, que o montante da rubrica impugnada alcança quantia pouco significativa, cerca de R$ 33,25 ([R$ 3.325,00 x 21%] - [R$ 3.325,00 x 20%]), podendo esta Corte conceder registro do ato eivado de irregularidade envolvendo valores de baixa grandeza, a fim de evitar custos com o processamento e julgamento de um novo ato, sem prejuízo de se fixar prazo para que a unidade jurisdicionada corrija a falha na ficha financeira do interessado, conforme orienta a jurisprudência do Tribunal, a exemplo dos Acórdãos 2.499/2022, 9.438/2021 e 11.245/2021 (rel. Ministro Jorge Oliveira) e 1.567/2021 (rel. Ministro-Substituto Augusto Sherman), todos da 1ª Câmara, e Acórdãos 12.704/2021 (rel. Ministro Augusto Nardes), 9.008/2023, 8.803/2023 e 6.467/2023 (de minha relatoria), esses da 2ª Câmara, bem assim em homenagem aos princípios da insignificância, da razoabilidade, da eficiência, da economicidade e do custo-benefício do controle;</p><p>Considerando que, por meio do Acórdão 1.414/2021-Plenário (relator Ministro Walton Alencar Rodrigues), este Tribunal fixou entendimento no sentido da possibilidade de apreciação de ato sujeito a registro mediante relação, na forma do artigo 143, inciso II, do Regimento Interno/TCU, nas hipóteses em que a ilegalidade do ato decorra exclusivamente de questão jurídica de solução já pacificada na jurisprudência desta Corte de Contas;</p><p>Considerando a presunção de boa-fé do interessado; e</p><p>Considerando que o ato ora examinado deu entrada no TCU há menos de cinco anos.</p><p>ACORDAM os Ministros do Tribunal de Contas da União, com fundamento nos artigos 1º, inciso V, e 39, inciso II, da Lei 8.443/1992, c/c os artigos 17, inciso III, 143, inciso II, e 259, inciso II, do Regimento Interno/TCU, e o art. 7º, inciso I, da Resolução/TCU 353/2023 (com a redação dada pela Resolução/TCU 377/2025), em ordenar o registro do ato de reforma em benefício do Sr. Luiz Henrique Candido dos Santos, dispensar o ressarcimento das quantias indevidamente recebidas de boa-fé pelo interessado, consoante o disposto no Enunciado 106 da Súmula da Jurisprudência do TCU, e expedir as determinações contidas no subitem 1.7 abaixo:</p><p>1. Processo TC-013.607/2025-1 (REFORMA)</p><p>1.1. Interessado: Luiz Henrique Candido dos Santos (803.027.427-00).</p><p>1.2. Órgão: Comando da Aeronáutica.</p><p>1.3. Relator: Ministro-Substituto Marcos Bemquerer Costa.</p><p>1.4. Representante do Ministério Público: Procurador Rodrigo Medeiros de Lima.</p><p>1.5. Unidade Técnica: Unidade de Auditoria Especializada em Pessoal (AudPessoal).</p><p>1.6. Representação legal: não há.</p><p>1.7. Determinações:</p><p>1.7.1. determinar ao Comando da Aeronáutica, no prazo de 15 (quinze) dias a contar da notificação deste Acórdão, que:</p><p>1.7.1.1. adote as providências cabíveis no sentido de fixar o adicional por tempo de serviço no valor de 20%, com a correção da falha na ficha financeira do interessado, comunicando ao Tribunal as medidas adotadas, sob pena de responsabilidade solidária da autoridade administrativa omissa, nos termos do art. 262, caput, do Regimento Interno/TCU; e</p><p>1.7.1.2. dê ciência do inteiro teor desta Deliberação ao interessado, alertando-o de que o efeito suspensivo proveniente da interposição de possíveis recursos perante o TCU não o exime da devolução dos valores percebidos indevidamente após a respectiva notificação, caso os recursos não sejam providos, encaminhando a este Tribunal, no prazo de 30 (trinta) dias, comprovante da referida ciência, na forma prevista no art. 21, inciso I, da IN/TCU 78/2018.</p><p>ACÓRDÃO Nº 5523/2025 - TCU - 2ª Câmara</p><p>VISTOS e relacionados estes autos de ato de reforma em favor do Sr. Marco Antonio Silva Teixeira, emitido pelo Comando da Aeronáutica e submetido a este Tribunal para fins de registro.</p><p>Considerando que a análise empreendida pela Unidade de Auditoria Especializada em Pessoal (AudPessoal) detectou que o interessado se beneficiou indevidamente da regra de arredondamento prevista no art. 138 da Lei 6.880/1980, segundo a qual dispunha que a fração maior do que 180 dias seria considerada 1 (um) ano (dispositivo atualmente revogado), o que lhe conferiu um adicional por tempo de serviço de 22%, em vez de 21%;</p><p>Considerando que o adicional por tempo de serviço nas carreiras militares foi extinto pela Medida Provisória 2.215, de 29/12/2001, assegurado ao militar o percentual correspondente aos anos de serviço a que fizesse jus em 29/12/2000 (art. 30 da referida MP);</p><p>Considerando que o militar contava com 21 anos, 11 meses e 26 dias de serviço para fins de ATS (peça 3, p. 3);</p><p>Considerando que o interessado faz jus ao adicional por tempo de serviço de 21%, e não de 22%, sem direito ao arredondamento previsto no art. 138 da Lei 6.880/1980, uma vez que os motivos para tanto previstos nos incisos I a X do art. 98 (transferência para reserva ex officio) e nos incisos II e III do art. 106 (reforma por incapacidade) não se encontram presentes no ato em questão;</p><p>Considerando, entretanto, que faltaram somente 4 dias de serviço (22 anos - 21 anos, 11 meses e 26 dias = 4 dias) para que o reformado fizesse jus a perceber adicional por tempo de serviço de 22%, pode esta Corte, com base nos princípios da proporcionalidade e da razoabilidade, conceder registro ao ato, na linha dos Acórdãos 3018/2025, 3019/2025 e 4403/2025, da 2ª Câmara e de minha relatoria;</p><p>Considerando que, por meio do Acórdão 1.414/2021-Plenário (relator Ministro Walton Alencar Rodrigues), este Tribunal fixou entendimento no sentido da possibilidade de apreciação de ato sujeito a registro mediante relação, na forma do artigo 143, inciso II, do Regimento Interno/TCU, nas hipóteses em que a ilegalidade do ato decorra exclusivamente de questão jurídica de solução já pacificada na jurisprudência desta Corte de Contas;</p><p>Considerando a presunção de boa-fé do interessado; e</p><p>Considerando que o ato ora examinado deu entrada no TCU há menos de cinco anos.</p><p>ACORDAM os Ministros do Tribunal de Contas da União, com fundamento nos artigos 1º, inciso V, e 39, inciso II, da Lei 8.443/1992, c/c os artigos 17, inciso III, 143, inciso II, e 259, inciso II, do Regimento Interno/TCU, e o art. 7º, inciso I, da Resolução/TCU 353/2023 (com redação dada pela Resolução/TCU 377/2025) em ordenar o registro do ato de reforma em benefício do Sr. Marco Antonio Silva Teixeira, a seguir relacionado:</p><p>1. Processo TC-013.654/2025-0 (REFORMA)</p><p>1.1. Interessado: Marco Antonio Silva Teixeira (701.248.847-68).</p><p>1.2. Órgão: Comando da Aeronáutica.</p><p>1.3. Relator: Ministro-Substituto Marcos Bemquerer Costa.</p><p>1.4. Representante do Ministério Público: Procurador Rodrigo Medeiros de Lima.</p><p>1.5. Unidade Técnica: Unidade de Auditoria Especializada em Pessoal (AudPessoal).</p><p>1.6. Representação legal: não há.</p><p>1.7. Determinações/Recomendações/Orientações: não há.</p><p>ACÓRDÃO Nº 5524/2025 - TCU - 2ª Câmara</p><p>VISTOS e relacionados estes autos de ato de reforma em favor do Sr. Antonio Sérgio Almeida de Oliveira, emitido pelo Comando da Aeronáutica e submetido a este Tribunal para fins de registro.</p><p>Considerando que a análise empreendida pela Unidade de Auditoria Especializada em Pessoal (AudPessoal) detectou que o interessado se beneficiou indevidamente da regra de arredondamento prevista no art. 138 da Lei 6.880/1980, segundo a qual dispunha que a fração maior do que 180 dias seria considerada 1 (um) ano (dispositivo atualmente revogado), o que lhe conferiu um adicional por tempo de serviço de 22%, em vez de 21%;</p><p>Considerando que o adicional por tempo de serviço nas carreiras militares foi extinto pela Medida Provisória 2.215, de 29/12/2001, assegurado ao militar o percentual correspondente aos anos de serviço a que fizesse jus em 29/12/2000 (art. 30 da referida MP);</p><p>Considerando que o militar contava com 21 anos, 11 meses e 26 dias de serviço para fins de ATS (peça 3, p. 3);</p><p>Considerando que o interessado faz jus ao adicional por tempo de serviço de 21%, e não de 22%, sem direito ao arredondamento previsto no art. 138 da Lei 6.880/1980, uma vez que os motivos para tanto previstos nos incisos I a X do art. 98 (transferência para reserva ex officio) e nos incisos II e III do art. 106 (reforma por incapacidade) não se encontram presentes no ato em questão;</p><p>Considerando, entretanto, que faltaram somente 4 dias de serviço (22 anos - 21 anos, 11 meses e 26 dias = 4 dias) para que o reformado fizesse jus a perceber adicional por tempo de serviço de 20%, pode esta Corte, com base nos princípios da proporcionalidade e da razoabilidade, conceder registro ao ato, na linha dos Acórdãos 3018/2025, 3019/2025 e 4403/2025, da 2ª Câmara e de minha relatoria;</p><p>Considerando que, por meio do Acórdão 1.414/2021-Plenário (relator Ministro Walton Alencar Rodrigues), este Tribunal fixou entendimento no sentido da possibilidade de apreciação de ato sujeito a registro mediante relação, na forma do artigo 143, inciso II, do Regimento Interno/TCU, nas hipóteses em que a ilegalidade do ato decorra exclusivamente de questão jurídica de solução já pacificada na jurisprudência desta Corte de Contas;</p><p>Considerando a presunção de boa-fé do interessado; e</p><p>Considerando que o ato ora examinado deu entrada no TCU há menos de cinco anos.</p><p>ACORDAM os Ministros do Tribunal de Contas da União, com fundamento nos artigos 1º, inciso V, e 39, inciso II, da Lei 8.443/1992, c/c os artigos 17, inciso III, 143, inciso II, e 259, inciso II, do Regimento Interno/TCU, e o art. 7º, inciso I, da Resolução/TCU 353/2023 (com redação dada pela Resolução/TCU 377/2025) em ordenar o registro do ato de reforma em benefício do Sr. Antonio Sérgio Almeida de Oliveira, a seguir relacionado:</p><p>1. Processo TC-013.686/2025-9 (REFORMA)</p><p>1.1. Interessado: Antonio Sérgio Almeida de Oliveira (233.299.475-00).</p><p>1.2. Órgão: Comando da Aeronáutica.</p><p>1.3. Relator: Ministro-Substituto Marcos Bemquerer Costa.</p><p>1.4. Representante do Ministério Público: Procurador Rodrigo Medeiros de Lima.</p><p>1.5. Unidade Técnica: Unidade de Auditoria Especializada em Pessoal (AudPessoal).</p><p>1.6. Representação legal: não há.</p><p>1.7. Determinações/Recomendações/Orientações: não há.</p><p>ACÓRDÃO Nº 5525/2025 - TCU - 2ª Câmara</p><p>VISTOS e relacionados estes autos de ato de concessão inicial de reforma emitido pelo Comando da Aeronáutica, em benefício do Sr. Eloilson Lima de Souza, e submetido a este Tribunal para fins de registro.</p><p>Considerando que a análise empreendida pela Unidade de Auditoria Especializada em Pessoal (AudPessoal), que contou com a anuência do representante do MP/TCU, detectou que o interessado se beneficiou indevidamente da regra de arredondamento prevista no art. 138 da Lei 6.880/1980, segundo a qual dispunha que a fração maior do que 180 dias seria considerada 1 (um) ano (dispositivo atualmente revogado), o que lhe conferiu um adicional por tempo de serviço de 20%, em vez de 19%;</p><p>Considerando que o adicional por tempo de serviço nas carreiras militares foi extinto pela Medida Provisória 2.215, de 29/12/2001, assegurado ao militar o percentual correspondente aos anos de serviço a que fizesse jus em 29/12/2000 (art. 30 da referida MP);</p><p>Considerando que o militar ingressou na Aeronáutica em 14/01/1981 (peça 3, p. 1), passando à reserva remunerada em 19/05/2011 (peça 3, p. 1), o que resultou no tempo de serviço de atividades militares, até 29/12/2000, de 19 anos, 11 meses e 25 dias de serviço (peça 3, p. 3), e teve sua reforma por idade concedida em 24/02/2017 (peça 3, p. 1);</p><p>Considerando que o interessado faz jus ao adicional por tempo de serviço de 19%, e não de 20%, sem direito ao arredondamento previsto no art. 138 da Lei 6.880/1980, uma vez que os motivos para tanto previstos nos incisos I, II, III, IV, V, VI, VII, VIII, IX e X do art. 98 (transferência para reserva ex officio) e nos incisos II e III do art. 106 (reforma por incapacidade) não se encontram presentes no ato em questão (passagem para reserva remunerada a pedido com no mínimo 30 anos de serviço);</p><p>Considerando, entretanto, que faltaram somente 5 dias de serviço (20 anos - 19 anos, 11 meses e 25 dias = 5 dias) para que o reformado fizesse jus a perceber adicional por tempo de serviço de 20%, pode esta Corte, com base nos princípios da proporcionalidade e da razoabilidade, conceder registro ao ato, na linha dos Acórdãos 3018/2025, 3019/2015 e 4403/2025, da 2ª Câmara e de minha relatoria;</p><p>Considerando que, por meio do Acórdão 1.414/2021-Plenário (relator Ministro Walton Alencar Rodrigues), este Tribunal fixou entendimento no sentido da possibilidade de apreciação de ato sujeito a registro mediante relação, na forma do artigo 143, inciso II, do Regimento Interno/TCU, nas hipóteses em que a ilegalidade do ato decorra exclusivamente de questão jurídica de solução já pacificada na jurisprudência desta Corte de Contas;</p><p>Considerando a presunção de boa-fé do interessado; e</p><p>Considerando que o ato ora examinado deu entrada no TCU há menos de cinco anos.</p><p>ACORDAM os Ministros do Tribunal de Contas da União, com fundamento nos artigos 1º, inciso V, e 39, inciso II, da Lei 8.443/1992, c/c os artigos 17, inciso III, 143, inciso II e 259, inciso II, do Regimento Interno/TCU, e o art. 7º, inciso I, da Resolução/TCU 353/2023 (com a redação dada pela Resolução/TCU 377/2025), em ordenar o registro do ato de reforma em benefício do Sr. Eloilson Lima de Souza:</p><p>1. Processo TC-013.748/2025-4 (REFORMA)</p><p>1.1. Interessado: Eloilson Lima de Souza (732.789.987-15).</p><p>1.2. Órgão: Comando da Aeronáutica.</p><p>1.3. Relator: Ministro-Substituto Marcos Bemquerer Costa.</p><p>1.4. Representante do Ministério Público: Procurador Júlio Marcelo de Oliveira.</p><p>1.5. Unidade Técnica: Unidade de Auditoria Especializada em Pessoal (AudPessoal).</p><p>1.6. Representação legal: não há.</p><p>1.7. Determinações/Recomendações/Orientações: não há.</p><p>ACÓRDÃO Nº 5526/2025 - TCU - 2ª Câmara</p><p>VISTOS e relacionados estes autos de ato de reforma em favor do Sr. Carlos Jose de Moraes Gois, emitido pelo Comando da Aeronáutica e submetido a este Tribunal para fins de registro.</p><p>Considerando que a análise empreendida pela Unidade de Auditoria Especializada em Pessoal (AudPessoal) detectou que o interessado se beneficiou indevidamente da regra de arredondamento prevista no art. 138 da Lei 6.880/1980, segundo a qual dispunha que a fração maior do que 180 dias seria considerada 1 (um) ano (dispositivo atualmente revogado), o que lhe conferiu um adicional por tempo de serviço de 22%, em vez de 21%;</p><p>Considerando que o adicional por tempo de serviço nas carreiras militares foi extinto pela Medida Provisória 2.215, de 29/12/2001, assegurado ao militar o percentual correspondente aos anos de serviço a que fizesse jus em 29/12/2000 (art. 30 da referida MP);</p><p>Considerando que o militar contava com 21 anos, 9 meses e 21 dias de tempo de serviço (peça 3, p. 1);</p><p>Considerando que o interessado faz jus ao adicional por tempo de serviço de 21%, e não de 22%, sem direito ao arredondamento previsto no art. 138 da Lei 6.880/1980, uma vez que os motivos para tanto previstos nos incisos I a X do art. 98 (transferência para reserva ex officio) e nos incisos II e III do art. 106 (reforma por incapacidade) não se encontram presentes no ato em questão;</p><p>Considerando, entretanto, que o montante da rubrica impugnada alcança quantia pouco significativa, cerca de R$ 33,25 ([R$ 3.325,00 x 1%)]), podendo esta Corte conceder registro do ato eivado de irregularidade envolvendo valores de baixa grandeza, a fim de evitar custos com o processamento e julgamento de um novo ato, sem prejuízo de se fixar prazo para que a unidade jurisdicionada corrija a falha na ficha financeira do interessado, conforme orienta a jurisprudência do Tribunal, a exemplo dos Acórdãos 2.499/2022, 9.438/2021 e 11.245/2021 (rel. Ministro Jorge Oliveira) e 1.567/2021 (rel. Ministro-Substituto Augusto Sherman), todos da 1ª Câmara, e Acórdãos 12.704/2021 (rel. Ministro Augusto Nardes), 9.008/2023, 8.803/2023 e 6.467/2023 (de minha relatoria), esses da 2ª Câmara, bem assim em homenagem aos princípios da insignificância, da razoabilidade, da eficiência, da economicidade e do custo-benefício do controle;</p><p>Considerando que, por meio do Acórdão 1.414/2021-Plenário (relator Ministro Walton Alencar Rodrigues), este Tribunal fixou entendimento no sentido da possibilidade de apreciação de ato sujeito a registro mediante relação, na forma do artigo 143, inciso II, do Regimento Interno/TCU, nas hipóteses em que a ilegalidade do ato decorra exclusivamente de questão jurídica de solução já pacificada na jurisprudência desta Corte de Contas;</p><p>Considerando a presunção de boa-fé do interessado; e</p><p>Considerando que o ato ora examinado deu entrada no TCU há menos de cinco anos.</p><p>ACORDAM os Ministros do Tribunal de Contas da União, com fundamento nos artigos 1º, inciso V, e 39, inciso II, da Lei 8.443/1992, c/c os artigos 17, inciso III, 143, inciso II, e 259, inciso II, do Regimento Interno/TCU, e o art. 7º, inciso I, da Resolução/TCU 353/2023 (com redação dada pela Resolução/TCU 377/2025) em ordenar o registro do ato em benefício do Sr. Carlos Jose de Moraes Gois, a seguir relacionado, dispensar o ressarcimento das quantias indevidamente recebidas de boa-fé pelo interessado, consoante o disposto no Enunciado 106 da Súmula da Jurisprudência do TCU, e expedir as determinações contidas no subitem 1.7 abaixo:</p><p>1. Processo TC-013.768/2025-5 (REFORMA)</p><p>1.1. Interessado: Carlos Jose de Moraes Gois (739.725.687-20).</p><p>1.2. Órgão: Comando da Aeronáutica.</p><p>1.3. Relator: Ministro-Substituto Marcos Bemquerer Costa.</p><p>1.4. Representante do Ministério Público: Procurador Júlio Marcelo de Oliveira.</p><p>1.5. Unidade Técnica: Unidade de Auditoria Especializada em Pessoal (AudPessoal).</p><p>1.6. Representação legal: não há.</p><p>1.7. Determinações:</p><p>1.7.1. determinar ao Comando da Aeronáutica, no prazo de 15 (quinze) dias a contar da notificação deste Acórdão, que:</p><p>1.7.1.1. adote as providências cabíveis no sentido de fixar o adicional por tempo de serviço no valor de 21%, com a correção da falha na ficha financeira do interessado, comunicando ao Tribunal as medidas adotadas, sob pena de responsabilidade solidária da autoridade administrativa omissa, nos termos do art. 262, caput, do Regimento Interno/TCU; e</p><p>1.7.1.2. dê ciência do inteiro teor desta Deliberação ao interessado, alertando-o de que o efeito suspensivo proveniente da interposição de possíveis recursos perante o TCU não o exime da devolução dos valores percebidos indevidamente após a respectiva notificação, caso os recursos não sejam providos, encaminhando a este Tribunal, no prazo de 30 (trinta) dias, comprovante da referida ciência, na forma prevista no art. 21, inciso I, da IN/TCU 78/2018.</p><p>ACÓRDÃO Nº 5527/2025 - TCU - 2ª Câmara</p><p>VISTOS e relacionados estes autos de ato de reforma em favor do Sr. Paulo Roberto Monteiro dos Santos, emitido pelo Comando da Aeronáutica e submetido a este Tribunal para fins de registro.</p><p>Considerando que a análise empreendida pela Unidade de Auditoria Especializada em Pessoal (AudPessoal), que contou com a anuência do representante do MP/TCU, detectou que o interessado se beneficiou indevidamente da regra de arredondamento prevista no art. 138 da Lei 6.880/1980, segundo a qual dispunha que a fração maior do que 180 dias seria considerada 1 (um) ano (dispositivo atualmente revogado), o que lhe conferiu um adicional por tempo de serviço de 21%, em vez de 20%;</p><p>Considerando que o adicional por tempo de serviço nas carreiras militares foi extinto pela Medida Provisória 2.215, de 29/12/2001, assegurado ao militar o percentual correspondente aos anos de serviço a que fizesse jus em 29/12/2000 (art. 30 da referida MP);</p><p>Considerando que o militar contava com 20 anos, 10 meses e 28 dias de tempo de serviço de atividades militares em 29/12/2000 (peça 3, p. 3);</p><p>Considerando que o interessado faz jus ao adicional por tempo de serviço de 20%, e não de 21%, sem direito ao arredondamento previsto no art. 138 da Lei 6.880/1980, uma vez que os motivos para tanto previstos nos incisos I a X do art. 98 (transferência para reserva ex officio) e nos incisos II e III do art. 106 (reforma por incapacidade) não se encontram presentes no ato em questão;</p><p>Considerando, entretanto, que o montante da rubrica impugnada alcança quantia pouco significativa, de R$ 33,25 ([R$ 3.325,00 x 21%] - [R$ 3.325,00 x 20%]), podendo esta Corte conceder registro do ato eivado de irregularidade envolvendo valores de baixa grandeza, a fim de evitar custos com o processamento e julgamento de um novo ato, sem prejuízo de se fixar prazo para que a unidade jurisdicionada corrija a falha na ficha financeira do interessado, conforme orienta a jurisprudência do Tribunal, a exemplo dos Acórdãos 2.499/2022, 9.438/2021 e 11.245/2021 (rel. Ministro Jorge Oliveira) e 1.567/2021 (rel. Ministro-Substituto Augusto Sherman), todos da 1ª Câmara, e Acórdãos 12.704/2021 (rel. Ministro Augusto Nardes), 9.008/2023, 8.803/2023 e 6.467/2023 (de minha relatoria), esses da 2ª Câmara, bem assim em homenagem aos princípios da insignificância, da razoabilidade, da eficiência, da economicidade e do custo-benefício do controle;</p><p>Considerando que, por meio do Acórdão 1.414/2021-Plenário (relator Ministro Walton Alencar Rodrigues), este Tribunal fixou entendimento no sentido da possibilidade de apreciação de ato sujeito a registro mediante relação, na forma do artigo 143, inciso II, do Regimento Interno/TCU, nas hipóteses em que a ilegalidade do ato decorra exclusivamente de questão jurídica de solução já pacificada na jurisprudência desta Corte de Contas;</p><p>Considerando a presunção de boa-fé do interessado; e</p><p>Considerando que o ato ora examinado deu entrada no TCU há menos de cinco anos.</p><p>ACORDAM os Ministros do Tribunal de Contas da União, com fundamento nos artigos 1º, inciso V, e 39, inciso II, da Lei 8.443/1992, c/c os artigos 17, inciso III, 143, inciso II, e 259, inciso II, do Regimento Interno/TCU, e o art. 7º, inciso I, da Resolução/TCU 353/2023 (com a redação dada pela Resolução/TCU 377/2025), em ordenar o registro do ato de reforma em benefício do Sr. Paulo Roberto Monteiro dos Santos, dispensar o ressarcimento das quantias indevidamente recebidas de boa-fé pelo interessado, consoante o disposto no Enunciado 106 da Súmula da Jurisprudência do TCU, e expedir as determinações contidas no subitem 1.7 abaixo:</p><p>1. Processo TC-013.800/2025-6 (REFORMA)</p><p>1.1. Interessado: Paulo Roberto Monteiro dos Santos (048.292.798-42).</p><p>1.2. Órgão: Comando da Aeronáutica.</p><p>1.3. Relator: Ministro-Substituto Marcos Bemquerer Costa.</p><p>1.4. Representante do Ministério Público: Procurador Júlio Marcelo de Oliveira.</p><p>1.5. Unidade Técnica: Unidade de Auditoria Especializada em Pessoal (AudPessoal).</p><p>1.6. Representação legal: não há.</p><p>1.7. Determinações:</p><p>1.7.1. determinar ao Comando da Aeronáutica que, no prazo de 15 (quinze) dias a contar da notificação deste Acórdão:</p><p>1.7.1.1. adote as providências cabíveis no sentido de fixar o adicional por tempo de serviço no valor de 20%, com a correção da falha na ficha financeira do interessado, comunicando ao Tribunal as medidas adotadas, sob pena de responsabilidade solidária da autoridade administrativa omissa, nos termos do art. 262, caput, do Regimento Interno/TCU; e</p><p>1.7.1.2. dê ciência do inteiro teor desta Deliberação ao interessado, alertando-o de que o efeito suspensivo proveniente da interposição de possíveis recursos perante o TCU não o exime da devolução dos valores percebidos indevidamente após a respectiva notificação, caso os recursos não sejam providos, encaminhando a este Tribunal, no prazo de 30 (trinta) dias, comprovante da referida ciência, na forma prevista no art. 21, inciso I, da IN/TCU 78/2018.</p><p>ACÓRDÃO Nº 5528/2025 - TCU - 2ª Câmara</p><p>VISTOS e relacionados estes autos de ato de reforma em favor do Sr. Vitor Carlos Antunes, emitido pelo Comando da Aeronáutica e submetido a este Tribunal para fins de registro.</p><p>Considerando que a análise empreendida pela Unidade de Auditoria Especializada em Pessoal (AudPessoal), que contou com a anuência do representante do MP/TCU, detectou que o interessado se beneficiou indevidamente da regra de arredondamento prevista no art. 138 da Lei 6.880/1980, segundo a qual dispunha que a fração maior do que 180 dias seria considerada 1 (um) ano (dispositivo atualmente revogado), o que lhe conferiu um adicional por tempo de serviço de 31%, em vez de 30%;</p><p>Considerando que o adicional por tempo de serviço nas carreiras militares foi extinto pela Medida Provisória 2.215, de 29/12/2001, assegurado ao militar o percentual correspondente aos anos de serviço a que fizesse jus em 29/12/2000 (art. 30 da referida MP);</p><p>Considerando que o militar contava com 30 anos, 6 meses e 22 dias de tempo de serviço de atividades militares em 29/12/2000 (peça 3, p. 4);</p><p>Considerando que o interessado faz jus ao adicional por tempo de serviço de 30%, e não de 31%, sem direito ao arredondamento previsto no art. 138 da Lei 6.880/1980, uma vez que os motivos para tanto previstos nos incisos I a X do art. 98 (transferência para reserva ex officio) e nos incisos II e III do art. 106 (reforma por incapacidade) não se encontram presentes no ato em questão;</p><p>Considerando, entretanto, que o montante da rubrica impugnada alcança quantia pouco significativa, de R$ 111,96 ([R$ 11.196,00 x 31%] - [R$ 11.196,00 x 30%]), podendo esta Corte conceder registro do ato eivado de irregularidade envolvendo valores de baixa grandeza, a fim de evitar custos com o processamento e julgamento de um novo ato, sem prejuízo de se fixar prazo para que a unidade jurisdicionada corrija a falha na ficha financeira do interessado, conforme orienta a jurisprudência do Tribunal, a exemplo dos Acórdãos 2.499/2022, 9.438/2021 e 11.245/2021 (rel. Ministro Jorge Oliveira) e 1.567/2021 (rel. Ministro-Substituto Augusto Sherman), todos da 1ª Câmara, e Acórdãos 12.704/2021 (rel. Ministro Augusto Nardes), 9.008/2023, 8.803/2023 e 6.467/2023 (de minha relatoria), esses da 2ª Câmara, bem assim em homenagem aos princípios da insignificância, da razoabilidade, da eficiência, da economicidade e do custo-benefício do controle;</p><p>Considerando que, por meio do Acórdão 1.414/2021-Plenário (relator Ministro Walton Alencar Rodrigues), este Tribunal fixou entendimento no sentido da possibilidade de apreciação de ato sujeito a registro mediante relação, na forma do artigo 143, inciso II, do Regimento Interno/TCU, nas hipóteses em que a ilegalidade do ato decorra exclusivamente de questão jurídica de solução já pacificada na jurisprudência desta Corte de Contas;</p><p>Considerando a presunção de boa-fé do interessado; e</p><p>Considerando que o ato ora examinado deu entrada no TCU há menos de cinco anos.</p><p>ACORDAM os Ministros do Tribunal de Contas da União, com fundamento nos artigos 1º, inciso V, e 39, inciso II, da Lei 8.443/1992, c/c os artigos 17, inciso III, 143, inciso II, e 259, inciso II, do Regimento Interno/TCU, e o art. 7º, inciso I, da Resolução/TCU 353/2023 (com a redação dada pela Resolução/TCU 377/2025), em ordenar o registro do ato de reforma em benefício do Sr. Vitor Carlos Antunes, dispensar o ressarcimento das quantias indevidamente recebidas de boa-fé pelo interessado, consoante o disposto no Enunciado 106 da Súmula da Jurisprudência do TCU, e expedir as determinações contidas no subitem 1.7 abaixo:</p><p>1. Processo TC-013.945/2025-4 (REFORMA)</p><p>1.1. Interessado: Vitor Carlos Antunes (967.644.578-91).</p><p>1.2. Órgão: Comando da Aeronáutica.</p><p>1.3. Relator: Ministro-Substituto Marcos Bemquerer Costa.</p><p>1.4. Representante do Ministério Público: Procurador Rodrigo Medeiros de Lima.</p><p>1.5. Unidade Técnica: Unidade de Auditoria Especializada em Pessoal (AudPessoal).</p><p>1.6. Representação legal: não há.</p><p>1.7. Determinações/Recomendações/Orientações: não há.</p><p>1.7. Determinações:</p><p>1.7.1. determinar ao Comando da Aeronáutica que, no prazo de 15 (quinze) dias a contar da notificação deste Acórdão:</p><p>1.7.1.1. adote as providências cabíveis no sentido de fixar o adicional por tempo de serviço no valor de 30%, com a correção da falha na ficha financeira do interessado, comunicando ao Tribunal as medidas adotadas, sob pena de responsabilidade solidária da autoridade administrativa omissa, nos termos do art. 262, caput, do Regimento Interno/TCU; e</p><p>1.7.1.2. dê ciência do inteiro teor desta Deliberação ao interessado, alertando-o de que o efeito suspensivo proveniente da interposição de possíveis recursos perante o TCU não o exime da devolução dos valores percebidos indevidamente após a respectiva notificação, caso os recursos não sejam providos, encaminhando a este Tribunal, no prazo de 30 (trinta) dias, comprovante da referida ciência, na forma prevista no art. 21, inciso I, da IN/TCU 78/2018.</p><p>ENCERRAMENTO</p><p>Às 10 horas e 57 minutos, a Presidência encerrou a sessão, da qual foi lavrada esta ata, a ser aprovada pelo Presidente e homologada pela Segunda Câmara.</p><p class="assina">ELENIR TEODORO GONCALVES DOS SANTOS</p><p class="cargo">Subsecretária</p><p>Aprovada em 12 de setembro de 2025.</p><p class="assina">AUGUSTO NARDES</p><p class="cargo">Na Presidência da 2ª Câmara</p>]]></Texto>
  </body>
  <Midias />
</article></xml>