﻿<xml><article id="45406458" name="PORTARIA NA 609 - 11.09.2025_010" idOficio="11278735" pubName="DO1" artType="Portaria" pubDate="12/09/2025" artClass="00025:00046:00000:00000:00000:00000:00000:00000:00000:00000:00054:00000" artCategory="Ministério da Educação/Secretaria de Regulação e Supervisão da Educação Superior" artSize="24" artNotes="" numberPage="76" pdfPage="http://pesquisa.in.gov.br/imprensa/jsp/visualiza/index.jsp?data=12/09/2025&amp;jornal=515&amp;pagina=76" editionNumber="174" highlightType="" highlightPriority="" highlight="" highlightimage="" highlightimagename="" idMateria="23098716">
  <body>
    <Identifica />
    <Data><![CDATA[]]></Data>
    <Ementa />
    <Titulo />
    <SubTitulo />
    <Texto><![CDATA[<p /><p></p><table><tr /><tr><td rowspan="1" colspan="1"><p>366</p></td><td rowspan="1" colspan="1"><p>202516370</p></td><td rowspan="1" colspan="1"><p>Licenciatura</p></td><td rowspan="1" colspan="1"><p>MATEMÁTICA</p></td><td rowspan="1" colspan="1"><p>4800</p></td><td rowspan="1" colspan="1"><p>CENTRO UNIVERSITARIO PROJECAO - UNIPROJECAO</p></td><td rowspan="1" colspan="1"><p>BCEC - BRASIL CENTRAL DE EDUCACAO E CULTURA LTDA</p></td></tr><tr><td rowspan="1" colspan="1"><p>367</p></td><td rowspan="1" colspan="1"><p>202508388</p></td><td rowspan="1" colspan="1"><p>Bacharelado</p></td><td rowspan="1" colspan="1"><p>NUTRIÇÃO</p></td><td rowspan="1" colspan="1"><p>160</p></td><td rowspan="1" colspan="1"><p>CENTRO UNIVERSITARIO PROJECAO - UNIPROJECAO</p></td><td rowspan="1" colspan="1"><p>BCEC - BRASIL CENTRAL DE EDUCACAO E CULTURA LTDA</p></td></tr><tr><td rowspan="1" colspan="1"><p>368</p></td><td rowspan="1" colspan="1"><p>202510718</p></td><td rowspan="1" colspan="1"><p>Licenciatura</p></td><td rowspan="1" colspan="1"><p>PEDAGOGIA</p></td><td rowspan="1" colspan="1"><p>600</p></td><td rowspan="1" colspan="1"><p>CENTRO UNIVERSITARIO PROJECAO - UNIPROJECAO</p></td><td rowspan="1" colspan="1"><p>BCEC - BRASIL CENTRAL DE EDUCACAO E CULTURA LTDA</p></td></tr><tr><td rowspan="1" colspan="1"><p>369</p></td><td rowspan="1" colspan="1"><p>202507860</p></td><td rowspan="1" colspan="1"><p>Bacharelado</p></td><td rowspan="1" colspan="1"><p>EDUCAÇÃO FÍSICA</p></td><td rowspan="1" colspan="1"><p>1000</p></td><td rowspan="1" colspan="1"><p>CENTRO UNIVERSITARIO REDENTOR - FACREDENTOR</p></td><td rowspan="1" colspan="1"><p>SOCIEDADE UNIVERSITARIA REDENTOR S.A.</p></td></tr><tr><td rowspan="1" colspan="1"><p>370</p></td><td rowspan="1" colspan="1"><p>202509232</p></td><td rowspan="1" colspan="1"><p>Bacharelado</p></td><td rowspan="1" colspan="1"><p>ENGENHARIA CIVIL</p></td><td rowspan="1" colspan="1"><p>200</p></td><td rowspan="1" colspan="1"><p>CENTRO UNIVERSITARIO REDENTOR - FACREDENTOR</p></td><td rowspan="1" colspan="1"><p>SOCIEDADE UNIVERSITARIA REDENTOR S.A.</p></td></tr><tr><td rowspan="1" colspan="1"><p>371</p></td><td rowspan="1" colspan="1"><p>202518070</p></td><td rowspan="1" colspan="1"><p>Licenciatura</p></td><td rowspan="1" colspan="1"><p>ARTES VISUAIS</p></td><td rowspan="1" colspan="1"><p>200</p></td><td rowspan="1" colspan="1"><p>CENTRO UNIVERSITARIO RITTER DOS REIS - UNIRITTER</p></td><td rowspan="1" colspan="1"><p>SOCIEDADE DE EDUCACAO RITTER DOS REIS LTDA.</p></td></tr><tr><td rowspan="1" colspan="1"><p>372</p></td><td rowspan="1" colspan="1"><p>202508051</p></td><td rowspan="1" colspan="1"><p>Bacharelado</p></td><td rowspan="1" colspan="1"><p>BIOMEDICINA</p></td><td rowspan="1" colspan="1"><p>200</p></td><td rowspan="1" colspan="1"><p>CENTRO UNIVERSITARIO RITTER DOS REIS - UNIRITTER</p></td><td rowspan="1" colspan="1"><p>SOCIEDADE DE EDUCACAO RITTER DOS REIS LTDA.</p></td></tr><tr><td rowspan="1" colspan="1"><p>373</p></td><td rowspan="1" colspan="1"><p>202517308</p></td><td rowspan="1" colspan="1"><p>Licenciatura</p></td><td rowspan="1" colspan="1"><p>CIÊNCIAS BIOLÓGICAS</p></td><td rowspan="1" colspan="1"><p>200</p></td><td rowspan="1" colspan="1"><p>CENTRO UNIVERSITARIO RITTER DOS REIS - UNIRITTER</p></td><td rowspan="1" colspan="1"><p>SOCIEDADE DE EDUCACAO RITTER DOS REIS LTDA.</p></td></tr><tr><td rowspan="1" colspan="1"><p>374</p></td><td rowspan="1" colspan="1"><p>202508048</p></td><td rowspan="1" colspan="1"><p>Bacharelado</p></td><td rowspan="1" colspan="1"><p>EDUCAÇÃO FÍSICA</p></td><td rowspan="1" colspan="1"><p>200</p></td><td rowspan="1" colspan="1"><p>CENTRO UNIVERSITARIO RITTER DOS REIS - UNIRITTER</p></td><td rowspan="1" colspan="1"><p>SOCIEDADE DE EDUCACAO RITTER DOS REIS LTDA.</p></td></tr><tr><td rowspan="1" colspan="1"><p>375</p></td><td rowspan="1" colspan="1"><p>202509965</p></td><td rowspan="1" colspan="1"><p>Licenciatura</p></td><td rowspan="1" colspan="1"><p>EDUCAÇÃO FÍSICA</p></td><td rowspan="1" colspan="1"><p>300</p></td><td rowspan="1" colspan="1"><p>CENTRO UNIVERSITARIO RITTER DOS REIS - UNIRITTER</p></td><td rowspan="1" colspan="1"><p>SOCIEDADE DE EDUCACAO RITTER DOS REIS LTDA.</p></td></tr><tr><td rowspan="1" colspan="1"><p>376</p></td><td rowspan="1" colspan="1"><p>202508806</p></td><td rowspan="1" colspan="1"><p>Bacharelado</p></td><td rowspan="1" colspan="1"><p>ENGENHARIA AMBIENTAL E SANITÁRIA</p></td><td rowspan="1" colspan="1"><p>200</p></td><td rowspan="1" colspan="1"><p>CENTRO UNIVERSITARIO RITTER DOS REIS - UNIRITTER</p></td><td rowspan="1" colspan="1"><p>SOCIEDADE DE EDUCACAO RITTER DOS REIS LTDA.</p></td></tr><tr><td rowspan="1" colspan="1"><p>377</p></td><td rowspan="1" colspan="1"><p>202508811</p></td><td rowspan="1" colspan="1"><p>Bacharelado</p></td><td rowspan="1" colspan="1"><p>ENGENHARIA CIVIL</p></td><td rowspan="1" colspan="1"><p>200</p></td><td rowspan="1" colspan="1"><p>CENTRO UNIVERSITARIO RITTER DOS REIS - UNIRITTER</p></td><td rowspan="1" colspan="1"><p>SOCIEDADE DE EDUCACAO RITTER DOS REIS LTDA.</p></td></tr><tr><td rowspan="1" colspan="1"><p>378</p></td><td rowspan="1" colspan="1"><p>202517368</p></td><td rowspan="1" colspan="1"><p>Bacharelado</p></td><td rowspan="1" colspan="1"><p>ENGENHARIA DE CONTROLE E AUTOMAÇÃO</p></td><td rowspan="1" colspan="1"><p>200</p></td><td rowspan="1" colspan="1"><p>CENTRO UNIVERSITARIO RITTER DOS REIS - UNIRITTER</p></td><td rowspan="1" colspan="1"><p>SOCIEDADE DE EDUCACAO RITTER DOS REIS LTDA.</p></td></tr><tr><td rowspan="1" colspan="1"><p>379</p></td><td rowspan="1" colspan="1"><p>202508804</p></td><td rowspan="1" colspan="1"><p>Bacharelado</p></td><td rowspan="1" colspan="1"><p>ENGENHARIA DE PRODUÇÃO</p></td><td rowspan="1" colspan="1"><p>200</p></td><td rowspan="1" colspan="1"><p>CENTRO UNIVERSITARIO RITTER DOS REIS - UNIRITTER</p></td><td rowspan="1" colspan="1"><p>SOCIEDADE DE EDUCACAO RITTER DOS REIS LTDA.</p></td></tr><tr><td rowspan="1" colspan="1"><p>380</p></td><td rowspan="1" colspan="1"><p>202508809</p></td><td rowspan="1" colspan="1"><p>Bacharelado</p></td><td rowspan="1" colspan="1"><p>ENGENHARIA ELÉTRICA</p></td><td rowspan="1" colspan="1"><p>200</p></td><td rowspan="1" colspan="1"><p>CENTRO UNIVERSITARIO RITTER DOS REIS - UNIRITTER</p></td><td rowspan="1" colspan="1"><p>SOCIEDADE DE EDUCACAO RITTER DOS REIS LTDA.</p></td></tr><tr><td rowspan="1" colspan="1"><p>381</p></td><td rowspan="1" colspan="1"><p>202508808</p></td><td rowspan="1" colspan="1"><p>Bacharelado</p></td><td rowspan="1" colspan="1"><p>ENGENHARIA MECÂNICA</p></td><td rowspan="1" colspan="1"><p>200</p></td><td rowspan="1" colspan="1"><p>CENTRO UNIVERSITARIO RITTER DOS REIS - UNIRITTER</p></td><td rowspan="1" colspan="1"><p>SOCIEDADE DE EDUCACAO RITTER DOS REIS LTDA.</p></td></tr><tr><td rowspan="1" colspan="1"><p>382</p></td><td rowspan="1" colspan="1"><p>202517553</p></td><td rowspan="1" colspan="1"><p>Bacharelado</p></td><td rowspan="1" colspan="1"><p>ESTATÍSTICA</p></td><td rowspan="1" colspan="1"><p>200</p></td><td rowspan="1" colspan="1"><p>CENTRO UNIVERSITARIO RITTER DOS REIS - UNIRITTER</p></td><td rowspan="1" colspan="1"><p>SOCIEDADE DE EDUCACAO RITTER DOS REIS LTDA.</p></td></tr><tr><td rowspan="1" colspan="1"><p>383</p></td><td rowspan="1" colspan="1"><p>202517823</p></td><td rowspan="1" colspan="1"><p>Tecnológico</p></td><td rowspan="1" colspan="1"><p>ESTÉTICA E COSMÉTICA</p></td><td rowspan="1" colspan="1"><p>200</p></td><td rowspan="1" colspan="1"><p>CENTRO UNIVERSITARIO RITTER DOS REIS - UNIRITTER</p></td><td rowspan="1" colspan="1"><p>SOCIEDADE DE EDUCACAO RITTER DOS REIS LTDA.</p></td></tr><tr><td rowspan="1" colspan="1"><p>384</p></td><td rowspan="1" colspan="1"><p>202515107</p></td><td rowspan="1" colspan="1"><p>Bacharelado</p></td><td rowspan="1" colspan="1"><p>FARMÁCIA</p></td><td rowspan="1" colspan="1"><p>1600</p></td><td rowspan="1" colspan="1"><p>CENTRO UNIVERSITARIO RITTER DOS REIS - UNIRITTER</p></td><td rowspan="1" colspan="1"><p>SOCIEDADE DE EDUCACAO RITTER DOS REIS LTDA.</p></td></tr><tr><td rowspan="1" colspan="1"><p>385</p></td><td rowspan="1" colspan="1"><p>202516116</p></td><td rowspan="1" colspan="1"><p>Licenciatura</p></td><td rowspan="1" colspan="1"><p>FILOSOFIA</p></td><td rowspan="1" colspan="1"><p>400</p></td><td rowspan="1" colspan="1"><p>CENTRO UNIVERSITARIO RITTER DOS REIS - UNIRITTER</p></td><td rowspan="1" colspan="1"><p>SOCIEDADE DE EDUCACAO RITTER DOS REIS LTDA.</p></td></tr><tr><td rowspan="1" colspan="1"><p>386</p></td><td rowspan="1" colspan="1"><p>202516118</p></td><td rowspan="1" colspan="1"><p>Licenciatura</p></td><td rowspan="1" colspan="1"><p>FÍSICA</p></td><td rowspan="1" colspan="1"><p>400</p></td><td rowspan="1" colspan="1"><p>CENTRO UNIVERSITARIO RITTER DOS REIS - UNIRITTER</p></td><td rowspan="1" colspan="1"><p>SOCIEDADE DE EDUCACAO RITTER DOS REIS LTDA.</p></td></tr><tr><td rowspan="1" colspan="1"><p>387</p></td><td rowspan="1" colspan="1"><p>202508049</p></td><td rowspan="1" colspan="1"><p>Bacharelado</p></td><td rowspan="1" colspan="1"><p>FISIOTERAPIA</p></td><td rowspan="1" colspan="1"><p>200</p></td><td rowspan="1" colspan="1"><p>CENTRO UNIVERSITARIO RITTER DOS REIS - UNIRITTER</p></td><td rowspan="1" colspan="1"><p>SOCIEDADE DE EDUCACAO RITTER DOS REIS LTDA.</p></td></tr><tr><td rowspan="1" colspan="1"><p>388</p></td><td rowspan="1" colspan="1"><p>202516115</p></td><td rowspan="1" colspan="1"><p>Licenciatura</p></td><td rowspan="1" colspan="1"><p>GEOGRAFIA</p></td><td rowspan="1" colspan="1"><p>400</p></td><td rowspan="1" colspan="1"><p>CENTRO UNIVERSITARIO RITTER DOS REIS - UNIRITTER</p></td><td rowspan="1" colspan="1"><p>SOCIEDADE DE EDUCACAO RITTER DOS REIS LTDA.</p></td></tr><tr><td rowspan="1" colspan="1"><p>389</p></td><td rowspan="1" colspan="1"><p>202509968</p></td><td rowspan="1" colspan="1"><p>Licenciatura</p></td><td rowspan="1" colspan="1"><p>HISTÓRIA</p></td><td rowspan="1" colspan="1"><p>100</p></td><td rowspan="1" colspan="1"><p>CENTRO UNIVERSITARIO RITTER DOS REIS - UNIRITTER</p></td><td rowspan="1" colspan="1"><p>SOCIEDADE DE EDUCACAO RITTER DOS REIS LTDA.</p></td></tr><tr><td rowspan="1" colspan="1"><p>390</p></td><td rowspan="1" colspan="1"><p>202517306</p></td><td rowspan="1" colspan="1"><p>Licenciatura</p></td><td rowspan="1" colspan="1"><p>LETRAS - INGLÊS</p></td><td rowspan="1" colspan="1"><p>160</p></td><td rowspan="1" colspan="1"><p>CENTRO UNIVERSITARIO RITTER DOS REIS - UNIRITTER</p></td><td rowspan="1" colspan="1"><p>SOCIEDADE DE EDUCACAO RITTER DOS REIS LTDA.</p></td></tr><tr><td rowspan="1" colspan="1"><p>391</p></td><td rowspan="1" colspan="1"><p>202518146</p></td><td rowspan="1" colspan="1"><p>Licenciatura</p></td><td rowspan="1" colspan="1"><p>LETRAS - PORTUGUÊS</p></td><td rowspan="1" colspan="1"><p>100</p></td><td rowspan="1" colspan="1"><p>CENTRO UNIVERSITARIO RITTER DOS REIS - UNIRITTER</p></td><td rowspan="1" colspan="1"><p>SOCIEDADE DE EDUCACAO RITTER DOS REIS LTDA.</p></td></tr><tr><td rowspan="1" colspan="1"><p>392</p></td><td rowspan="1" colspan="1"><p>202516117</p></td><td rowspan="1" colspan="1"><p>Licenciatura</p></td><td rowspan="1" colspan="1"><p>LETRAS - PORTUGUÊS E INGLÊS</p></td><td rowspan="1" colspan="1"><p>200</p></td><td rowspan="1" colspan="1"><p>CENTRO UNIVERSITARIO RITTER DOS REIS - UNIRITTER</p></td><td rowspan="1" colspan="1"><p>SOCIEDADE DE EDUCACAO RITTER DOS REIS LTDA.</p></td></tr><tr><td rowspan="1" colspan="1"><p>393</p></td><td rowspan="1" colspan="1"><p>202517929</p></td><td rowspan="1" colspan="1"><p>Licenciatura</p></td><td rowspan="1" colspan="1"><p>MATEMÁTICA</p></td><td rowspan="1" colspan="1"><p>200</p></td><td rowspan="1" colspan="1"><p>CENTRO UNIVERSITARIO RITTER DOS REIS - UNIRITTER</p></td><td rowspan="1" colspan="1"><p>SOCIEDADE DE EDUCACAO RITTER DOS REIS LTDA.</p></td></tr><tr><td rowspan="1" colspan="1"><p>394</p></td><td rowspan="1" colspan="1"><p>202517378</p></td><td rowspan="1" colspan="1"><p>Bacharelado</p></td><td rowspan="1" colspan="1"><p>NUTRIÇÃO</p></td><td rowspan="1" colspan="1"><p>200</p></td><td rowspan="1" colspan="1"><p>CENTRO UNIVERSITARIO RITTER DOS REIS - UNIRITTER</p></td><td rowspan="1" colspan="1"><p>SOCIEDADE DE EDUCACAO RITTER DOS REIS LTDA.</p></td></tr><tr><td rowspan="1" colspan="1"><p>395</p></td><td rowspan="1" colspan="1"><p>202509960</p></td><td rowspan="1" colspan="1"><p>Licenciatura</p></td><td rowspan="1" colspan="1"><p>PEDAGOGIA</p></td><td rowspan="1" colspan="1"><p>100</p></td><td rowspan="1" colspan="1"><p>CENTRO UNIVERSITARIO RITTER DOS REIS - UNIRITTER</p></td><td rowspan="1" colspan="1"><p>SOCIEDADE DE EDUCACAO RITTER DOS REIS LTDA.</p></td></tr><tr><td rowspan="1" colspan="1"><p>396</p></td><td rowspan="1" colspan="1"><p>202516114</p></td><td rowspan="1" colspan="1"><p>Licenciatura</p></td><td rowspan="1" colspan="1"><p>QUÍMICA</p></td><td rowspan="1" colspan="1"><p>400</p></td><td rowspan="1" colspan="1"><p>CENTRO UNIVERSITARIO RITTER DOS REIS - UNIRITTER</p></td><td rowspan="1" colspan="1"><p>SOCIEDADE DE EDUCACAO RITTER DOS REIS LTDA.</p></td></tr><tr><td rowspan="1" colspan="1"><p>397</p></td><td rowspan="1" colspan="1"><p>202515108</p></td><td rowspan="1" colspan="1"><p>Tecnológico</p></td><td rowspan="1" colspan="1"><p>RADIOLOGIA</p></td><td rowspan="1" colspan="1"><p>800</p></td><td rowspan="1" colspan="1"><p>CENTRO UNIVERSITARIO RITTER DOS REIS - UNIRITTER</p></td><td rowspan="1" colspan="1"><p>SOCIEDADE DE EDUCACAO RITTER DOS REIS LTDA.</p></td></tr><tr><td rowspan="1" colspan="1"><p>398</p></td><td rowspan="1" colspan="1"><p>202509090</p></td><td rowspan="1" colspan="1"><p>Bacharelado</p></td><td rowspan="1" colspan="1"><p>ARQUITETURA E URBANISMO</p></td><td rowspan="1" colspan="1"><p>100</p></td><td rowspan="1" colspan="1"><p>CENTRO UNIVERSITARIO SALESIANO - UNISALES</p></td><td rowspan="1" colspan="1"><p>INSPETORIA SAO JOAO BOSCO</p></td></tr><tr><td rowspan="1" colspan="1"><p>399</p></td><td rowspan="1" colspan="1"><p>202508371</p></td><td rowspan="1" colspan="1"><p>Bacharelado</p></td><td rowspan="1" colspan="1"><p>BIOMEDICINA</p></td><td rowspan="1" colspan="1"><p>100</p></td><td rowspan="1" colspan="1"><p>CENTRO UNIVERSITARIO SALESIANO - UNISALES</p></td><td rowspan="1" colspan="1"><p>INSPETORIA SAO JOAO BOSCO</p></td></tr><tr><td rowspan="1" colspan="1"><p>400</p></td><td rowspan="1" colspan="1"><p>202508370</p></td><td rowspan="1" colspan="1"><p>Bacharelado</p></td><td rowspan="1" colspan="1"><p>FARMÁCIA</p></td><td rowspan="1" colspan="1"><p>100</p></td><td rowspan="1" colspan="1"><p>CENTRO UNIVERSITARIO SALESIANO - UNISALES</p></td><td rowspan="1" colspan="1"><p>INSPETORIA SAO JOAO BOSCO</p></td></tr><tr><td rowspan="1" colspan="1"><p>401</p></td><td rowspan="1" colspan="1"><p>202508373</p></td><td rowspan="1" colspan="1"><p>Bacharelado</p></td><td rowspan="1" colspan="1"><p>FISIOTERAPIA</p></td><td rowspan="1" colspan="1"><p>100</p></td><td rowspan="1" colspan="1"><p>CENTRO UNIVERSITARIO SALESIANO - UNISALES</p></td><td rowspan="1" colspan="1"><p>INSPETORIA SAO JOAO BOSCO</p></td></tr><tr><td rowspan="1" colspan="1"><p>402</p></td><td rowspan="1" colspan="1"><p>202508372</p></td><td rowspan="1" colspan="1"><p>Bacharelado</p></td><td rowspan="1" colspan="1"><p>NUTRIÇÃO</p></td><td rowspan="1" colspan="1"><p>100</p></td><td rowspan="1" colspan="1"><p>CENTRO UNIVERSITARIO SALESIANO - UNISALES</p></td><td rowspan="1" colspan="1"><p>INSPETORIA SAO JOAO BOSCO</p></td></tr><tr><td rowspan="1" colspan="1"><p>403</p></td><td rowspan="1" colspan="1"><p>202515623</p></td><td rowspan="1" colspan="1"><p>Bacharelado</p></td><td rowspan="1" colspan="1"><p>ENGENHARIA DE COMPUTAÇÃO</p></td><td rowspan="1" colspan="1"><p>6000</p></td><td rowspan="1" colspan="1"><p>CENTRO UNIVERSITARIO SALESIANO DE SAO PAULO - UNISAL</p></td><td rowspan="1" colspan="1"><p>LICEU CORACAO DE JESUS</p></td></tr><tr><td rowspan="1" colspan="1"><p>404</p></td><td rowspan="1" colspan="1"><p>202510425</p></td><td rowspan="1" colspan="1"><p>Licenciatura</p></td><td rowspan="1" colspan="1"><p>PEDAGOGIA</p></td><td rowspan="1" colspan="1"><p>300</p></td><td rowspan="1" colspan="1"><p>CENTRO UNIVERSITARIO SALESIANO DE SAO PAULO - UNISAL</p></td><td rowspan="1" colspan="1"><p>LICEU CORACAO DE JESUS</p></td></tr><tr><td rowspan="1" colspan="1"><p>405</p></td><td rowspan="1" colspan="1"><p>202510773</p></td><td rowspan="1" colspan="1"><p>Licenciatura</p></td><td rowspan="1" colspan="1"><p>LETRAS - PORTUGUÊS E INGLÊS</p></td><td rowspan="1" colspan="1"><p>100</p></td><td rowspan="1" colspan="1"><p>CENTRO UNIVERSITARIO SANTA AMELIA - SECAL</p></td><td rowspan="1" colspan="1"><p>SOCIEDADE EDUCATIVA E CULTURAL AMELIA LTDA</p></td></tr><tr><td rowspan="1" colspan="1"><p>406</p></td><td rowspan="1" colspan="1"><p>202510774</p></td><td rowspan="1" colspan="1"><p>Licenciatura</p></td><td rowspan="1" colspan="1"><p>PEDAGOGIA</p></td><td rowspan="1" colspan="1"><p>100</p></td><td rowspan="1" colspan="1"><p>CENTRO UNIVERSITARIO SANTA AMELIA - SECAL</p></td><td rowspan="1" colspan="1"><p>SOCIEDADE EDUCATIVA E CULTURAL AMELIA LTDA</p></td></tr><tr><td rowspan="1" colspan="1"><p>407</p></td><td rowspan="1" colspan="1"><p>202515262</p></td><td rowspan="1" colspan="1"><p>Bacharelado</p></td><td rowspan="1" colspan="1"><p>SERVIÇO SOCIAL</p></td><td rowspan="1" colspan="1"><p>640</p></td><td rowspan="1" colspan="1"><p>CENTRO UNIVERSITARIO SANTA AMELIA - SECAL</p></td><td rowspan="1" colspan="1"><p>SOCIEDADE EDUCATIVA E CULTURAL AMELIA LTDA</p></td></tr><tr><td rowspan="1" colspan="1"><p>408</p></td><td rowspan="1" colspan="1"><p>202510833</p></td><td rowspan="1" colspan="1"><p>Licenciatura</p></td><td rowspan="1" colspan="1"><p>CIÊNCIAS BIOLÓGICAS</p></td><td rowspan="1" colspan="1"><p>600</p></td><td rowspan="1" colspan="1"><p>CENTRO UNIVERSITARIO SANTA CRUZ DE CURITIBA - UNI SANTA CRUZ</p></td><td rowspan="1" colspan="1"><p>UNIAO PARANAENSE DE ENSINO E CULTURA -UNIPEC</p></td></tr></table>]]></Texto>
  </body>
  <Midias />
</article></xml>