﻿<xml><article id="45416570" name="resolucao_3510_2025 COAFE_002" idOficio="11280829" pubName="DO1" artType="Resolução" pubDate="12/09/2025" artClass="00047:00048:00016:00006:00002:00000:00000:00000:00000:00000:00064:00003" artCategory="Ministério da Saúde/Agência Nacional de Vigilância Sanitária/4ª Diretoria/Gerência-Geral de Inspeção e Fiscalização Sanitária/Coordenação de Autorização de Funcionamento de Empresas" artSize="12" artNotes="" numberPage="190" pdfPage="http://pesquisa.in.gov.br/imprensa/jsp/visualiza/index.jsp?data=12/09/2025&amp;jornal=515&amp;pagina=190" editionNumber="174" highlightType="" highlightPriority="" highlight="" highlightimage="" highlightimagename="" idMateria="23102038">
  <body>
    <Identifica />
    <Data><![CDATA[]]></Data>
    <Ementa />
    <Titulo />
    <SubTitulo />
    <Texto><![CDATA[<p>DROGARIA LEANDRO LTDA / 11.087.298/0002-16</p><p>25351.161123/2025-23 / 5212251</p><p>COMÉRCIO: COSMÉTICOS, PERFUMES, PRODUTOS DE HIGIENE, CORRELATOS, ALIMENTOS E PLANTAS MEDICINAIS (IN Nº 9/2009)</p><p>DISPENSAÇÃO DE MEDICAMENTOS CONTENDO SUBSTÂNCIAS SUJEITAS AO CONTROLE ESPECIAL</p><p>DISPENSAÇÃO DE MEDICAMENTOS NÃO SUJEITOS AO CONTROLE ESPECIAL</p><p>PRESTAÇÃO DE SERVIÇOS FARMACÊUTICOS</p><p>733 - AFE - CONCESSÃO - FARMÁCIAS E DROGARIAS / 1196800251</p><p>--------------------------------------</p><p>FARMACIA PREMIUM COMERCIO VAREJISTA DE MEDICAMENTOS LTDA / 46.481.027/0001-44</p><p>25351.161268/2025-24 / 5212338</p><p>COMÉRCIO: COSMÉTICOS, PERFUMES, PRODUTOS DE HIGIENE, CORRELATOS, ALIMENTOS E PLANTAS MEDICINAIS (IN Nº 9/2009)</p><p>DISPENSAÇÃO DE MEDICAMENTOS CONTENDO SUBSTÂNCIAS SUJEITAS AO CONTROLE ESPECIAL</p><p>DISPENSAÇÃO DE MEDICAMENTOS NÃO SUJEITOS AO CONTROLE ESPECIAL</p><p>PRESTAÇÃO DE SERVIÇOS FARMACÊUTICOS</p><p>733 - AFE - CONCESSÃO - FARMÁCIAS E DROGARIAS / 1198210257</p><p>--------------------------------------</p><p>JOAOZINHO LUIZ ARGENTA &amp; CIA LTDA / 02.371.743/0001-01</p><p>25351.153390/2025-27 / 8325731</p><p>TRANSPORTAR: PRODUTOS PARA SAÚDE (DISPOSITIVOS MÉDICOS)</p><p>862 - AFE - CONCESSÃO - PRODUTOS PARA SAÚDE - TRANSPORTAR / 1155068254</p><p>--------------------------------------</p><p>PATRICIA BARBOSA SILVA LEMOS &amp; CIA LTDA / 62.549.193/0001-91</p><p>25351.162381/2025-27 / 5212827</p><p>COMÉRCIO: COSMÉTICOS, PERFUMES, PRODUTOS DE HIGIENE, CORRELATOS, ALIMENTOS E PLANTAS MEDICINAIS (IN Nº 9/2009)</p><p>DISPENSAÇÃO DE MEDICAMENTOS CONTENDO SUBSTÂNCIAS SUJEITAS AO CONTROLE ESPECIAL</p><p>DISPENSAÇÃO DE MEDICAMENTOS NÃO SUJEITOS AO CONTROLE ESPECIAL</p><p>PRESTAÇÃO DE SERVIÇOS FARMACÊUTICOS</p><p>733 - AFE - CONCESSÃO - FARMÁCIAS E DROGARIAS / 1204158258</p><p>--------------------------------------</p><p>OGGI TRANSPORTES DE CARGAS E ARMAZENS GERAIS LTDA / 08.325.365/0001-06</p><p>25351.153048/2025-27 / 3146426</p><p>TRANSPORTAR: SANEANTE DOMIS.</p><p>737 - AFE - CONCESSÃO - SANEANTES - TRANSPORTAR (SOMENTE MATRIZ) / 1152708252</p><p>--------------------------------------</p><p>N L MARQUES DE SOUSA LTDA / 11.309.921/0001-57</p><p>25351.162044/2025-30 / 5212736</p><p>COMÉRCIO: COSMÉTICOS / PERFUMES / PRODUTOS DE HIGIENE</p><p>DISPENSAÇÃO DE MEDICAMENTOS NÃO SUJEITOS AO CONTROLE ESPECIAL</p><p>733 - AFE - CONCESSÃO - FARMÁCIAS E DROGARIAS / 1202544258</p><p>--------------------------------------</p><p>LS CIRURGICA MATERIAIS E SERVICOS MEDICOS E HOSPITALARES LTDA / 61.573.904/0001-09</p><p>25351.153430/2025-31 / 8325761</p><p>ARMAZENAR: PRODUTOS PARA SAÚDE (DISPOSITIVOS MÉDICOS)</p><p>DISTRIBUIR: PRODUTOS PARA SAÚDE (DISPOSITIVOS MÉDICOS)</p><p>EXPEDIR: PRODUTOS PARA SAÚDE (DISPOSITIVOS MÉDICOS)</p><p>856 - AFE - CONCESSÃO - PRODUTOS PARA SAÚDE - DISTRIBUIR / 1155171250</p><p>--------------------------------------</p><p>J. W. LIMA REIS FARMA LTDA / 62.262.780/0001-03</p><p>25351.162485/2025-31 / 5212875</p><p>COMÉRCIO: COSMÉTICOS, PERFUMES, PRODUTOS DE HIGIENE, CORRELATOS, ALIMENTOS E PLANTAS MEDICINAIS (IN Nº 9/2009)</p><p>DISPENSAÇÃO DE MEDICAMENTOS NÃO SUJEITOS AO CONTROLE ESPECIAL</p><p>PRESTAÇÃO DE SERVIÇOS FARMACÊUTICOS</p><p>733 - AFE - CONCESSÃO - FARMÁCIAS E DROGARIAS / 1204697256</p><p>--------------------------------------</p><p>SHPX LOGISTICA LTDA. / 42.446.277/0172-49</p><p>25351.148606/2025-32 / 8325039</p><p>TRANSPORTAR: PRODUTOS PARA SAÚDE (DISPOSITIVOS MÉDICOS)</p><p>862 - AFE - CONCESSÃO - PRODUTOS PARA SAÚDE - TRANSPORTAR / 1130759253</p><p>--------------------------------------</p><p>FARMA MAX POPULAR LTDA / 60.228.968/0001-00</p><p>25351.155653/2025-32 / 5212295</p><p>COMÉRCIO: COSMÉTICOS, PERFUMES, PRODUTOS DE HIGIENE, CORRELATOS, ALIMENTOS E PLANTAS MEDICINAIS (IN Nº 9/2009)</p><p>DISPENSAÇÃO DE MEDICAMENTOS CONTENDO SUBSTÂNCIAS SUJEITAS AO CONTROLE ESPECIAL</p><p>DISPENSAÇÃO DE MEDICAMENTOS NÃO SUJEITOS AO CONTROLE ESPECIAL</p><p>PRESTAÇÃO DE SERVIÇOS FARMACÊUTICOS</p><p>733 - AFE - CONCESSÃO - FARMÁCIAS E DROGARIAS / 1166639258</p><p>--------------------------------------</p><p>E CARLOS SEGUNDO JUNIOR DROGARIA / 37.353.363/0001-10</p><p>25351.133980/2025-33 / 5212034</p><p>COMÉRCIO: COSMÉTICOS, PERFUMES, PRODUTOS DE HIGIENE, CORRELATOS, ALIMENTOS E PLANTAS MEDICINAIS (IN Nº 9/2009)</p><p>DISPENSAÇÃO DE MEDICAMENTOS NÃO SUJEITOS AO CONTROLE ESPECIAL</p><p>733 - AFE - CONCESSÃO - FARMÁCIAS E DROGARIAS / 0999649256</p><p>--------------------------------------</p><p>FRANCISCA MARLIVONE PINHEIRO DE MELO LTDA / 22.751.886/0001-48</p><p>25351.161410/2025-33 / 5212463</p><p>COMÉRCIO: COSMÉTICOS, PERFUMES, PRODUTOS DE HIGIENE, CORRELATOS, ALIMENTOS E PLANTAS MEDICINAIS (IN Nº 9/2009)</p><p>DISPENSAÇÃO DE MEDICAMENTOS NÃO SUJEITOS AO CONTROLE ESPECIAL</p><p>733 - AFE - CONCESSÃO - FARMÁCIAS E DROGARIAS / 1198721251</p><p>--------------------------------------</p><p>RAIA DROGASIL S/A / 61.585.865/3681-83</p><p>25351.161428/2025-35 / 5212481</p><p>COMÉRCIO: COSMÉTICOS, PERFUMES, PRODUTOS DE HIGIENE, CORRELATOS, ALIMENTOS E PLANTAS MEDICINAIS (IN Nº 9/2009)</p><p>DISPENSAÇÃO DE MEDICAMENTOS CONTENDO SUBSTÂNCIAS SUJEITAS AO CONTROLE ESPECIAL</p><p>DISPENSAÇÃO DE MEDICAMENTOS NÃO SUJEITOS AO CONTROLE ESPECIAL</p><p>PRESTAÇÃO DE SERVIÇOS FARMACÊUTICOS</p><p>733 - AFE - CONCESSÃO - FARMÁCIAS E DROGARIAS / 1198780258</p><p>--------------------------------------</p><p>MARTINS FARMA LTDA / 60.089.719/0001-72</p><p>25351.161266/2025-35 / 5212324</p><p>COMÉRCIO: COSMÉTICOS, PERFUMES, PRODUTOS DE HIGIENE, CORRELATOS, ALIMENTOS E PLANTAS MEDICINAIS (IN Nº 9/2009)</p><p>DISPENSAÇÃO DE MEDICAMENTOS CONTENDO SUBSTÂNCIAS SUJEITAS AO CONTROLE ESPECIAL</p><p>DISPENSAÇÃO DE MEDICAMENTOS NÃO SUJEITOS AO CONTROLE ESPECIAL</p><p>PRESTAÇÃO DE SERVIÇOS FARMACÊUTICOS</p><p>733 - AFE - CONCESSÃO - FARMÁCIAS E DROGARIAS / 1198207256</p><p>--------------------------------------</p><p>DENTAL MIG COMERCIO DE PRODUTOS ODONTOLOGICOS LTDA / 59.024.369/0001-87</p><p>25351.153624/2025-36 / 8325789</p><p>ARMAZENAR: PRODUTOS PARA SAÚDE (DISPOSITIVOS MÉDICOS)</p><p>DISTRIBUIR: PRODUTOS PARA SAÚDE (DISPOSITIVOS MÉDICOS)</p><p>EXPEDIR: PRODUTOS PARA SAÚDE (DISPOSITIVOS MÉDICOS)</p><p>856 - AFE - CONCESSÃO - PRODUTOS PARA SAÚDE - DISTRIBUIR / 1156082251</p><p>--------------------------------------</p><p>RB FARMACIAS LTDA / 60.752.040/0001-11</p><p>25351.162453/2025-36 / 5212844</p><p>COMÉRCIO: COSMÉTICOS, PERFUMES, PRODUTOS DE HIGIENE, CORRELATOS, ALIMENTOS E PLANTAS MEDICINAIS (IN Nº 9/2009)</p><p>DISPENSAÇÃO DE MEDICAMENTOS CONTENDO SUBSTÂNCIAS SUJEITAS AO CONTROLE ESPECIAL</p><p>DISPENSAÇÃO DE MEDICAMENTOS NÃO SUJEITOS AO CONTROLE ESPECIAL</p><p>MANIPULAÇÃO DE PRODUTOS MAGISTRAIS</p><p>MANIPULAÇÃO DE PRODUTOS OFICINAIS</p><p>PRESTAÇÃO DE SERVIÇOS FARMACÊUTICOS</p><p>733 - AFE - CONCESSÃO - FARMÁCIAS E DROGARIAS / 1204435251</p><p>--------------------------------------</p><p>DROGAREMA DROGARIA E PERFUMARIA LTDA / 12.003.055/0009-91</p><p>25351.161058/2025-36 / 5212233</p><p>COMÉRCIO: COSMÉTICOS, PERFUMES, PRODUTOS DE HIGIENE, CORRELATOS, ALIMENTOS E PLANTAS MEDICINAIS (IN Nº 9/2009)</p><p>DISPENSAÇÃO DE MEDICAMENTOS CONTENDO SUBSTÂNCIAS SUJEITAS AO CONTROLE ESPECIAL</p><p>DISPENSAÇÃO DE MEDICAMENTOS NÃO SUJEITOS AO CONTROLE ESPECIAL</p><p>PRESTAÇÃO DE SERVIÇOS FARMACÊUTICOS</p><p>733 - AFE - CONCESSÃO - FARMÁCIAS E DROGARIAS / 1196712255</p><p>--------------------------------------</p><p>RAIA DROGASIL S/A / 61.585.865/3958-22</p><p>25351.161354/2025-37 / 5212401</p><p>COMÉRCIO: COSMÉTICOS, PERFUMES, PRODUTOS DE HIGIENE, CORRELATOS, ALIMENTOS E PLANTAS MEDICINAIS (IN Nº 9/2009)</p><p>DISPENSAÇÃO DE MEDICAMENTOS CONTENDO SUBSTÂNCIAS SUJEITAS AO CONTROLE ESPECIAL</p><p>DISPENSAÇÃO DE MEDICAMENTOS NÃO SUJEITOS AO CONTROLE ESPECIAL</p><p>PRESTAÇÃO DE SERVIÇOS FARMACÊUTICOS</p><p>733 - AFE - CONCESSÃO - FARMÁCIAS E DROGARIAS / 1198535253</p><p>--------------------------------------</p><p>INDUSTRIA E COMERCIO LA VILLE LTDA / 40.652.069/0001-14</p><p>25351.152236/2025-38 / 3146457</p><p>ARMAZENAR: SANEANTE DOMIS.</p><p>DISTRIBUIR: SANEANTE DOMIS.</p><p>EMBALAR: SANEANTE DOMIS.</p><p>EXPEDIR: SANEANTE DOMIS.</p><p>FABRICAR: SANEANTE DOMIS.</p><p>FRACIONAR: SANEANTE DOMIS.</p><p>REEMBALAR: SANEANTE DOMIS.</p><p>712 - AFE - CONCESSÃO - SANEANTES - FABRICAR (SOMENTE MATRIZ) / 1149265256</p><p>--------------------------------------</p><p>MARILIA AMELIA DOS SANTOS LTDA / 57.787.754/0001-50</p><p>25351.160729/2025-41 / 5212048</p><p>COMÉRCIO: COSMÉTICOS, PERFUMES, PRODUTOS DE HIGIENE, CORRELATOS, ALIMENTOS E PLANTAS MEDICINAIS (IN Nº 9/2009)</p><p>DISPENSAÇÃO DE MEDICAMENTOS CONTENDO SUBSTÂNCIAS SUJEITAS AO CONTROLE ESPECIAL</p><p>DISPENSAÇÃO DE MEDICAMENTOS NÃO SUJEITOS AO CONTROLE ESPECIAL</p><p>PRESTAÇÃO DE SERVIÇOS FARMACÊUTICOS</p><p>733 - AFE - CONCESSÃO - FARMÁCIAS E DROGARIAS / 1193558255</p><p>--------------------------------------</p><p>USINLOG - TRANSPORTES LOGISTICA &amp; USINAGEM LTDA / 36.677.975/0001-04</p><p>25351.153051/2025-41 / 2112717</p><p>TRANSPORTAR: COSMÉTICOS / PERFUMES / PRODUTOS DE HIGIENE</p><p>728 - AFE - CONCESSÃO - COSMÉTICOS, PERFUMES E PRODUTOS DE HIGIENE - TRANSPORTAR (SOMENTE MATRIZ) / 1152731254</p><p>--------------------------------------</p><p>FARMA POPULAR MEDICAMENTOS E PRODUTOS FARMACEUTICOS LTDA / 22.628.471/0002-62</p><p>25351.160856/2025-41 / 5212079</p><p>COMÉRCIO: COSMÉTICOS, PERFUMES, PRODUTOS DE HIGIENE, CORRELATOS, ALIMENTOS E PLANTAS MEDICINAIS (IN Nº 9/2009)</p><p>DISPENSAÇÃO DE MEDICAMENTOS NÃO SUJEITOS AO CONTROLE ESPECIAL</p><p>733 - AFE - CONCESSÃO - FARMÁCIAS E DROGARIAS / 1194925251</p><p>--------------------------------------</p><p>LOURENCO FARMA LTDA / 62.488.041/0001-26</p><p>25351.161835/2025-42 / 5212645</p><p>COMÉRCIO: COSMÉTICOS, PERFUMES, PRODUTOS DE HIGIENE, CORRELATOS, ALIMENTOS E PLANTAS MEDICINAIS (IN Nº 9/2009)</p><p>DISPENSAÇÃO DE MEDICAMENTOS CONTENDO SUBSTÂNCIAS SUJEITAS AO CONTROLE ESPECIAL</p><p>DISPENSAÇÃO DE MEDICAMENTOS NÃO SUJEITOS AO CONTROLE ESPECIAL</p><p>PRESTAÇÃO DE SERVIÇOS FARMACÊUTICOS</p><p>733 - AFE - CONCESSÃO - FARMÁCIAS E DROGARIAS / 1201401259</p><p>--------------------------------------</p><p>Brazit Comercio Internacional Ltda / 08.631.667/0001-02</p><p>25351.153365/2025-43 / 2113271</p><p>ARMAZENAR: COSMÉTICOS / PERFUMES / PRODUTOS DE HIGIENE</p><p>DISTRIBUIR: COSMÉTICOS / PERFUMES / PRODUTOS DE HIGIENE</p><p>EXPEDIR: COSMÉTICOS / PERFUMES / PRODUTOS DE HIGIENE</p><p>723 - AFE - CONCESSÃO - COSMÉTICOS, PERFUMES E PRODUTOS DE HIGIENE - DISTRIBUIR (SOMENTE MATRIZ) / 1155028252</p><p>--------------------------------------</p><p>H.G.B SOLUCOES ADUANEIRAS E TRANSPORTES LTDA / 40.970.678/0001-11</p><p>25351.151745/2025-43 / 3146412</p><p>TRANSPORTAR: SANEANTE DOMIS.</p><p>737 - AFE - CONCESSÃO - SANEANTES - TRANSPORTAR (SOMENTE MATRIZ) / 1146985258</p><p>--------------------------------------</p><p>RAIA DROGASIL S/A / 61.585.865/3845-45</p><p>25351.161338/2025-44 / 5212386</p><p>COMÉRCIO: COSMÉTICOS, PERFUMES, PRODUTOS DE HIGIENE, CORRELATOS, ALIMENTOS E PLANTAS MEDICINAIS (IN Nº 9/2009)</p><p>DISPENSAÇÃO DE MEDICAMENTOS CONTENDO SUBSTÂNCIAS SUJEITAS AO CONTROLE ESPECIAL</p><p>DISPENSAÇÃO DE MEDICAMENTOS NÃO SUJEITOS AO CONTROLE ESPECIAL</p><p>PRESTAÇÃO DE SERVIÇOS FARMACÊUTICOS</p><p>733 - AFE - CONCESSÃO - FARMÁCIAS E DROGARIAS / 1198439254</p><p>--------------------------------------</p><p>LG TRANSPORTES ESPECIALIZADOS LTDA / 35.117.336/0001-13</p><p>25351.151833/2025-45 / 2112630</p><p>TRANSPORTAR: COSMÉTICOS / PERFUMES / PRODUTOS DE HIGIENE</p><p>728 - AFE - CONCESSÃO - COSMÉTICOS, PERFUMES E PRODUTOS DE HIGIENE - TRANSPORTAR (SOMENTE MATRIZ) / 1147508259</p><p>--------------------------------------</p><p>N R N TEIXEIRA LTDA / 29.415.584/0001-48</p><p>25351.153291/2025-45 / 3146491</p><p>TRANSPORTAR: SANEANTE DOMIS.</p><p>737 - AFE - CONCESSÃO - SANEANTES - TRANSPORTAR (SOMENTE MATRIZ) / 1154304256</p><p>--------------------------------------</p><p>PRIME MED COMERCIO E DISTRIBUICAO LTDA / 48.419.347/0001-08</p><p>25351.152869/2025-46 / 2112688</p><p>ARMAZENAR: COSMÉTICOS</p><p>DISTRIBUIR: COSMÉTICOS</p><p>EXPEDIR: COSMÉTICOS</p><p>723 - AFE - CONCESSÃO - COSMÉTICOS, PERFUMES E PRODUTOS DE HIGIENE - DISTRIBUIR (SOMENTE MATRIZ) / 1151904252</p><p>--------------------------------------</p><p>H.G.B SOLUCOES ADUANEIRAS E TRANSPORTES LTDA / 40.970.678/0001-11</p><p>25351.151625/2025-46 / 2112612</p><p>TRANSPORTAR: COSMÉTICOS / PERFUMES / PRODUTOS DE HIGIENE</p><p>728 - AFE - CONCESSÃO - COSMÉTICOS, PERFUMES E PRODUTOS DE HIGIENE - TRANSPORTAR (SOMENTE MATRIZ) / 1146561253</p><p>--------------------------------------</p><p>RAIA DROGASIL S/A / 61.585.865/3758-05</p><p>25351.161345/2025-46 / 5212390</p><p>COMÉRCIO: COSMÉTICOS, PERFUMES, PRODUTOS DE HIGIENE, CORRELATOS, ALIMENTOS E PLANTAS MEDICINAIS (IN Nº 9/2009)</p><p>DISPENSAÇÃO DE MEDICAMENTOS CONTENDO SUBSTÂNCIAS SUJEITAS AO CONTROLE ESPECIAL</p><p>DISPENSAÇÃO DE MEDICAMENTOS NÃO SUJEITOS AO CONTROLE ESPECIAL</p><p>PRESTAÇÃO DE SERVIÇOS FARMACÊUTICOS</p><p>733 - AFE - CONCESSÃO - FARMÁCIAS E DROGARIAS / 1198480254</p><p>--------------------------------------</p><p>DENTAL SPACE LTDA / 59.023.195/0001-38</p><p>25351.153622/2025-47 / 2112748</p><p>ARMAZENAR: COSMÉTICOS / PERFUMES / PRODUTOS DE HIGIENE</p><p>DISTRIBUIR: COSMÉTICOS / PERFUMES / PRODUTOS DE HIGIENE</p><p>EXPEDIR: COSMÉTICOS / PERFUMES / PRODUTOS DE HIGIENE</p><p>723 - AFE - CONCESSÃO - COSMÉTICOS, PERFUMES E PRODUTOS DE HIGIENE - DISTRIBUIR (SOMENTE MATRIZ) / 1156054257</p><p>--------------------------------------</p><p>SAUDE BRASIL COMERCIO DE PRODUTOS MEDICOS E FARMACEUTICOS LTDA / 44.390.653/0001-08</p><p>25351.152153/2025-49 / 1414085</p><p>ARMAZENAR: MEDICAMENTO</p><p>DISTRIBUIR: MEDICAMENTO</p><p>EXPEDIR: MEDICAMENTO</p><p>702 - AFE - CONCESSÃO - MEDICAMENTOS E INSUMOS FARMACÊUTICOS - DISTRIBUIR (SOMENTE MATRIZ) / 1149084251</p><p>--------------------------------------</p><p>ZYAN FARMA DROGARIA E PERFUMARIA LTDA / 61.939.695/0001-66</p><p>25351.161810/2025-49 / 5212601</p><p>COMÉRCIO: COSMÉTICOS, PERFUMES, PRODUTOS DE HIGIENE, CORRELATOS, ALIMENTOS E PLANTAS MEDICINAIS (IN Nº 9/2009)</p><p>DISPENSAÇÃO DE MEDICAMENTOS CONTENDO SUBSTÂNCIAS SUJEITAS AO CONTROLE ESPECIAL</p><p>DISPENSAÇÃO DE MEDICAMENTOS NÃO SUJEITOS AO CONTROLE ESPECIAL</p><p>PRESTAÇÃO DE SERVIÇOS FARMACÊUTICOS</p><p>733 - AFE - CONCESSÃO - FARMÁCIAS E DROGARIAS / 1201363250</p><p>--------------------------------------</p><p>COMERCIO DE MEDICAMENTOS BRAIR LTDA / 88.212.113/1500-98</p><p>25351.162116/2025-49 / 5212767</p><p>COMÉRCIO: COSMÉTICOS, PERFUMES, PRODUTOS DE HIGIENE, CORRELATOS, ALIMENTOS E PLANTAS MEDICINAIS (IN Nº 9/2009)</p><p>DISPENSAÇÃO DE MEDICAMENTOS CONTENDO SUBSTÂNCIAS SUJEITAS AO CONTROLE ESPECIAL</p><p>DISPENSAÇÃO DE MEDICAMENTOS NÃO SUJEITOS AO CONTROLE ESPECIAL</p><p>PRESTAÇÃO DE SERVIÇOS FARMACÊUTICOS</p><p>733 - AFE - CONCESSÃO - FARMÁCIAS E DROGARIAS / 1202746250</p><p>--------------------------------------</p>]]></Texto>
  </body>
  <Midias />
</article></xml>