﻿<xml><article id="45415427" name="Ato 11092025" idOficio="11280752" pubName="DO1" artType="Ato" pubDate="12/09/2025" artClass="00014:00019:00014:00163:00000:00000:00000:00000:00000:00000:00006:00000" artCategory="Ministério das Comunicações/Agência Nacional de Telecomunicações/Superintendência de Fiscalização/Gerência Regional nos Estados do Pará, Maranhão e Amapá" artSize="12" artNotes="" numberPage="19" pdfPage="http://pesquisa.in.gov.br/imprensa/jsp/visualiza/index.jsp?data=12/09/2025&amp;jornal=515&amp;pagina=19" editionNumber="174" highlightType="" highlightPriority="" highlight="" highlightimage="" highlightimagename="" idMateria="23101942">
  <body>
    <Identifica><![CDATA[ ATO Nº 12.430, DE 10 DE SETEMBRO DE 2025]]></Identifica>
    <Data><![CDATA[]]></Data>
    <Ementa />
    <Titulo />
    <SubTitulo />
    <Texto><![CDATA[<p class="identifica">ATO Nº 12.430, DE 10 DE SETEMBRO DE 2025</p><p>Processo n° 53569.001923/2025-86. Transfere a autorização do Serviço Limitado Privado, expedida à Partners Air Serviços e Comercio de Produtos de Petróleo Ltda, CNPJ 07.803.085/0010-86, por meio do Ato nº 1340, de 2 de Março de 2021, para Espadarte Comércio de Petróleo e Derivados LTDA, CNPJ 52.543.830/0003-20, bem como a outorga de autorização de uso da(s) radiofrequência(s) associada(s) à autorização para execução do serviço.</p><p class="assina">CARNOT LUIZ BRAUN GUIMARÃES</p><p class="cargo">Gerente</p><p class="identifica">ATO Nº 12.439, DE 10 DE SETEMBRO DE 2025</p><p>Processo nº 53569.002001/2025-96. Outorga autorização para uso de radiofreqüência(s) à Vgv Rossetto Agropecuária Ltda, CNPJ nº 41192546000179, associada à autorização para exploração do Serviço Limitado Privado.</p><p class="assina">CARNOT LUIZ BRAUN GUIMARÃES</p><p class="cargo">Gerente</p>]]></Texto>
  </body>
  <Midias />
</article></xml>