﻿<xml><article id="45417601" name="DECISAO SUPAS 1.334" idOficio="11281050" pubName="DO1" artType="Decisão" pubDate="12/09/2025" artClass="00050:00019:00052:00000:00000:00000:00000:00000:00000:00000:00018:00003" artCategory="Ministério dos Transportes/Agência Nacional de Transportes Terrestres/Superintendência de Serviços de Transporte Rodoviário de Passageiros" artSize="12" artNotes="" numberPage="208" pdfPage="http://pesquisa.in.gov.br/imprensa/jsp/visualiza/index.jsp?data=12/09/2025&amp;jornal=515&amp;pagina=208" editionNumber="174" highlightType="" highlightPriority="" highlight="" highlightimage="" highlightimagename="" idMateria="23102395">
  <body>
    <Identifica><![CDATA[ DECISÃO SUPAS Nº 1.334, DE 11 DE SETEMBRO DE 2025]]></Identifica>
    <Data><![CDATA[]]></Data>
    <Ementa />
    <Titulo />
    <SubTitulo />
    <Texto><![CDATA[<p class="identifica">DECISÃO SUPAS Nº 1.334, DE 11 DE SETEMBRO DE 2025</p><p>O Superintendente de Serviços de Transporte Rodoviário de Passageiros da Agência Nacional de Transportes Terrestres - ANTT, no uso de suas atribuições, em conformidade com o inciso III do art. 29 e o inciso VIII do art. 105, ambos do Anexo da Resolução nº 5.976, de 7 de abril de 2022;</p><p>CONSIDERANDO o disposto na Resolução nº 6.033, de 21 de dezembro de 2023, que dispõe sobre a regulamentação da prestação do serviço regular de transporte rodoviário coletivo interestadual de passageiros, sob o regime de autorização;</p><p>CONSIDERANDO o que consta no processo administrativo nº 50505.050789/2025-01, decide:</p><p>Art. 1º Indeferir o pedido da SOLIMÕES TRANSPORTES DE PASSAGEIROS E CARGAS LTDA., CNPJ nº 07.549.414/0001-13, para realizar operação simultânea das linhas interestaduais CURITIBA/PR-PORTO VELHO/RO, prefixo nº PRRO0018045, e CURITIBA/PR-CUIABÁ/MT, prefixo nº PRMT0018030, no trecho de CURITIBA/PR para CUIABÁ/MT.</p><p>Art. 2º Esta Decisão entra em vigor na data de sua publicação.</p><p class="assina">JULIANO DE BARROS SAMÔR</p>]]></Texto>
  </body>
  <Midias />
</article></xml>