﻿<xml><article id="45408451" name="2025-09-11/11279502/ANMWS_230995" idOficio="11279502" pubName="DO1" artType="Despacho" pubDate="12/09/2025" artClass="00035:00044:00026:00000:00000:00000:00000:00000:00000:00000:00024:00209" artCategory="Ministério de Minas e Energia/Agência Nacional de Mineração/Gerência Regional da ANM no Estado de Santa Catarina" artSize="12" artNotes="" numberPage="170" pdfPage="http://pesquisa.in.gov.br/imprensa/jsp/visualiza/index.jsp?data=12/09/2025&amp;jornal=515&amp;pagina=170" editionNumber="174" highlightType="" highlightPriority="" highlight="" highlightimage="" highlightimagename="" idMateria="23099563">
  <body>
    <Identifica><![CDATA[Despacho]]></Identifica>
    <Data><![CDATA[]]></Data>
    <Ementa />
    <Titulo />
    <SubTitulo />
    <Texto><![CDATA[<p class="identifica">Despacho</p><p>Relação nº 209/2025</p><p>Fase de Requerimento de Registro de Extração</p><p>O GERENTE REGIONAL DA AGÊNCIA NACIONAL DE MINERAÇÃO, no uso da competência delegada de que trata o Art. 23, inciso VI, alínea "a" da Ordem de Serviço nº 334, de 12 de agosto de 2025, outorga o(s) seguinte(s) Registro de Extração(s), com prazo de 5 anos, com vigência a partir da data de publicação:(924)</p><p>Registro de Extração n°: 286/2025 de 04/09/2025 - Processo nº: 815.166/2025 - Titular: PREFEITURA MUNICIPAL DE NOVA VENEZA - Prazo: 05 anos - Substância(s): CASCALHO - Município(s): NOVA VENEZA/SC</p><p class="assina">JOSE AUGUSTO SIMOES NETO</p>]]></Texto>
  </body>
  <Midias />
</article></xml>