﻿<xml><article id="45411106" name="Para DOU 11-09-2025" idOficio="11280022" pubName="DO1" artType="Despacho" pubDate="12/09/2025" artClass="00029:00041:00008:00000:00000:00000:00000:00000:00000:00000:00024:00000" artCategory="Ministério da Gestão e da Inovação em Serviços Públicos/Instituto Nacional de Tecnologia da Informação/Diretoria de Auditoria, Fiscalização e Normalização" artSize="12" artNotes="" numberPage="143" pdfPage="http://pesquisa.in.gov.br/imprensa/jsp/visualiza/index.jsp?data=12/09/2025&amp;jornal=515&amp;pagina=143" editionNumber="174" highlightType="" highlightPriority="" highlight="" highlightimage="" highlightimagename="" idMateria="23100427">
  <body>
    <Identifica><![CDATA[ DESPACHOS]]></Identifica>
    <Data><![CDATA[]]></Data>
    <Ementa />
    <Titulo />
    <SubTitulo />
    <Texto><![CDATA[<p class="identifica">DESPACHOS</p><p>DEFIRO o pedido de credenciamento da AR VAULT CERTIFICADORA, CNPJ: 60.934.425/0001-08, vinculada à AC SAFEWEB RFB. Processo n° 00100.001664/2025-24.</p><p>DEFIRO o pedido de credenciamento da AR COCARI - COOPERATIVA AGROPECUÁRIA E INDUSTRIAL, CNPJ: 78.956.968/0001-83, vinculada à AC SAFEWEB RFB. Processo n° 00100.001622/2025-93.</p><p>DEFIRO o pedido de credenciamento da AR PREFEITURA MUNICIPAL DE BARUERI, CNPJ: 46.523.015/0001-35, vinculada à AC SAFEWEB RFB. Processo n° 00100.001635/2025-62.</p><p>DEFIRO o pedido de credenciamento da AR LUKEL CERTIFICADOS, CNPJ: 29.310.626/0001-86, vinculada à AC SYNGULARID MÚLTIPLA. Processo n° 00100.001645/2025-06.</p><p>DEFIRO o pedido de credenciamento da AR MEDSTART, CNPJ: 60.368.786/0001-26, vinculada à AC SAFEWEB RFB. Processo n° 00100.001665/2025-79.</p><p>DEFIRO o pedido de credenciamento da AR PERNAMBUCO DIGITAL LTDA, CNPJ:52.397.112/0001-21, vinculada à AC SOLUTI MÚLTIPLA. Processo n° 00100.001662/2025-35.</p><p class="assina">PEDRO PINHEIRO CARDOSO</p><p class="cargo">Diretor</p>]]></Texto>
  </body>
  <Midias />
</article></xml>