﻿<xml><article id="45406437" name="PORTARIA NA 609 - 11.09.2025_003" idOficio="11278735" pubName="DO1" artType="Portaria" pubDate="12/09/2025" artClass="00025:00046:00000:00000:00000:00000:00000:00000:00000:00000:00054:00000" artCategory="Ministério da Educação/Secretaria de Regulação e Supervisão da Educação Superior" artSize="24" artNotes="" numberPage="70" pdfPage="http://pesquisa.in.gov.br/imprensa/jsp/visualiza/index.jsp?data=12/09/2025&amp;jornal=515&amp;pagina=70" editionNumber="174" highlightType="" highlightPriority="" highlight="" highlightimage="" highlightimagename="" idMateria="23098716">
  <body>
    <Identifica />
    <Data><![CDATA[]]></Data>
    <Ementa />
    <Titulo />
    <SubTitulo />
    <Texto><![CDATA[<p /><p></p><table><tr /><tr><td rowspan="1" colspan="1"><p>77</p></td><td rowspan="1" colspan="1"><p>202510660</p></td><td rowspan="1" colspan="1"><p>Tecnológico</p></td><td rowspan="1" colspan="1"><p>EDUCADOR SOCIAL</p></td><td rowspan="1" colspan="1"><p>5000</p></td><td rowspan="1" colspan="1"><p>CENTRO UNIVERSITARIO LEONARDO DA VINCI - UNIASSELVI</p></td><td rowspan="1" colspan="1"><p>SOCIEDADE EDUCACIONAL LEONARDO DA VINCI LTDA</p></td></tr><tr><td rowspan="1" colspan="1"><p>78</p></td><td rowspan="1" colspan="1"><p>202509066</p></td><td rowspan="1" colspan="1"><p>Tecnológico</p></td><td rowspan="1" colspan="1"><p>ENERGIAS RENOVÁVEIS</p></td><td rowspan="1" colspan="1"><p>5000</p></td><td rowspan="1" colspan="1"><p>CENTRO UNIVERSITARIO LEONARDO DA VINCI - UNIASSELVI</p></td><td rowspan="1" colspan="1"><p>SOCIEDADE EDUCACIONAL LEONARDO DA VINCI LTDA</p></td></tr><tr><td rowspan="1" colspan="1"><p>79</p></td><td rowspan="1" colspan="1"><p>202509069</p></td><td rowspan="1" colspan="1"><p>Bacharelado</p></td><td rowspan="1" colspan="1"><p>ENGENHARIA AMBIENTAL E SANITÁRIA</p></td><td rowspan="1" colspan="1"><p>5000</p></td><td rowspan="1" colspan="1"><p>CENTRO UNIVERSITARIO LEONARDO DA VINCI - UNIASSELVI</p></td><td rowspan="1" colspan="1"><p>SOCIEDADE EDUCACIONAL LEONARDO DA VINCI LTDA</p></td></tr><tr><td rowspan="1" colspan="1"><p>80</p></td><td rowspan="1" colspan="1"><p>202509070</p></td><td rowspan="1" colspan="1"><p>Bacharelado</p></td><td rowspan="1" colspan="1"><p>ENGENHARIA CIVIL</p></td><td rowspan="1" colspan="1"><p>10000</p></td><td rowspan="1" colspan="1"><p>CENTRO UNIVERSITARIO LEONARDO DA VINCI - UNIASSELVI</p></td><td rowspan="1" colspan="1"><p>SOCIEDADE EDUCACIONAL LEONARDO DA VINCI LTDA</p></td></tr><tr><td rowspan="1" colspan="1"><p>81</p></td><td rowspan="1" colspan="1"><p>202515661</p></td><td rowspan="1" colspan="1"><p>Bacharelado</p></td><td rowspan="1" colspan="1"><p>ENGENHARIA DE ENERGIA</p></td><td rowspan="1" colspan="1"><p>5000</p></td><td rowspan="1" colspan="1"><p>CENTRO UNIVERSITARIO LEONARDO DA VINCI - UNIASSELVI</p></td><td rowspan="1" colspan="1"><p>SOCIEDADE EDUCACIONAL LEONARDO DA VINCI LTDA</p></td></tr><tr><td rowspan="1" colspan="1"><p>82</p></td><td rowspan="1" colspan="1"><p>202509064</p></td><td rowspan="1" colspan="1"><p>Bacharelado</p></td><td rowspan="1" colspan="1"><p>ENGENHARIA DE PRODUÇÃO</p></td><td rowspan="1" colspan="1"><p>10000</p></td><td rowspan="1" colspan="1"><p>CENTRO UNIVERSITARIO LEONARDO DA VINCI - UNIASSELVI</p></td><td rowspan="1" colspan="1"><p>SOCIEDADE EDUCACIONAL LEONARDO DA VINCI LTDA</p></td></tr><tr><td rowspan="1" colspan="1"><p>83</p></td><td rowspan="1" colspan="1"><p>202509062</p></td><td rowspan="1" colspan="1"><p>Bacharelado</p></td><td rowspan="1" colspan="1"><p>ENGENHARIA ELÉTRICA</p></td><td rowspan="1" colspan="1"><p>10000</p></td><td rowspan="1" colspan="1"><p>CENTRO UNIVERSITARIO LEONARDO DA VINCI - UNIASSELVI</p></td><td rowspan="1" colspan="1"><p>SOCIEDADE EDUCACIONAL LEONARDO DA VINCI LTDA</p></td></tr><tr><td rowspan="1" colspan="1"><p>84</p></td><td rowspan="1" colspan="1"><p>202509072</p></td><td rowspan="1" colspan="1"><p>Bacharelado</p></td><td rowspan="1" colspan="1"><p>ENGENHARIA MECÂNICA</p></td><td rowspan="1" colspan="1"><p>5000</p></td><td rowspan="1" colspan="1"><p>CENTRO UNIVERSITARIO LEONARDO DA VINCI - UNIASSELVI</p></td><td rowspan="1" colspan="1"><p>SOCIEDADE EDUCACIONAL LEONARDO DA VINCI LTDA</p></td></tr><tr><td rowspan="1" colspan="1"><p>85</p></td><td rowspan="1" colspan="1"><p>202511873</p></td><td rowspan="1" colspan="1"><p>Tecnológico</p></td><td rowspan="1" colspan="1"><p>ESTÉTICA E COSMÉTICA</p></td><td rowspan="1" colspan="1"><p>15000</p></td><td rowspan="1" colspan="1"><p>CENTRO UNIVERSITARIO LEONARDO DA VINCI - UNIASSELVI</p></td><td rowspan="1" colspan="1"><p>SOCIEDADE EDUCACIONAL LEONARDO DA VINCI LTDA</p></td></tr><tr><td rowspan="1" colspan="1"><p>86</p></td><td rowspan="1" colspan="1"><p>202508337</p></td><td rowspan="1" colspan="1"><p>Bacharelado</p></td><td rowspan="1" colspan="1"><p>FARMÁCIA</p></td><td rowspan="1" colspan="1"><p>20000</p></td><td rowspan="1" colspan="1"><p>CENTRO UNIVERSITARIO LEONARDO DA VINCI - UNIASSELVI</p></td><td rowspan="1" colspan="1"><p>SOCIEDADE EDUCACIONAL LEONARDO DA VINCI LTDA</p></td></tr><tr><td rowspan="1" colspan="1"><p>87</p></td><td rowspan="1" colspan="1"><p>202510640</p></td><td rowspan="1" colspan="1"><p>Licenciatura</p></td><td rowspan="1" colspan="1"><p>FILOSOFIA</p></td><td rowspan="1" colspan="1"><p>7610</p></td><td rowspan="1" colspan="1"><p>CENTRO UNIVERSITARIO LEONARDO DA VINCI - UNIASSELVI</p></td><td rowspan="1" colspan="1"><p>SOCIEDADE EDUCACIONAL LEONARDO DA VINCI LTDA</p></td></tr><tr><td rowspan="1" colspan="1"><p>88</p></td><td rowspan="1" colspan="1"><p>202510659</p></td><td rowspan="1" colspan="1"><p>Licenciatura</p></td><td rowspan="1" colspan="1"><p>FÍSICA</p></td><td rowspan="1" colspan="1"><p>7610</p></td><td rowspan="1" colspan="1"><p>CENTRO UNIVERSITARIO LEONARDO DA VINCI - UNIASSELVI</p></td><td rowspan="1" colspan="1"><p>SOCIEDADE EDUCACIONAL LEONARDO DA VINCI LTDA</p></td></tr><tr><td rowspan="1" colspan="1"><p>89</p></td><td rowspan="1" colspan="1"><p>202508339</p></td><td rowspan="1" colspan="1"><p>Bacharelado</p></td><td rowspan="1" colspan="1"><p>FISIOTERAPIA</p></td><td rowspan="1" colspan="1"><p>10000</p></td><td rowspan="1" colspan="1"><p>CENTRO UNIVERSITARIO LEONARDO DA VINCI - UNIASSELVI</p></td><td rowspan="1" colspan="1"><p>SOCIEDADE EDUCACIONAL LEONARDO DA VINCI LTDA</p></td></tr><tr><td rowspan="1" colspan="1"><p>90</p></td><td rowspan="1" colspan="1"><p>202510638</p></td><td rowspan="1" colspan="1"><p>Licenciatura</p></td><td rowspan="1" colspan="1"><p>GEOGRAFIA</p></td><td rowspan="1" colspan="1"><p>10000</p></td><td rowspan="1" colspan="1"><p>CENTRO UNIVERSITARIO LEONARDO DA VINCI - UNIASSELVI</p></td><td rowspan="1" colspan="1"><p>SOCIEDADE EDUCACIONAL LEONARDO DA VINCI LTDA</p></td></tr><tr><td rowspan="1" colspan="1"><p>91</p></td><td rowspan="1" colspan="1"><p>202507817</p></td><td rowspan="1" colspan="1"><p>Tecnológico</p></td><td rowspan="1" colspan="1"><p>GEOPROCESSAMENTO</p></td><td rowspan="1" colspan="1"><p>5000</p></td><td rowspan="1" colspan="1"><p>CENTRO UNIVERSITARIO LEONARDO DA VINCI - UNIASSELVI</p></td><td rowspan="1" colspan="1"><p>SOCIEDADE EDUCACIONAL LEONARDO DA VINCI LTDA</p></td></tr><tr><td rowspan="1" colspan="1"><p>92</p></td><td rowspan="1" colspan="1"><p>202508338</p></td><td rowspan="1" colspan="1"><p>Tecnológico</p></td><td rowspan="1" colspan="1"><p>GERONTOLOGIA</p></td><td rowspan="1" colspan="1"><p>5000</p></td><td rowspan="1" colspan="1"><p>CENTRO UNIVERSITARIO LEONARDO DA VINCI - UNIASSELVI</p></td><td rowspan="1" colspan="1"><p>SOCIEDADE EDUCACIONAL LEONARDO DA VINCI LTDA</p></td></tr><tr><td rowspan="1" colspan="1"><p>93</p></td><td rowspan="1" colspan="1"><p>202509068</p></td><td rowspan="1" colspan="1"><p>Tecnológico</p></td><td rowspan="1" colspan="1"><p>GESTÃO AMBIENTAL</p></td><td rowspan="1" colspan="1"><p>7620</p></td><td rowspan="1" colspan="1"><p>CENTRO UNIVERSITARIO LEONARDO DA VINCI - UNIASSELVI</p></td><td rowspan="1" colspan="1"><p>SOCIEDADE EDUCACIONAL LEONARDO DA VINCI LTDA</p></td></tr><tr><td rowspan="1" colspan="1"><p>94</p></td><td rowspan="1" colspan="1"><p>202510658</p></td><td rowspan="1" colspan="1"><p>Tecnológico</p></td><td rowspan="1" colspan="1"><p>GESTÃO DA TECNOLOGIA EDUCACIONAL</p></td><td rowspan="1" colspan="1"><p>5000</p></td><td rowspan="1" colspan="1"><p>CENTRO UNIVERSITARIO LEONARDO DA VINCI - UNIASSELVI</p></td><td rowspan="1" colspan="1"><p>SOCIEDADE EDUCACIONAL LEONARDO DA VINCI LTDA</p></td></tr><tr><td rowspan="1" colspan="1"><p>95</p></td><td rowspan="1" colspan="1"><p>202510652</p></td><td rowspan="1" colspan="1"><p>Tecnológico</p></td><td rowspan="1" colspan="1"><p>GESTÃO DE PROCESSOS EDUCACIONAIS</p></td><td rowspan="1" colspan="1"><p>5000</p></td><td rowspan="1" colspan="1"><p>CENTRO UNIVERSITARIO LEONARDO DA VINCI - UNIASSELVI</p></td><td rowspan="1" colspan="1"><p>SOCIEDADE EDUCACIONAL LEONARDO DA VINCI LTDA</p></td></tr><tr><td rowspan="1" colspan="1"><p>96</p></td><td rowspan="1" colspan="1"><p>202509060</p></td><td rowspan="1" colspan="1"><p>Tecnológico</p></td><td rowspan="1" colspan="1"><p>GESTÃO DE RESÍDUOS DE SERVIÇOS DE SAÚDE</p></td><td rowspan="1" colspan="1"><p>5000</p></td><td rowspan="1" colspan="1"><p>CENTRO UNIVERSITARIO LEONARDO DA VINCI - UNIASSELVI</p></td><td rowspan="1" colspan="1"><p>SOCIEDADE EDUCACIONAL LEONARDO DA VINCI LTDA</p></td></tr><tr><td rowspan="1" colspan="1"><p>97</p></td><td rowspan="1" colspan="1"><p>202511872</p></td><td rowspan="1" colspan="1"><p>Tecnológico</p></td><td rowspan="1" colspan="1"><p>GESTÃO HOSPITALAR</p></td><td rowspan="1" colspan="1"><p>10000</p></td><td rowspan="1" colspan="1"><p>CENTRO UNIVERSITARIO LEONARDO DA VINCI - UNIASSELVI</p></td><td rowspan="1" colspan="1"><p>SOCIEDADE EDUCACIONAL LEONARDO DA VINCI LTDA</p></td></tr><tr><td rowspan="1" colspan="1"><p>98</p></td><td rowspan="1" colspan="1"><p>202510636</p></td><td rowspan="1" colspan="1"><p>Licenciatura</p></td><td rowspan="1" colspan="1"><p>HISTÓRIA</p></td><td rowspan="1" colspan="1"><p>10000</p></td><td rowspan="1" colspan="1"><p>CENTRO UNIVERSITARIO LEONARDO DA VINCI - UNIASSELVI</p></td><td rowspan="1" colspan="1"><p>SOCIEDADE EDUCACIONAL LEONARDO DA VINCI LTDA</p></td></tr><tr><td rowspan="1" colspan="1"><p>99</p></td><td rowspan="1" colspan="1"><p>202510661</p></td><td rowspan="1" colspan="1"><p>Licenciatura</p></td><td rowspan="1" colspan="1"><p>INFORMÁTICA</p></td><td rowspan="1" colspan="1"><p>7620</p></td><td rowspan="1" colspan="1"><p>CENTRO UNIVERSITARIO LEONARDO DA VINCI - UNIASSELVI</p></td><td rowspan="1" colspan="1"><p>SOCIEDADE EDUCACIONAL LEONARDO DA VINCI LTDA</p></td></tr><tr><td rowspan="1" colspan="1"><p>100</p></td><td rowspan="1" colspan="1"><p>202510639</p></td><td rowspan="1" colspan="1"><p>Licenciatura</p></td><td rowspan="1" colspan="1"><p>LETRAS - ALEMÃO</p></td><td rowspan="1" colspan="1"><p>5000</p></td><td rowspan="1" colspan="1"><p>CENTRO UNIVERSITARIO LEONARDO DA VINCI - UNIASSELVI</p></td><td rowspan="1" colspan="1"><p>SOCIEDADE EDUCACIONAL LEONARDO DA VINCI LTDA</p></td></tr><tr><td rowspan="1" colspan="1"><p>101</p></td><td rowspan="1" colspan="1"><p>202518230</p></td><td rowspan="1" colspan="1"><p>Licenciatura</p></td><td rowspan="1" colspan="1"><p>LETRAS - ESPANHOL</p></td><td rowspan="1" colspan="1"><p>7610</p></td><td rowspan="1" colspan="1"><p>CENTRO UNIVERSITARIO LEONARDO DA VINCI - UNIASSELVI</p></td><td rowspan="1" colspan="1"><p>SOCIEDADE EDUCACIONAL LEONARDO DA VINCI LTDA</p></td></tr><tr><td rowspan="1" colspan="1"><p>102</p></td><td rowspan="1" colspan="1"><p>202510651</p></td><td rowspan="1" colspan="1"><p>Licenciatura</p></td><td rowspan="1" colspan="1"><p>LETRAS - INGLÊS</p></td><td rowspan="1" colspan="1"><p>7650</p></td><td rowspan="1" colspan="1"><p>CENTRO UNIVERSITARIO LEONARDO DA VINCI - UNIASSELVI</p></td><td rowspan="1" colspan="1"><p>SOCIEDADE EDUCACIONAL LEONARDO DA VINCI LTDA</p></td></tr><tr><td rowspan="1" colspan="1"><p>103</p></td><td rowspan="1" colspan="1"><p>202517543</p></td><td rowspan="1" colspan="1"><p>Licenciatura</p></td><td rowspan="1" colspan="1"><p>LETRAS - LIBRAS</p></td><td rowspan="1" colspan="1"><p>7650</p></td><td rowspan="1" colspan="1"><p>CENTRO UNIVERSITARIO LEONARDO DA VINCI - UNIASSELVI</p></td><td rowspan="1" colspan="1"><p>SOCIEDADE EDUCACIONAL LEONARDO DA VINCI LTDA</p></td></tr><tr><td rowspan="1" colspan="1"><p>104</p></td><td rowspan="1" colspan="1"><p>202510645</p></td><td rowspan="1" colspan="1"><p>Licenciatura</p></td><td rowspan="1" colspan="1"><p>LETRAS - PORTUGUÊS</p></td><td rowspan="1" colspan="1"><p>7650</p></td><td rowspan="1" colspan="1"><p>CENTRO UNIVERSITARIO LEONARDO DA VINCI - UNIASSELVI</p></td><td rowspan="1" colspan="1"><p>SOCIEDADE EDUCACIONAL LEONARDO DA VINCI LTDA</p></td></tr><tr><td rowspan="1" colspan="1"><p>105</p></td><td rowspan="1" colspan="1"><p>202510663</p></td><td rowspan="1" colspan="1"><p>Licenciatura</p></td><td rowspan="1" colspan="1"><p>MATEMÁTICA</p></td><td rowspan="1" colspan="1"><p>10000</p></td><td rowspan="1" colspan="1"><p>CENTRO UNIVERSITARIO LEONARDO DA VINCI - UNIASSELVI</p></td><td rowspan="1" colspan="1"><p>SOCIEDADE EDUCACIONAL LEONARDO DA VINCI LTDA</p></td></tr><tr><td rowspan="1" colspan="1"><p>106</p></td><td rowspan="1" colspan="1"><p>202510642</p></td><td rowspan="1" colspan="1"><p>Licenciatura</p></td><td rowspan="1" colspan="1"><p>MÚSICA</p></td><td rowspan="1" colspan="1"><p>5000</p></td><td rowspan="1" colspan="1"><p>CENTRO UNIVERSITARIO LEONARDO DA VINCI - UNIASSELVI</p></td><td rowspan="1" colspan="1"><p>SOCIEDADE EDUCACIONAL LEONARDO DA VINCI LTDA</p></td></tr><tr><td rowspan="1" colspan="1"><p>107</p></td><td rowspan="1" colspan="1"><p>202508341</p></td><td rowspan="1" colspan="1"><p>Bacharelado</p></td><td rowspan="1" colspan="1"><p>NUTRIÇÃO</p></td><td rowspan="1" colspan="1"><p>20000</p></td><td rowspan="1" colspan="1"><p>CENTRO UNIVERSITARIO LEONARDO DA VINCI - UNIASSELVI</p></td><td rowspan="1" colspan="1"><p>SOCIEDADE EDUCACIONAL LEONARDO DA VINCI LTDA</p></td></tr></table>]]></Texto>
  </body>
  <Midias />
</article></xml>