﻿<xml><article id="45412620" name="11.09.2025 Portaria Previc NA 80" idOficio="11280356" pubName="DO1" artType="Portaria" pubDate="12/09/2025" artClass="00044:00019:00013:00000:00000:00000:00000:00000:00000:00000:00054:00005" artCategory="Ministério da Previdência Social/Superintendência Nacional de Previdência Complementar/Diretoria de Licenciamento" artSize="12" artNotes="" numberPage="181" pdfPage="http://pesquisa.in.gov.br/imprensa/jsp/visualiza/index.jsp?data=12/09/2025&amp;jornal=515&amp;pagina=181" editionNumber="174" highlightType="" highlightPriority="" highlight="" highlightimage="" highlightimagename="" idMateria="23101219">
  <body>
    <Identifica><![CDATA[ Portaria Previc Nº 807, DE 3 DE setembro DE 2025]]></Identifica>
    <Data><![CDATA[]]></Data>
    <Ementa />
    <Titulo />
    <SubTitulo />
    <Texto><![CDATA[<p class="identifica">Portaria Previc Nº 807, DE 3 DE setembro DE 2025</p><p>O DIRETOR DE LICENCIAMENTO, no uso das atribuições que lhe confere a alínea "c" do inciso I do art. 66 da Portaria nº 861, de 09 de Outubro de 2024 (Regimento Interno da Superintendência Nacional de Previdência Complementar - Previc), e considerando as manifestações técnicas exaradas no Processo nº 44011.008049/2025-13, resolve:</p><p>Art.1º Aprovar as alterações propostas ao regulamento do Plano CBSPREV, CNPB nº 2013.0014-11, administrado pela Caixa Beneficente dos Empregados da Companhia Siderúrgica Nacional - CBS, CNPJ nº 32.500.613/0001-84.</p><p>Art.2º Esta Portaria entra em vigor na data de sua publicação.</p><p class="assina">Guilherme Capriata Vaccaro Campelo Bezerra</p>]]></Texto>
  </body>
  <Midias />
</article></xml>