﻿<xml><article id="45412830" name="Ato 12465 - Autorizacao" idOficio="11280389" pubName="DO1" artType="Ato" pubDate="12/09/2025" artClass="00014:00019:00014:00161:00000:00000:00000:00000:00000:00000:00006:00000" artCategory="Ministério das Comunicações/Agência Nacional de Telecomunicações/Superintendência de Fiscalização/Gerência Regional nos Estados de Pernambuco, Paraíba e Alagoas" artSize="12" artNotes="" numberPage="19" pdfPage="http://pesquisa.in.gov.br/imprensa/jsp/visualiza/index.jsp?data=12/09/2025&amp;jornal=515&amp;pagina=19" editionNumber="174" highlightType="" highlightPriority="" highlight="" highlightimage="" highlightimagename="" idMateria="23101273">
  <body>
    <Identifica><![CDATA[ATO Nº  12.465, de 10 de setembro de 2025]]></Identifica>
    <Data><![CDATA[]]></Data>
    <Ementa />
    <Titulo />
    <SubTitulo />
    <Texto><![CDATA[<p class="identifica">ATO Nº 12.465, de 10 de setembro de 2025</p><p>Expedir autorização a APM TERMINALS SUAPE LTDA, CNPJ nº 45.238.244/0001-45, para explorar Serviços de Telecomunicações de Interesse Restrito.</p><p class="assina">ALEXANDRE ATAIDE GONÇALVES OLIVEIRA</p><p class="cargo">Gerente</p>]]></Texto>
  </body>
  <Midias />
</article></xml>