﻿<xml><article id="45402723" name="21-Despacho PNMPO - Dia 10-09-20" idOficio="11278310" pubName="DO1" artType="Despacho" pubDate="12/09/2025" artClass="00048:00029:00003:00000:00000:00000:00000:00000:00000:00000:00024:00000" artCategory="Ministério do Trabalho e Emprego/Secretaria de Qualificação, Emprego e Renda/Departamento de Trabalho, Emprego e Renda" artSize="24" artNotes="" numberPage="202" pdfPage="http://pesquisa.in.gov.br/imprensa/jsp/visualiza/index.jsp?data=12/09/2025&amp;jornal=515&amp;pagina=202" editionNumber="174" highlightType="" highlightPriority="" highlight="" highlightimage="" highlightimagename="" idMateria="23098106">
  <body>
    <Identifica><![CDATA[ DESPACHO de 10 de setembro de 2025]]></Identifica>
    <Data><![CDATA[]]></Data>
    <Ementa />
    <Titulo />
    <SubTitulo />
    <Texto><![CDATA[<p class="identifica">DESPACHO de 10 de setembro de 2025</p><p>Torno público o deferimento do pedido de cadastro, no Programa Nacional de Microcrédito Produtivo Orientado - PNMPO, para emissão da certidão para os fins do disposto no inciso II do art. 6º da Lei nº 13.636/2018 e no uso das atribuições conferidas pelo art. 313-E, da Portaria MTP n. 671/2021, com redação dada pela Portaria MTP n. 4.198/2022, das instituições relacionadas abaixo:</p><p /><p></p><table><tr /><tr><td rowspan="1" colspan="1"><p>Instituição</p></td><td rowspan="1" colspan="1"><p>Tipo de Instituição</p></td><td rowspan="1" colspan="1"><p>CNPJ</p></td><td rowspan="1" colspan="1"><p>Processo SEI</p></td></tr><tr><td rowspan="1" colspan="1"><p>COOPERATIVA DE CRÉDITO E INVESTIMENTO LIBERDADE - SICREDI LIBERDADE</p></td><td rowspan="1" colspan="1"><p>COOPERATIVA SINGULAR DE CRÉDITO</p></td><td rowspan="1" colspan="1"><p>88.530.142/0001-01</p></td><td rowspan="1" colspan="1"><p>47979.221554/2025-11</p></td></tr><tr><td rowspan="1" colspan="1"><p>F. INACIO CRÉDITO LTDA</p></td><td rowspan="1" colspan="1"><p>AGENTE DE CRÉDITO</p></td><td rowspan="1" colspan="1"><p>41.515.734/0001-90</p></td><td rowspan="1" colspan="1"><p>47979.223995/2025-58</p></td></tr><tr><td rowspan="1" colspan="1"><p>IKE PESSOA LUNA</p></td><td rowspan="1" colspan="1"><p>FOMENTO OU NA ORIENTAÇÃO ÀS ATIVIDADES PRODUTIVAS</p></td><td rowspan="1" colspan="1"><p>21.801.395/0001-00</p></td><td rowspan="1" colspan="1"><p>47979.226576/2025-78</p></td></tr><tr><td rowspan="1" colspan="1"><p>GUSTAVO OLIVEIRA MELO</p></td><td rowspan="1" colspan="1"><p>AGENTE DE CRÉDITO</p></td><td rowspan="1" colspan="1"><p>62.231.047/0001-13</p></td><td rowspan="1" colspan="1"><p>47979.226507/2025-64</p></td></tr><tr><td rowspan="1" colspan="1"><p>C R ROCHA SERVICOS</p></td><td rowspan="1" colspan="1"><p>AGENTE DE CRÉDITO</p></td><td rowspan="1" colspan="1"><p>62.247.950/0001-72</p></td><td rowspan="1" colspan="1"><p>47979.225985/2025-57</p></td></tr><tr><td rowspan="1" colspan="1"><p>NOVACRED LTDA</p></td><td rowspan="1" colspan="1"><p>AGENTE DE CRÉDITO</p></td><td rowspan="1" colspan="1"><p>62.214.359/0001-19</p></td><td rowspan="1" colspan="1"><p>47979.226131/2025-98</p></td></tr><tr><td rowspan="1" colspan="1"><p>CRESVIA CRÉDITO LTDA</p></td><td rowspan="1" colspan="1"><p>AGENTE DE CRÉDITO</p></td><td rowspan="1" colspan="1"><p>62.200.517/0001-81</p></td><td rowspan="1" colspan="1"><p>47979.225409/2025-18</p></td></tr><tr><td rowspan="1" colspan="1"><p>GD CRED FINANCEIRA LTDA</p></td><td rowspan="1" colspan="1"><p>AGENTE DE CRÉDITO</p></td><td rowspan="1" colspan="1"><p>62.317.170/0001-51</p></td><td rowspan="1" colspan="1"><p>47979.225214/2025-60</p></td></tr><tr><td rowspan="1" colspan="1"><p>FINHELP SERVICOS FINANCEIROS LTDA</p></td><td rowspan="1" colspan="1"><p>AGENTE DE CRÉDITO</p></td><td rowspan="1" colspan="1"><p>62.182.017/0001-64</p></td><td rowspan="1" colspan="1"><p>47979.224736/2025-44</p></td></tr><tr><td rowspan="1" colspan="1"><p>PROJETTAR PROJETOS AGROPECUARIOS E ASSISTENCIA TECNICA RURAL LTDA</p></td><td rowspan="1" colspan="1"><p>FOMENTO OU NA ORIENTAÇÃO ÀS ATIVIDADES PRODUTIVAS</p></td><td rowspan="1" colspan="1"><p>31.784.752/0001-14</p></td><td rowspan="1" colspan="1"><p>47979.223715/2025-10</p></td></tr><tr><td rowspan="1" colspan="1"><p>MVE SOLUCOES LTDA</p></td><td rowspan="1" colspan="1"><p>AGENTE DE CRÉDITO</p></td><td rowspan="1" colspan="1"><p>53.023.968/0001-08</p></td><td rowspan="1" colspan="1"><p>47979.223700/2025-43</p></td></tr><tr><td rowspan="1" colspan="1"><p>J F DE ARAUJO JUNIOR</p></td><td rowspan="1" colspan="1"><p>AGENTE DE CRÉDITO</p></td><td rowspan="1" colspan="1"><p>62.159.836/0001-90</p></td><td rowspan="1" colspan="1"><p>47979.222721/2025-41</p></td></tr><tr><td rowspan="1" colspan="1"><p>IGOR CESAR ROSA OLIMPIO LTDA</p></td><td rowspan="1" colspan="1"><p>FOMENTO OU NA ORIENTAÇÃO ÀS ATIVIDADES PRODUTIVAS</p></td><td rowspan="1" colspan="1"><p>50.326.288/0001-67</p></td><td rowspan="1" colspan="1"><p>47979.221728/2025-46</p></td></tr><tr><td rowspan="1" colspan="1"><p>VYCTOR MACHADO DE SOUSA</p></td><td rowspan="1" colspan="1"><p>FOMENTO OU NA ORIENTAÇÃO ÀS ATIVIDADES PRODUTIVAS</p></td><td rowspan="1" colspan="1"><p>38.281.252/0001-09</p></td><td rowspan="1" colspan="1"><p>47979.220979/2025-11</p></td></tr><tr><td rowspan="1" colspan="1"><p>J.S.F SOLUCOES FINANCEIRAS LTDA</p></td><td rowspan="1" colspan="1"><p>AGENTE DE CRÉDITO</p></td><td rowspan="1" colspan="1"><p>61.196.431/0001-60</p></td><td rowspan="1" colspan="1"><p>47979.211424/2025-71</p></td></tr><tr><td rowspan="1" colspan="1"><p>KAROL CRED LTDA</p></td><td rowspan="1" colspan="1"><p>AGENTE DE CRÉDITO</p></td><td rowspan="1" colspan="1"><p>61.656.502/0001-60</p></td><td rowspan="1" colspan="1"><p>47979.201160/2025-47</p></td></tr><tr><td rowspan="1" colspan="1"><p>EXTRACAMPO ASSISTENCIA TECNICA RURAL LTDA</p></td><td rowspan="1" colspan="1"><p>FOMENTO OU NA ORIENTAÇÃO ÀS ATIVIDADES PRODUTIVAS</p></td><td rowspan="1" colspan="1"><p>28.144.112/0001-35</p></td><td rowspan="1" colspan="1"><p>47997.295564/2025-75</p></td></tr><tr><td rowspan="1" colspan="1"><p>CLAUDIO RODRIGUES DE SOUZA</p></td><td rowspan="1" colspan="1"><p>FOMENTO OU NA ORIENTAÇÃO ÀS ATIVIDADES PRODUTIVAS</p></td><td rowspan="1" colspan="1"><p>26.685.801/0001-21</p></td><td rowspan="1" colspan="1"><p>47997.293960/2025-68</p></td></tr></table><p class="assina">Tiago Oliveira Motta</p><p class="cargo">Diretor</p>]]></Texto>
  </body>
  <Midias />
</article></xml>