﻿<xml><article id="45408481" name="2025-09-11/11279492/ANMWS_230996" idOficio="11279492" pubName="DO1" artType="Despacho" pubDate="12/09/2025" artClass="00035:00044:00050:00000:00000:00000:00000:00000:00000:00000:00024:00142" artCategory="Ministério de Minas e Energia/Agência Nacional de Mineração/Superintendência de Outorga de Títulos Minerários" artSize="12" artNotes="" numberPage="172" pdfPage="http://pesquisa.in.gov.br/imprensa/jsp/visualiza/index.jsp?data=12/09/2025&amp;jornal=515&amp;pagina=172" editionNumber="174" highlightType="" highlightPriority="" highlight="" highlightimage="" highlightimagename="" idMateria="23099671">
  <body>
    <Identifica><![CDATA[Despacho]]></Identifica>
    <Data><![CDATA[]]></Data>
    <Ementa />
    <Titulo />
    <SubTitulo />
    <Texto><![CDATA[<p class="identifica">Despacho</p><p>Relação nº 142/2025</p><p>Fase de Disponibilidade</p><p>Homologa desistência do requerimento de habilitação para área em disponibilidade(607)</p><p>801.073/2008-Terrativa Minerais S.A</p><p class="assina">CLÁUDIO ROBERTO FREIRE</p><p class="cargo">Superintendente</p>]]></Texto>
  </body>
  <Midias />
</article></xml>