﻿<xml><article id="45415985" name="Extrato de Atos SIR de _12_009" idOficio="11280814" pubName="DO1" artType="Ato" pubDate="12/09/2025" artClass="00014:00019:00014:00162:00000:00000:00000:00000:00000:00000:00006:00002" artCategory="Ministério das Comunicações/Agência Nacional de Telecomunicações/Superintendência de Fiscalização/Gerência Regional nos Estados do Amazonas, Acre, Rondônia e Roraima" artSize="12" artNotes="" numberPage="19" pdfPage="http://pesquisa.in.gov.br/imprensa/jsp/visualiza/index.jsp?data=12/09/2025&amp;jornal=515&amp;pagina=19" editionNumber="174" highlightType="" highlightPriority="" highlight="" highlightimage="" highlightimagename="" idMateria="23102023">
  <body>
    <Identifica><![CDATA[ ATOS DE 11 DE SETEMBRO DE 2025]]></Identifica>
    <Data><![CDATA[]]></Data>
    <Ementa />
    <Titulo />
    <SubTitulo />
    <Texto><![CDATA[<p class="identifica">ATOS DE 11 DE SETEMBRO DE 2025</p><p>Nº 12.569 - Processo n. 53578.001371/2025-05. Expede autorização a LUCAS COSTA BRITO DE LIMA, CPF nº ***.188.542-**, para explorar Serviços de Telecomunicações de Interesse Restrito, por prazo indeterminado, sem caráter de exclusividade, e tendo como área de prestação de serviço todo o território nacional.</p><p>Nº 12.576 - Processo n. 53578.001343/2025-80. Expede autorização a L P H TRANSPORTES LTDA, CNPJ nº 35.398.693/0001-05, para explorar Serviços de Telecomunicações de Interesse Restrito, por prazo indeterminado, sem caráter de exclusividade, e tendo como área de prestação de serviço todo o território nacional.</p><p class="assina">CELSO HENRIQUE HEREDIAS RIBAS</p><p class="cargo">Gerente</p>]]></Texto>
  </body>
  <Midias />
</article></xml>