﻿<xml><article id="45405144" name="Portaria 629__U4EUQJ" idOficio="11278569" pubName="DO1" artType="Portaria" pubDate="12/09/2025" artClass="00025:00092:00005:00000:00000:00000:00000:00000:00000:00000:00054:00000" artCategory="Ministério da Educação/Instituto Nacional de Estudos e Pesquisas Educacionais Anísio Teixeira/Diretoria de Avaliação da Educação Superior" artSize="12" artNotes="" numberPage="131" pdfPage="http://pesquisa.in.gov.br/imprensa/jsp/visualiza/index.jsp?data=12/09/2025&amp;jornal=515&amp;pagina=131" editionNumber="174" highlightType="" highlightPriority="" highlight="" highlightimage="" highlightimagename="" idMateria="23098455">
  <body>
    <Identifica><![CDATA[ PORTARIA Nº 629, DE 10 DE SETEMBRO DE 2025]]></Identifica>
    <Data><![CDATA[]]></Data>
    <Ementa><![CDATA[ Inclusão de docentes no Banco Nacional de Avaliadores do Sinaes - Basis.]]></Ementa>
    <Titulo />
    <SubTitulo />
    <Texto><![CDATA[<p class="identifica">PORTARIA Nº 629, DE 10 DE SETEMBRO DE 2025</p><p class="ementa">Inclusão de docentes no Banco Nacional de Avaliadores do Sinaes - Basis.</p><p>O DIRETOR DE AVALIAÇÃO DA EDUCAÇÃO SUPERIOR, no uso das atribuições que lhe foram conferidas pelo art. 32, §6º da Portaria nº 840, de 24 de agosto de 2018, resolve:</p><p>Art. 1º Tornar pública a homologação da inclusão da docente, elencada no Anexo I, no Banco Nacional de Avaliadores do Sinaes - Basis.</p><p>Art. 2º Esta portaria entra em vigor na data de sua publicação.</p><p class="assina">ULYSSES TAVARES TEIXEIRA</p><p class="anexo">ANEXO I</p><p /><p></p><table><tr /><tr><td rowspan="1" colspan="1"><p>CPF</p></td><td rowspan="1" colspan="1"><p>Nome Completo</p></td></tr><tr><td rowspan="1" colspan="1"><p>***.340.207-**</p></td><td rowspan="1" colspan="1"><p>Suzana Regina Camilo de Abranches</p></td></tr></table>]]></Texto>
  </body>
  <Midias />
</article></xml>