﻿<xml><article id="45407314" name="PIN 300120251006a09 (Extraordina" idOficio="11279174" pubName="DO1" artType="Pauta" pubDate="12/09/2025" artClass="00028:00015:00003:00001:00000:00000:00000:00000:00000:00000:00053:00000" artCategory="Ministério da Fazenda/Conselho Administrativo de Recursos Fiscais/3ª Seção/1ª Turma Extraordinária" artSize="12" artNotes="" numberPage="134" pdfPage="http://pesquisa.in.gov.br/imprensa/jsp/visualiza/index.jsp?data=12/09/2025&amp;jornal=515&amp;pagina=134" editionNumber="174" highlightType="" highlightPriority="" highlight="" highlightimage="" highlightimagename="" idMateria="23099186">
  <body>
    <Identifica><![CDATA[ PAUTA DE JULGAMENTO]]></Identifica>
    <Data><![CDATA[]]></Data>
    <Ementa />
    <Titulo />
    <SubTitulo />
    <Texto><![CDATA[<p class="identifica">PAUTA DE JULGAMENTO</p><p>Período da Reunião: de 06 a 09/10/2025.</p><p>Pauta extraordinária de julgamento dos recursos da 1ª Turma Extraordinária da 3ª Seção, em reunião assíncrona, realizada por meio do Plenário Virtual, com duração de 4 (quatro) dias, tendo início às 9h do dia 06/10/2025 e fim às 23h59min do dia 09/10/2025.</p><p>OBSERVAÇÕES:</p><p>1) Arquivos de sustentação oral e memoriais devem ser postados até cinco dias após a publicação da pauta;</p><p>2) Pedidos de retirada de pauta devem ser enviados até cinco dias após a publicação da pauta;</p><p>3) Serão desconsiderados a sustentação oral e o memorial cujos arquivos transmitidos não atendam à duração e aos requisitos previstos, respectivamente, no art. 11, e no art. 12 da Portaria CARF/MF nº 1.240, de 2 de agosto de 2024; e</p><p>4) A publicidade da reunião será garantida por meio do Sistema de Acompanhamento do Plenário Virtual - SAPVI, com acesso pelo endereço https://sapvi.carf.economia.gov.br/home.</p><p>DIA 6 de Outubro de 2025, ÀS 09:00 HORAS</p><p>Relator(a): LARISSA CASSIA FAVARO BOLDRIN</p><p>1 - Processo nº: 10932.720008/2011-90 - Recorrente: A. J. C. VEICULOS E SERVICOS LTDA e Interessado: FAZENDA NACIONAL</p><p>2 - Processo nº: 10930.904998/2012-18 - Recorrente: ACUCAR E ALCOOL BANDEIRANTES S.A. e Interessado: FAZENDA NACIONAL</p><p>3 - Processo nº: 10930.904999/2012-62 - Recorrente: ACUCAR E ALCOOL BANDEIRANTES S.A. e Interessado: FAZENDA NACIONAL</p><p>4 - Processo nº: 16366.000080/2011-55 - Recorrente: ACUCAR E ALCOOL BANDEIRANTES S.A. e Interessado: FAZENDA NACIONAL</p><p>5 - Processo nº: 16366.000081/2011-08 - Recorrente: ACUCAR E ALCOOL BANDEIRANTES S.A. e Interessado: FAZENDA NACIONAL</p><p>6 - Processo nº: 10280.723540/2019-38 - Recorrente: FLY ACAI DO PARA INDUSTRIA E COMERCIO DE ALIMENTOS E BEBIDAS SA e Interessado: FAZENDA NACIONAL</p><p>7 - Processo nº: 10920.003965/2010-14 - Recorrente: MAX SUPRI MATERIAIS PARA ESCRITORIO - EIRELI e Interessado: FAZENDA NACIONAL</p><p>8 - Processo nº: 10830.902975/2010-35 - Recorrente: SCHOLLE LTDA e Interessado: FAZENDA NACIONAL</p><p>9 - Processo nº: 10073.904048/2016-64 - Recorrente: UNIMED RESENDE RJ COOPERATIVA DE TRABALHO MEDICO e Interessado: FAZENDA NACIONAL</p><p>10 - Processo nº: 10215.720895/2015-25 - Recorrente: MINERACAO RIO DO NORTE SA e Interessado: FAZENDA NACIONAL</p><p>Relator(a): WILSON ANTONIO DE SOUZA CORREA</p><p>11 - Processo nº: 13839.901613/2011-16 - Recorrente: BOSAL DO BRASIL LTDA. e Interessado: FAZENDA NACIONAL</p><p>12 - Processo nº: 13896.722740/2011-76 - Recorrente: EPSON PAULISTA LTDA e Interessado: FAZENDA NACIONAL</p><p>13 - Processo nº: 10909.001579/2010-38 - Recorrente: GDC ALIMENTOS S.A e Interessado: FAZENDA NACIONAL</p><p>14 - Processo nº: 13656.720014/2012-22 - Recorrente: GENERAL CABLE BRASIL INDUSTRIA E COMERCIO DE CONDUTORES ELETRICOS LTDA. e Interessado: FAZENDA NACIONAL</p><p>15 - Processo nº: 13656.900568/2011-21 - Recorrente: GENERAL CABLE BRASIL INDUSTRIA E COMERCIO DE CONDUTORES ELETRICOS LTDA. e Interessado: FAZENDA NACIONAL</p><p>16 - Processo nº: 10980.727063/2012-16 - Recorrente: HDS SISTEMAS DE ENERGIA EIRELI e Interessado: FAZENDA NACIONAL</p><p>17 - Processo nº: 19515.000647/2005-82 - Recorrente: IMPROTA GRAFICA E EDITORA LTDA e Interessado: FAZENDA NACIONAL</p><p>18 - Processo nº: 10860.900159/2012-00 - Recorrente: ITSW DO BRASIL LTDA. e Interessado: FAZENDA NACIONAL</p><p>19 - Processo nº: 11808.720021/2011-37 - Recorrente: KREST INTERNATIONAL LTDA e Interessado: FAZENDA NACIONAL</p><p>20 - Processo nº: 10880.972322/2011-17 - Recorrente: PURAC SINTESES INDUSTRIA E COMERCIO LIMITADA e Interessado: FAZENDA NACIONAL</p><p>21 - Processo nº: 10980.720462/2012-56 - Recorrente: S I SISTEMAS INTELIGENTES ELETRONICOS LTDA e Interessado: FAZENDA NACIONAL</p><p>Relator(a): DANIEL MORENO CASTILLO</p><p>22 - Processo nº: 19558.720735/2016-51 - Recorrente: COTECE S.A. e Interessado: FAZENDA NACIONAL</p><p>23 - Processo nº: 11131.720195/2015-23 - Recorrente: JBS S/A e Interessado: FAZENDA NACIONAL</p><p>24 - Processo nº: 10909.720607/2021-72 - Recorrente: SAK'ES COMERCIAL, EXPORTADORA E IMPORTADORA LTDA e Interessado: FAZENDA NACIONAL</p><p>25 - Processo nº: 10120.720185/2010-40 - Recorrente: VALE DO VERDAO S/A - ACUCAR E ALCOOL e Interessado: FAZENDA NACIONAL</p><p class="assina">Luiz Carlos de Barros Pereira</p><p class="cargo">Presidente da 1ª Turma Extraordinária</p>]]></Texto>
  </body>
  <Midias />
</article></xml>