﻿<xml><article id="45416914" name="DELIBERACAO 333" idOficio="11280955" pubName="DO1" artType="Deliberação" pubDate="12/09/2025" artClass="00050:00019:00043:00000:00000:00000:00000:00000:00000:00000:00022:00333" artCategory="Ministério dos Transportes/Agência Nacional de Transportes Terrestres/Diretoria Colegiada" artSize="12" artNotes="" numberPage="206" pdfPage="http://pesquisa.in.gov.br/imprensa/jsp/visualiza/index.jsp?data=12/09/2025&amp;jornal=515&amp;pagina=206" editionNumber="174" highlightType="" highlightPriority="" highlight="" highlightimage="" highlightimagename="" idMateria="23102246">
  <body>
    <Identifica><![CDATA[ DELIBERAÇÃO Nº 333, DE 11 DE SETEMBRO DE 2025]]></Identifica>
    <Data><![CDATA[]]></Data>
    <Ementa />
    <Titulo />
    <SubTitulo />
    <Texto><![CDATA[<p class="identifica">DELIBERAÇÃO Nº 333, DE 11 DE SETEMBRO DE 2025</p><p>A Diretoria Colegiada da Agência Nacional de Transportes Terrestres - ANTT, no uso de suas atribuições, fundamentada no Voto-Vista DLA - 009, de 11 de setembro de 2025, e no que consta do processo nº 50505.033576/2025-15, delibera:</p><p>Art. 1º Fica deferido o pedido da Empresa Gontijo de Transportes S.A., CNPJ nº 16.624.611/0098-73, para realizar operação simultânea das linhas Mossoró/RN - São Paulo/SP, prefixo nº RNSP0015135 e Quixadá/CE - São Paulo/SP, prefixo nº CESP0015103, no trecho de Barro/CE para São Paulo/SP.</p><p>Parágrafo único. Compete à autorizatária manter os quadros de horários das linhas que farão parte da operação simultânea sempre atualizados e compatíveis entre si, sob pena de incorrer em sanções e medidas administrativas definidas em resolução.</p><p>Art. 2º Esta Deliberação entra em vigor na data de sua publicação.</p><p class="assina">GUILHERME THEO SAMPAIO</p><p class="cargo">Diretor-Geral</p>]]></Texto>
  </body>
  <Midias />
</article></xml>