﻿<xml><article id="45406284" name="PORTARIA NA 606 - 11.09.2025_002" idOficio="11278735" pubName="DO1" artType="Portaria" pubDate="12/09/2025" artClass="00025:00046:00000:00000:00000:00000:00000:00000:00000:00000:00054:00000" artCategory="Ministério da Educação/Secretaria de Regulação e Supervisão da Educação Superior" artSize="24" artNotes="" numberPage="42" pdfPage="http://pesquisa.in.gov.br/imprensa/jsp/visualiza/index.jsp?data=12/09/2025&amp;jornal=515&amp;pagina=42" editionNumber="174" highlightType="" highlightPriority="" highlight="" highlightimage="" highlightimagename="" idMateria="23098713">
  <body>
    <Identifica />
    <Data><![CDATA[]]></Data>
    <Ementa />
    <Titulo />
    <SubTitulo />
    <Texto><![CDATA[<p /><p></p><table><tr /><tr><td rowspan="1" colspan="1"><p>79</p></td><td rowspan="1" colspan="1"><p>202511040</p></td><td rowspan="1" colspan="1"><p>Licenciatura</p></td><td rowspan="1" colspan="1"><p>FILOSOFIA</p></td><td rowspan="1" colspan="1"><p>300</p></td><td rowspan="1" colspan="1"><p>CENTRO UNIVERSITARIO CIDADE VERDE - UNIFCV</p></td><td rowspan="1" colspan="1"><p>UNIAO MARINGAENSE DE ENSINO LTDA - EPP</p></td></tr><tr><td rowspan="1" colspan="1"><p>80</p></td><td rowspan="1" colspan="1"><p>202516620</p></td><td rowspan="1" colspan="1"><p>Licenciatura</p></td><td rowspan="1" colspan="1"><p>FÍSICA</p></td><td rowspan="1" colspan="1"><p>12000</p></td><td rowspan="1" colspan="1"><p>CENTRO UNIVERSITARIO CIDADE VERDE - UNIFCV</p></td><td rowspan="1" colspan="1"><p>UNIAO MARINGAENSE DE ENSINO LTDA - EPP</p></td></tr><tr><td rowspan="1" colspan="1"><p>81</p></td><td rowspan="1" colspan="1"><p>202515359</p></td><td rowspan="1" colspan="1"><p>Bacharelado</p></td><td rowspan="1" colspan="1"><p>FISIOTERAPIA</p></td><td rowspan="1" colspan="1"><p>16000</p></td><td rowspan="1" colspan="1"><p>CENTRO UNIVERSITARIO CIDADE VERDE - UNIFCV</p></td><td rowspan="1" colspan="1"><p>UNIAO MARINGAENSE DE ENSINO LTDA - EPP</p></td></tr><tr><td rowspan="1" colspan="1"><p>82</p></td><td rowspan="1" colspan="1"><p>202511030</p></td><td rowspan="1" colspan="1"><p>Licenciatura</p></td><td rowspan="1" colspan="1"><p>GEOGRAFIA</p></td><td rowspan="1" colspan="1"><p>300</p></td><td rowspan="1" colspan="1"><p>CENTRO UNIVERSITARIO CIDADE VERDE - UNIFCV</p></td><td rowspan="1" colspan="1"><p>UNIAO MARINGAENSE DE ENSINO LTDA - EPP</p></td></tr><tr><td rowspan="1" colspan="1"><p>83</p></td><td rowspan="1" colspan="1"><p>202508571</p></td><td rowspan="1" colspan="1"><p>Tecnológico</p></td><td rowspan="1" colspan="1"><p>GERONTOLOGIA</p></td><td rowspan="1" colspan="1"><p>500</p></td><td rowspan="1" colspan="1"><p>CENTRO UNIVERSITARIO CIDADE VERDE - UNIFCV</p></td><td rowspan="1" colspan="1"><p>UNIAO MARINGAENSE DE ENSINO LTDA - EPP</p></td></tr><tr><td rowspan="1" colspan="1"><p>84</p></td><td rowspan="1" colspan="1"><p>202509291</p></td><td rowspan="1" colspan="1"><p>Tecnológico</p></td><td rowspan="1" colspan="1"><p>GESTÃO AMBIENTAL</p></td><td rowspan="1" colspan="1"><p>300</p></td><td rowspan="1" colspan="1"><p>CENTRO UNIVERSITARIO CIDADE VERDE - UNIFCV</p></td><td rowspan="1" colspan="1"><p>UNIAO MARINGAENSE DE ENSINO LTDA - EPP</p></td></tr><tr><td rowspan="1" colspan="1"><p>85</p></td><td rowspan="1" colspan="1"><p>202509290</p></td><td rowspan="1" colspan="1"><p>Tecnológico</p></td><td rowspan="1" colspan="1"><p>GESTÃO DE RESÍDUOS SÓLIDOS</p></td><td rowspan="1" colspan="1"><p>1000</p></td><td rowspan="1" colspan="1"><p>CENTRO UNIVERSITARIO CIDADE VERDE - UNIFCV</p></td><td rowspan="1" colspan="1"><p>UNIAO MARINGAENSE DE ENSINO LTDA - EPP</p></td></tr><tr><td rowspan="1" colspan="1"><p>86</p></td><td rowspan="1" colspan="1"><p>202512056</p></td><td rowspan="1" colspan="1"><p>Tecnológico</p></td><td rowspan="1" colspan="1"><p>GESTÃO HOSPITALAR</p></td><td rowspan="1" colspan="1"><p>300</p></td><td rowspan="1" colspan="1"><p>CENTRO UNIVERSITARIO CIDADE VERDE - UNIFCV</p></td><td rowspan="1" colspan="1"><p>UNIAO MARINGAENSE DE ENSINO LTDA - EPP</p></td></tr><tr><td rowspan="1" colspan="1"><p>87</p></td><td rowspan="1" colspan="1"><p>202517783</p></td><td rowspan="1" colspan="1"><p>Licenciatura</p></td><td rowspan="1" colspan="1"><p>HISTÓRIA</p></td><td rowspan="1" colspan="1"><p>300</p></td><td rowspan="1" colspan="1"><p>CENTRO UNIVERSITARIO CIDADE VERDE - UNIFCV</p></td><td rowspan="1" colspan="1"><p>UNIAO MARINGAENSE DE ENSINO LTDA - EPP</p></td></tr><tr><td rowspan="1" colspan="1"><p>88</p></td><td rowspan="1" colspan="1"><p>202516611</p></td><td rowspan="1" colspan="1"><p>Licenciatura</p></td><td rowspan="1" colspan="1"><p>LETRAS - LÍNGUA PORTUGUESA</p></td><td rowspan="1" colspan="1"><p>12000</p></td><td rowspan="1" colspan="1"><p>CENTRO UNIVERSITARIO CIDADE VERDE - UNIFCV</p></td><td rowspan="1" colspan="1"><p>UNIAO MARINGAENSE DE ENSINO LTDA - EPP</p></td></tr><tr><td rowspan="1" colspan="1"><p>89</p></td><td rowspan="1" colspan="1"><p>202511026</p></td><td rowspan="1" colspan="1"><p>Licenciatura</p></td><td rowspan="1" colspan="1"><p>LETRAS - LÍNGUA PORTUGUESA E LIBRAS</p></td><td rowspan="1" colspan="1"><p>300</p></td><td rowspan="1" colspan="1"><p>CENTRO UNIVERSITARIO CIDADE VERDE - UNIFCV</p></td><td rowspan="1" colspan="1"><p>UNIAO MARINGAENSE DE ENSINO LTDA - EPP</p></td></tr><tr><td rowspan="1" colspan="1"><p>90</p></td><td rowspan="1" colspan="1"><p>202511031</p></td><td rowspan="1" colspan="1"><p>Licenciatura</p></td><td rowspan="1" colspan="1"><p>LETRAS - PORTUGUÊS E ESPANHOL</p></td><td rowspan="1" colspan="1"><p>300</p></td><td rowspan="1" colspan="1"><p>CENTRO UNIVERSITARIO CIDADE VERDE - UNIFCV</p></td><td rowspan="1" colspan="1"><p>UNIAO MARINGAENSE DE ENSINO LTDA - EPP</p></td></tr><tr><td rowspan="1" colspan="1"><p>91</p></td><td rowspan="1" colspan="1"><p>202516618</p></td><td rowspan="1" colspan="1"><p>Licenciatura</p></td><td rowspan="1" colspan="1"><p>LETRAS - PORTUGUÊS E FRANCÊS</p></td><td rowspan="1" colspan="1"><p>36000</p></td><td rowspan="1" colspan="1"><p>CENTRO UNIVERSITARIO CIDADE VERDE - UNIFCV</p></td><td rowspan="1" colspan="1"><p>UNIAO MARINGAENSE DE ENSINO LTDA - EPP</p></td></tr><tr><td rowspan="1" colspan="1"><p>92</p></td><td rowspan="1" colspan="1"><p>202511039</p></td><td rowspan="1" colspan="1"><p>Licenciatura</p></td><td rowspan="1" colspan="1"><p>LETRAS - PORTUGUÊS E INGLÊS</p></td><td rowspan="1" colspan="1"><p>300</p></td><td rowspan="1" colspan="1"><p>CENTRO UNIVERSITARIO CIDADE VERDE - UNIFCV</p></td><td rowspan="1" colspan="1"><p>UNIAO MARINGAENSE DE ENSINO LTDA - EPP</p></td></tr><tr><td rowspan="1" colspan="1"><p>93</p></td><td rowspan="1" colspan="1"><p>202515358</p></td><td rowspan="1" colspan="1"><p>Tecnológico</p></td><td rowspan="1" colspan="1"><p>MASSOTERAPIA</p></td><td rowspan="1" colspan="1"><p>16000</p></td><td rowspan="1" colspan="1"><p>CENTRO UNIVERSITARIO CIDADE VERDE - UNIFCV</p></td><td rowspan="1" colspan="1"><p>UNIAO MARINGAENSE DE ENSINO LTDA - EPP</p></td></tr><tr><td rowspan="1" colspan="1"><p>94</p></td><td rowspan="1" colspan="1"><p>202511028</p></td><td rowspan="1" colspan="1"><p>Licenciatura</p></td><td rowspan="1" colspan="1"><p>MATEMÁTICA</p></td><td rowspan="1" colspan="1"><p>300</p></td><td rowspan="1" colspan="1"><p>CENTRO UNIVERSITARIO CIDADE VERDE - UNIFCV</p></td><td rowspan="1" colspan="1"><p>UNIAO MARINGAENSE DE ENSINO LTDA - EPP</p></td></tr><tr><td rowspan="1" colspan="1"><p>95</p></td><td rowspan="1" colspan="1"><p>202515360</p></td><td rowspan="1" colspan="1"><p>Bacharelado</p></td><td rowspan="1" colspan="1"><p>NUTRIÇÃO</p></td><td rowspan="1" colspan="1"><p>16000</p></td><td rowspan="1" colspan="1"><p>CENTRO UNIVERSITARIO CIDADE VERDE - UNIFCV</p></td><td rowspan="1" colspan="1"><p>UNIAO MARINGAENSE DE ENSINO LTDA - EPP</p></td></tr><tr><td rowspan="1" colspan="1"><p>96</p></td><td rowspan="1" colspan="1"><p>202508569</p></td><td rowspan="1" colspan="1"><p>Tecnológico</p></td><td rowspan="1" colspan="1"><p>NUTRIÇÃO ESCOLAR</p></td><td rowspan="1" colspan="1"><p>1000</p></td><td rowspan="1" colspan="1"><p>CENTRO UNIVERSITARIO CIDADE VERDE - UNIFCV</p></td><td rowspan="1" colspan="1"><p>UNIAO MARINGAENSE DE ENSINO LTDA - EPP</p></td></tr><tr><td rowspan="1" colspan="1"><p>97</p></td><td rowspan="1" colspan="1"><p>202511034</p></td><td rowspan="1" colspan="1"><p>Licenciatura</p></td><td rowspan="1" colspan="1"><p>PEDAGOGIA</p></td><td rowspan="1" colspan="1"><p>500</p></td><td rowspan="1" colspan="1"><p>CENTRO UNIVERSITARIO CIDADE VERDE - UNIFCV</p></td><td rowspan="1" colspan="1"><p>UNIAO MARINGAENSE DE ENSINO LTDA - EPP</p></td></tr><tr><td rowspan="1" colspan="1"><p>98</p></td><td rowspan="1" colspan="1"><p>202511027</p></td><td rowspan="1" colspan="1"><p>Tecnológico</p></td><td rowspan="1" colspan="1"><p>PSICOMOTRICIDADE E LUDICIDADE NA EDUCAÇÃO INFANTIL</p></td><td rowspan="1" colspan="1"><p>500</p></td><td rowspan="1" colspan="1"><p>CENTRO UNIVERSITARIO CIDADE VERDE - UNIFCV</p></td><td rowspan="1" colspan="1"><p>UNIAO MARINGAENSE DE ENSINO LTDA - EPP</p></td></tr><tr><td rowspan="1" colspan="1"><p>99</p></td><td rowspan="1" colspan="1"><p>202507733</p></td><td rowspan="1" colspan="1"><p>Licenciatura</p></td><td rowspan="1" colspan="1"><p>PSICOPEDAGOGIA</p></td><td rowspan="1" colspan="1"><p>300</p></td><td rowspan="1" colspan="1"><p>CENTRO UNIVERSITARIO CIDADE VERDE - UNIFCV</p></td><td rowspan="1" colspan="1"><p>UNIAO MARINGAENSE DE ENSINO LTDA - EPP</p></td></tr><tr><td rowspan="1" colspan="1"><p>100</p></td><td rowspan="1" colspan="1"><p>202511041</p></td><td rowspan="1" colspan="1"><p>Bacharelado</p></td><td rowspan="1" colspan="1"><p>PSICOPEDAGOGIA</p></td><td rowspan="1" colspan="1"><p>300</p></td><td rowspan="1" colspan="1"><p>CENTRO UNIVERSITARIO CIDADE VERDE - UNIFCV</p></td><td rowspan="1" colspan="1"><p>UNIAO MARINGAENSE DE ENSINO LTDA - EPP</p></td></tr><tr><td rowspan="1" colspan="1"><p>101</p></td><td rowspan="1" colspan="1"><p>202516614</p></td><td rowspan="1" colspan="1"><p>Licenciatura</p></td><td rowspan="1" colspan="1"><p>PSICOPEDAGOGIA</p></td><td rowspan="1" colspan="1"><p>12000</p></td><td rowspan="1" colspan="1"><p>CENTRO UNIVERSITARIO CIDADE VERDE - UNIFCV</p></td><td rowspan="1" colspan="1"><p>UNIAO MARINGAENSE DE ENSINO LTDA - EPP</p></td></tr><tr><td rowspan="1" colspan="1"><p>102</p></td><td rowspan="1" colspan="1"><p>202516613</p></td><td rowspan="1" colspan="1"><p>Licenciatura</p></td><td rowspan="1" colspan="1"><p>QUÍMICA</p></td><td rowspan="1" colspan="1"><p>12000</p></td><td rowspan="1" colspan="1"><p>CENTRO UNIVERSITARIO CIDADE VERDE - UNIFCV</p></td><td rowspan="1" colspan="1"><p>UNIAO MARINGAENSE DE ENSINO LTDA - EPP</p></td></tr><tr><td rowspan="1" colspan="1"><p>103</p></td><td rowspan="1" colspan="1"><p>202508574</p></td><td rowspan="1" colspan="1"><p>Tecnológico</p></td><td rowspan="1" colspan="1"><p>RESSOCIALIZAÇÃO DE TOXICÔMANOS</p></td><td rowspan="1" colspan="1"><p>1000</p></td><td rowspan="1" colspan="1"><p>CENTRO UNIVERSITARIO CIDADE VERDE - UNIFCV</p></td><td rowspan="1" colspan="1"><p>UNIAO MARINGAENSE DE ENSINO LTDA - EPP</p></td></tr><tr><td rowspan="1" colspan="1"><p>104</p></td><td rowspan="1" colspan="1"><p>202508572</p></td><td rowspan="1" colspan="1"><p>Bacharelado</p></td><td rowspan="1" colspan="1"><p>SERVIÇO SOCIAL</p></td><td rowspan="1" colspan="1"><p>300</p></td><td rowspan="1" colspan="1"><p>CENTRO UNIVERSITARIO CIDADE VERDE - UNIFCV</p></td><td rowspan="1" colspan="1"><p>UNIAO MARINGAENSE DE ENSINO LTDA - EPP</p></td></tr><tr><td rowspan="1" colspan="1"><p>105</p></td><td rowspan="1" colspan="1"><p>202511033</p></td><td rowspan="1" colspan="1"><p>Licenciatura</p></td><td rowspan="1" colspan="1"><p>SOCIOLOGIA</p></td><td rowspan="1" colspan="1"><p>300</p></td><td rowspan="1" colspan="1"><p>CENTRO UNIVERSITARIO CIDADE VERDE - UNIFCV</p></td><td rowspan="1" colspan="1"><p>UNIAO MARINGAENSE DE ENSINO LTDA - EPP</p></td></tr><tr><td rowspan="1" colspan="1"><p>106</p></td><td rowspan="1" colspan="1"><p>202515357</p></td><td rowspan="1" colspan="1"><p>Bacharelado</p></td><td rowspan="1" colspan="1"><p>TERAPIA OCUPACIONAL</p></td><td rowspan="1" colspan="1"><p>16000</p></td><td rowspan="1" colspan="1"><p>CENTRO UNIVERSITARIO CIDADE VERDE - UNIFCV</p></td><td rowspan="1" colspan="1"><p>UNIAO MARINGAENSE DE ENSINO LTDA - EPP</p></td></tr><tr><td rowspan="1" colspan="1"><p>107</p></td><td rowspan="1" colspan="1"><p>202515361</p></td><td rowspan="1" colspan="1"><p>Tecnológico</p></td><td rowspan="1" colspan="1"><p>TERAPIAS NATURAIS</p></td><td rowspan="1" colspan="1"><p>24000</p></td><td rowspan="1" colspan="1"><p>CENTRO UNIVERSITARIO CIDADE VERDE - UNIFCV</p></td><td rowspan="1" colspan="1"><p>UNIAO MARINGAENSE DE ENSINO LTDA - EPP</p></td></tr><tr><td rowspan="1" colspan="1"><p>108</p></td><td rowspan="1" colspan="1"><p>202508570</p></td><td rowspan="1" colspan="1"><p>Tecnológico</p></td><td rowspan="1" colspan="1"><p>VIGILÂNCIA EM SAÚDE</p></td><td rowspan="1" colspan="1"><p>1000</p></td><td rowspan="1" colspan="1"><p>CENTRO UNIVERSITARIO CIDADE VERDE - UNIFCV</p></td><td rowspan="1" colspan="1"><p>UNIAO MARINGAENSE DE ENSINO LTDA - EPP</p></td></tr><tr><td rowspan="1" colspan="1"><p>109</p></td><td rowspan="1" colspan="1"><p>202508294</p></td><td rowspan="1" colspan="1"><p>Bacharelado</p></td><td rowspan="1" colspan="1"><p>BIOMEDICINA</p></td><td rowspan="1" colspan="1"><p>50</p></td><td rowspan="1" colspan="1"><p>CENTRO UNIVERSITARIO CURITIBA - FIC</p></td><td rowspan="1" colspan="1"><p>INSTITUTO DE EDUCACAO UNICURITIBA LTDA</p></td></tr><tr><td rowspan="1" colspan="1"><p>110</p></td><td rowspan="1" colspan="1"><p>202515659</p></td><td rowspan="1" colspan="1"><p>Bacharelado</p></td><td rowspan="1" colspan="1"><p>ENGENHARIA CIVIL</p></td><td rowspan="1" colspan="1"><p>500</p></td><td rowspan="1" colspan="1"><p>CENTRO UNIVERSITARIO CURITIBA - FIC</p></td><td rowspan="1" colspan="1"><p>INSTITUTO DE EDUCACAO UNICURITIBA LTDA</p></td></tr><tr><td rowspan="1" colspan="1"><p>111</p></td><td rowspan="1" colspan="1"><p>202515657</p></td><td rowspan="1" colspan="1"><p>Bacharelado</p></td><td rowspan="1" colspan="1"><p>ENGENHARIA DE PRODUÇÃO</p></td><td rowspan="1" colspan="1"><p>500</p></td><td rowspan="1" colspan="1"><p>CENTRO UNIVERSITARIO CURITIBA - FIC</p></td><td rowspan="1" colspan="1"><p>INSTITUTO DE EDUCACAO UNICURITIBA LTDA</p></td></tr><tr><td rowspan="1" colspan="1"><p>112</p></td><td rowspan="1" colspan="1"><p>202515658</p></td><td rowspan="1" colspan="1"><p>Bacharelado</p></td><td rowspan="1" colspan="1"><p>ENGENHARIA ELÉTRICA</p></td><td rowspan="1" colspan="1"><p>500</p></td><td rowspan="1" colspan="1"><p>CENTRO UNIVERSITARIO CURITIBA - FIC</p></td><td rowspan="1" colspan="1"><p>INSTITUTO DE EDUCACAO UNICURITIBA LTDA</p></td></tr><tr><td rowspan="1" colspan="1"><p>113</p></td><td rowspan="1" colspan="1"><p>202509031</p></td><td rowspan="1" colspan="1"><p>Bacharelado</p></td><td rowspan="1" colspan="1"><p>ENGENHARIA MECÂNICA</p></td><td rowspan="1" colspan="1"><p>50</p></td><td rowspan="1" colspan="1"><p>CENTRO UNIVERSITARIO CURITIBA - FIC</p></td><td rowspan="1" colspan="1"><p>INSTITUTO DE EDUCACAO UNICURITIBA LTDA</p></td></tr><tr><td rowspan="1" colspan="1"><p>114</p></td><td rowspan="1" colspan="1"><p>202515217</p></td><td rowspan="1" colspan="1"><p>Bacharelado</p></td><td rowspan="1" colspan="1"><p>FISIOTERAPIA</p></td><td rowspan="1" colspan="1"><p>450</p></td><td rowspan="1" colspan="1"><p>CENTRO UNIVERSITARIO CURITIBA - FIC</p></td><td rowspan="1" colspan="1"><p>INSTITUTO DE EDUCACAO UNICURITIBA LTDA</p></td></tr><tr><td rowspan="1" colspan="1"><p>115</p></td><td rowspan="1" colspan="1"><p>202508295</p></td><td rowspan="1" colspan="1"><p>Bacharelado</p></td><td rowspan="1" colspan="1"><p>NUTRIÇÃO</p></td><td rowspan="1" colspan="1"><p>75</p></td><td rowspan="1" colspan="1"><p>CENTRO UNIVERSITARIO CURITIBA - FIC</p></td><td rowspan="1" colspan="1"><p>INSTITUTO DE EDUCACAO UNICURITIBA LTDA</p></td></tr><tr><td rowspan="1" colspan="1"><p>116</p></td><td rowspan="1" colspan="1"><p>202510604</p></td><td rowspan="1" colspan="1"><p>Licenciatura</p></td><td rowspan="1" colspan="1"><p>PEDAGOGIA</p></td><td rowspan="1" colspan="1"><p>25</p></td><td rowspan="1" colspan="1"><p>CENTRO UNIVERSITARIO CURITIBA - FIC</p></td><td rowspan="1" colspan="1"><p>INSTITUTO DE EDUCACAO UNICURITIBA LTDA</p></td></tr><tr><td rowspan="1" colspan="1"><p>117</p></td><td rowspan="1" colspan="1"><p>202516485</p></td><td rowspan="1" colspan="1"><p>Licenciatura</p></td><td rowspan="1" colspan="1"><p>PEDAGOGIA</p></td><td rowspan="1" colspan="1"><p>375</p></td><td rowspan="1" colspan="1"><p>CENTRO UNIVERSITARIO DA ALTA PAULISTA - FAP</p></td><td rowspan="1" colspan="1"><p>INSTITUICAO DOM BOSCO DE ENSINO E CULTURA LTDA</p></td></tr><tr><td rowspan="1" colspan="1"><p>118</p></td><td rowspan="1" colspan="1"><p>202511070</p></td><td rowspan="1" colspan="1"><p>Licenciatura</p></td><td rowspan="1" colspan="1"><p>FILOSOFIA</p></td><td rowspan="1" colspan="1"><p>200</p></td><td rowspan="1" colspan="1"><p>CENTRO UNIVERSITARIO DA FUNDACAO EDUCACIONAL GUAXUPE - UNIFEG</p></td><td rowspan="1" colspan="1"><p>FUNDACAO EDUCACIONAL GUAXUPE</p></td></tr><tr><td rowspan="1" colspan="1"><p>119</p></td><td rowspan="1" colspan="1"><p>202515898</p></td><td rowspan="1" colspan="1"><p>Bacharelado</p></td><td rowspan="1" colspan="1"><p>AGRONOMIA</p></td><td rowspan="1" colspan="1"><p>5000</p></td><td rowspan="1" colspan="1"><p>CENTRO UNIVERSITARIO DA GRANDE DOURADOS - UNIGRAN</p></td><td rowspan="1" colspan="1"><p>UNIGRAN EDUCACIONAL</p></td></tr><tr><td rowspan="1" colspan="1"><p>120</p></td><td rowspan="1" colspan="1"><p>202510317</p></td><td rowspan="1" colspan="1"><p>Licenciatura</p></td><td rowspan="1" colspan="1"><p>CIÊNCIAS BIOLÓGICAS</p></td><td rowspan="1" colspan="1"><p>500</p></td><td rowspan="1" colspan="1"><p>CENTRO UNIVERSITARIO DA GRANDE DOURADOS - UNIGRAN</p></td><td rowspan="1" colspan="1"><p>UNIGRAN EDUCACIONAL</p></td></tr><tr><td rowspan="1" colspan="1"><p>121</p></td><td rowspan="1" colspan="1"><p>202508158</p></td><td rowspan="1" colspan="1"><p>Bacharelado</p></td><td rowspan="1" colspan="1"><p>EDUCAÇÃO FÍSICA</p></td><td rowspan="1" colspan="1"><p>1000</p></td><td rowspan="1" colspan="1"><p>CENTRO UNIVERSITARIO DA GRANDE DOURADOS - UNIGRAN</p></td><td rowspan="1" colspan="1"><p>UNIGRAN EDUCACIONAL</p></td></tr><tr><td rowspan="1" colspan="1"><p>122</p></td><td rowspan="1" colspan="1"><p>202510315</p></td><td rowspan="1" colspan="1"><p>Licenciatura</p></td><td rowspan="1" colspan="1"><p>EDUCAÇÃO FÍSICA</p></td><td rowspan="1" colspan="1"><p>1000</p></td><td rowspan="1" colspan="1"><p>CENTRO UNIVERSITARIO DA GRANDE DOURADOS - UNIGRAN</p></td><td rowspan="1" colspan="1"><p>UNIGRAN EDUCACIONAL</p></td></tr><tr><td rowspan="1" colspan="1"><p>123</p></td><td rowspan="1" colspan="1"><p>202508904</p></td><td rowspan="1" colspan="1"><p>Bacharelado</p></td><td rowspan="1" colspan="1"><p>ENGENHARIA AMBIENTAL E SANITÁRIA</p></td><td rowspan="1" colspan="1"><p>1500</p></td><td rowspan="1" colspan="1"><p>CENTRO UNIVERSITARIO DA GRANDE DOURADOS - UNIGRAN</p></td><td rowspan="1" colspan="1"><p>UNIGRAN EDUCACIONAL</p></td></tr><tr><td rowspan="1" colspan="1"><p>124</p></td><td rowspan="1" colspan="1"><p>202508905</p></td><td rowspan="1" colspan="1"><p>Bacharelado</p></td><td rowspan="1" colspan="1"><p>ENGENHARIA DE PRODUÇÃO</p></td><td rowspan="1" colspan="1"><p>3000</p></td><td rowspan="1" colspan="1"><p>CENTRO UNIVERSITARIO DA GRANDE DOURADOS - UNIGRAN</p></td><td rowspan="1" colspan="1"><p>UNIGRAN EDUCACIONAL</p></td></tr><tr><td rowspan="1" colspan="1"><p>125</p></td><td rowspan="1" colspan="1"><p>202511748</p></td><td rowspan="1" colspan="1"><p>Tecnológico</p></td><td rowspan="1" colspan="1"><p>ESTÉTICA E COSMÉTICA</p></td><td rowspan="1" colspan="1"><p>1500</p></td><td rowspan="1" colspan="1"><p>CENTRO UNIVERSITARIO DA GRANDE DOURADOS - UNIGRAN</p></td><td rowspan="1" colspan="1"><p>UNIGRAN EDUCACIONAL</p></td></tr><tr><td rowspan="1" colspan="1"><p>126</p></td><td rowspan="1" colspan="1"><p>202515144</p></td><td rowspan="1" colspan="1"><p>Bacharelado</p></td><td rowspan="1" colspan="1"><p>FARMÁCIA</p></td><td rowspan="1" colspan="1"><p>5000</p></td><td rowspan="1" colspan="1"><p>CENTRO UNIVERSITARIO DA GRANDE DOURADOS - UNIGRAN</p></td><td rowspan="1" colspan="1"><p>UNIGRAN EDUCACIONAL</p></td></tr><tr><td rowspan="1" colspan="1"><p>127</p></td><td rowspan="1" colspan="1"><p>202515145</p></td><td rowspan="1" colspan="1"><p>Bacharelado</p></td><td rowspan="1" colspan="1"><p>FISIOTERAPIA</p></td><td rowspan="1" colspan="1"><p>5000</p></td><td rowspan="1" colspan="1"><p>CENTRO UNIVERSITARIO DA GRANDE DOURADOS - UNIGRAN</p></td><td rowspan="1" colspan="1"><p>UNIGRAN EDUCACIONAL</p></td></tr><tr><td rowspan="1" colspan="1"><p>128</p></td><td rowspan="1" colspan="1"><p>202510312</p></td><td rowspan="1" colspan="1"><p>Licenciatura</p></td><td rowspan="1" colspan="1"><p>GEOGRAFIA</p></td><td rowspan="1" colspan="1"><p>500</p></td><td rowspan="1" colspan="1"><p>CENTRO UNIVERSITARIO DA GRANDE DOURADOS - UNIGRAN</p></td><td rowspan="1" colspan="1"><p>UNIGRAN EDUCACIONAL</p></td></tr><tr><td rowspan="1" colspan="1"><p>129</p></td><td rowspan="1" colspan="1"><p>202508906</p></td><td rowspan="1" colspan="1"><p>Tecnológico</p></td><td rowspan="1" colspan="1"><p>GESTÃO AMBIENTAL</p></td><td rowspan="1" colspan="1"><p>500</p></td><td rowspan="1" colspan="1"><p>CENTRO UNIVERSITARIO DA GRANDE DOURADOS - UNIGRAN</p></td><td rowspan="1" colspan="1"><p>UNIGRAN EDUCACIONAL</p></td></tr><tr><td rowspan="1" colspan="1"><p>130</p></td><td rowspan="1" colspan="1"><p>202511749</p></td><td rowspan="1" colspan="1"><p>Tecnológico</p></td><td rowspan="1" colspan="1"><p>GESTÃO HOSPITALAR</p></td><td rowspan="1" colspan="1"><p>1000</p></td><td rowspan="1" colspan="1"><p>CENTRO UNIVERSITARIO DA GRANDE DOURADOS - UNIGRAN</p></td><td rowspan="1" colspan="1"><p>UNIGRAN EDUCACIONAL</p></td></tr><tr><td rowspan="1" colspan="1"><p>131</p></td><td rowspan="1" colspan="1"><p>202510318</p></td><td rowspan="1" colspan="1"><p>Licenciatura</p></td><td rowspan="1" colspan="1"><p>HISTÓRIA</p></td><td rowspan="1" colspan="1"><p>1000</p></td><td rowspan="1" colspan="1"><p>CENTRO UNIVERSITARIO DA GRANDE DOURADOS - UNIGRAN</p></td><td rowspan="1" colspan="1"><p>UNIGRAN EDUCACIONAL</p></td></tr><tr><td rowspan="1" colspan="1"><p>132</p></td><td rowspan="1" colspan="1"><p>202510311</p></td><td rowspan="1" colspan="1"><p>Licenciatura</p></td><td rowspan="1" colspan="1"><p>LETRAS - LÍNGUA PORTUGUESA</p></td><td rowspan="1" colspan="1"><p>1500</p></td><td rowspan="1" colspan="1"><p>CENTRO UNIVERSITARIO DA GRANDE DOURADOS - UNIGRAN</p></td><td rowspan="1" colspan="1"><p>UNIGRAN EDUCACIONAL</p></td></tr><tr><td rowspan="1" colspan="1"><p>133</p></td><td rowspan="1" colspan="1"><p>202510313</p></td><td rowspan="1" colspan="1"><p>Licenciatura</p></td><td rowspan="1" colspan="1"><p>LETRAS - PORTUGUÊS E INGLÊS</p></td><td rowspan="1" colspan="1"><p>1000</p></td><td rowspan="1" colspan="1"><p>CENTRO UNIVERSITARIO DA GRANDE DOURADOS - UNIGRAN</p></td><td rowspan="1" colspan="1"><p>UNIGRAN EDUCACIONAL</p></td></tr><tr><td rowspan="1" colspan="1"><p>134</p></td><td rowspan="1" colspan="1"><p>202510316</p></td><td rowspan="1" colspan="1"><p>Licenciatura</p></td><td rowspan="1" colspan="1"><p>MATEMÁTICA</p></td><td rowspan="1" colspan="1"><p>2000</p></td><td rowspan="1" colspan="1"><p>CENTRO UNIVERSITARIO DA GRANDE DOURADOS - UNIGRAN</p></td><td rowspan="1" colspan="1"><p>UNIGRAN EDUCACIONAL</p></td></tr><tr><td rowspan="1" colspan="1"><p>135</p></td><td rowspan="1" colspan="1"><p>202515146</p></td><td rowspan="1" colspan="1"><p>Bacharelado</p></td><td rowspan="1" colspan="1"><p>NUTRIÇÃO</p></td><td rowspan="1" colspan="1"><p>4000</p></td><td rowspan="1" colspan="1"><p>CENTRO UNIVERSITARIO DA GRANDE DOURADOS - UNIGRAN</p></td><td rowspan="1" colspan="1"><p>UNIGRAN EDUCACIONAL</p></td></tr><tr><td rowspan="1" colspan="1"><p>136</p></td><td rowspan="1" colspan="1"><p>202510314</p></td><td rowspan="1" colspan="1"><p>Licenciatura</p></td><td rowspan="1" colspan="1"><p>PEDAGOGIA</p></td><td rowspan="1" colspan="1"><p>3000</p></td><td rowspan="1" colspan="1"><p>CENTRO UNIVERSITARIO DA GRANDE DOURADOS - UNIGRAN</p></td><td rowspan="1" colspan="1"><p>UNIGRAN EDUCACIONAL</p></td></tr><tr><td rowspan="1" colspan="1"><p>137</p></td><td rowspan="1" colspan="1"><p>202517644</p></td><td rowspan="1" colspan="1"><p>Bacharelado</p></td><td rowspan="1" colspan="1"><p>SERVIÇO SOCIAL</p></td><td rowspan="1" colspan="1"><p>3000</p></td><td rowspan="1" colspan="1"><p>CENTRO UNIVERSITARIO DA GRANDE DOURADOS - UNIGRAN</p></td><td rowspan="1" colspan="1"><p>UNIGRAN EDUCACIONAL</p></td></tr><tr><td rowspan="1" colspan="1"><p>138</p></td><td rowspan="1" colspan="1"><p>202508414</p></td><td rowspan="1" colspan="1"><p>Bacharelado</p></td><td rowspan="1" colspan="1"><p>BIOMEDICINA</p></td><td rowspan="1" colspan="1"><p>9900</p></td><td rowspan="1" colspan="1"><p>CENTRO UNIVERSITARIO DA GRANDE FORTALEZA - UNIGRANDE</p></td><td rowspan="1" colspan="1"><p>CEUDESP EDUCACIONAL LTDA</p></td></tr><tr><td rowspan="1" colspan="1"><p>139</p></td><td rowspan="1" colspan="1"><p>202508416</p></td><td rowspan="1" colspan="1"><p>Bacharelado</p></td><td rowspan="1" colspan="1"><p>EDUCAÇÃO FÍSICA</p></td><td rowspan="1" colspan="1"><p>8900</p></td><td rowspan="1" colspan="1"><p>CENTRO UNIVERSITARIO DA GRANDE FORTALEZA - UNIGRANDE</p></td><td rowspan="1" colspan="1"><p>CEUDESP EDUCACIONAL LTDA</p></td></tr><tr><td rowspan="1" colspan="1"><p>140</p></td><td rowspan="1" colspan="1"><p>202517027</p></td><td rowspan="1" colspan="1"><p>Tecnológico</p></td><td rowspan="1" colspan="1"><p>ESTÉTICA E COSMÉTICA</p></td><td rowspan="1" colspan="1"><p>49500</p></td><td rowspan="1" colspan="1"><p>CENTRO UNIVERSITARIO DA GRANDE FORTALEZA - UNIGRANDE</p></td><td rowspan="1" colspan="1"><p>CEUDESP EDUCACIONAL LTDA</p></td></tr><tr><td rowspan="1" colspan="1"><p>141</p></td><td rowspan="1" colspan="1"><p>202508413</p></td><td rowspan="1" colspan="1"><p>Bacharelado</p></td><td rowspan="1" colspan="1"><p>FARMÁCIA</p></td><td rowspan="1" colspan="1"><p>8900</p></td><td rowspan="1" colspan="1"><p>CENTRO UNIVERSITARIO DA GRANDE FORTALEZA - UNIGRANDE</p></td><td rowspan="1" colspan="1"><p>CEUDESP EDUCACIONAL LTDA</p></td></tr><tr><td rowspan="1" colspan="1"><p>142</p></td><td rowspan="1" colspan="1"><p>202508415</p></td><td rowspan="1" colspan="1"><p>Bacharelado</p></td><td rowspan="1" colspan="1"><p>FISIOTERAPIA</p></td><td rowspan="1" colspan="1"><p>8900</p></td><td rowspan="1" colspan="1"><p>CENTRO UNIVERSITARIO DA GRANDE FORTALEZA - UNIGRANDE</p></td><td rowspan="1" colspan="1"><p>CEUDESP EDUCACIONAL LTDA</p></td></tr><tr><td rowspan="1" colspan="1"><p>143</p></td><td rowspan="1" colspan="1"><p>202515245</p></td><td rowspan="1" colspan="1"><p>Bacharelado</p></td><td rowspan="1" colspan="1"><p>FONOAUDIOLOGIA</p></td><td rowspan="1" colspan="1"><p>79200</p></td><td rowspan="1" colspan="1"><p>CENTRO UNIVERSITARIO DA GRANDE FORTALEZA - UNIGRANDE</p></td><td rowspan="1" colspan="1"><p>CEUDESP EDUCACIONAL LTDA</p></td></tr><tr><td rowspan="1" colspan="1"><p>144</p></td><td rowspan="1" colspan="1"><p>202511905</p></td><td rowspan="1" colspan="1"><p>Tecnológico</p></td><td rowspan="1" colspan="1"><p>GESTÃO HOSPITALAR</p></td><td rowspan="1" colspan="1"><p>8900</p></td><td rowspan="1" colspan="1"><p>CENTRO UNIVERSITARIO DA GRANDE FORTALEZA - UNIGRANDE</p></td><td rowspan="1" colspan="1"><p>CEUDESP EDUCACIONAL LTDA</p></td></tr><tr><td rowspan="1" colspan="1"><p>145</p></td><td rowspan="1" colspan="1"><p>202508411</p></td><td rowspan="1" colspan="1"><p>Bacharelado</p></td><td rowspan="1" colspan="1"><p>NUTRIÇÃO</p></td><td rowspan="1" colspan="1"><p>9900</p></td><td rowspan="1" colspan="1"><p>CENTRO UNIVERSITARIO DA GRANDE FORTALEZA - UNIGRANDE</p></td><td rowspan="1" colspan="1"><p>CEUDESP EDUCACIONAL LTDA</p></td></tr><tr><td rowspan="1" colspan="1"><p>146</p></td><td rowspan="1" colspan="1"><p>202510737</p></td><td rowspan="1" colspan="1"><p>Licenciatura</p></td><td rowspan="1" colspan="1"><p>PEDAGOGIA</p></td><td rowspan="1" colspan="1"><p>7200</p></td><td rowspan="1" colspan="1"><p>CENTRO UNIVERSITARIO DA GRANDE FORTALEZA - UNIGRANDE</p></td><td rowspan="1" colspan="1"><p>CEUDESP EDUCACIONAL LTDA</p></td></tr><tr><td rowspan="1" colspan="1"><p>147</p></td><td rowspan="1" colspan="1"><p>202515244</p></td><td rowspan="1" colspan="1"><p>Bacharelado</p></td><td rowspan="1" colspan="1"><p>SERVIÇO SOCIAL</p></td><td rowspan="1" colspan="1"><p>79200</p></td><td rowspan="1" colspan="1"><p>CENTRO UNIVERSITARIO DA GRANDE FORTALEZA - UNIGRANDE</p></td><td rowspan="1" colspan="1"><p>CEUDESP EDUCACIONAL LTDA</p></td></tr><tr><td rowspan="1" colspan="1"><p>148</p></td><td rowspan="1" colspan="1"><p>202508412</p></td><td rowspan="1" colspan="1"><p>Bacharelado</p></td><td rowspan="1" colspan="1"><p>TERAPIA OCUPACIONAL</p></td><td rowspan="1" colspan="1"><p>9900</p></td><td rowspan="1" colspan="1"><p>CENTRO UNIVERSITARIO DA GRANDE FORTALEZA - UNIGRANDE</p></td><td rowspan="1" colspan="1"><p>CEUDESP EDUCACIONAL LTDA</p></td></tr><tr><td rowspan="1" colspan="1"><p>149</p></td><td rowspan="1" colspan="1"><p>202515051</p></td><td rowspan="1" colspan="1"><p>Bacharelado</p></td><td rowspan="1" colspan="1"><p>BIOMEDICINA</p></td><td rowspan="1" colspan="1"><p>2400</p></td><td rowspan="1" colspan="1"><p>CENTRO UNIVERSITARIO DA REGIAO DA CAMPANHA -</p></td><td rowspan="1" colspan="1"><p>FUNDACAO ATTILA TABORDA</p></td></tr><tr><td rowspan="1" colspan="1"><p>150</p></td><td rowspan="1" colspan="1"><p>202508696</p></td><td rowspan="1" colspan="1"><p>Bacharelado</p></td><td rowspan="1" colspan="1"><p>ENGENHARIA DE PRODUÇÃO</p></td><td rowspan="1" colspan="1"><p>300</p></td><td rowspan="1" colspan="1"><p>CENTRO UNIVERSITARIO DA REGIAO DA CAMPANHA -</p></td><td rowspan="1" colspan="1"><p>FUNDACAO ATTILA TABORDA</p></td></tr><tr><td rowspan="1" colspan="1"><p>151</p></td><td rowspan="1" colspan="1"><p>202511593</p></td><td rowspan="1" colspan="1"><p>Tecnológico</p></td><td rowspan="1" colspan="1"><p>ESTÉTICA E COSMÉTICA</p></td><td rowspan="1" colspan="1"><p>150</p></td><td rowspan="1" colspan="1"><p>CENTRO UNIVERSITARIO DA REGIAO DA CAMPANHA -</p></td><td rowspan="1" colspan="1"><p>FUNDACAO ATTILA TABORDA</p></td></tr><tr><td rowspan="1" colspan="1"><p>152</p></td><td rowspan="1" colspan="1"><p>202515052</p></td><td rowspan="1" colspan="1"><p>Bacharelado</p></td><td rowspan="1" colspan="1"><p>FONOAUDIOLOGIA</p></td><td rowspan="1" colspan="1"><p>2400</p></td><td rowspan="1" colspan="1"><p>CENTRO UNIVERSITARIO DA REGIAO DA CAMPANHA -</p></td><td rowspan="1" colspan="1"><p>FUNDACAO ATTILA TABORDA</p></td></tr><tr><td rowspan="1" colspan="1"><p>153</p></td><td rowspan="1" colspan="1"><p>202511420</p></td><td rowspan="1" colspan="1"><p>Tecnológico</p></td><td rowspan="1" colspan="1"><p>GESTÃO AMBIENTAL</p></td><td rowspan="1" colspan="1"><p>150</p></td><td rowspan="1" colspan="1"><p>CENTRO UNIVERSITARIO DA REGIAO DA CAMPANHA -</p></td><td rowspan="1" colspan="1"><p>FUNDACAO ATTILA TABORDA</p></td></tr><tr><td rowspan="1" colspan="1"><p>154</p></td><td rowspan="1" colspan="1"><p>202509781</p></td><td rowspan="1" colspan="1"><p>Licenciatura</p></td><td rowspan="1" colspan="1"><p>HISTÓRIA</p></td><td rowspan="1" colspan="1"><p>150</p></td><td rowspan="1" colspan="1"><p>CENTRO UNIVERSITARIO DA REGIAO DA CAMPANHA -</p></td><td rowspan="1" colspan="1"><p>FUNDACAO ATTILA TABORDA</p></td></tr><tr><td rowspan="1" colspan="1"><p>155</p></td><td rowspan="1" colspan="1"><p>202516068</p></td><td rowspan="1" colspan="1"><p>Licenciatura</p></td><td rowspan="1" colspan="1"><p>LETRAS - PORTUGUÊS</p></td><td rowspan="1" colspan="1"><p>1200</p></td><td rowspan="1" colspan="1"><p>CENTRO UNIVERSITARIO DA REGIAO DA CAMPANHA -</p></td><td rowspan="1" colspan="1"><p>FUNDACAO ATTILA TABORDA</p></td></tr><tr><td rowspan="1" colspan="1"><p>156</p></td><td rowspan="1" colspan="1"><p>202509780</p></td><td rowspan="1" colspan="1"><p>Licenciatura</p></td><td rowspan="1" colspan="1"><p>PEDAGOGIA</p></td><td rowspan="1" colspan="1"><p>300</p></td><td rowspan="1" colspan="1"><p>CENTRO UNIVERSITARIO DA REGIAO DA CAMPANHA -</p></td><td rowspan="1" colspan="1"><p>FUNDACAO ATTILA TABORDA</p></td></tr><tr><td rowspan="1" colspan="1"><p>157</p></td><td rowspan="1" colspan="1"><p>202507938</p></td><td rowspan="1" colspan="1"><p>Bacharelado</p></td><td rowspan="1" colspan="1"><p>SERVIÇO SOCIAL</p></td><td rowspan="1" colspan="1"><p>150</p></td><td rowspan="1" colspan="1"><p>CENTRO UNIVERSITARIO DA REGIAO DA CAMPANHA -</p></td><td rowspan="1" colspan="1"><p>FUNDACAO ATTILA TABORDA</p></td></tr><tr><td rowspan="1" colspan="1"><p>158</p></td><td rowspan="1" colspan="1"><p>202515053</p></td><td rowspan="1" colspan="1"><p>Bacharelado</p></td><td rowspan="1" colspan="1"><p>TERAPIA OCUPACIONAL</p></td><td rowspan="1" colspan="1"><p>2400</p></td><td rowspan="1" colspan="1"><p>CENTRO UNIVERSITARIO DA REGIAO DA CAMPANHA -</p></td><td rowspan="1" colspan="1"><p>FUNDACAO ATTILA TABORDA</p></td></tr><tr><td rowspan="1" colspan="1"><p>159</p></td><td rowspan="1" colspan="1"><p>202515910</p></td><td rowspan="1" colspan="1"><p>Bacharelado</p></td><td rowspan="1" colspan="1"><p>AGRONOMIA</p></td><td rowspan="1" colspan="1"><p>2000</p></td><td rowspan="1" colspan="1"><p>CENTRO UNIVERSITARIO DA SERRA GAUCHA - FSG</p></td><td rowspan="1" colspan="1"><p>SOCIEDADE EDUCACIONAL SANTA RITA S.A.</p></td></tr><tr><td rowspan="1" colspan="1"><p>160</p></td><td rowspan="1" colspan="1"><p>202509042</p></td><td rowspan="1" colspan="1"><p>Bacharelado</p></td><td rowspan="1" colspan="1"><p>ARQUITETURA E URBANISMO</p></td><td rowspan="1" colspan="1"><p>500</p></td><td rowspan="1" colspan="1"><p>CENTRO UNIVERSITARIO DA SERRA GAUCHA - FSG</p></td><td rowspan="1" colspan="1"><p>SOCIEDADE EDUCACIONAL SANTA RITA S.A.</p></td></tr><tr><td rowspan="1" colspan="1"><p>161</p></td><td rowspan="1" colspan="1"><p>202517478</p></td><td rowspan="1" colspan="1"><p>Licenciatura</p></td><td rowspan="1" colspan="1"><p>ARTES VISUAIS</p></td><td rowspan="1" colspan="1"><p>500</p></td><td rowspan="1" colspan="1"><p>CENTRO UNIVERSITARIO DA SERRA GAUCHA - FSG</p></td><td rowspan="1" colspan="1"><p>SOCIEDADE EDUCACIONAL SANTA RITA S.A.</p></td></tr><tr><td rowspan="1" colspan="1"><p>162</p></td><td rowspan="1" colspan="1"><p>202508305</p></td><td rowspan="1" colspan="1"><p>Bacharelado</p></td><td rowspan="1" colspan="1"><p>BIOMEDICINA</p></td><td rowspan="1" colspan="1"><p>500</p></td><td rowspan="1" colspan="1"><p>CENTRO UNIVERSITARIO DA SERRA GAUCHA - FSG</p></td><td rowspan="1" colspan="1"><p>SOCIEDADE EDUCACIONAL SANTA RITA S.A.</p></td></tr><tr><td rowspan="1" colspan="1"><p>163</p></td><td rowspan="1" colspan="1"><p>202507815</p></td><td rowspan="1" colspan="1"><p>Bacharelado</p></td><td rowspan="1" colspan="1"><p>CIÊNCIAS BIOLÓGICAS</p></td><td rowspan="1" colspan="1"><p>500</p></td><td rowspan="1" colspan="1"><p>CENTRO UNIVERSITARIO DA SERRA GAUCHA - FSG</p></td><td rowspan="1" colspan="1"><p>SOCIEDADE EDUCACIONAL SANTA RITA S.A.</p></td></tr><tr><td rowspan="1" colspan="1"><p>164</p></td><td rowspan="1" colspan="1"><p>202510629</p></td><td rowspan="1" colspan="1"><p>Licenciatura</p></td><td rowspan="1" colspan="1"><p>CIÊNCIAS BIOLÓGICAS</p></td><td rowspan="1" colspan="1"><p>500</p></td><td rowspan="1" colspan="1"><p>CENTRO UNIVERSITARIO DA SERRA GAUCHA - FSG</p></td><td rowspan="1" colspan="1"><p>SOCIEDADE EDUCACIONAL SANTA RITA S.A.</p></td></tr><tr><td rowspan="1" colspan="1"><p>165</p></td><td rowspan="1" colspan="1"><p>202517938</p></td><td rowspan="1" colspan="1"><p>Licenciatura</p></td><td rowspan="1" colspan="1"><p>CIÊNCIAS SOCIAIS</p></td><td rowspan="1" colspan="1"><p>500</p></td><td rowspan="1" colspan="1"><p>CENTRO UNIVERSITARIO DA SERRA GAUCHA - FSG</p></td><td rowspan="1" colspan="1"><p>SOCIEDADE EDUCACIONAL SANTA RITA S.A.</p></td></tr><tr><td rowspan="1" colspan="1"><p>166</p></td><td rowspan="1" colspan="1"><p>202517571</p></td><td rowspan="1" colspan="1"><p>Licenciatura</p></td><td rowspan="1" colspan="1"><p>EDUCAÇÃO ESPECIAL</p></td><td rowspan="1" colspan="1"><p>500</p></td><td rowspan="1" colspan="1"><p>CENTRO UNIVERSITARIO DA SERRA GAUCHA - FSG</p></td><td rowspan="1" colspan="1"><p>SOCIEDADE EDUCACIONAL SANTA RITA S.A.</p></td></tr><tr><td rowspan="1" colspan="1"><p>167</p></td><td rowspan="1" colspan="1"><p>202508307</p></td><td rowspan="1" colspan="1"><p>Bacharelado</p></td><td rowspan="1" colspan="1"><p>EDUCAÇÃO FÍSICA</p></td><td rowspan="1" colspan="1"><p>200</p></td><td rowspan="1" colspan="1"><p>CENTRO UNIVERSITARIO DA SERRA GAUCHA - FSG</p></td><td rowspan="1" colspan="1"><p>SOCIEDADE EDUCACIONAL SANTA RITA S.A.</p></td></tr><tr><td rowspan="1" colspan="1"><p>168</p></td><td rowspan="1" colspan="1"><p>202510616</p></td><td rowspan="1" colspan="1"><p>Licenciatura</p></td><td rowspan="1" colspan="1"><p>EDUCAÇÃO FÍSICA</p></td><td rowspan="1" colspan="1"><p>200</p></td><td rowspan="1" colspan="1"><p>CENTRO UNIVERSITARIO DA SERRA GAUCHA - FSG</p></td><td rowspan="1" colspan="1"><p>SOCIEDADE EDUCACIONAL SANTA RITA S.A.</p></td></tr><tr><td rowspan="1" colspan="1"><p>169</p></td><td rowspan="1" colspan="1"><p>202509049</p></td><td rowspan="1" colspan="1"><p>Bacharelado</p></td><td rowspan="1" colspan="1"><p>ENGENHARIA AMBIENTAL</p></td><td rowspan="1" colspan="1"><p>500</p></td><td rowspan="1" colspan="1"><p>CENTRO UNIVERSITARIO DA SERRA GAUCHA - FSG</p></td><td rowspan="1" colspan="1"><p>SOCIEDADE EDUCACIONAL SANTA RITA S.A.</p></td></tr><tr><td rowspan="1" colspan="1"><p>170</p></td><td rowspan="1" colspan="1"><p>202509047</p></td><td rowspan="1" colspan="1"><p>Bacharelado</p></td><td rowspan="1" colspan="1"><p>ENGENHARIA CIVIL</p></td><td rowspan="1" colspan="1"><p>500</p></td><td rowspan="1" colspan="1"><p>CENTRO UNIVERSITARIO DA SERRA GAUCHA - FSG</p></td><td rowspan="1" colspan="1"><p>SOCIEDADE EDUCACIONAL SANTA RITA S.A.</p></td></tr><tr><td rowspan="1" colspan="1"><p>171</p></td><td rowspan="1" colspan="1"><p>202509046</p></td><td rowspan="1" colspan="1"><p>Bacharelado</p></td><td rowspan="1" colspan="1"><p>ENGENHARIA DE COMPUTAÇÃO</p></td><td rowspan="1" colspan="1"><p>500</p></td><td rowspan="1" colspan="1"><p>CENTRO UNIVERSITARIO DA SERRA GAUCHA - FSG</p></td><td rowspan="1" colspan="1"><p>SOCIEDADE EDUCACIONAL SANTA RITA S.A.</p></td></tr></table>]]></Texto>
  </body>
  <Midias />
</article></xml>