﻿<xml><article id="45408439" name="2025-09-11/11279486/ANMWS_230996" idOficio="11279486" pubName="DO1" artType="Despacho" pubDate="12/09/2025" artClass="00035:00044:00026:00000:00000:00000:00000:00000:00000:00000:00024:00208" artCategory="Ministério de Minas e Energia/Agência Nacional de Mineração/Gerência Regional da ANM no Estado de Santa Catarina" artSize="12" artNotes="" numberPage="170" pdfPage="http://pesquisa.in.gov.br/imprensa/jsp/visualiza/index.jsp?data=12/09/2025&amp;jornal=515&amp;pagina=170" editionNumber="174" highlightType="" highlightPriority="" highlight="" highlightimage="" highlightimagename="" idMateria="23099645">
  <body>
    <Identifica><![CDATA[Despacho]]></Identifica>
    <Data><![CDATA[]]></Data>
    <Ementa />
    <Titulo />
    <SubTitulo />
    <Texto><![CDATA[<p class="identifica">Despacho</p><p>Relação nº 208/2025</p><p>Fase de Autorização de Pesquisa</p><p>Concede anuência e autoriza averbação da cessão parcial de direitos(175)</p><p>815.223/2021-HOBI S/A - MINERACAO DE AREIA E CONCRETO- Alvará n°9055/2022 - Cessionario:815.235/2025, 815.236/2025, 815.237/2025,815.238/2025 e 815.239/2025-Mineradora Porto União Ltda- CPF ou CNPJ 22.211.451/0001-00</p><p>815.223/2021-HOBI S/A - MINERACAO DE AREIA E CONCRETO- Alvará n°9055/2022 - Cessionario:815.235/2025, 815.236/2025, 815.237/2025,815.238/2025 e 815.239/2025-Mineradora Porto União Ltda- CPF ou CNPJ 22.211.451/0001-00</p><p>Fase de Concessão de Lavra</p><p>Determina cumprimento de exigência - Prazo 60 dias(470)</p><p>815.146/1988-MINERACAO NILSON LTDA-OF. N°35012/2025/CAREAS-SC/ANM</p><p>Fase de Direito de Requerer a Lavra</p><p>Concede anuência e autoriza averbação da cessão total do direito de requerer a lavra.(2259)</p><p>815.080/2018-LEVI DE SOUZA- Cessionário:PORTO UNIAO EXTRACAO DE AREIA LTDA- CPF ou CNPJ 82.889.528/0001-28- Alvará n°027/2018</p><p>Fase de Licenciamento</p><p>Autoriza averbação da Prorrogação do Registro de Licença(742)</p><p>815.667/2015-ANTONIO CARLOS BORGES - EXTRACAO- Registro de Licença N° 2025/2016 - Vencimento em 12/02/2026</p><p>Determina cumprimento de exigência - Prazos estabelecidos em ofício(2807)</p><p>815.546/1986 - MOACIR JOSÉ DA SILVA ME - Ofício nº 35159/2025/COROUT-SC/ANM</p><p>Fase de Requerimento de Licenciamento</p><p>Determina o cumprimento de exigência - Prazo 30 dias(1155)</p><p>Processo nº: 815.070/2024</p><p>Titular: PALMASOLA S A MADEIRAS E AGRICULTURA</p><p>Ofício nº: 34676/2025/DIVFIS-SC/ANM</p><p>Processo nº: 815.664/2021</p><p>Titular: PEDREIRA SAO ROQUE LTDA</p><p>Ofício nº: 34964/2025/COROUT-SC/ANM</p><p>Fase de Requerimento de Registro de Extração</p><p>Determina cumprimento de exigência - Prazo 30 dias(825)</p><p>815.280/2025-MUNICIPIO DE RIO DOS CEDROS-OF. N°35037/2025/COROUT-SC/ANM</p><p>815.172/2025-PREFEITURA MUNICIPAL DE NOVA VENEZA-OF. N°34653/2025/COROUT-SC/ANM</p><p class="assina">JOSE AUGUSTO SIMOES NETO</p><p class="cargo">Gerente</p>]]></Texto>
  </body>
  <Midias />
</article></xml>