﻿<xml><article id="45406356" name="PORTARIA NA 608 - 11.09.2025_005" idOficio="11278735" pubName="DO1" artType="Portaria" pubDate="12/09/2025" artClass="00025:00046:00000:00000:00000:00000:00000:00000:00000:00000:00054:00000" artCategory="Ministério da Educação/Secretaria de Regulação e Supervisão da Educação Superior" artSize="24" artNotes="" numberPage="63" pdfPage="http://pesquisa.in.gov.br/imprensa/jsp/visualiza/index.jsp?data=12/09/2025&amp;jornal=515&amp;pagina=63" editionNumber="174" highlightType="" highlightPriority="" highlight="" highlightimage="" highlightimagename="" idMateria="23098715">
  <body>
    <Identifica />
    <Data><![CDATA[]]></Data>
    <Ementa />
    <Titulo />
    <SubTitulo />
    <Texto><![CDATA[<p /><p></p><table><tr /><tr><td rowspan="1" colspan="1"><p>197</p></td><td rowspan="1" colspan="1"><p>202508987</p></td><td rowspan="1" colspan="1"><p>Bacharelado</p></td><td rowspan="1" colspan="1"><p>ENGENHARIA ELÉTRICA</p></td><td rowspan="1" colspan="1"><p>100</p></td><td rowspan="1" colspan="1"><p>CENTRO UNIVERSITARIO FBV WYDEN - UNIFBV WYDEN</p></td><td rowspan="1" colspan="1"><p>YDUQS EDUCACIONAL LTDA.</p></td></tr><tr><td rowspan="1" colspan="1"><p>198</p></td><td rowspan="1" colspan="1"><p>202508986</p></td><td rowspan="1" colspan="1"><p>Bacharelado</p></td><td rowspan="1" colspan="1"><p>ENGENHARIA MECÂNICA</p></td><td rowspan="1" colspan="1"><p>100</p></td><td rowspan="1" colspan="1"><p>CENTRO UNIVERSITARIO FBV WYDEN - UNIFBV WYDEN</p></td><td rowspan="1" colspan="1"><p>YDUQS EDUCACIONAL LTDA.</p></td></tr><tr><td rowspan="1" colspan="1"><p>199</p></td><td rowspan="1" colspan="1"><p>202511828</p></td><td rowspan="1" colspan="1"><p>Tecnológico</p></td><td rowspan="1" colspan="1"><p>ESTÉTICA E COSMÉTICA</p></td><td rowspan="1" colspan="1"><p>100</p></td><td rowspan="1" colspan="1"><p>CENTRO UNIVERSITARIO FBV WYDEN - UNIFBV WYDEN</p></td><td rowspan="1" colspan="1"><p>YDUQS EDUCACIONAL LTDA.</p></td></tr><tr><td rowspan="1" colspan="1"><p>200</p></td><td rowspan="1" colspan="1"><p>202508257</p></td><td rowspan="1" colspan="1"><p>Bacharelado</p></td><td rowspan="1" colspan="1"><p>FARMÁCIA</p></td><td rowspan="1" colspan="1"><p>50</p></td><td rowspan="1" colspan="1"><p>CENTRO UNIVERSITARIO FBV WYDEN - UNIFBV WYDEN</p></td><td rowspan="1" colspan="1"><p>YDUQS EDUCACIONAL LTDA.</p></td></tr><tr><td rowspan="1" colspan="1"><p>201</p></td><td rowspan="1" colspan="1"><p>202508255</p></td><td rowspan="1" colspan="1"><p>Bacharelado</p></td><td rowspan="1" colspan="1"><p>FISIOTERAPIA</p></td><td rowspan="1" colspan="1"><p>100</p></td><td rowspan="1" colspan="1"><p>CENTRO UNIVERSITARIO FBV WYDEN - UNIFBV WYDEN</p></td><td rowspan="1" colspan="1"><p>YDUQS EDUCACIONAL LTDA.</p></td></tr><tr><td rowspan="1" colspan="1"><p>202</p></td><td rowspan="1" colspan="1"><p>202508985</p></td><td rowspan="1" colspan="1"><p>Tecnológico</p></td><td rowspan="1" colspan="1"><p>GESTÃO AMBIENTAL</p></td><td rowspan="1" colspan="1"><p>1080</p></td><td rowspan="1" colspan="1"><p>CENTRO UNIVERSITARIO FBV WYDEN - UNIFBV WYDEN</p></td><td rowspan="1" colspan="1"><p>YDUQS EDUCACIONAL LTDA.</p></td></tr><tr><td rowspan="1" colspan="1"><p>203</p></td><td rowspan="1" colspan="1"><p>202511829</p></td><td rowspan="1" colspan="1"><p>Tecnológico</p></td><td rowspan="1" colspan="1"><p>GESTÃO HOSPITALAR</p></td><td rowspan="1" colspan="1"><p>1080</p></td><td rowspan="1" colspan="1"><p>CENTRO UNIVERSITARIO FBV WYDEN - UNIFBV WYDEN</p></td><td rowspan="1" colspan="1"><p>YDUQS EDUCACIONAL LTDA.</p></td></tr><tr><td rowspan="1" colspan="1"><p>204</p></td><td rowspan="1" colspan="1"><p>202510532</p></td><td rowspan="1" colspan="1"><p>Licenciatura</p></td><td rowspan="1" colspan="1"><p>HISTÓRIA</p></td><td rowspan="1" colspan="1"><p>300</p></td><td rowspan="1" colspan="1"><p>CENTRO UNIVERSITARIO FBV WYDEN - UNIFBV WYDEN</p></td><td rowspan="1" colspan="1"><p>YDUQS EDUCACIONAL LTDA.</p></td></tr><tr><td rowspan="1" colspan="1"><p>205</p></td><td rowspan="1" colspan="1"><p>202516315</p></td><td rowspan="1" colspan="1"><p>Licenciatura</p></td><td rowspan="1" colspan="1"><p>LETRAS - INGLÊS</p></td><td rowspan="1" colspan="1"><p>2400</p></td><td rowspan="1" colspan="1"><p>CENTRO UNIVERSITARIO FBV WYDEN - UNIFBV WYDEN</p></td><td rowspan="1" colspan="1"><p>YDUQS EDUCACIONAL LTDA.</p></td></tr><tr><td rowspan="1" colspan="1"><p>206</p></td><td rowspan="1" colspan="1"><p>202516318</p></td><td rowspan="1" colspan="1"><p>Licenciatura</p></td><td rowspan="1" colspan="1"><p>LETRAS - PORTUGUÊS</p></td><td rowspan="1" colspan="1"><p>2400</p></td><td rowspan="1" colspan="1"><p>CENTRO UNIVERSITARIO FBV WYDEN - UNIFBV WYDEN</p></td><td rowspan="1" colspan="1"><p>YDUQS EDUCACIONAL LTDA.</p></td></tr><tr><td rowspan="1" colspan="1"><p>207</p></td><td rowspan="1" colspan="1"><p>202508256</p></td><td rowspan="1" colspan="1"><p>Bacharelado</p></td><td rowspan="1" colspan="1"><p>NUTRIÇÃO</p></td><td rowspan="1" colspan="1"><p>100</p></td><td rowspan="1" colspan="1"><p>CENTRO UNIVERSITARIO FBV WYDEN - UNIFBV WYDEN</p></td><td rowspan="1" colspan="1"><p>YDUQS EDUCACIONAL LTDA.</p></td></tr><tr><td rowspan="1" colspan="1"><p>208</p></td><td rowspan="1" colspan="1"><p>202510533</p></td><td rowspan="1" colspan="1"><p>Licenciatura</p></td><td rowspan="1" colspan="1"><p>PEDAGOGIA</p></td><td rowspan="1" colspan="1"><p>1080</p></td><td rowspan="1" colspan="1"><p>CENTRO UNIVERSITARIO FBV WYDEN - UNIFBV WYDEN</p></td><td rowspan="1" colspan="1"><p>YDUQS EDUCACIONAL LTDA.</p></td></tr><tr><td rowspan="1" colspan="1"><p>209</p></td><td rowspan="1" colspan="1"><p>202516316</p></td><td rowspan="1" colspan="1"><p>Bacharelado</p></td><td rowspan="1" colspan="1"><p>PEDAGOGIA</p></td><td rowspan="1" colspan="1"><p>11120</p></td><td rowspan="1" colspan="1"><p>CENTRO UNIVERSITARIO FBV WYDEN - UNIFBV WYDEN</p></td><td rowspan="1" colspan="1"><p>YDUQS EDUCACIONAL LTDA.</p></td></tr><tr><td rowspan="1" colspan="1"><p>210</p></td><td rowspan="1" colspan="1"><p>202516317</p></td><td rowspan="1" colspan="1"><p>Tecnológico</p></td><td rowspan="1" colspan="1"><p>PROCESSOS ESCOLARES</p></td><td rowspan="1" colspan="1"><p>1200</p></td><td rowspan="1" colspan="1"><p>CENTRO UNIVERSITARIO FBV WYDEN - UNIFBV WYDEN</p></td><td rowspan="1" colspan="1"><p>YDUQS EDUCACIONAL LTDA.</p></td></tr><tr><td rowspan="1" colspan="1"><p>211</p></td><td rowspan="1" colspan="1"><p>202517700</p></td><td rowspan="1" colspan="1"><p>Bacharelado</p></td><td rowspan="1" colspan="1"><p>ARQUITETURA E URBANISMO</p></td><td rowspan="1" colspan="1"><p>200</p></td><td rowspan="1" colspan="1"><p>CENTRO UNIVERSITARIO FEITEP - UNIFEITEP</p></td><td rowspan="1" colspan="1"><p>CEITEP - CENTRO DE EDUCACAO E INOVACAO TECNICO PROFISSIONAL LTDA - EPP</p></td></tr><tr><td rowspan="1" colspan="1"><p>212</p></td><td rowspan="1" colspan="1"><p>202518191</p></td><td rowspan="1" colspan="1"><p>Bacharelado</p></td><td rowspan="1" colspan="1"><p>ENGENHARIA AGRONÔMICA</p></td><td rowspan="1" colspan="1"><p>200</p></td><td rowspan="1" colspan="1"><p>CENTRO UNIVERSITARIO FEITEP - UNIFEITEP</p></td><td rowspan="1" colspan="1"><p>CEITEP - CENTRO DE EDUCACAO E INOVACAO TECNICO PROFISSIONAL LTDA - EPP</p></td></tr><tr><td rowspan="1" colspan="1"><p>213</p></td><td rowspan="1" colspan="1"><p>202509358</p></td><td rowspan="1" colspan="1"><p>Bacharelado</p></td><td rowspan="1" colspan="1"><p>ENGENHARIA CIVIL</p></td><td rowspan="1" colspan="1"><p>200</p></td><td rowspan="1" colspan="1"><p>CENTRO UNIVERSITARIO FEITEP - UNIFEITEP</p></td><td rowspan="1" colspan="1"><p>CEITEP - CENTRO DE EDUCACAO E INOVACAO TECNICO PROFISSIONAL LTDA - EPP</p></td></tr><tr><td rowspan="1" colspan="1"><p>214</p></td><td rowspan="1" colspan="1"><p>202517407</p></td><td rowspan="1" colspan="1"><p>Bacharelado</p></td><td rowspan="1" colspan="1"><p>ENGENHARIA DE COMPUTAÇÃO</p></td><td rowspan="1" colspan="1"><p>200</p></td><td rowspan="1" colspan="1"><p>CENTRO UNIVERSITARIO FEITEP - UNIFEITEP</p></td><td rowspan="1" colspan="1"><p>CEITEP - CENTRO DE EDUCACAO E INOVACAO TECNICO PROFISSIONAL LTDA - EPP</p></td></tr><tr><td rowspan="1" colspan="1"><p>215</p></td><td rowspan="1" colspan="1"><p>202517657</p></td><td rowspan="1" colspan="1"><p>Bacharelado</p></td><td rowspan="1" colspan="1"><p>ENGENHARIA DE PRODUÇÃO</p></td><td rowspan="1" colspan="1"><p>200</p></td><td rowspan="1" colspan="1"><p>CENTRO UNIVERSITARIO FEITEP - UNIFEITEP</p></td><td rowspan="1" colspan="1"><p>CEITEP - CENTRO DE EDUCACAO E INOVACAO TECNICO PROFISSIONAL LTDA - EPP</p></td></tr><tr><td rowspan="1" colspan="1"><p>216</p></td><td rowspan="1" colspan="1"><p>202509357</p></td><td rowspan="1" colspan="1"><p>Bacharelado</p></td><td rowspan="1" colspan="1"><p>ENGENHARIA ELÉTRICA</p></td><td rowspan="1" colspan="1"><p>200</p></td><td rowspan="1" colspan="1"><p>CENTRO UNIVERSITARIO FEITEP - UNIFEITEP</p></td><td rowspan="1" colspan="1"><p>CEITEP - CENTRO DE EDUCACAO E INOVACAO TECNICO PROFISSIONAL LTDA - EPP</p></td></tr><tr><td rowspan="1" colspan="1"><p>217</p></td><td rowspan="1" colspan="1"><p>202518052</p></td><td rowspan="1" colspan="1"><p>Bacharelado</p></td><td rowspan="1" colspan="1"><p>ENGENHARIA MECÂNICA</p></td><td rowspan="1" colspan="1"><p>200</p></td><td rowspan="1" colspan="1"><p>CENTRO UNIVERSITARIO FEITEP - UNIFEITEP</p></td><td rowspan="1" colspan="1"><p>CEITEP - CENTRO DE EDUCACAO E INOVACAO TECNICO PROFISSIONAL LTDA - EPP</p></td></tr><tr><td rowspan="1" colspan="1"><p>218</p></td><td rowspan="1" colspan="1"><p>202517984</p></td><td rowspan="1" colspan="1"><p>Bacharelado</p></td><td rowspan="1" colspan="1"><p>NUTRIÇÃO</p></td><td rowspan="1" colspan="1"><p>200</p></td><td rowspan="1" colspan="1"><p>CENTRO UNIVERSITARIO FEITEP - UNIFEITEP</p></td><td rowspan="1" colspan="1"><p>CEITEP - CENTRO DE EDUCACAO E INOVACAO TECNICO PROFISSIONAL LTDA - EPP</p></td></tr><tr><td rowspan="1" colspan="1"><p>219</p></td><td rowspan="1" colspan="1"><p>202517496</p></td><td rowspan="1" colspan="1"><p>Licenciatura</p></td><td rowspan="1" colspan="1"><p>PEDAGOGIA</p></td><td rowspan="1" colspan="1"><p>200</p></td><td rowspan="1" colspan="1"><p>CENTRO UNIVERSITARIO FEITEP - UNIFEITEP</p></td><td rowspan="1" colspan="1"><p>CEITEP - CENTRO DE EDUCACAO E INOVACAO TECNICO PROFISSIONAL LTDA - EPP</p></td></tr><tr><td rowspan="1" colspan="1"><p>220</p></td><td rowspan="1" colspan="1"><p>202515535</p></td><td rowspan="1" colspan="1"><p>Bacharelado</p></td><td rowspan="1" colspan="1"><p>ARQUITETURA E URBANISMO</p></td><td rowspan="1" colspan="1"><p>1000</p></td><td rowspan="1" colspan="1"><p>CENTRO UNIVERSITARIO FILADELFIA - UNIFIL</p></td><td rowspan="1" colspan="1"><p>INSTITUTO FILADELFIA DE LONDRINA</p></td></tr><tr><td rowspan="1" colspan="1"><p>221</p></td><td rowspan="1" colspan="1"><p>202508037</p></td><td rowspan="1" colspan="1"><p>Bacharelado</p></td><td rowspan="1" colspan="1"><p>BIOMEDICINA</p></td><td rowspan="1" colspan="1"><p>100</p></td><td rowspan="1" colspan="1"><p>CENTRO UNIVERSITARIO FILADELFIA - UNIFIL</p></td><td rowspan="1" colspan="1"><p>INSTITUTO FILADELFIA DE LONDRINA</p></td></tr><tr><td rowspan="1" colspan="1"><p>222</p></td><td rowspan="1" colspan="1"><p>202508038</p></td><td rowspan="1" colspan="1"><p>Bacharelado</p></td><td rowspan="1" colspan="1"><p>EDUCAÇÃO FÍSICA</p></td><td rowspan="1" colspan="1"><p>50</p></td><td rowspan="1" colspan="1"><p>CENTRO UNIVERSITARIO FILADELFIA - UNIFIL</p></td><td rowspan="1" colspan="1"><p>INSTITUTO FILADELFIA DE LONDRINA</p></td></tr><tr><td rowspan="1" colspan="1"><p>223</p></td><td rowspan="1" colspan="1"><p>202517429</p></td><td rowspan="1" colspan="1"><p>Licenciatura</p></td><td rowspan="1" colspan="1"><p>EDUCAÇÃO FÍSICA</p></td><td rowspan="1" colspan="1"><p>50</p></td><td rowspan="1" colspan="1"><p>CENTRO UNIVERSITARIO FILADELFIA - UNIFIL</p></td><td rowspan="1" colspan="1"><p>INSTITUTO FILADELFIA DE LONDRINA</p></td></tr><tr><td rowspan="1" colspan="1"><p>224</p></td><td rowspan="1" colspan="1"><p>202508788</p></td><td rowspan="1" colspan="1"><p>Bacharelado</p></td><td rowspan="1" colspan="1"><p>ENGENHARIA CIVIL</p></td><td rowspan="1" colspan="1"><p>50</p></td><td rowspan="1" colspan="1"><p>CENTRO UNIVERSITARIO FILADELFIA - UNIFIL</p></td><td rowspan="1" colspan="1"><p>INSTITUTO FILADELFIA DE LONDRINA</p></td></tr><tr><td rowspan="1" colspan="1"><p>225</p></td><td rowspan="1" colspan="1"><p>202508791</p></td><td rowspan="1" colspan="1"><p>Bacharelado</p></td><td rowspan="1" colspan="1"><p>ENGENHARIA DE PRODUÇÃO</p></td><td rowspan="1" colspan="1"><p>50</p></td><td rowspan="1" colspan="1"><p>CENTRO UNIVERSITARIO FILADELFIA - UNIFIL</p></td><td rowspan="1" colspan="1"><p>INSTITUTO FILADELFIA DE LONDRINA</p></td></tr><tr><td rowspan="1" colspan="1"><p>226</p></td><td rowspan="1" colspan="1"><p>202508790</p></td><td rowspan="1" colspan="1"><p>Bacharelado</p></td><td rowspan="1" colspan="1"><p>ENGENHARIA ELÉTRICA</p></td><td rowspan="1" colspan="1"><p>50</p></td><td rowspan="1" colspan="1"><p>CENTRO UNIVERSITARIO FILADELFIA - UNIFIL</p></td><td rowspan="1" colspan="1"><p>INSTITUTO FILADELFIA DE LONDRINA</p></td></tr><tr><td rowspan="1" colspan="1"><p>227</p></td><td rowspan="1" colspan="1"><p>202511676</p></td><td rowspan="1" colspan="1"><p>Tecnológico</p></td><td rowspan="1" colspan="1"><p>ESTÉTICA E COSMÉTICA</p></td><td rowspan="1" colspan="1"><p>50</p></td><td rowspan="1" colspan="1"><p>CENTRO UNIVERSITARIO FILADELFIA - UNIFIL</p></td><td rowspan="1" colspan="1"><p>INSTITUTO FILADELFIA DE LONDRINA</p></td></tr><tr><td rowspan="1" colspan="1"><p>228</p></td><td rowspan="1" colspan="1"><p>202515101</p></td><td rowspan="1" colspan="1"><p>Bacharelado</p></td><td rowspan="1" colspan="1"><p>FARMÁCIA</p></td><td rowspan="1" colspan="1"><p>800</p></td><td rowspan="1" colspan="1"><p>CENTRO UNIVERSITARIO FILADELFIA - UNIFIL</p></td><td rowspan="1" colspan="1"><p>INSTITUTO FILADELFIA DE LONDRINA</p></td></tr><tr><td rowspan="1" colspan="1"><p>229</p></td><td rowspan="1" colspan="1"><p>202508789</p></td><td rowspan="1" colspan="1"><p>Tecnológico</p></td><td rowspan="1" colspan="1"><p>GESTÃO AMBIENTAL</p></td><td rowspan="1" colspan="1"><p>50</p></td><td rowspan="1" colspan="1"><p>CENTRO UNIVERSITARIO FILADELFIA - UNIFIL</p></td><td rowspan="1" colspan="1"><p>INSTITUTO FILADELFIA DE LONDRINA</p></td></tr><tr><td rowspan="1" colspan="1"><p>230</p></td><td rowspan="1" colspan="1"><p>202509943</p></td><td rowspan="1" colspan="1"><p>Licenciatura</p></td><td rowspan="1" colspan="1"><p>LETRAS - INGLÊS</p></td><td rowspan="1" colspan="1"><p>50</p></td><td rowspan="1" colspan="1"><p>CENTRO UNIVERSITARIO FILADELFIA - UNIFIL</p></td><td rowspan="1" colspan="1"><p>INSTITUTO FILADELFIA DE LONDRINA</p></td></tr><tr><td rowspan="1" colspan="1"><p>231</p></td><td rowspan="1" colspan="1"><p>202509945</p></td><td rowspan="1" colspan="1"><p>Licenciatura</p></td><td rowspan="1" colspan="1"><p>LETRAS - LITERATURA</p></td><td rowspan="1" colspan="1"><p>50</p></td><td rowspan="1" colspan="1"><p>CENTRO UNIVERSITARIO FILADELFIA - UNIFIL</p></td><td rowspan="1" colspan="1"><p>INSTITUTO FILADELFIA DE LONDRINA</p></td></tr><tr><td rowspan="1" colspan="1"><p>232</p></td><td rowspan="1" colspan="1"><p>202516111</p></td><td rowspan="1" colspan="1"><p>Licenciatura</p></td><td rowspan="1" colspan="1"><p>LETRAS - PORTUGUÊS-INGLÊS</p></td><td rowspan="1" colspan="1"><p>200</p></td><td rowspan="1" colspan="1"><p>CENTRO UNIVERSITARIO FILADELFIA - UNIFIL</p></td><td rowspan="1" colspan="1"><p>INSTITUTO FILADELFIA DE LONDRINA</p></td></tr><tr><td rowspan="1" colspan="1"><p>233</p></td><td rowspan="1" colspan="1"><p>202509942</p></td><td rowspan="1" colspan="1"><p>Licenciatura</p></td><td rowspan="1" colspan="1"><p>PEDAGOGIA</p></td><td rowspan="1" colspan="1"><p>50</p></td><td rowspan="1" colspan="1"><p>CENTRO UNIVERSITARIO FILADELFIA - UNIFIL</p></td><td rowspan="1" colspan="1"><p>INSTITUTO FILADELFIA DE LONDRINA</p></td></tr><tr><td rowspan="1" colspan="1"><p>234</p></td><td rowspan="1" colspan="1"><p>202508040</p></td><td rowspan="1" colspan="1"><p>Tecnológico</p></td><td rowspan="1" colspan="1"><p>PODOLOGIA</p></td><td rowspan="1" colspan="1"><p>50</p></td><td rowspan="1" colspan="1"><p>CENTRO UNIVERSITARIO FILADELFIA - UNIFIL</p></td><td rowspan="1" colspan="1"><p>INSTITUTO FILADELFIA DE LONDRINA</p></td></tr><tr><td rowspan="1" colspan="1"><p>235</p></td><td rowspan="1" colspan="1"><p>202508039</p></td><td rowspan="1" colspan="1"><p>Tecnológico</p></td><td rowspan="1" colspan="1"><p>RADIOLOGIA</p></td><td rowspan="1" colspan="1"><p>50</p></td><td rowspan="1" colspan="1"><p>CENTRO UNIVERSITARIO FILADELFIA - UNIFIL</p></td><td rowspan="1" colspan="1"><p>INSTITUTO FILADELFIA DE LONDRINA</p></td></tr><tr><td rowspan="1" colspan="1"><p>236</p></td><td rowspan="1" colspan="1"><p>202508036</p></td><td rowspan="1" colspan="1"><p>Bacharelado</p></td><td rowspan="1" colspan="1"><p>SERVIÇO SOCIAL</p></td><td rowspan="1" colspan="1"><p>50</p></td><td rowspan="1" colspan="1"><p>CENTRO UNIVERSITARIO FILADELFIA - UNIFIL</p></td><td rowspan="1" colspan="1"><p>INSTITUTO FILADELFIA DE LONDRINA</p></td></tr><tr><td rowspan="1" colspan="1"><p>237</p></td><td rowspan="1" colspan="1"><p>202517526</p></td><td rowspan="1" colspan="1"><p>Licenciatura</p></td><td rowspan="1" colspan="1"><p>ARTES VISUAIS</p></td><td rowspan="1" colspan="1"><p>100</p></td><td rowspan="1" colspan="1"><p>CENTRO UNIVERSITARIO FUNCESI - UNIFUNCESI</p></td><td rowspan="1" colspan="1"><p>FUNDACAO COMUNITARIA DE ENSINO SUPERIOR DE ITABIRA</p></td></tr><tr><td rowspan="1" colspan="1"><p>238</p></td><td rowspan="1" colspan="1"><p>202518081</p></td><td rowspan="1" colspan="1"><p>Licenciatura</p></td><td rowspan="1" colspan="1"><p>BIOLOGIA</p></td><td rowspan="1" colspan="1"><p>100</p></td><td rowspan="1" colspan="1"><p>CENTRO UNIVERSITARIO FUNCESI - UNIFUNCESI</p></td><td rowspan="1" colspan="1"><p>FUNDACAO COMUNITARIA DE ENSINO SUPERIOR DE ITABIRA</p></td></tr><tr><td rowspan="1" colspan="1"><p>239</p></td><td rowspan="1" colspan="1"><p>202517957</p></td><td rowspan="1" colspan="1"><p>Licenciatura</p></td><td rowspan="1" colspan="1"><p>FILOSOFIA</p></td><td rowspan="1" colspan="1"><p>100</p></td><td rowspan="1" colspan="1"><p>CENTRO UNIVERSITARIO FUNCESI - UNIFUNCESI</p></td><td rowspan="1" colspan="1"><p>FUNDACAO COMUNITARIA DE ENSINO SUPERIOR DE ITABIRA</p></td></tr></table>]]></Texto>
  </body>
  <Midias />
</article></xml>