﻿<xml><article id="45405816" name="Extrato 2025-09-11 - Ato 12580 (" idOficio="11278799" pubName="DO1" artType="Ato" pubDate="12/09/2025" artClass="00014:00019:00014:00154:00000:00000:00000:00000:00000:00000:00006:00001" artCategory="Ministério das Comunicações/Agência Nacional de Telecomunicações/Superintendência de Fiscalização/Gerência Regional nos Estados do Paraná e Santa Catarina" artSize="12" artNotes="" numberPage="18" pdfPage="http://pesquisa.in.gov.br/imprensa/jsp/visualiza/index.jsp?data=12/09/2025&amp;jornal=515&amp;pagina=18" editionNumber="174" highlightType="" highlightPriority="" highlight="" highlightimage="" highlightimagename="" idMateria="23098747">
  <body>
    <Identifica><![CDATA[ ATO Nº 12.580, DE 11 DE SETEMBRO DE 2025]]></Identifica>
    <Data><![CDATA[]]></Data>
    <Ementa />
    <Titulo />
    <SubTitulo />
    <Texto><![CDATA[<p class="identifica">ATO Nº 12.580, DE 11 DE SETEMBRO DE 2025</p><p>Processo nº 53516.003570/2025-74: Outorga à ANATOLY FELIPE LAGINSKI, CPF nº ***.559.019-**, autorização para uso de radiofrequência associada à autorização para exploração do Serviço Limitado Privado.</p><p class="assina">CELSO FRANCISCO ZEMANN</p><p class="cargo">Gerente</p>]]></Texto>
  </body>
  <Midias />
</article></xml>