﻿<xml><article id="45406455" name="PORTARIA NA 609 - 11.09.2025_009" idOficio="11278735" pubName="DO1" artType="Portaria" pubDate="12/09/2025" artClass="00025:00046:00000:00000:00000:00000:00000:00000:00000:00000:00054:00000" artCategory="Ministério da Educação/Secretaria de Regulação e Supervisão da Educação Superior" artSize="24" artNotes="" numberPage="75" pdfPage="http://pesquisa.in.gov.br/imprensa/jsp/visualiza/index.jsp?data=12/09/2025&amp;jornal=515&amp;pagina=75" editionNumber="174" highlightType="" highlightPriority="" highlight="" highlightimage="" highlightimagename="" idMateria="23098716">
  <body>
    <Identifica />
    <Data><![CDATA[]]></Data>
    <Ementa />
    <Titulo />
    <SubTitulo />
    <Texto><![CDATA[<p /><p></p><table><tr /><tr><td rowspan="1" colspan="1"><p>332</p></td><td rowspan="1" colspan="1"><p>202517561</p></td><td rowspan="1" colspan="1"><p>Bacharelado</p></td><td rowspan="1" colspan="1"><p>AGRONOMIA</p></td><td rowspan="1" colspan="1"><p>100</p></td><td rowspan="1" colspan="1"><p>CENTRO UNIVERSITARIO PARA O DESENVOLVIMENTO DO ALTO VALE DO ITAJAI - UNIDAVI</p></td><td rowspan="1" colspan="1"><p>FUNDACAO UNIVERSIDADE PARA O DESENVOLVIMENTO DO ALTO VALE DO ITAJAI - UNIDAVI -</p></td></tr><tr><td rowspan="1" colspan="1"><p>333</p></td><td rowspan="1" colspan="1"><p>202507869</p></td><td rowspan="1" colspan="1"><p>Bacharelado</p></td><td rowspan="1" colspan="1"><p>BIOMEDICINA</p></td><td rowspan="1" colspan="1"><p>60</p></td><td rowspan="1" colspan="1"><p>CENTRO UNIVERSITARIO PARA O DESENVOLVIMENTO DO ALTO VALE DO ITAJAI - UNIDAVI</p></td><td rowspan="1" colspan="1"><p>FUNDACAO UNIVERSIDADE PARA O DESENVOLVIMENTO DO ALTO VALE DO ITAJAI - UNIDAVI -</p></td></tr><tr><td rowspan="1" colspan="1"><p>334</p></td><td rowspan="1" colspan="1"><p>202518192</p></td><td rowspan="1" colspan="1"><p>Licenciatura</p></td><td rowspan="1" colspan="1"><p>CIÊNCIAS BIOLÓGICAS</p></td><td rowspan="1" colspan="1"><p>80</p></td><td rowspan="1" colspan="1"><p>CENTRO UNIVERSITARIO PARA O DESENVOLVIMENTO DO ALTO VALE DO ITAJAI - UNIDAVI</p></td><td rowspan="1" colspan="1"><p>FUNDACAO UNIVERSIDADE PARA O DESENVOLVIMENTO DO ALTO VALE DO ITAJAI - UNIDAVI -</p></td></tr><tr><td rowspan="1" colspan="1"><p>335</p></td><td rowspan="1" colspan="1"><p>202517443</p></td><td rowspan="1" colspan="1"><p>Licenciatura</p></td><td rowspan="1" colspan="1"><p>EDUCAÇÃO ESPECIAL</p></td><td rowspan="1" colspan="1"><p>120</p></td><td rowspan="1" colspan="1"><p>CENTRO UNIVERSITARIO PARA O DESENVOLVIMENTO DO ALTO VALE DO ITAJAI - UNIDAVI</p></td><td rowspan="1" colspan="1"><p>FUNDACAO UNIVERSIDADE PARA O DESENVOLVIMENTO DO ALTO VALE DO ITAJAI - UNIDAVI -</p></td></tr><tr><td rowspan="1" colspan="1"><p>336</p></td><td rowspan="1" colspan="1"><p>202509605</p></td><td rowspan="1" colspan="1"><p>Licenciatura</p></td><td rowspan="1" colspan="1"><p>EDUCAÇÃO FÍSICA</p></td><td rowspan="1" colspan="1"><p>120</p></td><td rowspan="1" colspan="1"><p>CENTRO UNIVERSITARIO PARA O DESENVOLVIMENTO DO ALTO VALE DO ITAJAI - UNIDAVI</p></td><td rowspan="1" colspan="1"><p>FUNDACAO UNIVERSIDADE PARA O DESENVOLVIMENTO DO ALTO VALE DO ITAJAI - UNIDAVI -</p></td></tr><tr><td rowspan="1" colspan="1"><p>337</p></td><td rowspan="1" colspan="1"><p>202517761</p></td><td rowspan="1" colspan="1"><p>Tecnológico</p></td><td rowspan="1" colspan="1"><p>GESTÃO AMBIENTAL</p></td><td rowspan="1" colspan="1"><p>40</p></td><td rowspan="1" colspan="1"><p>CENTRO UNIVERSITARIO PARA O DESENVOLVIMENTO DO ALTO VALE DO ITAJAI - UNIDAVI</p></td><td rowspan="1" colspan="1"><p>FUNDACAO UNIVERSIDADE PARA O DESENVOLVIMENTO DO ALTO VALE DO ITAJAI - UNIDAVI -</p></td></tr><tr><td rowspan="1" colspan="1"><p>338</p></td><td rowspan="1" colspan="1"><p>202517944</p></td><td rowspan="1" colspan="1"><p>Licenciatura</p></td><td rowspan="1" colspan="1"><p>LETRAS</p></td><td rowspan="1" colspan="1"><p>120</p></td><td rowspan="1" colspan="1"><p>CENTRO UNIVERSITARIO PARA O DESENVOLVIMENTO DO ALTO VALE DO ITAJAI - UNIDAVI</p></td><td rowspan="1" colspan="1"><p>FUNDACAO UNIVERSIDADE PARA O DESENVOLVIMENTO DO ALTO VALE DO ITAJAI - UNIDAVI -</p></td></tr><tr><td rowspan="1" colspan="1"><p>339</p></td><td rowspan="1" colspan="1"><p>202509604</p></td><td rowspan="1" colspan="1"><p>Licenciatura</p></td><td rowspan="1" colspan="1"><p>PEDAGOGIA</p></td><td rowspan="1" colspan="1"><p>120</p></td><td rowspan="1" colspan="1"><p>CENTRO UNIVERSITARIO PARA O DESENVOLVIMENTO DO ALTO VALE DO ITAJAI - UNIDAVI</p></td><td rowspan="1" colspan="1"><p>FUNDACAO UNIVERSIDADE PARA O DESENVOLVIMENTO DO ALTO VALE DO ITAJAI - UNIDAVI -</p></td></tr><tr><td rowspan="1" colspan="1"><p>340</p></td><td rowspan="1" colspan="1"><p>202517438</p></td><td rowspan="1" colspan="1"><p>Tecnológico</p></td><td rowspan="1" colspan="1"><p>RADIOLOGIA</p></td><td rowspan="1" colspan="1"><p>30</p></td><td rowspan="1" colspan="1"><p>CENTRO UNIVERSITARIO PARA O DESENVOLVIMENTO DO ALTO VALE DO ITAJAI - UNIDAVI</p></td><td rowspan="1" colspan="1"><p>FUNDACAO UNIVERSIDADE PARA O DESENVOLVIMENTO DO ALTO VALE DO ITAJAI - UNIDAVI -</p></td></tr><tr><td rowspan="1" colspan="1"><p>341</p></td><td rowspan="1" colspan="1"><p>202515350</p></td><td rowspan="1" colspan="1"><p>Bacharelado</p></td><td rowspan="1" colspan="1"><p>FARMÁCIA</p></td><td rowspan="1" colspan="1"><p>5600</p></td><td rowspan="1" colspan="1"><p>CENTRO UNIVERSITARIO PARAISO -</p></td><td rowspan="1" colspan="1"><p>FIUSA EDUCACIONAL S/SIMPLES LTDA</p></td></tr><tr><td rowspan="1" colspan="1"><p>342</p></td><td rowspan="1" colspan="1"><p>202515349</p></td><td rowspan="1" colspan="1"><p>Bacharelado</p></td><td rowspan="1" colspan="1"><p>FISIOTERAPIA</p></td><td rowspan="1" colspan="1"><p>5600</p></td><td rowspan="1" colspan="1"><p>CENTRO UNIVERSITARIO PARAISO -</p></td><td rowspan="1" colspan="1"><p>FIUSA EDUCACIONAL S/SIMPLES LTDA</p></td></tr><tr><td rowspan="1" colspan="1"><p>343</p></td><td rowspan="1" colspan="1"><p>202508558</p></td><td rowspan="1" colspan="1"><p>Bacharelado</p></td><td rowspan="1" colspan="1"><p>NUTRIÇÃO</p></td><td rowspan="1" colspan="1"><p>560</p></td><td rowspan="1" colspan="1"><p>CENTRO UNIVERSITARIO PARAISO -</p></td><td rowspan="1" colspan="1"><p>FIUSA EDUCACIONAL S/SIMPLES LTDA</p></td></tr><tr><td rowspan="1" colspan="1"><p>344</p></td><td rowspan="1" colspan="1"><p>202508557</p></td><td rowspan="1" colspan="1"><p>Bacharelado</p></td><td rowspan="1" colspan="1"><p>SERVIÇO SOCIAL</p></td><td rowspan="1" colspan="1"><p>500</p></td><td rowspan="1" colspan="1"><p>CENTRO UNIVERSITARIO PARAISO -</p></td><td rowspan="1" colspan="1"><p>FIUSA EDUCACIONAL S/SIMPLES LTDA</p></td></tr><tr><td rowspan="1" colspan="1"><p>345</p></td><td rowspan="1" colspan="1"><p>202508325</p></td><td rowspan="1" colspan="1"><p>Bacharelado</p></td><td rowspan="1" colspan="1"><p>EDUCAÇÃO FÍSICA</p></td><td rowspan="1" colspan="1"><p>4260</p></td><td rowspan="1" colspan="1"><p>CENTRO UNIVERSITARIO PLANALTO DO DISTRITO FEDERAL - UNIPLAN - UNIPLAN</p></td><td rowspan="1" colspan="1"><p>ASSOBES ENSINO SUPERIOR LTDA.</p></td></tr><tr><td rowspan="1" colspan="1"><p>346</p></td><td rowspan="1" colspan="1"><p>202508324</p></td><td rowspan="1" colspan="1"><p>Bacharelado</p></td><td rowspan="1" colspan="1"><p>FARMÁCIA</p></td><td rowspan="1" colspan="1"><p>60</p></td><td rowspan="1" colspan="1"><p>CENTRO UNIVERSITARIO PLANALTO DO DISTRITO FEDERAL - UNIPLAN - UNIPLAN</p></td><td rowspan="1" colspan="1"><p>ASSOBES ENSINO SUPERIOR LTDA.</p></td></tr><tr><td rowspan="1" colspan="1"><p>347</p></td><td rowspan="1" colspan="1"><p>202508323</p></td><td rowspan="1" colspan="1"><p>Bacharelado</p></td><td rowspan="1" colspan="1"><p>FISIOTERAPIA</p></td><td rowspan="1" colspan="1"><p>60</p></td><td rowspan="1" colspan="1"><p>CENTRO UNIVERSITARIO PLANALTO DO DISTRITO FEDERAL - UNIPLAN - UNIPLAN</p></td><td rowspan="1" colspan="1"><p>ASSOBES ENSINO SUPERIOR LTDA.</p></td></tr><tr><td rowspan="1" colspan="1"><p>348</p></td><td rowspan="1" colspan="1"><p>202510635</p></td><td rowspan="1" colspan="1"><p>Licenciatura</p></td><td rowspan="1" colspan="1"><p>PEDAGOGIA</p></td><td rowspan="1" colspan="1"><p>4260</p></td><td rowspan="1" colspan="1"><p>CENTRO UNIVERSITARIO PLANALTO DO DISTRITO FEDERAL - UNIPLAN - UNIPLAN</p></td><td rowspan="1" colspan="1"><p>ASSOBES ENSINO SUPERIOR LTDA.</p></td></tr><tr><td rowspan="1" colspan="1"><p>349</p></td><td rowspan="1" colspan="1"><p>202508326</p></td><td rowspan="1" colspan="1"><p>Bacharelado</p></td><td rowspan="1" colspan="1"><p>SERVIÇO SOCIAL</p></td><td rowspan="1" colspan="1"><p>4260</p></td><td rowspan="1" colspan="1"><p>CENTRO UNIVERSITARIO PLANALTO DO DISTRITO FEDERAL - UNIPLAN - UNIPLAN</p></td><td rowspan="1" colspan="1"><p>ASSOBES ENSINO SUPERIOR LTDA.</p></td></tr><tr><td rowspan="1" colspan="1"><p>350</p></td><td rowspan="1" colspan="1"><p>202515511</p></td><td rowspan="1" colspan="1"><p>Bacharelado</p></td><td rowspan="1" colspan="1"><p>ENGENHARIA DE PRODUÇÃO</p></td><td rowspan="1" colspan="1"><p>56000</p></td><td rowspan="1" colspan="1"><p>CENTRO UNIVERSITARIO PRESIDENTE ANTONIO CARLOS - UNIPAC</p></td><td rowspan="1" colspan="1"><p>FUNDACAO PRESIDENTE ANTONIO CARLOS</p></td></tr><tr><td rowspan="1" colspan="1"><p>351</p></td><td rowspan="1" colspan="1"><p>202509796</p></td><td rowspan="1" colspan="1"><p>Licenciatura</p></td><td rowspan="1" colspan="1"><p>PEDAGOGIA</p></td><td rowspan="1" colspan="1"><p>2600</p></td><td rowspan="1" colspan="1"><p>CENTRO UNIVERSITARIO PRESIDENTE ANTONIO CARLOS - UNIPAC</p></td><td rowspan="1" colspan="1"><p>FUNDACAO PRESIDENTE ANTONIO CARLOS</p></td></tr><tr><td rowspan="1" colspan="1"><p>352</p></td><td rowspan="1" colspan="1"><p>202518211</p></td><td rowspan="1" colspan="1"><p>Licenciatura</p></td><td rowspan="1" colspan="1"><p>PEDAGOGIA</p></td><td rowspan="1" colspan="1"><p>240</p></td><td rowspan="1" colspan="1"><p>CENTRO UNIVERSITARIO PROCESSUS - UNIPROCESSUS</p></td><td rowspan="1" colspan="1"><p>ASSOCIACAO EDUCACIONAL DOS TRABALHADORES DE BRASILIA</p></td></tr><tr><td rowspan="1" colspan="1"><p>353</p></td><td rowspan="1" colspan="1"><p>202509101</p></td><td rowspan="1" colspan="1"><p>Bacharelado</p></td><td rowspan="1" colspan="1"><p>ARQUITETURA E URBANISMO</p></td><td rowspan="1" colspan="1"><p>120</p></td><td rowspan="1" colspan="1"><p>CENTRO UNIVERSITARIO PROJECAO - UNIPROJECAO</p></td><td rowspan="1" colspan="1"><p>BCEC - BRASIL CENTRAL DE EDUCACAO E CULTURA LTDA</p></td></tr><tr><td rowspan="1" colspan="1"><p>354</p></td><td rowspan="1" colspan="1"><p>202508391</p></td><td rowspan="1" colspan="1"><p>Bacharelado</p></td><td rowspan="1" colspan="1"><p>BIOMEDICINA</p></td><td rowspan="1" colspan="1"><p>100</p></td><td rowspan="1" colspan="1"><p>CENTRO UNIVERSITARIO PROJECAO - UNIPROJECAO</p></td><td rowspan="1" colspan="1"><p>BCEC - BRASIL CENTRAL DE EDUCACAO E CULTURA LTDA</p></td></tr><tr><td rowspan="1" colspan="1"><p>355</p></td><td rowspan="1" colspan="1"><p>202516367</p></td><td rowspan="1" colspan="1"><p>Licenciatura</p></td><td rowspan="1" colspan="1"><p>COMPUTAÇÃO</p></td><td rowspan="1" colspan="1"><p>4800</p></td><td rowspan="1" colspan="1"><p>CENTRO UNIVERSITARIO PROJECAO - UNIPROJECAO</p></td><td rowspan="1" colspan="1"><p>BCEC - BRASIL CENTRAL DE EDUCACAO E CULTURA LTDA</p></td></tr><tr><td rowspan="1" colspan="1"><p>356</p></td><td rowspan="1" colspan="1"><p>202508390</p></td><td rowspan="1" colspan="1"><p>Bacharelado</p></td><td rowspan="1" colspan="1"><p>EDUCAÇÃO FÍSICA</p></td><td rowspan="1" colspan="1"><p>160</p></td><td rowspan="1" colspan="1"><p>CENTRO UNIVERSITARIO PROJECAO - UNIPROJECAO</p></td><td rowspan="1" colspan="1"><p>BCEC - BRASIL CENTRAL DE EDUCACAO E CULTURA LTDA</p></td></tr><tr><td rowspan="1" colspan="1"><p>357</p></td><td rowspan="1" colspan="1"><p>202516372</p></td><td rowspan="1" colspan="1"><p>Licenciatura</p></td><td rowspan="1" colspan="1"><p>EDUCAÇÃO FÍSICA</p></td><td rowspan="1" colspan="1"><p>4800</p></td><td rowspan="1" colspan="1"><p>CENTRO UNIVERSITARIO PROJECAO - UNIPROJECAO</p></td><td rowspan="1" colspan="1"><p>BCEC - BRASIL CENTRAL DE EDUCACAO E CULTURA LTDA</p></td></tr><tr><td rowspan="1" colspan="1"><p>358</p></td><td rowspan="1" colspan="1"><p>202515668</p></td><td rowspan="1" colspan="1"><p>Bacharelado</p></td><td rowspan="1" colspan="1"><p>ENGENHARIA CIVIL</p></td><td rowspan="1" colspan="1"><p>600</p></td><td rowspan="1" colspan="1"><p>CENTRO UNIVERSITARIO PROJECAO - UNIPROJECAO</p></td><td rowspan="1" colspan="1"><p>BCEC - BRASIL CENTRAL DE EDUCACAO E CULTURA LTDA</p></td></tr><tr><td rowspan="1" colspan="1"><p>359</p></td><td rowspan="1" colspan="1"><p>202515669</p></td><td rowspan="1" colspan="1"><p>Bacharelado</p></td><td rowspan="1" colspan="1"><p>ENGENHARIA DE COMPUTAÇÃO</p></td><td rowspan="1" colspan="1"><p>4800</p></td><td rowspan="1" colspan="1"><p>CENTRO UNIVERSITARIO PROJECAO - UNIPROJECAO</p></td><td rowspan="1" colspan="1"><p>BCEC - BRASIL CENTRAL DE EDUCACAO E CULTURA LTDA</p></td></tr><tr><td rowspan="1" colspan="1"><p>360</p></td><td rowspan="1" colspan="1"><p>202511885</p></td><td rowspan="1" colspan="1"><p>Tecnológico</p></td><td rowspan="1" colspan="1"><p>ESTÉTICA E COSMÉTICA</p></td><td rowspan="1" colspan="1"><p>80</p></td><td rowspan="1" colspan="1"><p>CENTRO UNIVERSITARIO PROJECAO - UNIPROJECAO</p></td><td rowspan="1" colspan="1"><p>BCEC - BRASIL CENTRAL DE EDUCACAO E CULTURA LTDA</p></td></tr><tr><td rowspan="1" colspan="1"><p>361</p></td><td rowspan="1" colspan="1"><p>202508392</p></td><td rowspan="1" colspan="1"><p>Bacharelado</p></td><td rowspan="1" colspan="1"><p>FARMÁCIA</p></td><td rowspan="1" colspan="1"><p>100</p></td><td rowspan="1" colspan="1"><p>CENTRO UNIVERSITARIO PROJECAO - UNIPROJECAO</p></td><td rowspan="1" colspan="1"><p>BCEC - BRASIL CENTRAL DE EDUCACAO E CULTURA LTDA</p></td></tr><tr><td rowspan="1" colspan="1"><p>362</p></td><td rowspan="1" colspan="1"><p>202508389</p></td><td rowspan="1" colspan="1"><p>Bacharelado</p></td><td rowspan="1" colspan="1"><p>FISIOTERAPIA</p></td><td rowspan="1" colspan="1"><p>160</p></td><td rowspan="1" colspan="1"><p>CENTRO UNIVERSITARIO PROJECAO - UNIPROJECAO</p></td><td rowspan="1" colspan="1"><p>BCEC - BRASIL CENTRAL DE EDUCACAO E CULTURA LTDA</p></td></tr><tr><td rowspan="1" colspan="1"><p>363</p></td><td rowspan="1" colspan="1"><p>202516368</p></td><td rowspan="1" colspan="1"><p>Licenciatura</p></td><td rowspan="1" colspan="1"><p>GEOGRAFIA</p></td><td rowspan="1" colspan="1"><p>4800</p></td><td rowspan="1" colspan="1"><p>CENTRO UNIVERSITARIO PROJECAO - UNIPROJECAO</p></td><td rowspan="1" colspan="1"><p>BCEC - BRASIL CENTRAL DE EDUCACAO E CULTURA LTDA</p></td></tr><tr><td rowspan="1" colspan="1"><p>364</p></td><td rowspan="1" colspan="1"><p>202516371</p></td><td rowspan="1" colspan="1"><p>Licenciatura</p></td><td rowspan="1" colspan="1"><p>HISTÓRIA</p></td><td rowspan="1" colspan="1"><p>4800</p></td><td rowspan="1" colspan="1"><p>CENTRO UNIVERSITARIO PROJECAO - UNIPROJECAO</p></td><td rowspan="1" colspan="1"><p>BCEC - BRASIL CENTRAL DE EDUCACAO E CULTURA LTDA</p></td></tr><tr><td rowspan="1" colspan="1"><p>365</p></td><td rowspan="1" colspan="1"><p>202516369</p></td><td rowspan="1" colspan="1"><p>Licenciatura</p></td><td rowspan="1" colspan="1"><p>LETRAS - LÍNGUA PORTUGUESA</p></td><td rowspan="1" colspan="1"><p>4800</p></td><td rowspan="1" colspan="1"><p>CENTRO UNIVERSITARIO PROJECAO - UNIPROJECAO</p></td><td rowspan="1" colspan="1"><p>BCEC - BRASIL CENTRAL DE EDUCACAO E CULTURA LTDA</p></td></tr></table>]]></Texto>
  </body>
  <Midias />
</article></xml>