﻿<xml><article id="45406611" name="PORTARIA NA 611 - 11.09.2025_006" idOficio="11278735" pubName="DO1" artType="Portaria" pubDate="12/09/2025" artClass="00025:00046:00000:00000:00000:00000:00000:00000:00000:00000:00054:00000" artCategory="Ministério da Educação/Secretaria de Regulação e Supervisão da Educação Superior" artSize="24" artNotes="" numberPage="91" pdfPage="http://pesquisa.in.gov.br/imprensa/jsp/visualiza/index.jsp?data=12/09/2025&amp;jornal=515&amp;pagina=91" editionNumber="174" highlightType="" highlightPriority="" highlight="" highlightimage="" highlightimagename="" idMateria="23098718">
  <body>
    <Identifica />
    <Data><![CDATA[]]></Data>
    <Ementa />
    <Titulo />
    <SubTitulo />
    <Texto><![CDATA[<p /><p></p><table><tr /><tr><td rowspan="1" colspan="1"><p>230</p></td><td rowspan="1" colspan="1"><p>202517696</p></td><td rowspan="1" colspan="1"><p>Tecnológico</p></td><td rowspan="1" colspan="1"><p>AGRONEGÓCIO</p></td><td rowspan="1" colspan="1"><p>200</p></td><td rowspan="1" colspan="1"><p>FACULDADE DE EMPREENDEDORISMO E CIENCIAS HUMANAS - FACULDADE FAECH</p></td><td rowspan="1" colspan="1"><p>UNIBRAS CENTRO DE CAPACITACAO LTDA</p></td></tr><tr><td rowspan="1" colspan="1"><p>231</p></td><td rowspan="1" colspan="1"><p>202511521</p></td><td rowspan="1" colspan="1"><p>Bacharelado</p></td><td rowspan="1" colspan="1"><p>ENGENHARIA CARTOGRÁFICA E DE AGRIMENSURA</p></td><td rowspan="1" colspan="1"><p>200</p></td><td rowspan="1" colspan="1"><p>FACULDADE DE ENGENHARIA DE MINAS GERAIS - FEAMIG - FEAMIG</p></td><td rowspan="1" colspan="1"><p>CESMIG - CENTRO DE ENSINO SUPERIOR MINAS GERAIS LTDA - ME</p></td></tr><tr><td rowspan="1" colspan="1"><p>232</p></td><td rowspan="1" colspan="1"><p>202511522</p></td><td rowspan="1" colspan="1"><p>Bacharelado</p></td><td rowspan="1" colspan="1"><p>ENGENHARIA CIVIL</p></td><td rowspan="1" colspan="1"><p>200</p></td><td rowspan="1" colspan="1"><p>FACULDADE DE ENGENHARIA DE MINAS GERAIS - FEAMIG - FEAMIG</p></td><td rowspan="1" colspan="1"><p>CESMIG - CENTRO DE ENSINO SUPERIOR MINAS GERAIS LTDA - ME</p></td></tr><tr><td rowspan="1" colspan="1"><p>233</p></td><td rowspan="1" colspan="1"><p>202511523</p></td><td rowspan="1" colspan="1"><p>Bacharelado</p></td><td rowspan="1" colspan="1"><p>ENGENHARIA DE PRODUÇÃO</p></td><td rowspan="1" colspan="1"><p>200</p></td><td rowspan="1" colspan="1"><p>FACULDADE DE ENGENHARIA DE MINAS GERAIS - FEAMIG - FEAMIG</p></td><td rowspan="1" colspan="1"><p>CESMIG - CENTRO DE ENSINO SUPERIOR MINAS GERAIS LTDA - ME</p></td></tr><tr><td rowspan="1" colspan="1"><p>234</p></td><td rowspan="1" colspan="1"><p>202511355</p></td><td rowspan="1" colspan="1"><p>Licenciatura</p></td><td rowspan="1" colspan="1"><p>PEDAGOGIA</p></td><td rowspan="1" colspan="1"><p>600</p></td><td rowspan="1" colspan="1"><p>FACULDADE DE ENSINO SUPERIOR BRASILEIRA - FACULDADE FEBRAS - FEBRAS</p></td><td rowspan="1" colspan="1"><p>INSTITUICAO SUPERIOR DE ENSINO, PESQUISA E EXTENSAO LTDA</p></td></tr><tr><td rowspan="1" colspan="1"><p>235</p></td><td rowspan="1" colspan="1"><p>202511333</p></td><td rowspan="1" colspan="1"><p>Licenciatura</p></td><td rowspan="1" colspan="1"><p>PEDAGOGIA</p></td><td rowspan="1" colspan="1"><p>160</p></td><td rowspan="1" colspan="1"><p>FACULDADE DE ENSINO SUPERIOR DE PARNAIBA - FAESPA</p></td><td rowspan="1" colspan="1"><p>FACULDADE DE ENSINO SUPERIOR DE PARNAIBA LTDA S/S</p></td></tr><tr><td rowspan="1" colspan="1"><p>236</p></td><td rowspan="1" colspan="1"><p>202518173</p></td><td rowspan="1" colspan="1"><p>Licenciatura</p></td><td rowspan="1" colspan="1"><p>PEDAGOGIA</p></td><td rowspan="1" colspan="1"><p>1000</p></td><td rowspan="1" colspan="1"><p>FACULDADE DE ENSINO SUPERIOR DO LAGO - FAESLA</p></td><td rowspan="1" colspan="1"><p>M &amp; C SOCIEDADE EDUCACIONAL LTDA</p></td></tr><tr><td rowspan="1" colspan="1"><p>237</p></td><td rowspan="1" colspan="1"><p>202511326</p></td><td rowspan="1" colspan="1"><p>Licenciatura</p></td><td rowspan="1" colspan="1"><p>PEDAGOGIA</p></td><td rowspan="1" colspan="1"><p>5000</p></td><td rowspan="1" colspan="1"><p>FACULDADE DE ENSINO SUPERIOR PELEGRINO CIPRIANI - FASPEC</p></td><td rowspan="1" colspan="1"><p>ASSOCIACAO UP EDUCACIONAL SOCIAL DO BRASIL</p></td></tr><tr><td rowspan="1" colspan="1"><p>238</p></td><td rowspan="1" colspan="1"><p>202509953</p></td><td rowspan="1" colspan="1"><p>Licenciatura</p></td><td rowspan="1" colspan="1"><p>PEDAGOGIA</p></td><td rowspan="1" colspan="1"><p>100</p></td><td rowspan="1" colspan="1"><p>FACULDADE DE FILOSOFIA CIENCIAS E LETRAS DE ITUVERAVA - FFCL</p></td><td rowspan="1" colspan="1"><p>FUNDACAO EDUCACIONAL DE ITUVERAVA</p></td></tr><tr><td rowspan="1" colspan="1"><p>239</p></td><td rowspan="1" colspan="1"><p>202515938</p></td><td rowspan="1" colspan="1"><p>Bacharelado</p></td><td rowspan="1" colspan="1"><p>AGRONOMIA</p></td><td rowspan="1" colspan="1"><p>500</p></td><td rowspan="1" colspan="1"><p>FACULDADE DE GESTAO E INOVACAO - FGI</p></td><td rowspan="1" colspan="1"><p>CENTRO EDUCACIONAL INOVA MAIS LTDA</p></td></tr><tr><td rowspan="1" colspan="1"><p>240</p></td><td rowspan="1" colspan="1"><p>202517576</p></td><td rowspan="1" colspan="1"><p>Licenciatura</p></td><td rowspan="1" colspan="1"><p>PEDAGOGIA</p></td><td rowspan="1" colspan="1"><p>1000</p></td><td rowspan="1" colspan="1"><p>FACULDADE DE GOVERNANCA, ENGENHARIA E EDUCACAO DE SAO PAULO - FGE-SP</p></td><td rowspan="1" colspan="1"><p>E.E.S.X EMPRESAS DE ENSINO SUPERIOR LTDA</p></td></tr><tr><td rowspan="1" colspan="1"><p>241</p></td><td rowspan="1" colspan="1"><p>202517426</p></td><td rowspan="1" colspan="1"><p>Bacharelado</p></td><td rowspan="1" colspan="1"><p>ENGENHARIA CIVIL</p></td><td rowspan="1" colspan="1"><p>250</p></td><td rowspan="1" colspan="1"><p>FACULDADE DE GUARANTA DO NORTE - UNIFAMA</p></td><td rowspan="1" colspan="1"><p>UNIFAMA - UNIAO DAS FACULDADES DE MATO GROSSO LTDA</p></td></tr><tr><td rowspan="1" colspan="1"><p>242</p></td><td rowspan="1" colspan="1"><p>202517621</p></td><td rowspan="1" colspan="1"><p>Bacharelado</p></td><td rowspan="1" colspan="1"><p>FARMÁCIA</p></td><td rowspan="1" colspan="1"><p>500</p></td><td rowspan="1" colspan="1"><p>FACULDADE DE GUARANTA DO NORTE - UNIFAMA</p></td><td rowspan="1" colspan="1"><p>UNIFAMA - UNIAO DAS FACULDADES DE MATO GROSSO LTDA</p></td></tr><tr><td rowspan="1" colspan="1"><p>243</p></td><td rowspan="1" colspan="1"><p>202517401</p></td><td rowspan="1" colspan="1"><p>Bacharelado</p></td><td rowspan="1" colspan="1"><p>FISIOTERAPIA</p></td><td rowspan="1" colspan="1"><p>500</p></td><td rowspan="1" colspan="1"><p>FACULDADE DE GUARANTA DO NORTE - UNIFAMA</p></td><td rowspan="1" colspan="1"><p>UNIFAMA - UNIAO DAS FACULDADES DE MATO GROSSO LTDA</p></td></tr><tr><td rowspan="1" colspan="1"><p>244</p></td><td rowspan="1" colspan="1"><p>202518075</p></td><td rowspan="1" colspan="1"><p>Licenciatura</p></td><td rowspan="1" colspan="1"><p>PEDAGOGIA</p></td><td rowspan="1" colspan="1"><p>400</p></td><td rowspan="1" colspan="1"><p>FACULDADE DE IPATINGA - FADIPA EAD</p></td><td rowspan="1" colspan="1"><p>SISTEMA ALFA UNIVERSITARIO LTDA - ALFA</p></td></tr><tr><td rowspan="1" colspan="1"><p>245</p></td><td rowspan="1" colspan="1"><p>202510602</p></td><td rowspan="1" colspan="1"><p>Licenciatura</p></td><td rowspan="1" colspan="1"><p>PEDAGOGIA</p></td><td rowspan="1" colspan="1"><p>900</p></td><td rowspan="1" colspan="1"><p>FACULDADE DE PIRACANJUBA - FAP</p></td><td rowspan="1" colspan="1"><p>CENTRO DE ENSINO SUPERIOR DE PIRACANJUBA EIRELI</p></td></tr><tr><td rowspan="1" colspan="1"><p>246</p></td><td rowspan="1" colspan="1"><p>202510766</p></td><td rowspan="1" colspan="1"><p>Licenciatura</p></td><td rowspan="1" colspan="1"><p>PEDAGOGIA</p></td><td rowspan="1" colspan="1"><p>100</p></td><td rowspan="1" colspan="1"><p>FACULDADE DE SAO VICENTE - FSV</p></td><td rowspan="1" colspan="1"><p>UNIAO BRASILEIRA EDUCACIONAL LTDA.</p></td></tr><tr><td rowspan="1" colspan="1"><p>247</p></td><td rowspan="1" colspan="1"><p>202509375</p></td><td rowspan="1" colspan="1"><p>Tecnológico</p></td><td rowspan="1" colspan="1"><p>GESTÃO AMBIENTAL</p></td><td rowspan="1" colspan="1"><p>420</p></td><td rowspan="1" colspan="1"><p>FACULDADE DE TECNOLOGIA CNA - FATECNA</p></td><td rowspan="1" colspan="1"><p>INSTITUTO CNA</p></td></tr><tr><td rowspan="1" colspan="1"><p>248</p></td><td rowspan="1" colspan="1"><p>202515807</p></td><td rowspan="1" colspan="1"><p>Bacharelado</p></td><td rowspan="1" colspan="1"><p>ENGENHARIA DE PRODUÇÃO</p></td><td rowspan="1" colspan="1"><p>500</p></td><td rowspan="1" colspan="1"><p>FACULDADE DE TECNOLOGIA DE PIRACICABA - FATEP</p></td><td rowspan="1" colspan="1"><p>INSTITUTO DE DESENVOLVIMENTO TECNOLOGICO E EDUCACIONAL DE PIRACICABA LTDA</p></td></tr><tr><td rowspan="1" colspan="1"><p>249</p></td><td rowspan="1" colspan="1"><p>202517802</p></td><td rowspan="1" colspan="1"><p>Bacharelado</p></td><td rowspan="1" colspan="1"><p>AGRONOMIA</p></td><td rowspan="1" colspan="1"><p>150</p></td><td rowspan="1" colspan="1"><p>FACULDADE DE TECNOLOGIA DO VALE DO IVAI - FATEC-IVAI</p></td><td rowspan="1" colspan="1"><p>UNESVI - UNIAO DE ENSINO SUPERIOR DO VALE DO IVAI LTDA</p></td></tr><tr><td rowspan="1" colspan="1"><p>250</p></td><td rowspan="1" colspan="1"><p>202517973</p></td><td rowspan="1" colspan="1"><p>Bacharelado</p></td><td rowspan="1" colspan="1"><p>ARQUITETURA E URBANISMO</p></td><td rowspan="1" colspan="1"><p>150</p></td><td rowspan="1" colspan="1"><p>FACULDADE DE TECNOLOGIA DO VALE DO IVAI - FATEC-IVAI</p></td><td rowspan="1" colspan="1"><p>UNESVI - UNIAO DE ENSINO SUPERIOR DO VALE DO IVAI LTDA</p></td></tr><tr><td rowspan="1" colspan="1"><p>251</p></td><td rowspan="1" colspan="1"><p>202517607</p></td><td rowspan="1" colspan="1"><p>Bacharelado</p></td><td rowspan="1" colspan="1"><p>ENGENHARIA CIVIL</p></td><td rowspan="1" colspan="1"><p>200</p></td><td rowspan="1" colspan="1"><p>FACULDADE DE TECNOLOGIA DO VALE DO IVAI - FATEC-IVAI</p></td><td rowspan="1" colspan="1"><p>UNESVI - UNIAO DE ENSINO SUPERIOR DO VALE DO IVAI LTDA</p></td></tr><tr><td rowspan="1" colspan="1"><p>252</p></td><td rowspan="1" colspan="1"><p>202518127</p></td><td rowspan="1" colspan="1"><p>Licenciatura</p></td><td rowspan="1" colspan="1"><p>PEDAGOGIA</p></td><td rowspan="1" colspan="1"><p>300</p></td><td rowspan="1" colspan="1"><p>FACULDADE DE TECNOLOGIA DO VALE DO IVAI - FATEC-IVAI</p></td><td rowspan="1" colspan="1"><p>UNESVI - UNIAO DE ENSINO SUPERIOR DO VALE DO IVAI LTDA</p></td></tr><tr><td rowspan="1" colspan="1"><p>253</p></td><td rowspan="1" colspan="1"><p>202517094</p></td><td rowspan="1" colspan="1"><p>Tecnológico</p></td><td rowspan="1" colspan="1"><p>GESTÃO HOSPITALAR</p></td><td rowspan="1" colspan="1"><p>2000</p></td><td rowspan="1" colspan="1"><p>FACULDADE DE TECNOLOGIA EM SAUDE - FATESA</p></td><td rowspan="1" colspan="1"><p>ESCOLA DE ULTRA-SONOGRAFIA RIBEIRAO PRETO LTDA</p></td></tr><tr><td rowspan="1" colspan="1"><p>254</p></td><td rowspan="1" colspan="1"><p>202516700</p></td><td rowspan="1" colspan="1"><p>Licenciatura</p></td><td rowspan="1" colspan="1"><p>PEDAGOGIA</p></td><td rowspan="1" colspan="1"><p>2000</p></td><td rowspan="1" colspan="1"><p>FACULDADE DE TECNOLOGIA EM SAUDE - FATESA</p></td><td rowspan="1" colspan="1"><p>ESCOLA DE ULTRA-SONOGRAFIA RIBEIRAO PRETO LTDA</p></td></tr><tr><td rowspan="1" colspan="1"><p>255</p></td><td rowspan="1" colspan="1"><p>202509356</p></td><td rowspan="1" colspan="1"><p>Bacharelado</p></td><td rowspan="1" colspan="1"><p>ENGENHARIA DE PRODUÇÃO</p></td><td rowspan="1" colspan="1"><p>60</p></td><td rowspan="1" colspan="1"><p>FACULDADE DE TECNOLOGIA GAP - GAP</p></td><td rowspan="1" colspan="1"><p>GRUPO DE ADMINISTRACAO PROFISSIONAL LTDA - ME</p></td></tr><tr><td rowspan="1" colspan="1"><p>256</p></td><td rowspan="1" colspan="1"><p>202517664</p></td><td rowspan="1" colspan="1"><p>Licenciatura</p></td><td rowspan="1" colspan="1"><p>PEDAGOGIA</p></td><td rowspan="1" colspan="1"><p>750</p></td><td rowspan="1" colspan="1"><p>FACULDADE DE TECNOLOGIA PAULISTA - FAL</p></td><td rowspan="1" colspan="1"><p>E-TEKNUS LTDA</p></td></tr><tr><td rowspan="1" colspan="1"><p>257</p></td><td rowspan="1" colspan="1"><p>202517734</p></td><td rowspan="1" colspan="1"><p>Licenciatura</p></td><td rowspan="1" colspan="1"><p>PEDAGOGIA</p></td><td rowspan="1" colspan="1"><p>500</p></td><td rowspan="1" colspan="1"><p>FACULDADE DE TECNOLOGIA ROCKETSEAT - FTR</p></td><td rowspan="1" colspan="1"><p>ROCKETSEAT SA</p></td></tr><tr><td rowspan="1" colspan="1"><p>258</p></td><td rowspan="1" colspan="1"><p>202515806</p></td><td rowspan="1" colspan="1"><p>Tecnológico</p></td><td rowspan="1" colspan="1"><p>AUTOMAÇÃO INDUSTRIAL</p></td><td rowspan="1" colspan="1"><p>900</p></td><td rowspan="1" colspan="1"><p>FACULDADE DE TECNOLOGIA SENAI PORTO ALEGRE - FATEC SENAI</p></td><td rowspan="1" colspan="1"><p>SERVICO NACIONAL DE APRENDIZAGEM INDUSTRIAL-SENAI</p></td></tr><tr><td rowspan="1" colspan="1"><p>259</p></td><td rowspan="1" colspan="1"><p>202515804</p></td><td rowspan="1" colspan="1"><p>Tecnológico</p></td><td rowspan="1" colspan="1"><p>MANUTENÇÃO INDUSTRIAL</p></td><td rowspan="1" colspan="1"><p>1800</p></td><td rowspan="1" colspan="1"><p>FACULDADE DE TECNOLOGIA SENAI PORTO ALEGRE - FATEC SENAI</p></td><td rowspan="1" colspan="1"><p>SERVICO NACIONAL DE APRENDIZAGEM INDUSTRIAL-SENAI</p></td></tr><tr><td rowspan="1" colspan="1"><p>260</p></td><td rowspan="1" colspan="1"><p>202515805</p></td><td rowspan="1" colspan="1"><p>Tecnológico</p></td><td rowspan="1" colspan="1"><p>SISTEMAS DE TELECOMUNICAÇÕES</p></td><td rowspan="1" colspan="1"><p>150</p></td><td rowspan="1" colspan="1"><p>FACULDADE DE TECNOLOGIA SENAI PORTO ALEGRE - FATEC SENAI</p></td><td rowspan="1" colspan="1"><p>SERVICO NACIONAL DE APRENDIZAGEM INDUSTRIAL-SENAI</p></td></tr><tr><td rowspan="1" colspan="1"><p>261</p></td><td rowspan="1" colspan="1"><p>202510880</p></td><td rowspan="1" colspan="1"><p>Licenciatura</p></td><td rowspan="1" colspan="1"><p>PEDAGOGIA - DOCENCIA DA EDUCAçãO INFANTIL/ADMINISTRAçãO EDUCACIONAL</p></td><td rowspan="1" colspan="1"><p>150</p></td><td rowspan="1" colspan="1"><p>FACULDADE DE TEOLOGIA E CIENCIAS HUMANAS - FATECH.</p></td><td rowspan="1" colspan="1"><p>IGREJA EVANGELICA ASSEMBLEIA DE DEUS DE MACAPA</p></td></tr><tr><td rowspan="1" colspan="1"><p>262</p></td><td rowspan="1" colspan="1"><p>202512005</p></td><td rowspan="1" colspan="1"><p>Tecnológico</p></td><td rowspan="1" colspan="1"><p>ESTÉTICA E COSMÉTICA</p></td><td rowspan="1" colspan="1"><p>5000</p></td><td rowspan="1" colspan="1"><p>FACULDADE DE TEOLOGIA, FILOSOFIA E CIENCIAS HUMANAS GAMALIEL - FATEFIG</p></td><td rowspan="1" colspan="1"><p>CECAM - CENTRO EDUCACIONAL E CULTURAL DA AMAZONIA - EPP</p></td></tr><tr><td rowspan="1" colspan="1"><p>263</p></td><td rowspan="1" colspan="1"><p>202510907</p></td><td rowspan="1" colspan="1"><p>Licenciatura</p></td><td rowspan="1" colspan="1"><p>FORMAÇÃO DE DOCENTES PARA A EDUCAÇÃO BÁSICA</p></td><td rowspan="1" colspan="1"><p>3150</p></td><td rowspan="1" colspan="1"><p>FACULDADE DE TEOLOGIA, FILOSOFIA E CIENCIAS HUMANAS GAMALIEL - FATEFIG</p></td><td rowspan="1" colspan="1"><p>CECAM - CENTRO EDUCACIONAL E CULTURAL DA AMAZONIA - EPP</p></td></tr><tr><td rowspan="1" colspan="1"><p>264</p></td><td rowspan="1" colspan="1"><p>202508518</p></td><td rowspan="1" colspan="1"><p>Bacharelado</p></td><td rowspan="1" colspan="1"><p>NUTRIÇÃO</p></td><td rowspan="1" colspan="1"><p>1000</p></td><td rowspan="1" colspan="1"><p>FACULDADE DE TEOLOGIA, FILOSOFIA E CIENCIAS HUMANAS GAMALIEL - FATEFIG</p></td><td rowspan="1" colspan="1"><p>CECAM - CENTRO EDUCACIONAL E CULTURAL DA AMAZONIA - EPP</p></td></tr><tr><td rowspan="1" colspan="1"><p>265</p></td><td rowspan="1" colspan="1"><p>202510908</p></td><td rowspan="1" colspan="1"><p>Licenciatura</p></td><td rowspan="1" colspan="1"><p>PEDAGOGIA</p></td><td rowspan="1" colspan="1"><p>5500</p></td><td rowspan="1" colspan="1"><p>FACULDADE DE TEOLOGIA, FILOSOFIA E CIENCIAS HUMANAS GAMALIEL - FATEFIG</p></td><td rowspan="1" colspan="1"><p>CECAM - CENTRO EDUCACIONAL E CULTURAL DA AMAZONIA - EPP</p></td></tr></table>]]></Texto>
  </body>
  <Midias />
</article></xml>