﻿<xml><article id="45416330" name="PRT SPA MF 2040 DE 11.09.2025" idOficio="11280857" pubName="DO1" artType="Portaria" pubDate="12/09/2025" artClass="00028:00037:00000:00000:00000:00000:00000:00000:00000:00000:00054:00000" artCategory="Ministério da Fazenda/Secretaria de Prêmios e Apostas" artSize="12" artNotes="" numberPage="142" pdfPage="http://pesquisa.in.gov.br/imprensa/jsp/visualiza/index.jsp?data=12/09/2025&amp;jornal=515&amp;pagina=142" editionNumber="174" highlightType="" highlightPriority="" highlight="" highlightimage="" highlightimagename="" idMateria="23102091">
  <body>
    <Identifica><![CDATA[ PORTARIA SPA/MF Nº 2.040, DE 11 DE SETEMBRO DE 2025]]></Identifica>
    <Data><![CDATA[]]></Data>
    <Ementa><![CDATA[ Autoriza a pessoa jurídica que menciona a explorar a modalidade lotérica de apostas de quota fixa.]]></Ementa>
    <Titulo />
    <SubTitulo />
    <Texto><![CDATA[<p class="identifica">PORTARIA SPA/MF Nº 2.040, DE 11 DE SETEMBRO DE 2025</p><p class="ementa">Autoriza a pessoa jurídica que menciona a explorar a modalidade lotérica de apostas de quota fixa.</p><p>O SECRETÁRIO DE PRÊMIOS E APOSTAS DO MINISTÉRIO DA FAZENDA, no uso das atribuições que lhe confere o art. 55, inciso I, do Anexo l do Decreto nº 11.907, de 30 de janeiro de 2024, e tendo em vista o disposto na Lei nº 13.756, de 12 de dezembro de 2018, e na Lei nº 14.790, de 29 de dezembro de 2023 resolve:</p><p>Art. 1º Autorizar a seguinte pessoa jurídica a explorar a modalidade lotérica de apostas de quota fixa, nos termos das Leis nº 13.756, de 12 de dezembro de 2018, e nº 14.790, de 29 de dezembro de 2023, das Portarias editadas pela Secretaria de Prêmios e Apostas e com base nas informações constantes do processo SIGAP nº 0044/2025:</p><p>- Denominação Social: OIG GAMING BRAZIL LTDA</p><p>- CNPJ: 55.459.453/0001-72</p><p>- Marca: ICE</p><p>- Segmentos: temática esportiva e jogos on-line conjuntamente</p><p>- Modalidades: virtual</p><p>- Validade da autorização: 11/09/2030</p><p>Art. 2º Esta Portaria entra em vigor na data da publicação.</p><p class="assina">REGIS ANDERSON DUDENA</p>]]></Texto>
  </body>
  <Midias />
</article></xml>