﻿<xml><article id="45406443" name="PORTARIA NA 609 - 11.09.2025_005" idOficio="11278735" pubName="DO1" artType="Portaria" pubDate="12/09/2025" artClass="00025:00046:00000:00000:00000:00000:00000:00000:00000:00000:00054:00000" artCategory="Ministério da Educação/Secretaria de Regulação e Supervisão da Educação Superior" artSize="24" artNotes="" numberPage="72" pdfPage="http://pesquisa.in.gov.br/imprensa/jsp/visualiza/index.jsp?data=12/09/2025&amp;jornal=515&amp;pagina=72" editionNumber="174" highlightType="" highlightPriority="" highlight="" highlightimage="" highlightimagename="" idMateria="23098716">
  <body>
    <Identifica />
    <Data><![CDATA[]]></Data>
    <Ementa />
    <Titulo />
    <SubTitulo />
    <Texto><![CDATA[<p /><p></p><table><tr /><tr><td rowspan="1" colspan="1"><p>165</p></td><td rowspan="1" colspan="1"><p>202512020</p></td><td rowspan="1" colspan="1"><p>Tecnológico</p></td><td rowspan="1" colspan="1"><p>GESTÃO HOSPITALAR</p></td><td rowspan="1" colspan="1"><p>2000</p></td><td rowspan="1" colspan="1"><p>CENTRO UNIVERSITARIO MAURICIO DE NASSAU - UNINASSAU</p></td><td rowspan="1" colspan="1"><p>SER EDUCACIONAL S.A.</p></td></tr><tr><td rowspan="1" colspan="1"><p>166</p></td><td rowspan="1" colspan="1"><p>202510946</p></td><td rowspan="1" colspan="1"><p>Licenciatura</p></td><td rowspan="1" colspan="1"><p>HISTÓRIA</p></td><td rowspan="1" colspan="1"><p>500</p></td><td rowspan="1" colspan="1"><p>CENTRO UNIVERSITARIO MAURICIO DE NASSAU - UNINASSAU</p></td><td rowspan="1" colspan="1"><p>SER EDUCACIONAL S.A.</p></td></tr><tr><td rowspan="1" colspan="1"><p>167</p></td><td rowspan="1" colspan="1"><p>202510942</p></td><td rowspan="1" colspan="1"><p>Licenciatura</p></td><td rowspan="1" colspan="1"><p>LETRAS - ESPANHOL</p></td><td rowspan="1" colspan="1"><p>8150</p></td><td rowspan="1" colspan="1"><p>CENTRO UNIVERSITARIO MAURICIO DE NASSAU - UNINASSAU</p></td><td rowspan="1" colspan="1"><p>SER EDUCACIONAL S.A.</p></td></tr><tr><td rowspan="1" colspan="1"><p>168</p></td><td rowspan="1" colspan="1"><p>202510947</p></td><td rowspan="1" colspan="1"><p>Licenciatura</p></td><td rowspan="1" colspan="1"><p>LETRAS - LíNGUA INGLESA</p></td><td rowspan="1" colspan="1"><p>2000</p></td><td rowspan="1" colspan="1"><p>CENTRO UNIVERSITARIO MAURICIO DE NASSAU - UNINASSAU</p></td><td rowspan="1" colspan="1"><p>SER EDUCACIONAL S.A.</p></td></tr><tr><td rowspan="1" colspan="1"><p>169</p></td><td rowspan="1" colspan="1"><p>202510941</p></td><td rowspan="1" colspan="1"><p>Licenciatura</p></td><td rowspan="1" colspan="1"><p>LETRAS - PORTUGUÊS</p></td><td rowspan="1" colspan="1"><p>2000</p></td><td rowspan="1" colspan="1"><p>CENTRO UNIVERSITARIO MAURICIO DE NASSAU - UNINASSAU</p></td><td rowspan="1" colspan="1"><p>SER EDUCACIONAL S.A.</p></td></tr><tr><td rowspan="1" colspan="1"><p>170</p></td><td rowspan="1" colspan="1"><p>202510944</p></td><td rowspan="1" colspan="1"><p>Licenciatura</p></td><td rowspan="1" colspan="1"><p>MATEMÁTICA</p></td><td rowspan="1" colspan="1"><p>500</p></td><td rowspan="1" colspan="1"><p>CENTRO UNIVERSITARIO MAURICIO DE NASSAU - UNINASSAU</p></td><td rowspan="1" colspan="1"><p>SER EDUCACIONAL S.A.</p></td></tr><tr><td rowspan="1" colspan="1"><p>171</p></td><td rowspan="1" colspan="1"><p>202515925</p></td><td rowspan="1" colspan="1"><p>Bacharelado</p></td><td rowspan="1" colspan="1"><p>MEDICINA VETERINÁRIA</p></td><td rowspan="1" colspan="1"><p>177000</p></td><td rowspan="1" colspan="1"><p>CENTRO UNIVERSITARIO MAURICIO DE NASSAU - UNINASSAU</p></td><td rowspan="1" colspan="1"><p>SER EDUCACIONAL S.A.</p></td></tr><tr><td rowspan="1" colspan="1"><p>172</p></td><td rowspan="1" colspan="1"><p>202508538</p></td><td rowspan="1" colspan="1"><p>Bacharelado</p></td><td rowspan="1" colspan="1"><p>NUTRIÇÃO</p></td><td rowspan="1" colspan="1"><p>2000</p></td><td rowspan="1" colspan="1"><p>CENTRO UNIVERSITARIO MAURICIO DE NASSAU - UNINASSAU</p></td><td rowspan="1" colspan="1"><p>SER EDUCACIONAL S.A.</p></td></tr><tr><td rowspan="1" colspan="1"><p>173</p></td><td rowspan="1" colspan="1"><p>202516559</p></td><td rowspan="1" colspan="1"><p>Licenciatura</p></td><td rowspan="1" colspan="1"><p>PEDAGOGIA</p></td><td rowspan="1" colspan="1"><p>32000</p></td><td rowspan="1" colspan="1"><p>CENTRO UNIVERSITARIO MAURICIO DE NASSAU - UNINASSAU</p></td><td rowspan="1" colspan="1"><p>SER EDUCACIONAL S.A.</p></td></tr><tr><td rowspan="1" colspan="1"><p>174</p></td><td rowspan="1" colspan="1"><p>202518235</p></td><td rowspan="1" colspan="1"><p>Licenciatura</p></td><td rowspan="1" colspan="1"><p>PEDAGOGIA</p></td><td rowspan="1" colspan="1"><p>2000</p></td><td rowspan="1" colspan="1"><p>CENTRO UNIVERSITARIO MAURICIO DE NASSAU - UNINASSAU</p></td><td rowspan="1" colspan="1"><p>SER EDUCACIONAL S.A.</p></td></tr><tr><td rowspan="1" colspan="1"><p>175</p></td><td rowspan="1" colspan="1"><p>202508537</p></td><td rowspan="1" colspan="1"><p>Tecnológico</p></td><td rowspan="1" colspan="1"><p>PODOLOGIA</p></td><td rowspan="1" colspan="1"><p>8850</p></td><td rowspan="1" colspan="1"><p>CENTRO UNIVERSITARIO MAURICIO DE NASSAU - UNINASSAU</p></td><td rowspan="1" colspan="1"><p>SER EDUCACIONAL S.A.</p></td></tr><tr><td rowspan="1" colspan="1"><p>176</p></td><td rowspan="1" colspan="1"><p>202515340</p></td><td rowspan="1" colspan="1"><p>Bacharelado</p></td><td rowspan="1" colspan="1"><p>SERVIÇO SOCIAL</p></td><td rowspan="1" colspan="1"><p>4000</p></td><td rowspan="1" colspan="1"><p>CENTRO UNIVERSITARIO MAURICIO DE NASSAU - UNINASSAU</p></td><td rowspan="1" colspan="1"><p>SER EDUCACIONAL S.A.</p></td></tr><tr><td rowspan="1" colspan="1"><p>177</p></td><td rowspan="1" colspan="1"><p>202515339</p></td><td rowspan="1" colspan="1"><p>Bacharelado</p></td><td rowspan="1" colspan="1"><p>TERAPIA OCUPACIONAL</p></td><td rowspan="1" colspan="1"><p>4000</p></td><td rowspan="1" colspan="1"><p>CENTRO UNIVERSITARIO MAURICIO DE NASSAU - UNINASSAU</p></td><td rowspan="1" colspan="1"><p>SER EDUCACIONAL S.A.</p></td></tr><tr><td rowspan="1" colspan="1"><p>178</p></td><td rowspan="1" colspan="1"><p>202509320</p></td><td rowspan="1" colspan="1"><p>Bacharelado</p></td><td rowspan="1" colspan="1"><p>ARQUITETURA E URBANISMO</p></td><td rowspan="1" colspan="1"><p>8850</p></td><td rowspan="1" colspan="1"><p>CENTRO UNIVERSITARIO MAURICIO DE NASSAU DERBY - UNINASSAU</p></td><td rowspan="1" colspan="1"><p>SER EDUCACIONAL S.A.</p></td></tr><tr><td rowspan="1" colspan="1"><p>179</p></td><td rowspan="1" colspan="1"><p>202517299</p></td><td rowspan="1" colspan="1"><p>Bacharelado</p></td><td rowspan="1" colspan="1"><p>BIOMEDICINA</p></td><td rowspan="1" colspan="1"><p>8850</p></td><td rowspan="1" colspan="1"><p>CENTRO UNIVERSITARIO MAURICIO DE NASSAU DERBY - UNINASSAU</p></td><td rowspan="1" colspan="1"><p>SER EDUCACIONAL S.A.</p></td></tr><tr><td rowspan="1" colspan="1"><p>180</p></td><td rowspan="1" colspan="1"><p>202517954</p></td><td rowspan="1" colspan="1"><p>Licenciatura</p></td><td rowspan="1" colspan="1"><p>CIÊNCIAS BIOLÓGICAS</p></td><td rowspan="1" colspan="1"><p>8850</p></td><td rowspan="1" colspan="1"><p>CENTRO UNIVERSITARIO MAURICIO DE NASSAU DERBY - UNINASSAU</p></td><td rowspan="1" colspan="1"><p>SER EDUCACIONAL S.A.</p></td></tr><tr><td rowspan="1" colspan="1"><p>181</p></td><td rowspan="1" colspan="1"><p>202516643</p></td><td rowspan="1" colspan="1"><p>Licenciatura</p></td><td rowspan="1" colspan="1"><p>EDUCAÇÃO ESPECIAL</p></td><td rowspan="1" colspan="1"><p>4000</p></td><td rowspan="1" colspan="1"><p>CENTRO UNIVERSITARIO MAURICIO DE NASSAU DERBY - UNINASSAU</p></td><td rowspan="1" colspan="1"><p>SER EDUCACIONAL S.A.</p></td></tr><tr><td rowspan="1" colspan="1"><p>182</p></td><td rowspan="1" colspan="1"><p>202517613</p></td><td rowspan="1" colspan="1"><p>Bacharelado</p></td><td rowspan="1" colspan="1"><p>EDUCAÇÃO FÍSICA</p></td><td rowspan="1" colspan="1"><p>8850</p></td><td rowspan="1" colspan="1"><p>CENTRO UNIVERSITARIO MAURICIO DE NASSAU DERBY - UNINASSAU</p></td><td rowspan="1" colspan="1"><p>SER EDUCACIONAL S.A.</p></td></tr><tr><td rowspan="1" colspan="1"><p>183</p></td><td rowspan="1" colspan="1"><p>202517904</p></td><td rowspan="1" colspan="1"><p>Licenciatura</p></td><td rowspan="1" colspan="1"><p>EDUCAÇÃO FÍSICA</p></td><td rowspan="1" colspan="1"><p>8850</p></td><td rowspan="1" colspan="1"><p>CENTRO UNIVERSITARIO MAURICIO DE NASSAU DERBY - UNINASSAU</p></td><td rowspan="1" colspan="1"><p>SER EDUCACIONAL S.A.</p></td></tr><tr><td rowspan="1" colspan="1"><p>184</p></td><td rowspan="1" colspan="1"><p>202509319</p></td><td rowspan="1" colspan="1"><p>Bacharelado</p></td><td rowspan="1" colspan="1"><p>ENGENHARIA CIVIL</p></td><td rowspan="1" colspan="1"><p>8850</p></td><td rowspan="1" colspan="1"><p>CENTRO UNIVERSITARIO MAURICIO DE NASSAU DERBY - UNINASSAU</p></td><td rowspan="1" colspan="1"><p>SER EDUCACIONAL S.A.</p></td></tr><tr><td rowspan="1" colspan="1"><p>185</p></td><td rowspan="1" colspan="1"><p>202509315</p></td><td rowspan="1" colspan="1"><p>Bacharelado</p></td><td rowspan="1" colspan="1"><p>ENGENHARIA DE PRODUÇÃO</p></td><td rowspan="1" colspan="1"><p>8850</p></td><td rowspan="1" colspan="1"><p>CENTRO UNIVERSITARIO MAURICIO DE NASSAU DERBY - UNINASSAU</p></td><td rowspan="1" colspan="1"><p>SER EDUCACIONAL S.A.</p></td></tr><tr><td rowspan="1" colspan="1"><p>186</p></td><td rowspan="1" colspan="1"><p>202509316</p></td><td rowspan="1" colspan="1"><p>Bacharelado</p></td><td rowspan="1" colspan="1"><p>ENGENHARIA ELÉTRICA</p></td><td rowspan="1" colspan="1"><p>8850</p></td><td rowspan="1" colspan="1"><p>CENTRO UNIVERSITARIO MAURICIO DE NASSAU DERBY - UNINASSAU</p></td><td rowspan="1" colspan="1"><p>SER EDUCACIONAL S.A.</p></td></tr><tr><td rowspan="1" colspan="1"><p>187</p></td><td rowspan="1" colspan="1"><p>202509317</p></td><td rowspan="1" colspan="1"><p>Bacharelado</p></td><td rowspan="1" colspan="1"><p>ENGENHARIA MECÂNICA</p></td><td rowspan="1" colspan="1"><p>8850</p></td><td rowspan="1" colspan="1"><p>CENTRO UNIVERSITARIO MAURICIO DE NASSAU DERBY - UNINASSAU</p></td><td rowspan="1" colspan="1"><p>SER EDUCACIONAL S.A.</p></td></tr><tr><td rowspan="1" colspan="1"><p>188</p></td><td rowspan="1" colspan="1"><p>202512089</p></td><td rowspan="1" colspan="1"><p>Tecnológico</p></td><td rowspan="1" colspan="1"><p>ESTÉTICA E COSMÉTICA</p></td><td rowspan="1" colspan="1"><p>100</p></td><td rowspan="1" colspan="1"><p>CENTRO UNIVERSITARIO MAURICIO DE NASSAU DERBY - UNINASSAU</p></td><td rowspan="1" colspan="1"><p>SER EDUCACIONAL S.A.</p></td></tr><tr><td rowspan="1" colspan="1"><p>189</p></td><td rowspan="1" colspan="1"><p>202508607</p></td><td rowspan="1" colspan="1"><p>Bacharelado</p></td><td rowspan="1" colspan="1"><p>FARMÁCIA</p></td><td rowspan="1" colspan="1"><p>8850</p></td><td rowspan="1" colspan="1"><p>CENTRO UNIVERSITARIO MAURICIO DE NASSAU DERBY - UNINASSAU</p></td><td rowspan="1" colspan="1"><p>SER EDUCACIONAL S.A.</p></td></tr><tr><td rowspan="1" colspan="1"><p>190</p></td><td rowspan="1" colspan="1"><p>202508608</p></td><td rowspan="1" colspan="1"><p>Bacharelado</p></td><td rowspan="1" colspan="1"><p>FISIOTERAPIA</p></td><td rowspan="1" colspan="1"><p>8850</p></td><td rowspan="1" colspan="1"><p>CENTRO UNIVERSITARIO MAURICIO DE NASSAU DERBY - UNINASSAU</p></td><td rowspan="1" colspan="1"><p>SER EDUCACIONAL S.A.</p></td></tr><tr><td rowspan="1" colspan="1"><p>191</p></td><td rowspan="1" colspan="1"><p>202516642</p></td><td rowspan="1" colspan="1"><p>Licenciatura</p></td><td rowspan="1" colspan="1"><p>GEOGRAFIA</p></td><td rowspan="1" colspan="1"><p>3000</p></td><td rowspan="1" colspan="1"><p>CENTRO UNIVERSITARIO MAURICIO DE NASSAU DERBY - UNINASSAU</p></td><td rowspan="1" colspan="1"><p>SER EDUCACIONAL S.A.</p></td></tr><tr><td rowspan="1" colspan="1"><p>192</p></td><td rowspan="1" colspan="1"><p>202509318</p></td><td rowspan="1" colspan="1"><p>Tecnológico</p></td><td rowspan="1" colspan="1"><p>GESTÃO AMBIENTAL</p></td><td rowspan="1" colspan="1"><p>8850</p></td><td rowspan="1" colspan="1"><p>CENTRO UNIVERSITARIO MAURICIO DE NASSAU DERBY - UNINASSAU</p></td><td rowspan="1" colspan="1"><p>SER EDUCACIONAL S.A.</p></td></tr><tr><td rowspan="1" colspan="1"><p>193</p></td><td rowspan="1" colspan="1"><p>202512090</p></td><td rowspan="1" colspan="1"><p>Tecnológico</p></td><td rowspan="1" colspan="1"><p>GESTÃO HOSPITALAR</p></td><td rowspan="1" colspan="1"><p>100</p></td><td rowspan="1" colspan="1"><p>CENTRO UNIVERSITARIO MAURICIO DE NASSAU DERBY - UNINASSAU</p></td><td rowspan="1" colspan="1"><p>SER EDUCACIONAL S.A.</p></td></tr><tr><td rowspan="1" colspan="1"><p>194</p></td><td rowspan="1" colspan="1"><p>202516640</p></td><td rowspan="1" colspan="1"><p>Licenciatura</p></td><td rowspan="1" colspan="1"><p>HISTÓRIA</p></td><td rowspan="1" colspan="1"><p>3000</p></td><td rowspan="1" colspan="1"><p>CENTRO UNIVERSITARIO MAURICIO DE NASSAU DERBY - UNINASSAU</p></td><td rowspan="1" colspan="1"><p>SER EDUCACIONAL S.A.</p></td></tr><tr><td rowspan="1" colspan="1"><p>195</p></td><td rowspan="1" colspan="1"><p>202511111</p></td><td rowspan="1" colspan="1"><p>Licenciatura</p></td><td rowspan="1" colspan="1"><p>LETRAS - ESPANHOL</p></td><td rowspan="1" colspan="1"><p>100</p></td><td rowspan="1" colspan="1"><p>CENTRO UNIVERSITARIO MAURICIO DE NASSAU DERBY - UNINASSAU</p></td><td rowspan="1" colspan="1"><p>SER EDUCACIONAL S.A.</p></td></tr><tr><td rowspan="1" colspan="1"><p>196</p></td><td rowspan="1" colspan="1"><p>202511113</p></td><td rowspan="1" colspan="1"><p>Licenciatura</p></td><td rowspan="1" colspan="1"><p>LETRAS - INGLÊS</p></td><td rowspan="1" colspan="1"><p>8850</p></td><td rowspan="1" colspan="1"><p>CENTRO UNIVERSITARIO MAURICIO DE NASSAU DERBY - UNINASSAU</p></td><td rowspan="1" colspan="1"><p>SER EDUCACIONAL S.A.</p></td></tr><tr><td rowspan="1" colspan="1"><p>197</p></td><td rowspan="1" colspan="1"><p>202511108</p></td><td rowspan="1" colspan="1"><p>Licenciatura</p></td><td rowspan="1" colspan="1"><p>LETRAS - LÍNGUA PORTUGUESA</p></td><td rowspan="1" colspan="1"><p>100</p></td><td rowspan="1" colspan="1"><p>CENTRO UNIVERSITARIO MAURICIO DE NASSAU DERBY - UNINASSAU</p></td><td rowspan="1" colspan="1"><p>SER EDUCACIONAL S.A.</p></td></tr><tr><td rowspan="1" colspan="1"><p>198</p></td><td rowspan="1" colspan="1"><p>202516641</p></td><td rowspan="1" colspan="1"><p>Licenciatura</p></td><td rowspan="1" colspan="1"><p>MATEMÁTICA</p></td><td rowspan="1" colspan="1"><p>3000</p></td><td rowspan="1" colspan="1"><p>CENTRO UNIVERSITARIO MAURICIO DE NASSAU DERBY - UNINASSAU</p></td><td rowspan="1" colspan="1"><p>SER EDUCACIONAL S.A.</p></td></tr><tr><td rowspan="1" colspan="1"><p>199</p></td><td rowspan="1" colspan="1"><p>202517498</p></td><td rowspan="1" colspan="1"><p>Bacharelado</p></td><td rowspan="1" colspan="1"><p>NUTRIÇÃO</p></td><td rowspan="1" colspan="1"><p>8850</p></td><td rowspan="1" colspan="1"><p>CENTRO UNIVERSITARIO MAURICIO DE NASSAU DERBY - UNINASSAU</p></td><td rowspan="1" colspan="1"><p>SER EDUCACIONAL S.A.</p></td></tr><tr><td rowspan="1" colspan="1"><p>200</p></td><td rowspan="1" colspan="1"><p>202517398</p></td><td rowspan="1" colspan="1"><p>Licenciatura</p></td><td rowspan="1" colspan="1"><p>PEDAGOGIA</p></td><td rowspan="1" colspan="1"><p>500</p></td><td rowspan="1" colspan="1"><p>CENTRO UNIVERSITARIO MAURICIO DE NASSAU DERBY - UNINASSAU</p></td><td rowspan="1" colspan="1"><p>SER EDUCACIONAL S.A.</p></td></tr><tr><td rowspan="1" colspan="1"><p>201</p></td><td rowspan="1" colspan="1"><p>202508609</p></td><td rowspan="1" colspan="1"><p>Tecnológico</p></td><td rowspan="1" colspan="1"><p>PODOLOGIA</p></td><td rowspan="1" colspan="1"><p>8850</p></td><td rowspan="1" colspan="1"><p>CENTRO UNIVERSITARIO MAURICIO DE NASSAU DERBY - UNINASSAU</p></td><td rowspan="1" colspan="1"><p>SER EDUCACIONAL S.A.</p></td></tr><tr><td rowspan="1" colspan="1"><p>202</p></td><td rowspan="1" colspan="1"><p>202515382</p></td><td rowspan="1" colspan="1"><p>Bacharelado</p></td><td rowspan="1" colspan="1"><p>SERVIÇO SOCIAL</p></td><td rowspan="1" colspan="1"><p>4000</p></td><td rowspan="1" colspan="1"><p>CENTRO UNIVERSITARIO MAURICIO DE NASSAU DERBY - UNINASSAU</p></td><td rowspan="1" colspan="1"><p>SER EDUCACIONAL S.A.</p></td></tr><tr><td rowspan="1" colspan="1"><p>203</p></td><td rowspan="1" colspan="1"><p>202508510</p></td><td rowspan="1" colspan="1"><p>Bacharelado</p></td><td rowspan="1" colspan="1"><p>BIOMEDICINA</p></td><td rowspan="1" colspan="1"><p>100</p></td><td rowspan="1" colspan="1"><p>CENTRO UNIVERSITARIO METROCAMP WYDEN - UNIMETROCAMP WYDEN</p></td><td rowspan="1" colspan="1"><p>IBMEC EDUCACIONAL LTDA.</p></td></tr><tr><td rowspan="1" colspan="1"><p>204</p></td><td rowspan="1" colspan="1"><p>202507834</p></td><td rowspan="1" colspan="1"><p>Bacharelado</p></td><td rowspan="1" colspan="1"><p>CIÊNCIAS BIOLÓGICAS</p></td><td rowspan="1" colspan="1"><p>100</p></td><td rowspan="1" colspan="1"><p>CENTRO UNIVERSITARIO METROCAMP WYDEN - UNIMETROCAMP WYDEN</p></td><td rowspan="1" colspan="1"><p>IBMEC EDUCACIONAL LTDA.</p></td></tr><tr><td rowspan="1" colspan="1"><p>205</p></td><td rowspan="1" colspan="1"><p>202507730</p></td><td rowspan="1" colspan="1"><p>Licenciatura</p></td><td rowspan="1" colspan="1"><p>EDUCAÇÃO FÍSICA</p></td><td rowspan="1" colspan="1"><p>100</p></td><td rowspan="1" colspan="1"><p>CENTRO UNIVERSITARIO METROCAMP WYDEN - UNIMETROCAMP WYDEN</p></td><td rowspan="1" colspan="1"><p>IBMEC EDUCACIONAL LTDA.</p></td></tr></table>]]></Texto>
  </body>
  <Midias />
</article></xml>