﻿<xml><article id="45406281" name="PORTARIA NA 606 - 11.09.2025_001" idOficio="11278735" pubName="DO1" artType="Portaria" pubDate="12/09/2025" artClass="00025:00046:00000:00000:00000:00000:00000:00000:00000:00000:00054:00000" artCategory="Ministério da Educação/Secretaria de Regulação e Supervisão da Educação Superior" artSize="24" artNotes="" numberPage="41" pdfPage="http://pesquisa.in.gov.br/imprensa/jsp/visualiza/index.jsp?data=12/09/2025&amp;jornal=515&amp;pagina=41" editionNumber="174" highlightType="" highlightPriority="" highlight="" highlightimage="" highlightimagename="" idMateria="23098713">
  <body>
    <Identifica><![CDATA[ PORTARIA SERES/MEC Nº 606, DE 11 DE SETEMBRO DE 2025]]></Identifica>
    <Data><![CDATA[]]></Data>
    <Ementa />
    <Titulo />
    <SubTitulo />
    <Texto><![CDATA[<p class="identifica">PORTARIA SERES/MEC Nº 606, DE 11 DE SETEMBRO DE 2025</p><p>A SECRETÁRIA DE REGULAÇÃO E SUPERVISÃO DA EDUCAÇÃO SUPERIOR, no uso das atribuições que lhe confere o Decreto nº 11.691, de 5 de setembro de 2023, e tendo em vista os Decretos nº 9.235, de 15 de dezembro de 2017, e nº 12.456, de 19 de maio de 2025; as Portarias Normativas MEC nºs 20 e 23, de 21 de dezembro de 2017; a Portaria MEC nº 381, de 20 de maio de 2025; conforme consta dos processos e-MEC listados na planilha anexa e do processo SEI nº 23000.021707/2025-11, resolve:</p><p>Art. 1º Fica(m) autorizado(s) o(s) curso(s) superior(es) no formato semipresencial, relacionado(s) no Anexo desta Portaria, com as vagas totais anuais nele estabelecidas, nos termos do art. 10, do Decreto nº 9.235, de 2017.</p><p>Art. 2º Os endereços utilizados para as atividades presenciais dos cursos de graduação, ofertados no formato semipresencial, são, exclusivamente, aqueles constantes do Cadastro e-MEC, em conformidade com o art. 30 do Decreto nº 12.456, de 2025.</p><p>Art. 3º A(s) instituição(ões) deverá(ão) solicitar o reconhecimento do(s) curso(s), neste ato autorizado(s), nos termos do art. 46 do Decreto nº 9.235, de 2017.</p><p>Art. 4º Esta portaria entra em vigor na data de sua publicação.</p><p class="assina">MARTA ABRAMO</p><p>ANEXO</p><p /><p></p><table><tr /><tr><td rowspan="1" colspan="1"><p>Nº de Ordem</p></td><td rowspan="1" colspan="1"><p>Nº do Processo</p></td><td rowspan="1" colspan="1"><p>Grau</p></td><td rowspan="1" colspan="1"><p>Curso</p></td><td rowspan="1" colspan="1"><p>Nº de Vagas Totais Anuais</p></td><td rowspan="1" colspan="1"><p>Mantida</p></td><td rowspan="1" colspan="1"><p>Mantenedora</p></td></tr><tr><td rowspan="1" colspan="1"><p>1</p></td><td rowspan="1" colspan="1"><p>202510070</p></td><td rowspan="1" colspan="1"><p>Licenciatura</p></td><td rowspan="1" colspan="1"><p>ARTES CÊNICAS</p></td><td rowspan="1" colspan="1"><p>500</p></td><td rowspan="1" colspan="1"><p>CENTRO UNIVERSITARIO CELSO LISBOA - UCL</p></td><td rowspan="1" colspan="1"><p>INSTITUTO SUPERIOR DE ENSINO CELSO LISBOA</p></td></tr><tr><td rowspan="1" colspan="1"><p>2</p></td><td rowspan="1" colspan="1"><p>202518043</p></td><td rowspan="1" colspan="1"><p>Licenciatura</p></td><td rowspan="1" colspan="1"><p>BIOLOGIA</p></td><td rowspan="1" colspan="1"><p>1000</p></td><td rowspan="1" colspan="1"><p>CENTRO UNIVERSITARIO CELSO LISBOA - UCL</p></td><td rowspan="1" colspan="1"><p>INSTITUTO SUPERIOR DE ENSINO CELSO LISBOA</p></td></tr><tr><td rowspan="1" colspan="1"><p>3</p></td><td rowspan="1" colspan="1"><p>202508111</p></td><td rowspan="1" colspan="1"><p>Bacharelado</p></td><td rowspan="1" colspan="1"><p>BIOMEDICINA</p></td><td rowspan="1" colspan="1"><p>200</p></td><td rowspan="1" colspan="1"><p>CENTRO UNIVERSITARIO CELSO LISBOA - UCL</p></td><td rowspan="1" colspan="1"><p>INSTITUTO SUPERIOR DE ENSINO CELSO LISBOA</p></td></tr><tr><td rowspan="1" colspan="1"><p>4</p></td><td rowspan="1" colspan="1"><p>202508107</p></td><td rowspan="1" colspan="1"><p>Bacharelado</p></td><td rowspan="1" colspan="1"><p>EDUCAÇÃO FÍSICA</p></td><td rowspan="1" colspan="1"><p>1000</p></td><td rowspan="1" colspan="1"><p>CENTRO UNIVERSITARIO CELSO LISBOA - UCL</p></td><td rowspan="1" colspan="1"><p>INSTITUTO SUPERIOR DE ENSINO CELSO LISBOA</p></td></tr><tr><td rowspan="1" colspan="1"><p>5</p></td><td rowspan="1" colspan="1"><p>202510071</p></td><td rowspan="1" colspan="1"><p>Licenciatura</p></td><td rowspan="1" colspan="1"><p>EDUCAÇÃO FÍSICA</p></td><td rowspan="1" colspan="1"><p>500</p></td><td rowspan="1" colspan="1"><p>CENTRO UNIVERSITARIO CELSO LISBOA - UCL</p></td><td rowspan="1" colspan="1"><p>INSTITUTO SUPERIOR DE ENSINO CELSO LISBOA</p></td></tr><tr><td rowspan="1" colspan="1"><p>6</p></td><td rowspan="1" colspan="1"><p>202508863</p></td><td rowspan="1" colspan="1"><p>Bacharelado</p></td><td rowspan="1" colspan="1"><p>ENGENHARIA AMBIENTAL E SANITÁRIA</p></td><td rowspan="1" colspan="1"><p>500</p></td><td rowspan="1" colspan="1"><p>CENTRO UNIVERSITARIO CELSO LISBOA - UCL</p></td><td rowspan="1" colspan="1"><p>INSTITUTO SUPERIOR DE ENSINO CELSO LISBOA</p></td></tr><tr><td rowspan="1" colspan="1"><p>7</p></td><td rowspan="1" colspan="1"><p>202508865</p></td><td rowspan="1" colspan="1"><p>Bacharelado</p></td><td rowspan="1" colspan="1"><p>ENGENHARIA CIVIL</p></td><td rowspan="1" colspan="1"><p>200</p></td><td rowspan="1" colspan="1"><p>CENTRO UNIVERSITARIO CELSO LISBOA - UCL</p></td><td rowspan="1" colspan="1"><p>INSTITUTO SUPERIOR DE ENSINO CELSO LISBOA</p></td></tr><tr><td rowspan="1" colspan="1"><p>8</p></td><td rowspan="1" colspan="1"><p>202508866</p></td><td rowspan="1" colspan="1"><p>Bacharelado</p></td><td rowspan="1" colspan="1"><p>ENGENHARIA DE COMPUTAÇÃO</p></td><td rowspan="1" colspan="1"><p>500</p></td><td rowspan="1" colspan="1"><p>CENTRO UNIVERSITARIO CELSO LISBOA - UCL</p></td><td rowspan="1" colspan="1"><p>INSTITUTO SUPERIOR DE ENSINO CELSO LISBOA</p></td></tr><tr><td rowspan="1" colspan="1"><p>9</p></td><td rowspan="1" colspan="1"><p>202508864</p></td><td rowspan="1" colspan="1"><p>Bacharelado</p></td><td rowspan="1" colspan="1"><p>ENGENHARIA DE PRODUÇÃO</p></td><td rowspan="1" colspan="1"><p>500</p></td><td rowspan="1" colspan="1"><p>CENTRO UNIVERSITARIO CELSO LISBOA - UCL</p></td><td rowspan="1" colspan="1"><p>INSTITUTO SUPERIOR DE ENSINO CELSO LISBOA</p></td></tr><tr><td rowspan="1" colspan="1"><p>10</p></td><td rowspan="1" colspan="1"><p>202518170</p></td><td rowspan="1" colspan="1"><p>Tecnológico</p></td><td rowspan="1" colspan="1"><p>ESTÉTICA E COSMÉTICA</p></td><td rowspan="1" colspan="1"><p>1000</p></td><td rowspan="1" colspan="1"><p>CENTRO UNIVERSITARIO CELSO LISBOA - UCL</p></td><td rowspan="1" colspan="1"><p>INSTITUTO SUPERIOR DE ENSINO CELSO LISBOA</p></td></tr><tr><td rowspan="1" colspan="1"><p>11</p></td><td rowspan="1" colspan="1"><p>202508110</p></td><td rowspan="1" colspan="1"><p>Bacharelado</p></td><td rowspan="1" colspan="1"><p>FARMÁCIA</p></td><td rowspan="1" colspan="1"><p>150</p></td><td rowspan="1" colspan="1"><p>CENTRO UNIVERSITARIO CELSO LISBOA - UCL</p></td><td rowspan="1" colspan="1"><p>INSTITUTO SUPERIOR DE ENSINO CELSO LISBOA</p></td></tr><tr><td rowspan="1" colspan="1"><p>12</p></td><td rowspan="1" colspan="1"><p>202508108</p></td><td rowspan="1" colspan="1"><p>Bacharelado</p></td><td rowspan="1" colspan="1"><p>FISIOTERAPIA</p></td><td rowspan="1" colspan="1"><p>150</p></td><td rowspan="1" colspan="1"><p>CENTRO UNIVERSITARIO CELSO LISBOA - UCL</p></td><td rowspan="1" colspan="1"><p>INSTITUTO SUPERIOR DE ENSINO CELSO LISBOA</p></td></tr><tr><td rowspan="1" colspan="1"><p>13</p></td><td rowspan="1" colspan="1"><p>202507685</p></td><td rowspan="1" colspan="1"><p>Licenciatura</p></td><td rowspan="1" colspan="1"><p>GEOGRAFIA</p></td><td rowspan="1" colspan="1"><p>1000</p></td><td rowspan="1" colspan="1"><p>CENTRO UNIVERSITARIO CELSO LISBOA - UCL</p></td><td rowspan="1" colspan="1"><p>INSTITUTO SUPERIOR DE ENSINO CELSO LISBOA</p></td></tr><tr><td rowspan="1" colspan="1"><p>14</p></td><td rowspan="1" colspan="1"><p>202518042</p></td><td rowspan="1" colspan="1"><p>Licenciatura</p></td><td rowspan="1" colspan="1"><p>GEOGRAFIA</p></td><td rowspan="1" colspan="1"><p>1000</p></td><td rowspan="1" colspan="1"><p>CENTRO UNIVERSITARIO CELSO LISBOA - UCL</p></td><td rowspan="1" colspan="1"><p>INSTITUTO SUPERIOR DE ENSINO CELSO LISBOA</p></td></tr><tr><td rowspan="1" colspan="1"><p>15</p></td><td rowspan="1" colspan="1"><p>202517579</p></td><td rowspan="1" colspan="1"><p>Tecnológico</p></td><td rowspan="1" colspan="1"><p>GESTÃO HOSPITALAR</p></td><td rowspan="1" colspan="1"><p>1000</p></td><td rowspan="1" colspan="1"><p>CENTRO UNIVERSITARIO CELSO LISBOA - UCL</p></td><td rowspan="1" colspan="1"><p>INSTITUTO SUPERIOR DE ENSINO CELSO LISBOA</p></td></tr><tr><td rowspan="1" colspan="1"><p>16</p></td><td rowspan="1" colspan="1"><p>202510069</p></td><td rowspan="1" colspan="1"><p>Licenciatura</p></td><td rowspan="1" colspan="1"><p>HISTÓRIA</p></td><td rowspan="1" colspan="1"><p>500</p></td><td rowspan="1" colspan="1"><p>CENTRO UNIVERSITARIO CELSO LISBOA - UCL</p></td><td rowspan="1" colspan="1"><p>INSTITUTO SUPERIOR DE ENSINO CELSO LISBOA</p></td></tr><tr><td rowspan="1" colspan="1"><p>17</p></td><td rowspan="1" colspan="1"><p>202510072</p></td><td rowspan="1" colspan="1"><p>Licenciatura</p></td><td rowspan="1" colspan="1"><p>LETRAS - PORTUGUÊS E INGLÊS</p></td><td rowspan="1" colspan="1"><p>800</p></td><td rowspan="1" colspan="1"><p>CENTRO UNIVERSITARIO CELSO LISBOA - UCL</p></td><td rowspan="1" colspan="1"><p>INSTITUTO SUPERIOR DE ENSINO CELSO LISBOA</p></td></tr><tr><td rowspan="1" colspan="1"><p>18</p></td><td rowspan="1" colspan="1"><p>202510073</p></td><td rowspan="1" colspan="1"><p>Licenciatura</p></td><td rowspan="1" colspan="1"><p>LETRAS - PORTUGUÊS E LITERATURA</p></td><td rowspan="1" colspan="1"><p>1000</p></td><td rowspan="1" colspan="1"><p>CENTRO UNIVERSITARIO CELSO LISBOA - UCL</p></td><td rowspan="1" colspan="1"><p>INSTITUTO SUPERIOR DE ENSINO CELSO LISBOA</p></td></tr><tr><td rowspan="1" colspan="1"><p>19</p></td><td rowspan="1" colspan="1"><p>202517894</p></td><td rowspan="1" colspan="1"><p>Licenciatura</p></td><td rowspan="1" colspan="1"><p>MATEMÁTICA</p></td><td rowspan="1" colspan="1"><p>500</p></td><td rowspan="1" colspan="1"><p>CENTRO UNIVERSITARIO CELSO LISBOA - UCL</p></td><td rowspan="1" colspan="1"><p>INSTITUTO SUPERIOR DE ENSINO CELSO LISBOA</p></td></tr><tr><td rowspan="1" colspan="1"><p>20</p></td><td rowspan="1" colspan="1"><p>202508112</p></td><td rowspan="1" colspan="1"><p>Bacharelado</p></td><td rowspan="1" colspan="1"><p>NUTRIÇÃO</p></td><td rowspan="1" colspan="1"><p>500</p></td><td rowspan="1" colspan="1"><p>CENTRO UNIVERSITARIO CELSO LISBOA - UCL</p></td><td rowspan="1" colspan="1"><p>INSTITUTO SUPERIOR DE ENSINO CELSO LISBOA</p></td></tr><tr><td rowspan="1" colspan="1"><p>21</p></td><td rowspan="1" colspan="1"><p>202517681</p></td><td rowspan="1" colspan="1"><p>Bacharelado</p></td><td rowspan="1" colspan="1"><p>ÓPTICA E OPTOMETRIA</p></td><td rowspan="1" colspan="1"><p>1000</p></td><td rowspan="1" colspan="1"><p>CENTRO UNIVERSITARIO CELSO LISBOA - UCL</p></td><td rowspan="1" colspan="1"><p>INSTITUTO SUPERIOR DE ENSINO CELSO LISBOA</p></td></tr><tr><td rowspan="1" colspan="1"><p>22</p></td><td rowspan="1" colspan="1"><p>202510074</p></td><td rowspan="1" colspan="1"><p>Licenciatura</p></td><td rowspan="1" colspan="1"><p>PEDAGOGIA</p></td><td rowspan="1" colspan="1"><p>1000</p></td><td rowspan="1" colspan="1"><p>CENTRO UNIVERSITARIO CELSO LISBOA - UCL</p></td><td rowspan="1" colspan="1"><p>INSTITUTO SUPERIOR DE ENSINO CELSO LISBOA</p></td></tr><tr><td rowspan="1" colspan="1"><p>23</p></td><td rowspan="1" colspan="1"><p>202517504</p></td><td rowspan="1" colspan="1"><p>Tecnológico</p></td><td rowspan="1" colspan="1"><p>SANEAMENTO AMBIENTAL</p></td><td rowspan="1" colspan="1"><p>1000</p></td><td rowspan="1" colspan="1"><p>CENTRO UNIVERSITARIO CELSO LISBOA - UCL</p></td><td rowspan="1" colspan="1"><p>INSTITUTO SUPERIOR DE ENSINO CELSO LISBOA</p></td></tr><tr><td rowspan="1" colspan="1"><p>24</p></td><td rowspan="1" colspan="1"><p>202517669</p></td><td rowspan="1" colspan="1"><p>Tecnológico</p></td><td rowspan="1" colspan="1"><p>SANEAMENTO AMBIENTAL</p></td><td rowspan="1" colspan="1"><p>1000</p></td><td rowspan="1" colspan="1"><p>CENTRO UNIVERSITARIO CELSO LISBOA - UCL</p></td><td rowspan="1" colspan="1"><p>INSTITUTO SUPERIOR DE ENSINO CELSO LISBOA</p></td></tr><tr><td rowspan="1" colspan="1"><p>25</p></td><td rowspan="1" colspan="1"><p>202508113</p></td><td rowspan="1" colspan="1"><p>Bacharelado</p></td><td rowspan="1" colspan="1"><p>SERVIÇO SOCIAL</p></td><td rowspan="1" colspan="1"><p>1000</p></td><td rowspan="1" colspan="1"><p>CENTRO UNIVERSITARIO CELSO LISBOA - UCL</p></td><td rowspan="1" colspan="1"><p>INSTITUTO SUPERIOR DE ENSINO CELSO LISBOA</p></td></tr><tr><td rowspan="1" colspan="1"><p>26</p></td><td rowspan="1" colspan="1"><p>202510249</p></td><td rowspan="1" colspan="1"><p>Licenciatura</p></td><td rowspan="1" colspan="1"><p>EDUCAÇÃO FÍSICA</p></td><td rowspan="1" colspan="1"><p>1000</p></td><td rowspan="1" colspan="1"><p>CENTRO UNIVERSITARIO CENECISTA DE OSORIO - UNICNEC</p></td><td rowspan="1" colspan="1"><p>CAMPANHA NACIONAL DE ESCOLAS DA COMUNIDADE</p></td></tr><tr><td rowspan="1" colspan="1"><p>27</p></td><td rowspan="1" colspan="1"><p>202515134</p></td><td rowspan="1" colspan="1"><p>Bacharelado</p></td><td rowspan="1" colspan="1"><p>EDUCAÇÃO FÍSICA</p></td><td rowspan="1" colspan="1"><p>8000</p></td><td rowspan="1" colspan="1"><p>CENTRO UNIVERSITARIO CENECISTA DE OSORIO - UNICNEC</p></td><td rowspan="1" colspan="1"><p>CAMPANHA NACIONAL DE ESCOLAS DA COMUNIDADE</p></td></tr><tr><td rowspan="1" colspan="1"><p>28</p></td><td rowspan="1" colspan="1"><p>202508885</p></td><td rowspan="1" colspan="1"><p>Tecnológico</p></td><td rowspan="1" colspan="1"><p>GESTÃO AMBIENTAL</p></td><td rowspan="1" colspan="1"><p>1000</p></td><td rowspan="1" colspan="1"><p>CENTRO UNIVERSITARIO CENECISTA DE OSORIO - UNICNEC</p></td><td rowspan="1" colspan="1"><p>CAMPANHA NACIONAL DE ESCOLAS DA COMUNIDADE</p></td></tr><tr><td rowspan="1" colspan="1"><p>29</p></td><td rowspan="1" colspan="1"><p>202510248</p></td><td rowspan="1" colspan="1"><p>Licenciatura</p></td><td rowspan="1" colspan="1"><p>LETRAS - PORTUGUÊS</p></td><td rowspan="1" colspan="1"><p>1000</p></td><td rowspan="1" colspan="1"><p>CENTRO UNIVERSITARIO CENECISTA DE OSORIO - UNICNEC</p></td><td rowspan="1" colspan="1"><p>CAMPANHA NACIONAL DE ESCOLAS DA COMUNIDADE</p></td></tr><tr><td rowspan="1" colspan="1"><p>30</p></td><td rowspan="1" colspan="1"><p>202510247</p></td><td rowspan="1" colspan="1"><p>Licenciatura</p></td><td rowspan="1" colspan="1"><p>MATEMÁTICA</p></td><td rowspan="1" colspan="1"><p>1000</p></td><td rowspan="1" colspan="1"><p>CENTRO UNIVERSITARIO CENECISTA DE OSORIO - UNICNEC</p></td><td rowspan="1" colspan="1"><p>CAMPANHA NACIONAL DE ESCOLAS DA COMUNIDADE</p></td></tr><tr><td rowspan="1" colspan="1"><p>31</p></td><td rowspan="1" colspan="1"><p>202510250</p></td><td rowspan="1" colspan="1"><p>Licenciatura</p></td><td rowspan="1" colspan="1"><p>PEDAGOGIA</p></td><td rowspan="1" colspan="1"><p>1500</p></td><td rowspan="1" colspan="1"><p>CENTRO UNIVERSITARIO CENECISTA DE OSORIO - UNICNEC</p></td><td rowspan="1" colspan="1"><p>CAMPANHA NACIONAL DE ESCOLAS DA COMUNIDADE</p></td></tr><tr><td rowspan="1" colspan="1"><p>32</p></td><td rowspan="1" colspan="1"><p>202510335</p></td><td rowspan="1" colspan="1"><p>Licenciatura</p></td><td rowspan="1" colspan="1"><p>PEDAGOGIA</p></td><td rowspan="1" colspan="1"><p>450</p></td><td rowspan="1" colspan="1"><p>CENTRO UNIVERSITARIO CENTRAL PAULISTA - UNICEP</p></td><td rowspan="1" colspan="1"><p>ASSOCIACAO DE ESCOLAS REUNIDAS LTDA.</p></td></tr><tr><td rowspan="1" colspan="1"><p>33</p></td><td rowspan="1" colspan="1"><p>202508129</p></td><td rowspan="1" colspan="1"><p>Bacharelado</p></td><td rowspan="1" colspan="1"><p>EDUCAÇÃO FÍSICA</p></td><td rowspan="1" colspan="1"><p>300</p></td><td rowspan="1" colspan="1"><p>CENTRO UNIVERSITARIO CESMAC - CESMAC</p></td><td rowspan="1" colspan="1"><p>FUNDACAO EDUCACIONAL JAYME DE ALTAVILA-FEJAL</p></td></tr><tr><td rowspan="1" colspan="1"><p>34</p></td><td rowspan="1" colspan="1"><p>202508884</p></td><td rowspan="1" colspan="1"><p>Bacharelado</p></td><td rowspan="1" colspan="1"><p>ENGENHARIA CIVIL</p></td><td rowspan="1" colspan="1"><p>300</p></td><td rowspan="1" colspan="1"><p>CENTRO UNIVERSITARIO CESMAC - CESMAC</p></td><td rowspan="1" colspan="1"><p>FUNDACAO EDUCACIONAL JAYME DE ALTAVILA-FEJAL</p></td></tr><tr><td rowspan="1" colspan="1"><p>35</p></td><td rowspan="1" colspan="1"><p>202511735</p></td><td rowspan="1" colspan="1"><p>Tecnológico</p></td><td rowspan="1" colspan="1"><p>ESTÉTICA E COSMÉTICA</p></td><td rowspan="1" colspan="1"><p>300</p></td><td rowspan="1" colspan="1"><p>CENTRO UNIVERSITARIO CESMAC - CESMAC</p></td><td rowspan="1" colspan="1"><p>FUNDACAO EDUCACIONAL JAYME DE ALTAVILA-FEJAL</p></td></tr><tr><td rowspan="1" colspan="1"><p>36</p></td><td rowspan="1" colspan="1"><p>202510245</p></td><td rowspan="1" colspan="1"><p>Licenciatura</p></td><td rowspan="1" colspan="1"><p>LETRAS</p></td><td rowspan="1" colspan="1"><p>300</p></td><td rowspan="1" colspan="1"><p>CENTRO UNIVERSITARIO CESMAC - CESMAC</p></td><td rowspan="1" colspan="1"><p>FUNDACAO EDUCACIONAL JAYME DE ALTAVILA-FEJAL</p></td></tr><tr><td rowspan="1" colspan="1"><p>37</p></td><td rowspan="1" colspan="1"><p>202510246</p></td><td rowspan="1" colspan="1"><p>Licenciatura</p></td><td rowspan="1" colspan="1"><p>PEDAGOGIA</p></td><td rowspan="1" colspan="1"><p>300</p></td><td rowspan="1" colspan="1"><p>CENTRO UNIVERSITARIO CESMAC - CESMAC</p></td><td rowspan="1" colspan="1"><p>FUNDACAO EDUCACIONAL JAYME DE ALTAVILA-FEJAL</p></td></tr><tr><td rowspan="1" colspan="1"><p>38</p></td><td rowspan="1" colspan="1"><p>202508128</p></td><td rowspan="1" colspan="1"><p>Bacharelado</p></td><td rowspan="1" colspan="1"><p>SERVIÇO SOCIAL</p></td><td rowspan="1" colspan="1"><p>300</p></td><td rowspan="1" colspan="1"><p>CENTRO UNIVERSITARIO CESMAC - CESMAC</p></td><td rowspan="1" colspan="1"><p>FUNDACAO EDUCACIONAL JAYME DE ALTAVILA-FEJAL</p></td></tr><tr><td rowspan="1" colspan="1"><p>39</p></td><td rowspan="1" colspan="1"><p>202515720</p></td><td rowspan="1" colspan="1"><p>Bacharelado</p></td><td rowspan="1" colspan="1"><p>ARQUITETURA E URBANISMO</p></td><td rowspan="1" colspan="1"><p>2000</p></td><td rowspan="1" colspan="1"><p>CENTRO UNIVERSITARIO CEUNI - FAMETRO - FAMETRO</p></td><td rowspan="1" colspan="1"><p>IME INSTITUTO METROPOLITANO DE ENSINO LTDA</p></td></tr><tr><td rowspan="1" colspan="1"><p>40</p></td><td rowspan="1" colspan="1"><p>202515303</p></td><td rowspan="1" colspan="1"><p>Bacharelado</p></td><td rowspan="1" colspan="1"><p>BIOMEDICINA</p></td><td rowspan="1" colspan="1"><p>2400</p></td><td rowspan="1" colspan="1"><p>CENTRO UNIVERSITARIO CEUNI - FAMETRO - FAMETRO</p></td><td rowspan="1" colspan="1"><p>IME INSTITUTO METROPOLITANO DE ENSINO LTDA</p></td></tr><tr><td rowspan="1" colspan="1"><p>41</p></td><td rowspan="1" colspan="1"><p>202510892</p></td><td rowspan="1" colspan="1"><p>Licenciatura</p></td><td rowspan="1" colspan="1"><p>EDUCAÇÃO FÍSICA</p></td><td rowspan="1" colspan="1"><p>1000</p></td><td rowspan="1" colspan="1"><p>CENTRO UNIVERSITARIO CEUNI - FAMETRO - FAMETRO</p></td><td rowspan="1" colspan="1"><p>IME INSTITUTO METROPOLITANO DE ENSINO LTDA</p></td></tr><tr><td rowspan="1" colspan="1"><p>42</p></td><td rowspan="1" colspan="1"><p>202509213</p></td><td rowspan="1" colspan="1"><p>Bacharelado</p></td><td rowspan="1" colspan="1"><p>ENGENHARIA CIVIL</p></td><td rowspan="1" colspan="1"><p>200</p></td><td rowspan="1" colspan="1"><p>CENTRO UNIVERSITARIO CEUNI - FAMETRO - FAMETRO</p></td><td rowspan="1" colspan="1"><p>IME INSTITUTO METROPOLITANO DE ENSINO LTDA</p></td></tr><tr><td rowspan="1" colspan="1"><p>43</p></td><td rowspan="1" colspan="1"><p>202509214</p></td><td rowspan="1" colspan="1"><p>Bacharelado</p></td><td rowspan="1" colspan="1"><p>ENGENHARIA ELÉTRICA</p></td><td rowspan="1" colspan="1"><p>200</p></td><td rowspan="1" colspan="1"><p>CENTRO UNIVERSITARIO CEUNI - FAMETRO - FAMETRO</p></td><td rowspan="1" colspan="1"><p>IME INSTITUTO METROPOLITANO DE ENSINO LTDA</p></td></tr><tr><td rowspan="1" colspan="1"><p>44</p></td><td rowspan="1" colspan="1"><p>202511977</p></td><td rowspan="1" colspan="1"><p>Tecnológico</p></td><td rowspan="1" colspan="1"><p>ESTÉTICA E COSMÉTICA</p></td><td rowspan="1" colspan="1"><p>300</p></td><td rowspan="1" colspan="1"><p>CENTRO UNIVERSITARIO CEUNI - FAMETRO - FAMETRO</p></td><td rowspan="1" colspan="1"><p>IME INSTITUTO METROPOLITANO DE ENSINO LTDA</p></td></tr><tr><td rowspan="1" colspan="1"><p>45</p></td><td rowspan="1" colspan="1"><p>202508503</p></td><td rowspan="1" colspan="1"><p>Bacharelado</p></td><td rowspan="1" colspan="1"><p>FARMÁCIA</p></td><td rowspan="1" colspan="1"><p>300</p></td><td rowspan="1" colspan="1"><p>CENTRO UNIVERSITARIO CEUNI - FAMETRO - FAMETRO</p></td><td rowspan="1" colspan="1"><p>IME INSTITUTO METROPOLITANO DE ENSINO LTDA</p></td></tr><tr><td rowspan="1" colspan="1"><p>46</p></td><td rowspan="1" colspan="1"><p>202515305</p></td><td rowspan="1" colspan="1"><p>Bacharelado</p></td><td rowspan="1" colspan="1"><p>FISIOTERAPIA</p></td><td rowspan="1" colspan="1"><p>3000</p></td><td rowspan="1" colspan="1"><p>CENTRO UNIVERSITARIO CEUNI - FAMETRO - FAMETRO</p></td><td rowspan="1" colspan="1"><p>IME INSTITUTO METROPOLITANO DE ENSINO LTDA</p></td></tr><tr><td rowspan="1" colspan="1"><p>47</p></td><td rowspan="1" colspan="1"><p>202515304</p></td><td rowspan="1" colspan="1"><p>Bacharelado</p></td><td rowspan="1" colspan="1"><p>FONOAUDIOLOGIA</p></td><td rowspan="1" colspan="1"><p>2400</p></td><td rowspan="1" colspan="1"><p>CENTRO UNIVERSITARIO CEUNI - FAMETRO - FAMETRO</p></td><td rowspan="1" colspan="1"><p>IME INSTITUTO METROPOLITANO DE ENSINO LTDA</p></td></tr><tr><td rowspan="1" colspan="1"><p>48</p></td><td rowspan="1" colspan="1"><p>202509215</p></td><td rowspan="1" colspan="1"><p>Tecnológico</p></td><td rowspan="1" colspan="1"><p>GESTÃO AMBIENTAL</p></td><td rowspan="1" colspan="1"><p>1000</p></td><td rowspan="1" colspan="1"><p>CENTRO UNIVERSITARIO CEUNI - FAMETRO - FAMETRO</p></td><td rowspan="1" colspan="1"><p>IME INSTITUTO METROPOLITANO DE ENSINO LTDA</p></td></tr><tr><td rowspan="1" colspan="1"><p>49</p></td><td rowspan="1" colspan="1"><p>202516500</p></td><td rowspan="1" colspan="1"><p>Licenciatura</p></td><td rowspan="1" colspan="1"><p>LETRAS</p></td><td rowspan="1" colspan="1"><p>4000</p></td><td rowspan="1" colspan="1"><p>CENTRO UNIVERSITARIO CEUNI - FAMETRO - FAMETRO</p></td><td rowspan="1" colspan="1"><p>IME INSTITUTO METROPOLITANO DE ENSINO LTDA</p></td></tr><tr><td rowspan="1" colspan="1"><p>50</p></td><td rowspan="1" colspan="1"><p>202515920</p></td><td rowspan="1" colspan="1"><p>Bacharelado</p></td><td rowspan="1" colspan="1"><p>MEDICINA VETERINÁRIA</p></td><td rowspan="1" colspan="1"><p>3000</p></td><td rowspan="1" colspan="1"><p>CENTRO UNIVERSITARIO CEUNI - FAMETRO - FAMETRO</p></td><td rowspan="1" colspan="1"><p>IME INSTITUTO METROPOLITANO DE ENSINO LTDA</p></td></tr><tr><td rowspan="1" colspan="1"><p>51</p></td><td rowspan="1" colspan="1"><p>202508504</p></td><td rowspan="1" colspan="1"><p>Bacharelado</p></td><td rowspan="1" colspan="1"><p>NUTRIÇÃO</p></td><td rowspan="1" colspan="1"><p>300</p></td><td rowspan="1" colspan="1"><p>CENTRO UNIVERSITARIO CEUNI - FAMETRO - FAMETRO</p></td><td rowspan="1" colspan="1"><p>IME INSTITUTO METROPOLITANO DE ENSINO LTDA</p></td></tr><tr><td rowspan="1" colspan="1"><p>52</p></td><td rowspan="1" colspan="1"><p>202510893</p></td><td rowspan="1" colspan="1"><p>Licenciatura</p></td><td rowspan="1" colspan="1"><p>PEDAGOGIA</p></td><td rowspan="1" colspan="1"><p>200</p></td><td rowspan="1" colspan="1"><p>CENTRO UNIVERSITARIO CEUNI - FAMETRO - FAMETRO</p></td><td rowspan="1" colspan="1"><p>IME INSTITUTO METROPOLITANO DE ENSINO LTDA</p></td></tr><tr><td rowspan="1" colspan="1"><p>53</p></td><td rowspan="1" colspan="1"><p>202508502</p></td><td rowspan="1" colspan="1"><p>Bacharelado</p></td><td rowspan="1" colspan="1"><p>SERVIÇO SOCIAL</p></td><td rowspan="1" colspan="1"><p>200</p></td><td rowspan="1" colspan="1"><p>CENTRO UNIVERSITARIO CEUNI - FAMETRO - FAMETRO</p></td><td rowspan="1" colspan="1"><p>IME INSTITUTO METROPOLITANO DE ENSINO LTDA</p></td></tr><tr><td rowspan="1" colspan="1"><p>54</p></td><td rowspan="1" colspan="1"><p>202510852</p></td><td rowspan="1" colspan="1"><p>Licenciatura</p></td><td rowspan="1" colspan="1"><p>PEDAGOGIA</p></td><td rowspan="1" colspan="1"><p>100</p></td><td rowspan="1" colspan="1"><p>CENTRO UNIVERSITARIO CHRISTUS - UNICHRISTUS</p></td><td rowspan="1" colspan="1"><p>IPADE - INSTITUTO PARA O DESENVOLVIMENTO DA EDUCACAO LTDA.</p></td></tr><tr><td rowspan="1" colspan="1"><p>55</p></td><td rowspan="1" colspan="1"><p>202515363</p></td><td rowspan="1" colspan="1"><p>Bacharelado</p></td><td rowspan="1" colspan="1"><p>ACUPUNTURA</p></td><td rowspan="1" colspan="1"><p>32000</p></td><td rowspan="1" colspan="1"><p>CENTRO UNIVERSITARIO CIDADE VERDE - UNIFCV</p></td><td rowspan="1" colspan="1"><p>UNIAO MARINGAENSE DE ENSINO LTDA - EPP</p></td></tr><tr><td rowspan="1" colspan="1"><p>56</p></td><td rowspan="1" colspan="1"><p>202508573</p></td><td rowspan="1" colspan="1"><p>Tecnológico</p></td><td rowspan="1" colspan="1"><p>AGENTE COMUNITÁRIO DE SAÚDE</p></td><td rowspan="1" colspan="1"><p>1000</p></td><td rowspan="1" colspan="1"><p>CENTRO UNIVERSITARIO CIDADE VERDE - UNIFCV</p></td><td rowspan="1" colspan="1"><p>UNIAO MARINGAENSE DE ENSINO LTDA - EPP</p></td></tr><tr><td rowspan="1" colspan="1"><p>57</p></td><td rowspan="1" colspan="1"><p>202516615</p></td><td rowspan="1" colspan="1"><p>Licenciatura</p></td><td rowspan="1" colspan="1"><p>ANDRAGOGIA</p></td><td rowspan="1" colspan="1"><p>12000</p></td><td rowspan="1" colspan="1"><p>CENTRO UNIVERSITARIO CIDADE VERDE - UNIFCV</p></td><td rowspan="1" colspan="1"><p>UNIAO MARINGAENSE DE ENSINO LTDA - EPP</p></td></tr><tr><td rowspan="1" colspan="1"><p>58</p></td><td rowspan="1" colspan="1"><p>202515785</p></td><td rowspan="1" colspan="1"><p>Bacharelado</p></td><td rowspan="1" colspan="1"><p>ARQUITETURA E URBANISMO</p></td><td rowspan="1" colspan="1"><p>20000</p></td><td rowspan="1" colspan="1"><p>CENTRO UNIVERSITARIO CIDADE VERDE - UNIFCV</p></td><td rowspan="1" colspan="1"><p>UNIAO MARINGAENSE DE ENSINO LTDA - EPP</p></td></tr><tr><td rowspan="1" colspan="1"><p>59</p></td><td rowspan="1" colspan="1"><p>202516616</p></td><td rowspan="1" colspan="1"><p>Licenciatura</p></td><td rowspan="1" colspan="1"><p>ARTES</p></td><td rowspan="1" colspan="1"><p>12000</p></td><td rowspan="1" colspan="1"><p>CENTRO UNIVERSITARIO CIDADE VERDE - UNIFCV</p></td><td rowspan="1" colspan="1"><p>UNIAO MARINGAENSE DE ENSINO LTDA - EPP</p></td></tr><tr><td rowspan="1" colspan="1"><p>60</p></td><td rowspan="1" colspan="1"><p>202511035</p></td><td rowspan="1" colspan="1"><p>Licenciatura</p></td><td rowspan="1" colspan="1"><p>ARTES VISUAIS</p></td><td rowspan="1" colspan="1"><p>300</p></td><td rowspan="1" colspan="1"><p>CENTRO UNIVERSITARIO CIDADE VERDE - UNIFCV</p></td><td rowspan="1" colspan="1"><p>UNIAO MARINGAENSE DE ENSINO LTDA - EPP</p></td></tr><tr><td rowspan="1" colspan="1"><p>61</p></td><td rowspan="1" colspan="1"><p>202515362</p></td><td rowspan="1" colspan="1"><p>Bacharelado</p></td><td rowspan="1" colspan="1"><p>BIOMEDICINA</p></td><td rowspan="1" colspan="1"><p>16000</p></td><td rowspan="1" colspan="1"><p>CENTRO UNIVERSITARIO CIDADE VERDE - UNIFCV</p></td><td rowspan="1" colspan="1"><p>UNIAO MARINGAENSE DE ENSINO LTDA - EPP</p></td></tr><tr><td rowspan="1" colspan="1"><p>62</p></td><td rowspan="1" colspan="1"><p>202508568</p></td><td rowspan="1" colspan="1"><p>Tecnológico</p></td><td rowspan="1" colspan="1"><p>CIÊNCIA DA FELICIDADE</p></td><td rowspan="1" colspan="1"><p>1000</p></td><td rowspan="1" colspan="1"><p>CENTRO UNIVERSITARIO CIDADE VERDE - UNIFCV</p></td><td rowspan="1" colspan="1"><p>UNIAO MARINGAENSE DE ENSINO LTDA - EPP</p></td></tr><tr><td rowspan="1" colspan="1"><p>63</p></td><td rowspan="1" colspan="1"><p>202516612</p></td><td rowspan="1" colspan="1"><p>Licenciatura</p></td><td rowspan="1" colspan="1"><p>CIÊNCIAS BIOLÓGICAS</p></td><td rowspan="1" colspan="1"><p>12000</p></td><td rowspan="1" colspan="1"><p>CENTRO UNIVERSITARIO CIDADE VERDE - UNIFCV</p></td><td rowspan="1" colspan="1"><p>UNIAO MARINGAENSE DE ENSINO LTDA - EPP</p></td></tr><tr><td rowspan="1" colspan="1"><p>64</p></td><td rowspan="1" colspan="1"><p>202511038</p></td><td rowspan="1" colspan="1"><p>Licenciatura</p></td><td rowspan="1" colspan="1"><p>CIÊNCIAS DA RELIGIÃO</p></td><td rowspan="1" colspan="1"><p>300</p></td><td rowspan="1" colspan="1"><p>CENTRO UNIVERSITARIO CIDADE VERDE - UNIFCV</p></td><td rowspan="1" colspan="1"><p>UNIAO MARINGAENSE DE ENSINO LTDA - EPP</p></td></tr><tr><td rowspan="1" colspan="1"><p>65</p></td><td rowspan="1" colspan="1"><p>202516617</p></td><td rowspan="1" colspan="1"><p>Licenciatura</p></td><td rowspan="1" colspan="1"><p>CIÊNCIAS SOCIAIS</p></td><td rowspan="1" colspan="1"><p>12000</p></td><td rowspan="1" colspan="1"><p>CENTRO UNIVERSITARIO CIDADE VERDE - UNIFCV</p></td><td rowspan="1" colspan="1"><p>UNIAO MARINGAENSE DE ENSINO LTDA - EPP</p></td></tr><tr><td rowspan="1" colspan="1"><p>66</p></td><td rowspan="1" colspan="1"><p>202516619</p></td><td rowspan="1" colspan="1"><p>Licenciatura</p></td><td rowspan="1" colspan="1"><p>COMPUTAÇÃO E INFORMÁTICA</p></td><td rowspan="1" colspan="1"><p>12000</p></td><td rowspan="1" colspan="1"><p>CENTRO UNIVERSITARIO CIDADE VERDE - UNIFCV</p></td><td rowspan="1" colspan="1"><p>UNIAO MARINGAENSE DE ENSINO LTDA - EPP</p></td></tr><tr><td rowspan="1" colspan="1"><p>67</p></td><td rowspan="1" colspan="1"><p>202511036</p></td><td rowspan="1" colspan="1"><p>Licenciatura</p></td><td rowspan="1" colspan="1"><p>EDUCAÇÃO ESPECIAL</p></td><td rowspan="1" colspan="1"><p>300</p></td><td rowspan="1" colspan="1"><p>CENTRO UNIVERSITARIO CIDADE VERDE - UNIFCV</p></td><td rowspan="1" colspan="1"><p>UNIAO MARINGAENSE DE ENSINO LTDA - EPP</p></td></tr><tr><td rowspan="1" colspan="1"><p>68</p></td><td rowspan="1" colspan="1"><p>202508575</p></td><td rowspan="1" colspan="1"><p>Bacharelado</p></td><td rowspan="1" colspan="1"><p>EDUCAÇÃO FÍSICA</p></td><td rowspan="1" colspan="1"><p>500</p></td><td rowspan="1" colspan="1"><p>CENTRO UNIVERSITARIO CIDADE VERDE - UNIFCV</p></td><td rowspan="1" colspan="1"><p>UNIAO MARINGAENSE DE ENSINO LTDA - EPP</p></td></tr><tr><td rowspan="1" colspan="1"><p>69</p></td><td rowspan="1" colspan="1"><p>202511029</p></td><td rowspan="1" colspan="1"><p>Licenciatura</p></td><td rowspan="1" colspan="1"><p>EDUCAÇÃO FÍSICA</p></td><td rowspan="1" colspan="1"><p>300</p></td><td rowspan="1" colspan="1"><p>CENTRO UNIVERSITARIO CIDADE VERDE - UNIFCV</p></td><td rowspan="1" colspan="1"><p>UNIAO MARINGAENSE DE ENSINO LTDA - EPP</p></td></tr><tr><td rowspan="1" colspan="1"><p>70</p></td><td rowspan="1" colspan="1"><p>202511032</p></td><td rowspan="1" colspan="1"><p>Tecnológico</p></td><td rowspan="1" colspan="1"><p>EDUCADOR SOCIAL</p></td><td rowspan="1" colspan="1"><p>1000</p></td><td rowspan="1" colspan="1"><p>CENTRO UNIVERSITARIO CIDADE VERDE - UNIFCV</p></td><td rowspan="1" colspan="1"><p>UNIAO MARINGAENSE DE ENSINO LTDA - EPP</p></td></tr><tr><td rowspan="1" colspan="1"><p>71</p></td><td rowspan="1" colspan="1"><p>202515784</p></td><td rowspan="1" colspan="1"><p>Bacharelado</p></td><td rowspan="1" colspan="1"><p>ENGENHARIA AMBIENTAL</p></td><td rowspan="1" colspan="1"><p>16000</p></td><td rowspan="1" colspan="1"><p>CENTRO UNIVERSITARIO CIDADE VERDE - UNIFCV</p></td><td rowspan="1" colspan="1"><p>UNIAO MARINGAENSE DE ENSINO LTDA - EPP</p></td></tr><tr><td rowspan="1" colspan="1"><p>72</p></td><td rowspan="1" colspan="1"><p>202515786</p></td><td rowspan="1" colspan="1"><p>Bacharelado</p></td><td rowspan="1" colspan="1"><p>ENGENHARIA CIVIL</p></td><td rowspan="1" colspan="1"><p>20000</p></td><td rowspan="1" colspan="1"><p>CENTRO UNIVERSITARIO CIDADE VERDE - UNIFCV</p></td><td rowspan="1" colspan="1"><p>UNIAO MARINGAENSE DE ENSINO LTDA - EPP</p></td></tr><tr><td rowspan="1" colspan="1"><p>73</p></td><td rowspan="1" colspan="1"><p>202509292</p></td><td rowspan="1" colspan="1"><p>Bacharelado</p></td><td rowspan="1" colspan="1"><p>ENGENHARIA DE APLICAÇÃO</p></td><td rowspan="1" colspan="1"><p>500</p></td><td rowspan="1" colspan="1"><p>CENTRO UNIVERSITARIO CIDADE VERDE - UNIFCV</p></td><td rowspan="1" colspan="1"><p>UNIAO MARINGAENSE DE ENSINO LTDA - EPP</p></td></tr><tr><td rowspan="1" colspan="1"><p>74</p></td><td rowspan="1" colspan="1"><p>202509295</p></td><td rowspan="1" colspan="1"><p>Bacharelado</p></td><td rowspan="1" colspan="1"><p>ENGENHARIA DE COMPUTAÇÃO</p></td><td rowspan="1" colspan="1"><p>500</p></td><td rowspan="1" colspan="1"><p>CENTRO UNIVERSITARIO CIDADE VERDE - UNIFCV</p></td><td rowspan="1" colspan="1"><p>UNIAO MARINGAENSE DE ENSINO LTDA - EPP</p></td></tr><tr><td rowspan="1" colspan="1"><p>75</p></td><td rowspan="1" colspan="1"><p>202509293</p></td><td rowspan="1" colspan="1"><p>Bacharelado</p></td><td rowspan="1" colspan="1"><p>ENGENHARIA DE MANUTENÇÃO E DIAGNÓSTICO INDUSTRIAL</p></td><td rowspan="1" colspan="1"><p>500</p></td><td rowspan="1" colspan="1"><p>CENTRO UNIVERSITARIO CIDADE VERDE - UNIFCV</p></td><td rowspan="1" colspan="1"><p>UNIAO MARINGAENSE DE ENSINO LTDA - EPP</p></td></tr><tr><td rowspan="1" colspan="1"><p>76</p></td><td rowspan="1" colspan="1"><p>202509294</p></td><td rowspan="1" colspan="1"><p>Bacharelado</p></td><td rowspan="1" colspan="1"><p>ENGENHARIA DE PRODUÇÃO</p></td><td rowspan="1" colspan="1"><p>2000</p></td><td rowspan="1" colspan="1"><p>CENTRO UNIVERSITARIO CIDADE VERDE - UNIFCV</p></td><td rowspan="1" colspan="1"><p>UNIAO MARINGAENSE DE ENSINO LTDA - EPP</p></td></tr><tr><td rowspan="1" colspan="1"><p>77</p></td><td rowspan="1" colspan="1"><p>202509296</p></td><td rowspan="1" colspan="1"><p>Bacharelado</p></td><td rowspan="1" colspan="1"><p>ENGENHARIA DE SISTEMAS</p></td><td rowspan="1" colspan="1"><p>500</p></td><td rowspan="1" colspan="1"><p>CENTRO UNIVERSITARIO CIDADE VERDE - UNIFCV</p></td><td rowspan="1" colspan="1"><p>UNIAO MARINGAENSE DE ENSINO LTDA - EPP</p></td></tr><tr><td rowspan="1" colspan="1"><p>78</p></td><td rowspan="1" colspan="1"><p>202517965</p></td><td rowspan="1" colspan="1"><p>Tecnológico</p></td><td rowspan="1" colspan="1"><p>ESTÉTICA E COSMÉTICA</p></td><td rowspan="1" colspan="1"><p>300</p></td><td rowspan="1" colspan="1"><p>CENTRO UNIVERSITARIO CIDADE VERDE - UNIFCV</p></td><td rowspan="1" colspan="1"><p>UNIAO MARINGAENSE DE ENSINO LTDA - EPP</p></td></tr></table>]]></Texto>
  </body>
  <Midias />
</article></xml>