﻿<xml><article id="45414862" name="Res_REA_16.425_2025_SCE" idOficio="11280625" pubName="DO1" artType="Resolução" pubDate="12/09/2025" artClass="00035:00043:00021:00000:00000:00000:00000:00000:00000:00000:00024:00003" artCategory="Ministério de Minas e Energia/Agência Nacional de Energia Elétrica/Diretoria Colegiada" artSize="12" artNotes="" numberPage="168" pdfPage="http://pesquisa.in.gov.br/imprensa/jsp/visualiza/index.jsp?data=12/09/2025&amp;jornal=515&amp;pagina=168" editionNumber="174" highlightType="" highlightPriority="" highlight="" highlightimage="" highlightimagename="" idMateria="23101796">
  <body>
    <Identifica><![CDATA[ RESOLUÇÃO AUTORIZATIVA Nº 16.425, DE 9 DE SETEMBRO DE 2025]]></Identifica>
    <Data><![CDATA[]]></Data>
    <Ementa />
    <Titulo />
    <SubTitulo />
    <Texto><![CDATA[<p class="identifica">RESOLUÇÃO AUTORIZATIVA Nº 16.425, DE 9 DE SETEMBRO DE 2025</p><p>O DIRETOR-GERAL DA AGÊNCIA NACIONAL DE ENERGIA ELÉTRICA - ANEEL, com base no art. 16, IV, do Regimento Interno da ANEEL, resolve:</p><p>Processo nº: 48500.025620/2025-11. Interessado: Energisa Minas Rio - Distribuidora de Energia S.A. , CNPJ nº 19.527.639/0001-58. Objeto: : Declarar de utilidade pública, para instituição de servidão administrativa, em favor da interessada, a área de terra de 15 (quinze) metros de largura, necessária à passagem da Linha de Distribuição ALM-SNF, circuito simples, 11,4 kV, com, aproximadamente, 0,58 Km (580 metros) de extensão, que interligará o Poste ID 358312837 (0698189- 7685134) ao Poste ID 31986695 (0697987-7685691), localizada no município de Senador Firmino, no estado de Minas Gerais. A íntegra desta Resolução consta dos autos e encontra-se disponível no endereço eletrônico http://biblioteca.aneel.gov.br.</p><p class="assina">SANDOVAL DE ARAÚJO FEITOSA NETO</p>]]></Texto>
  </body>
  <Midias />
</article></xml>