﻿<xml><article id="45415204" name="RETIFICACAO NORMATIVA 226" idOficio="11280712" pubName="DO1" artType="Retificação" pubDate="12/09/2025" artClass="00053:00001:00000:00000:00000:00000:00000:00000:00000:00000:00066:00000" artCategory="Controladoria-Geral da União/Gabinete do Ministro" artSize="12" artNotes="" numberPage="209" pdfPage="http://pesquisa.in.gov.br/imprensa/jsp/visualiza/index.jsp?data=12/09/2025&amp;jornal=515&amp;pagina=209" editionNumber="174" highlightType="" highlightPriority="" highlight="" highlightimage="" highlightimagename="" idMateria="23101896">
  <body>
    <Identifica><![CDATA[ RETIFICAÇÃO]]></Identifica>
    <Data><![CDATA[]]></Data>
    <Ementa />
    <Titulo />
    <SubTitulo />
    <Texto><![CDATA[<p class="identifica">RETIFICAÇÃO</p><p>Na Portaria Normativa n° 226, de 09 de Setembro de 2025, publicada na edição do DOU n° 173, de 11-09-2025, seção 1, página 118, onde se lê: "PORTARIA NORMATIVA SE/CGU Nº 226, DE 9 DE SETEMBRO DE 2025", leia-se: "PORTARIA NORMATIVA CGU Nº 226, DE 9 DE SETEMBRO DE 2025"</p>]]></Texto>
  </body>
  <Midias />
</article></xml>