﻿<xml><article id="45406608" name="PORTARIA NA 611 - 11.09.2025_005" idOficio="11278735" pubName="DO1" artType="Portaria" pubDate="12/09/2025" artClass="00025:00046:00000:00000:00000:00000:00000:00000:00000:00000:00054:00000" artCategory="Ministério da Educação/Secretaria de Regulação e Supervisão da Educação Superior" artSize="24" artNotes="" numberPage="90" pdfPage="http://pesquisa.in.gov.br/imprensa/jsp/visualiza/index.jsp?data=12/09/2025&amp;jornal=515&amp;pagina=90" editionNumber="174" highlightType="" highlightPriority="" highlight="" highlightimage="" highlightimagename="" idMateria="23098718">
  <body>
    <Identifica />
    <Data><![CDATA[]]></Data>
    <Ementa />
    <Titulo />
    <SubTitulo />
    <Texto><![CDATA[<p /><p></p><table><tr /><tr><td rowspan="1" colspan="1"><p>196</p></td><td rowspan="1" colspan="1"><p>202510564</p></td><td rowspan="1" colspan="1"><p>Licenciatura</p></td><td rowspan="1" colspan="1"><p>PEDAGOGIA</p></td><td rowspan="1" colspan="1"><p>800</p></td><td rowspan="1" colspan="1"><p>FACULDADE DE AMERICANA - FAM</p></td><td rowspan="1" colspan="1"><p>ASSOCIACAO EDUCACIONAL AMERICANENSE</p></td></tr><tr><td rowspan="1" colspan="1"><p>197</p></td><td rowspan="1" colspan="1"><p>202515005</p></td><td rowspan="1" colspan="1"><p>Bacharelado</p></td><td rowspan="1" colspan="1"><p>CIÊNCIAS BIOLÓGICAS</p></td><td rowspan="1" colspan="1"><p>1000</p></td><td rowspan="1" colspan="1"><p>FACULDADE DE APUCARANA - FAP</p></td><td rowspan="1" colspan="1"><p>CESUAP CENTRO DE ENSINO SUPERIOR DE APUCARANA</p></td></tr><tr><td rowspan="1" colspan="1"><p>198</p></td><td rowspan="1" colspan="1"><p>202517632</p></td><td rowspan="1" colspan="1"><p>Tecnológico</p></td><td rowspan="1" colspan="1"><p>GESTÃO HOSPITALAR</p></td><td rowspan="1" colspan="1"><p>500</p></td><td rowspan="1" colspan="1"><p>FACULDADE DE CIENCIAS DA SAUDE SIRIO-LIBANES - SIRIO-LIBANES</p></td><td rowspan="1" colspan="1"><p>SOCIEDADE BENEFICENTE DE SENHORAS - HOSPITAL SIRIO LIBANES</p></td></tr><tr><td rowspan="1" colspan="1"><p>199</p></td><td rowspan="1" colspan="1"><p>202518104</p></td><td rowspan="1" colspan="1"><p>Bacharelado</p></td><td rowspan="1" colspan="1"><p>NUTRIÇÃO</p></td><td rowspan="1" colspan="1"><p>500</p></td><td rowspan="1" colspan="1"><p>FACULDADE DE CIENCIAS DA SAUDE SIRIO-LIBANES - SIRIO-LIBANES</p></td><td rowspan="1" colspan="1"><p>SOCIEDADE BENEFICENTE DE SENHORAS - HOSPITAL SIRIO LIBANES</p></td></tr><tr><td rowspan="1" colspan="1"><p>200</p></td><td rowspan="1" colspan="1"><p>202510935</p></td><td rowspan="1" colspan="1"><p>Licenciatura</p></td><td rowspan="1" colspan="1"><p>PEDAGOGIA</p></td><td rowspan="1" colspan="1"><p>2000</p></td><td rowspan="1" colspan="1"><p>FACULDADE DE CIENCIAS EDUCACIONAIS DE CAPIM GROSSO - FCG</p></td><td rowspan="1" colspan="1"><p>INSTITUTO DIAMANTINA DE EDUCACAO LTDA</p></td></tr><tr><td rowspan="1" colspan="1"><p>201</p></td><td rowspan="1" colspan="1"><p>202517343</p></td><td rowspan="1" colspan="1"><p>Licenciatura</p></td><td rowspan="1" colspan="1"><p>PEDAGOGIA</p></td><td rowspan="1" colspan="1"><p>225</p></td><td rowspan="1" colspan="1"><p>FACULDADE DE CIENCIAS EDUCACIONAIS E TECNOLOGIAS INTEGRADAS - FACETI</p></td><td rowspan="1" colspan="1"><p>CETI CENTRO EDUCACIONAL DE TECNOLOGIA INTEGRADA EIRELI</p></td></tr><tr><td rowspan="1" colspan="1"><p>202</p></td><td rowspan="1" colspan="1"><p>202517480</p></td><td rowspan="1" colspan="1"><p>Licenciatura</p></td><td rowspan="1" colspan="1"><p>EDUCAÇÃO FÍSICA</p></td><td rowspan="1" colspan="1"><p>80</p></td><td rowspan="1" colspan="1"><p>FACULDADE DE CIENCIAS HUMANAS DO ESTADO DE SAO PAULO - FACIC</p></td><td rowspan="1" colspan="1"><p>INSTITUTO NOSSA SENHORA APARECIDA - INSA</p></td></tr><tr><td rowspan="1" colspan="1"><p>203</p></td><td rowspan="1" colspan="1"><p>202518103</p></td><td rowspan="1" colspan="1"><p>Licenciatura</p></td><td rowspan="1" colspan="1"><p>LETRAS - PORTUGUÊS E INGLÊS</p></td><td rowspan="1" colspan="1"><p>60</p></td><td rowspan="1" colspan="1"><p>FACULDADE DE CIENCIAS HUMANAS DO ESTADO DE SAO PAULO - FACIC</p></td><td rowspan="1" colspan="1"><p>INSTITUTO NOSSA SENHORA APARECIDA - INSA</p></td></tr><tr><td rowspan="1" colspan="1"><p>204</p></td><td rowspan="1" colspan="1"><p>202511132</p></td><td rowspan="1" colspan="1"><p>Licenciatura</p></td><td rowspan="1" colspan="1"><p>MATEMÁTICA</p></td><td rowspan="1" colspan="1"><p>60</p></td><td rowspan="1" colspan="1"><p>FACULDADE DE CIENCIAS HUMANAS DO ESTADO DE SAO PAULO - FACIC</p></td><td rowspan="1" colspan="1"><p>INSTITUTO NOSSA SENHORA APARECIDA - INSA</p></td></tr><tr><td rowspan="1" colspan="1"><p>205</p></td><td rowspan="1" colspan="1"><p>202511133</p></td><td rowspan="1" colspan="1"><p>Licenciatura</p></td><td rowspan="1" colspan="1"><p>PEDAGOGIA</p></td><td rowspan="1" colspan="1"><p>150</p></td><td rowspan="1" colspan="1"><p>FACULDADE DE CIENCIAS HUMANAS DO ESTADO DE SAO PAULO - FACIC</p></td><td rowspan="1" colspan="1"><p>INSTITUTO NOSSA SENHORA APARECIDA - INSA</p></td></tr><tr><td rowspan="1" colspan="1"><p>206</p></td><td rowspan="1" colspan="1"><p>202518116</p></td><td rowspan="1" colspan="1"><p>Tecnológico</p></td><td rowspan="1" colspan="1"><p>GESTÃO HOSPITALAR</p></td><td rowspan="1" colspan="1"><p>100</p></td><td rowspan="1" colspan="1"><p>FACULDADE DE CIENCIAS MEDICAS CEMEPE - CEMEPE</p></td><td rowspan="1" colspan="1"><p>CEMEPE - CENTRO DE MEDICINA ESPECIALIZADA, PESQUISA E ENSINO LTDA.</p></td></tr><tr><td rowspan="1" colspan="1"><p>207</p></td><td rowspan="1" colspan="1"><p>202516498</p></td><td rowspan="1" colspan="1"><p>Licenciatura</p></td><td rowspan="1" colspan="1"><p>FILOSOFIA</p></td><td rowspan="1" colspan="1"><p>3000</p></td><td rowspan="1" colspan="1"><p>FACULDADE DE CIENCIAS, EDUCACAO E TEOLOGIA DO NORTE DO BRASIL - FACETEN</p></td><td rowspan="1" colspan="1"><p>INSTITUTO SUPERIOR DE EDUCACAO FACETEN LTDA - ISEF - ME</p></td></tr><tr><td rowspan="1" colspan="1"><p>208</p></td><td rowspan="1" colspan="1"><p>202507728</p></td><td rowspan="1" colspan="1"><p>Licenciatura</p></td><td rowspan="1" colspan="1"><p>HISTÓRIA</p></td><td rowspan="1" colspan="1"><p>3000</p></td><td rowspan="1" colspan="1"><p>FACULDADE DE CIENCIAS, EDUCACAO E TEOLOGIA DO NORTE DO BRASIL - FACETEN</p></td><td rowspan="1" colspan="1"><p>INSTITUTO SUPERIOR DE EDUCACAO FACETEN LTDA - ISEF - ME</p></td></tr><tr><td rowspan="1" colspan="1"><p>209</p></td><td rowspan="1" colspan="1"><p>202517885</p></td><td rowspan="1" colspan="1"><p>Licenciatura</p></td><td rowspan="1" colspan="1"><p>PEDAGOGIA</p></td><td rowspan="1" colspan="1"><p>3000</p></td><td rowspan="1" colspan="1"><p>FACULDADE DE CIENCIAS, EDUCACAO E TEOLOGIA DO NORTE DO BRASIL - FACETEN</p></td><td rowspan="1" colspan="1"><p>INSTITUTO SUPERIOR DE EDUCACAO FACETEN LTDA - ISEF - ME</p></td></tr><tr><td rowspan="1" colspan="1"><p>210</p></td><td rowspan="1" colspan="1"><p>202511230</p></td><td rowspan="1" colspan="1"><p>Licenciatura</p></td><td rowspan="1" colspan="1"><p>EDUCAÇÃO ESPECIAL</p></td><td rowspan="1" colspan="1"><p>2000</p></td><td rowspan="1" colspan="1"><p>FACULDADE DE CIENCIAS, EDUCACAO, SAUDE, PESQUISA E GESTAO - CENSUPEG</p></td><td rowspan="1" colspan="1"><p>SOCIEDADE DE EDUCACAO, CULTURA E TECNOLOGIA SAO FIDELIS LTDA</p></td></tr><tr><td rowspan="1" colspan="1"><p>211</p></td><td rowspan="1" colspan="1"><p>202517376</p></td><td rowspan="1" colspan="1"><p>Bacharelado</p></td><td rowspan="1" colspan="1"><p>EDUCAÇÃO FÍSICA</p></td><td rowspan="1" colspan="1"><p>1500</p></td><td rowspan="1" colspan="1"><p>FACULDADE DE CIENCIAS, EDUCACAO, SAUDE, PESQUISA E GESTAO - CENSUPEG</p></td><td rowspan="1" colspan="1"><p>SOCIEDADE DE EDUCACAO, CULTURA E TECNOLOGIA SAO FIDELIS LTDA</p></td></tr><tr><td rowspan="1" colspan="1"><p>212</p></td><td rowspan="1" colspan="1"><p>202509354</p></td><td rowspan="1" colspan="1"><p>Tecnológico</p></td><td rowspan="1" colspan="1"><p>GESTÃO AMBIENTAL</p></td><td rowspan="1" colspan="1"><p>750</p></td><td rowspan="1" colspan="1"><p>FACULDADE DE CIENCIAS, EDUCACAO, SAUDE, PESQUISA E GESTAO - CENSUPEG</p></td><td rowspan="1" colspan="1"><p>SOCIEDADE DE EDUCACAO, CULTURA E TECNOLOGIA SAO FIDELIS LTDA</p></td></tr><tr><td rowspan="1" colspan="1"><p>213</p></td><td rowspan="1" colspan="1"><p>202511228</p></td><td rowspan="1" colspan="1"><p>Licenciatura</p></td><td rowspan="1" colspan="1"><p>HISTÓRIA</p></td><td rowspan="1" colspan="1"><p>750</p></td><td rowspan="1" colspan="1"><p>FACULDADE DE CIENCIAS, EDUCACAO, SAUDE, PESQUISA E GESTAO - CENSUPEG</p></td><td rowspan="1" colspan="1"><p>SOCIEDADE DE EDUCACAO, CULTURA E TECNOLOGIA SAO FIDELIS LTDA</p></td></tr><tr><td rowspan="1" colspan="1"><p>214</p></td><td rowspan="1" colspan="1"><p>202511229</p></td><td rowspan="1" colspan="1"><p>Licenciatura</p></td><td rowspan="1" colspan="1"><p>LETRAS - LÍNGUA PORTUGUESA</p></td><td rowspan="1" colspan="1"><p>750</p></td><td rowspan="1" colspan="1"><p>FACULDADE DE CIENCIAS, EDUCACAO, SAUDE, PESQUISA E GESTAO - CENSUPEG</p></td><td rowspan="1" colspan="1"><p>SOCIEDADE DE EDUCACAO, CULTURA E TECNOLOGIA SAO FIDELIS LTDA</p></td></tr><tr><td rowspan="1" colspan="1"><p>215</p></td><td rowspan="1" colspan="1"><p>202511231</p></td><td rowspan="1" colspan="1"><p>Licenciatura</p></td><td rowspan="1" colspan="1"><p>PEDAGOGIA</p></td><td rowspan="1" colspan="1"><p>2500</p></td><td rowspan="1" colspan="1"><p>FACULDADE DE CIENCIAS, EDUCACAO, SAUDE, PESQUISA E GESTAO - CENSUPEG</p></td><td rowspan="1" colspan="1"><p>SOCIEDADE DE EDUCACAO, CULTURA E TECNOLOGIA SAO FIDELIS LTDA</p></td></tr><tr><td rowspan="1" colspan="1"><p>216</p></td><td rowspan="1" colspan="1"><p>202516250</p></td><td rowspan="1" colspan="1"><p>Licenciatura</p></td><td rowspan="1" colspan="1"><p>PEDAGOGIA</p></td><td rowspan="1" colspan="1"><p>400</p></td><td rowspan="1" colspan="1"><p>FACULDADE DE EDUCACAO DE TANGARA DA SERRA -</p></td><td rowspan="1" colspan="1"><p>AG EDUCACAO LTDA</p></td></tr><tr><td rowspan="1" colspan="1"><p>217</p></td><td rowspan="1" colspan="1"><p>202517408</p></td><td rowspan="1" colspan="1"><p>Licenciatura</p></td><td rowspan="1" colspan="1"><p>PEDAGOGIA</p></td><td rowspan="1" colspan="1"><p>600</p></td><td rowspan="1" colspan="1"><p>FACULDADE DE EDUCACAO DO PIAUI - FAEPI</p></td><td rowspan="1" colspan="1"><p>SETE - SOCIEDADE EDUCACIONAL DE TERESINA LTDA</p></td></tr><tr><td rowspan="1" colspan="1"><p>218</p></td><td rowspan="1" colspan="1"><p>202517911</p></td><td rowspan="1" colspan="1"><p>Bacharelado</p></td><td rowspan="1" colspan="1"><p>SERVIÇO SOCIAL</p></td><td rowspan="1" colspan="1"><p>600</p></td><td rowspan="1" colspan="1"><p>FACULDADE DE EDUCACAO DO PIAUI - FAEPI</p></td><td rowspan="1" colspan="1"><p>SETE - SOCIEDADE EDUCACIONAL DE TERESINA LTDA</p></td></tr><tr><td rowspan="1" colspan="1"><p>219</p></td><td rowspan="1" colspan="1"><p>202517399</p></td><td rowspan="1" colspan="1"><p>Licenciatura</p></td><td rowspan="1" colspan="1"><p>PEDAGOGIA</p></td><td rowspan="1" colspan="1"><p>400</p></td><td rowspan="1" colspan="1"><p>FACULDADE DE EDUCACAO E TECNOLOGIA DA AMAZONIA - FAM</p></td><td rowspan="1" colspan="1"><p>INSTITUTO EDUCACIONAL SEVEN LTDA</p></td></tr><tr><td rowspan="1" colspan="1"><p>220</p></td><td rowspan="1" colspan="1"><p>202511356</p></td><td rowspan="1" colspan="1"><p>Licenciatura</p></td><td rowspan="1" colspan="1"><p>PEDAGOGIA</p></td><td rowspan="1" colspan="1"><p>600</p></td><td rowspan="1" colspan="1"><p>FACULDADE DE EDUCACAO E TECNOLOGIA DO ESPIRITO SANTO - FETES</p></td><td rowspan="1" colspan="1"><p>SHIFT+ TECNOLOGIA EDUCACIONAL - EIRELI</p></td></tr><tr><td rowspan="1" colspan="1"><p>221</p></td><td rowspan="1" colspan="1"><p>202518005</p></td><td rowspan="1" colspan="1"><p>Tecnológico</p></td><td rowspan="1" colspan="1"><p>GESTÃO HOSPITALAR</p></td><td rowspan="1" colspan="1"><p>2000</p></td><td rowspan="1" colspan="1"><p>FACULDADE DE EDUCACAO E TECNOLOGIA DO PARA - FAETE</p></td><td rowspan="1" colspan="1"><p>INSTITUTO DE CIENCIA, EDUCACAO E CULTURA DA AMAZONIA - ICECA</p></td></tr><tr><td rowspan="1" colspan="1"><p>222</p></td><td rowspan="1" colspan="1"><p>202518021</p></td><td rowspan="1" colspan="1"><p>Licenciatura</p></td><td rowspan="1" colspan="1"><p>PEDAGOGIA</p></td><td rowspan="1" colspan="1"><p>2000</p></td><td rowspan="1" colspan="1"><p>FACULDADE DE EDUCACAO E TECNOLOGIA DO PARA - FAETE</p></td><td rowspan="1" colspan="1"><p>INSTITUTO DE CIENCIA, EDUCACAO E CULTURA DA AMAZONIA - ICECA</p></td></tr><tr><td rowspan="1" colspan="1"><p>223</p></td><td rowspan="1" colspan="1"><p>202512185</p></td><td rowspan="1" colspan="1"><p>Tecnológico</p></td><td rowspan="1" colspan="1"><p>GESTÃO HOSPITALAR</p></td><td rowspan="1" colspan="1"><p>1000</p></td><td rowspan="1" colspan="1"><p>FACULDADE DE EDUCACAO EM CIENCIAS DA SAUDE - FECS</p></td><td rowspan="1" colspan="1"><p>HOSPITAL ALEMAO OSWALDO CRUZ</p></td></tr><tr><td rowspan="1" colspan="1"><p>224</p></td><td rowspan="1" colspan="1"><p>202518101</p></td><td rowspan="1" colspan="1"><p>Licenciatura</p></td><td rowspan="1" colspan="1"><p>PEDAGOGIA</p></td><td rowspan="1" colspan="1"><p>500</p></td><td rowspan="1" colspan="1"><p>FACULDADE DE EDUCACAO MEMORIAL ADELAIDE FRANCO - FEMAF</p></td><td rowspan="1" colspan="1"><p>SOESPE SOCIEDADE DE EDUCACAO SUPERIOR DE PEDREIRAS LTDA</p></td></tr><tr><td rowspan="1" colspan="1"><p>225</p></td><td rowspan="1" colspan="1"><p>202517397</p></td><td rowspan="1" colspan="1"><p>Bacharelado</p></td><td rowspan="1" colspan="1"><p>SERVIÇO SOCIAL</p></td><td rowspan="1" colspan="1"><p>200</p></td><td rowspan="1" colspan="1"><p>FACULDADE DE EDUCACAO MEMORIAL ADELAIDE FRANCO - FEMAF</p></td><td rowspan="1" colspan="1"><p>SOESPE SOCIEDADE DE EDUCACAO SUPERIOR DE PEDREIRAS LTDA</p></td></tr><tr><td rowspan="1" colspan="1"><p>226</p></td><td rowspan="1" colspan="1"><p>202516140</p></td><td rowspan="1" colspan="1"><p>Licenciatura</p></td><td rowspan="1" colspan="1"><p>GEOGRAFIA</p></td><td rowspan="1" colspan="1"><p>2000</p></td><td rowspan="1" colspan="1"><p>FACULDADE DE EDUCACAO SAO LUIS - FESL</p></td><td rowspan="1" colspan="1"><p>ASSOCIACAO JABOTICABALENSE DE EDUCACAO E CULTURA</p></td></tr><tr><td rowspan="1" colspan="1"><p>227</p></td><td rowspan="1" colspan="1"><p>202516138</p></td><td rowspan="1" colspan="1"><p>Licenciatura</p></td><td rowspan="1" colspan="1"><p>HISTÓRIA</p></td><td rowspan="1" colspan="1"><p>16000</p></td><td rowspan="1" colspan="1"><p>FACULDADE DE EDUCACAO SAO LUIS - FESL</p></td><td rowspan="1" colspan="1"><p>ASSOCIACAO JABOTICABALENSE DE EDUCACAO E CULTURA</p></td></tr><tr><td rowspan="1" colspan="1"><p>228</p></td><td rowspan="1" colspan="1"><p>202510063</p></td><td rowspan="1" colspan="1"><p>Licenciatura</p></td><td rowspan="1" colspan="1"><p>PEDAGOGIA</p></td><td rowspan="1" colspan="1"><p>300</p></td><td rowspan="1" colspan="1"><p>FACULDADE DE EDUCACAO SAO LUIS - FESL</p></td><td rowspan="1" colspan="1"><p>ASSOCIACAO JABOTICABALENSE DE EDUCACAO E CULTURA</p></td></tr><tr><td rowspan="1" colspan="1"><p>229</p></td><td rowspan="1" colspan="1"><p>202518159</p></td><td rowspan="1" colspan="1"><p>Licenciatura</p></td><td rowspan="1" colspan="1"><p>PEDAGOGIA</p></td><td rowspan="1" colspan="1"><p>1000</p></td><td rowspan="1" colspan="1"><p>FACULDADE DE EDUCACAO SUPERIOR DE PERNAMBUCO - FACESP</p></td><td rowspan="1" colspan="1"><p>SOEVASF SOCIEDADE DE DESENVOLVIMENTO EDUCACIONAL, CULTURAL E SOCIAL DO VALE DO SAO FRANCISCO LTDA</p></td></tr></table>]]></Texto>
  </body>
  <Midias />
</article></xml>