﻿<xml><article id="45406491" name="PORTARIA NA 610 - 11.09.2025_003" idOficio="11278735" pubName="DO1" artType="Portaria" pubDate="12/09/2025" artClass="00025:00046:00000:00000:00000:00000:00000:00000:00000:00000:00054:00000" artCategory="Ministério da Educação/Secretaria de Regulação e Supervisão da Educação Superior" artSize="24" artNotes="" numberPage="81" pdfPage="http://pesquisa.in.gov.br/imprensa/jsp/visualiza/index.jsp?data=12/09/2025&amp;jornal=515&amp;pagina=81" editionNumber="174" highlightType="" highlightPriority="" highlight="" highlightimage="" highlightimagename="" idMateria="23098717">
  <body>
    <Identifica />
    <Data><![CDATA[]]></Data>
    <Ementa />
    <Titulo />
    <SubTitulo />
    <Texto><![CDATA[<p /><p></p><table><tr /><tr><td rowspan="1" colspan="1"><p>115</p></td><td rowspan="1" colspan="1"><p>202507970</p></td><td rowspan="1" colspan="1"><p>Bacharelado</p></td><td rowspan="1" colspan="1"><p>NUTRIÇÃO</p></td><td rowspan="1" colspan="1"><p>360</p></td><td rowspan="1" colspan="1"><p>CENTRO UNIVERSITARIO UNA - UNA</p></td><td rowspan="1" colspan="1"><p>BRASIL EDUCACAO S/A</p></td></tr><tr><td rowspan="1" colspan="1"><p>116</p></td><td rowspan="1" colspan="1"><p>202509832</p></td><td rowspan="1" colspan="1"><p>Licenciatura</p></td><td rowspan="1" colspan="1"><p>PEDAGOGIA</p></td><td rowspan="1" colspan="1"><p>350</p></td><td rowspan="1" colspan="1"><p>CENTRO UNIVERSITARIO UNA - UNA</p></td><td rowspan="1" colspan="1"><p>BRASIL EDUCACAO S/A</p></td></tr><tr><td rowspan="1" colspan="1"><p>117</p></td><td rowspan="1" colspan="1"><p>202507967</p></td><td rowspan="1" colspan="1"><p>Bacharelado</p></td><td rowspan="1" colspan="1"><p>SERVIÇO SOCIAL</p></td><td rowspan="1" colspan="1"><p>100</p></td><td rowspan="1" colspan="1"><p>CENTRO UNIVERSITARIO UNA - UNA</p></td><td rowspan="1" colspan="1"><p>BRASIL EDUCACAO S/A</p></td></tr><tr><td rowspan="1" colspan="1"><p>118</p></td><td rowspan="1" colspan="1"><p>202515442</p></td><td rowspan="1" colspan="1"><p>Bacharelado</p></td><td rowspan="1" colspan="1"><p>BIOMEDICINA</p></td><td rowspan="1" colspan="1"><p>960</p></td><td rowspan="1" colspan="1"><p>CENTRO UNIVERSITARIO UNA DE BOM DESPACHO - UNA</p></td><td rowspan="1" colspan="1"><p>FACEB EDUCACAO LTDA</p></td></tr><tr><td rowspan="1" colspan="1"><p>119</p></td><td rowspan="1" colspan="1"><p>202508648</p></td><td rowspan="1" colspan="1"><p>Bacharelado</p></td><td rowspan="1" colspan="1"><p>EDUCAÇÃO FÍSICA</p></td><td rowspan="1" colspan="1"><p>100</p></td><td rowspan="1" colspan="1"><p>CENTRO UNIVERSITARIO UNA DE BOM DESPACHO - UNA</p></td><td rowspan="1" colspan="1"><p>FACEB EDUCACAO LTDA</p></td></tr><tr><td rowspan="1" colspan="1"><p>120</p></td><td rowspan="1" colspan="1"><p>202508650</p></td><td rowspan="1" colspan="1"><p>Bacharelado</p></td><td rowspan="1" colspan="1"><p>FARMÁCIA</p></td><td rowspan="1" colspan="1"><p>120</p></td><td rowspan="1" colspan="1"><p>CENTRO UNIVERSITARIO UNA DE BOM DESPACHO - UNA</p></td><td rowspan="1" colspan="1"><p>FACEB EDUCACAO LTDA</p></td></tr><tr><td rowspan="1" colspan="1"><p>121</p></td><td rowspan="1" colspan="1"><p>202515444</p></td><td rowspan="1" colspan="1"><p>Bacharelado</p></td><td rowspan="1" colspan="1"><p>FISIOTERAPIA</p></td><td rowspan="1" colspan="1"><p>1080</p></td><td rowspan="1" colspan="1"><p>CENTRO UNIVERSITARIO UNA DE BOM DESPACHO - UNA</p></td><td rowspan="1" colspan="1"><p>FACEB EDUCACAO LTDA</p></td></tr><tr><td rowspan="1" colspan="1"><p>122</p></td><td rowspan="1" colspan="1"><p>202508644</p></td><td rowspan="1" colspan="1"><p>Bacharelado</p></td><td rowspan="1" colspan="1"><p>NUTRIÇÃO</p></td><td rowspan="1" colspan="1"><p>120</p></td><td rowspan="1" colspan="1"><p>CENTRO UNIVERSITARIO UNA DE BOM DESPACHO - UNA</p></td><td rowspan="1" colspan="1"><p>FACEB EDUCACAO LTDA</p></td></tr><tr><td rowspan="1" colspan="1"><p>123</p></td><td rowspan="1" colspan="1"><p>202515443</p></td><td rowspan="1" colspan="1"><p>Bacharelado</p></td><td rowspan="1" colspan="1"><p>NUTRIÇÃO</p></td><td rowspan="1" colspan="1"><p>800</p></td><td rowspan="1" colspan="1"><p>CENTRO UNIVERSITARIO UNA DE BOM DESPACHO - UNA</p></td><td rowspan="1" colspan="1"><p>FACEB EDUCACAO LTDA</p></td></tr><tr><td rowspan="1" colspan="1"><p>124</p></td><td rowspan="1" colspan="1"><p>202511260</p></td><td rowspan="1" colspan="1"><p>Licenciatura</p></td><td rowspan="1" colspan="1"><p>PEDAGOGIA</p></td><td rowspan="1" colspan="1"><p>742</p></td><td rowspan="1" colspan="1"><p>CENTRO UNIVERSITARIO UNA DE BOM DESPACHO - UNA</p></td><td rowspan="1" colspan="1"><p>FACEB EDUCACAO LTDA</p></td></tr><tr><td rowspan="1" colspan="1"><p>125</p></td><td rowspan="1" colspan="1"><p>202509118</p></td><td rowspan="1" colspan="1"><p>Bacharelado</p></td><td rowspan="1" colspan="1"><p>ENGENHARIA DE ALIMENTOS</p></td><td rowspan="1" colspan="1"><p>500</p></td><td rowspan="1" colspan="1"><p>CENTRO UNIVERSITARIO UNIAO DAS AMERICAS DESCOMPLICA - UNIAMÉRICA</p></td><td rowspan="1" colspan="1"><p>AIUA EDUCACIONAL LTDA</p></td></tr><tr><td rowspan="1" colspan="1"><p>126</p></td><td rowspan="1" colspan="1"><p>202509120</p></td><td rowspan="1" colspan="1"><p>Bacharelado</p></td><td rowspan="1" colspan="1"><p>ENGENHARIA DE COMPUTAÇÃO</p></td><td rowspan="1" colspan="1"><p>2100</p></td><td rowspan="1" colspan="1"><p>CENTRO UNIVERSITARIO UNIAO DAS AMERICAS DESCOMPLICA - UNIAMÉRICA</p></td><td rowspan="1" colspan="1"><p>AIUA EDUCACIONAL LTDA</p></td></tr><tr><td rowspan="1" colspan="1"><p>127</p></td><td rowspan="1" colspan="1"><p>202509119</p></td><td rowspan="1" colspan="1"><p>Bacharelado</p></td><td rowspan="1" colspan="1"><p>ENGENHARIA DE PRODUÇÃO</p></td><td rowspan="1" colspan="1"><p>100</p></td><td rowspan="1" colspan="1"><p>CENTRO UNIVERSITARIO UNIAO DAS AMERICAS DESCOMPLICA - UNIAMÉRICA</p></td><td rowspan="1" colspan="1"><p>AIUA EDUCACIONAL LTDA</p></td></tr><tr><td rowspan="1" colspan="1"><p>128</p></td><td rowspan="1" colspan="1"><p>202508426</p></td><td rowspan="1" colspan="1"><p>Bacharelado</p></td><td rowspan="1" colspan="1"><p>FARMÁCIA</p></td><td rowspan="1" colspan="1"><p>100</p></td><td rowspan="1" colspan="1"><p>CENTRO UNIVERSITARIO UNIAO DAS AMERICAS DESCOMPLICA - UNIAMÉRICA</p></td><td rowspan="1" colspan="1"><p>AIUA EDUCACIONAL LTDA</p></td></tr><tr><td rowspan="1" colspan="1"><p>129</p></td><td rowspan="1" colspan="1"><p>202508425</p></td><td rowspan="1" colspan="1"><p>Bacharelado</p></td><td rowspan="1" colspan="1"><p>NUTRIÇÃO</p></td><td rowspan="1" colspan="1"><p>500</p></td><td rowspan="1" colspan="1"><p>CENTRO UNIVERSITARIO UNIAO DAS AMERICAS DESCOMPLICA - UNIAMÉRICA</p></td><td rowspan="1" colspan="1"><p>AIUA EDUCACIONAL LTDA</p></td></tr><tr><td rowspan="1" colspan="1"><p>130</p></td><td rowspan="1" colspan="1"><p>202510768</p></td><td rowspan="1" colspan="1"><p>Licenciatura</p></td><td rowspan="1" colspan="1"><p>PEDAGOGIA</p></td><td rowspan="1" colspan="1"><p>600</p></td><td rowspan="1" colspan="1"><p>CENTRO UNIVERSITARIO UNIAO DAS AMERICAS DESCOMPLICA - UNIAMÉRICA</p></td><td rowspan="1" colspan="1"><p>AIUA EDUCACIONAL LTDA</p></td></tr><tr><td rowspan="1" colspan="1"><p>131</p></td><td rowspan="1" colspan="1"><p>202508505</p></td><td rowspan="1" colspan="1"><p>Bacharelado</p></td><td rowspan="1" colspan="1"><p>BIOMEDICINA</p></td><td rowspan="1" colspan="1"><p>9000</p></td><td rowspan="1" colspan="1"><p>Centro Universitário Uniasselvi de Blumenau</p></td><td rowspan="1" colspan="1"><p>SOCIEDADE EDUCACIONAL LEONARDO DA VINCI LTDA</p></td></tr><tr><td rowspan="1" colspan="1"><p>132</p></td><td rowspan="1" colspan="1"><p>202515312</p></td><td rowspan="1" colspan="1"><p>Bacharelado</p></td><td rowspan="1" colspan="1"><p>EDUCAÇÃO FÍSICA</p></td><td rowspan="1" colspan="1"><p>9999</p></td><td rowspan="1" colspan="1"><p>Centro Universitário Uniasselvi de Blumenau</p></td><td rowspan="1" colspan="1"><p>SOCIEDADE EDUCACIONAL LEONARDO DA VINCI LTDA</p></td></tr><tr><td rowspan="1" colspan="1"><p>133</p></td><td rowspan="1" colspan="1"><p>202516502</p></td><td rowspan="1" colspan="1"><p>Licenciatura</p></td><td rowspan="1" colspan="1"><p>EDUCAÇÃO FÍSICA</p></td><td rowspan="1" colspan="1"><p>9999</p></td><td rowspan="1" colspan="1"><p>Centro Universitário Uniasselvi de Blumenau</p></td><td rowspan="1" colspan="1"><p>SOCIEDADE EDUCACIONAL LEONARDO DA VINCI LTDA</p></td></tr><tr><td rowspan="1" colspan="1"><p>134</p></td><td rowspan="1" colspan="1"><p>202515311</p></td><td rowspan="1" colspan="1"><p>Bacharelado</p></td><td rowspan="1" colspan="1"><p>FARMÁCIA</p></td><td rowspan="1" colspan="1"><p>9999</p></td><td rowspan="1" colspan="1"><p>Centro Universitário Uniasselvi de Blumenau</p></td><td rowspan="1" colspan="1"><p>SOCIEDADE EDUCACIONAL LEONARDO DA VINCI LTDA</p></td></tr><tr><td rowspan="1" colspan="1"><p>135</p></td><td rowspan="1" colspan="1"><p>202515310</p></td><td rowspan="1" colspan="1"><p>Bacharelado</p></td><td rowspan="1" colspan="1"><p>FISIOTERAPIA</p></td><td rowspan="1" colspan="1"><p>9999</p></td><td rowspan="1" colspan="1"><p>Centro Universitário Uniasselvi de Blumenau</p></td><td rowspan="1" colspan="1"><p>SOCIEDADE EDUCACIONAL LEONARDO DA VINCI LTDA</p></td></tr><tr><td rowspan="1" colspan="1"><p>136</p></td><td rowspan="1" colspan="1"><p>202515309</p></td><td rowspan="1" colspan="1"><p>Bacharelado</p></td><td rowspan="1" colspan="1"><p>NUTRIÇÃO</p></td><td rowspan="1" colspan="1"><p>9999</p></td><td rowspan="1" colspan="1"><p>Centro Universitário Uniasselvi de Blumenau</p></td><td rowspan="1" colspan="1"><p>SOCIEDADE EDUCACIONAL LEONARDO DA VINCI LTDA</p></td></tr><tr><td rowspan="1" colspan="1"><p>137</p></td><td rowspan="1" colspan="1"><p>202515308</p></td><td rowspan="1" colspan="1"><p>Tecnológico</p></td><td rowspan="1" colspan="1"><p>RADIOLOGIA</p></td><td rowspan="1" colspan="1"><p>9999</p></td><td rowspan="1" colspan="1"><p>Centro Universitário Uniasselvi de Blumenau</p></td><td rowspan="1" colspan="1"><p>SOCIEDADE EDUCACIONAL LEONARDO DA VINCI LTDA</p></td></tr><tr><td rowspan="1" colspan="1"><p>138</p></td><td rowspan="1" colspan="1"><p>202515313</p></td><td rowspan="1" colspan="1"><p>Bacharelado</p></td><td rowspan="1" colspan="1"><p>TERAPIA OCUPACIONAL</p></td><td rowspan="1" colspan="1"><p>9999</p></td><td rowspan="1" colspan="1"><p>Centro Universitário Uniasselvi de Blumenau</p></td><td rowspan="1" colspan="1"><p>SOCIEDADE EDUCACIONAL LEONARDO DA VINCI LTDA</p></td></tr><tr><td rowspan="1" colspan="1"><p>139</p></td><td rowspan="1" colspan="1"><p>202518004</p></td><td rowspan="1" colspan="1"><p>Bacharelado</p></td><td rowspan="1" colspan="1"><p>ARQUITETURA E URBANISMO</p></td><td rowspan="1" colspan="1"><p>800</p></td><td rowspan="1" colspan="1"><p>CENTRO UNIVERSITARIO UNIBRAS MONTES BELOS - UNIBRAS</p></td><td rowspan="1" colspan="1"><p>CENTRO UNIVERSITARIO MONTES BELOS LTDA</p></td></tr><tr><td rowspan="1" colspan="1"><p>140</p></td><td rowspan="1" colspan="1"><p>202517548</p></td><td rowspan="1" colspan="1"><p>Bacharelado</p></td><td rowspan="1" colspan="1"><p>BIOMEDICINA</p></td><td rowspan="1" colspan="1"><p>800</p></td><td rowspan="1" colspan="1"><p>CENTRO UNIVERSITARIO UNIBRAS MONTES BELOS - UNIBRAS</p></td><td rowspan="1" colspan="1"><p>CENTRO UNIVERSITARIO MONTES BELOS LTDA</p></td></tr><tr><td rowspan="1" colspan="1"><p>141</p></td><td rowspan="1" colspan="1"><p>202508512</p></td><td rowspan="1" colspan="1"><p>Bacharelado</p></td><td rowspan="1" colspan="1"><p>EDUCAÇÃO FÍSICA</p></td><td rowspan="1" colspan="1"><p>800</p></td><td rowspan="1" colspan="1"><p>CENTRO UNIVERSITARIO UNIBRAS MONTES BELOS - UNIBRAS</p></td><td rowspan="1" colspan="1"><p>CENTRO UNIVERSITARIO MONTES BELOS LTDA</p></td></tr><tr><td rowspan="1" colspan="1"><p>142</p></td><td rowspan="1" colspan="1"><p>202517457</p></td><td rowspan="1" colspan="1"><p>Bacharelado</p></td><td rowspan="1" colspan="1"><p>ENGENHARIA CIVIL</p></td><td rowspan="1" colspan="1"><p>800</p></td><td rowspan="1" colspan="1"><p>CENTRO UNIVERSITARIO UNIBRAS MONTES BELOS - UNIBRAS</p></td><td rowspan="1" colspan="1"><p>CENTRO UNIVERSITARIO MONTES BELOS LTDA</p></td></tr><tr><td rowspan="1" colspan="1"><p>143</p></td><td rowspan="1" colspan="1"><p>202511991</p></td><td rowspan="1" colspan="1"><p>Tecnológico</p></td><td rowspan="1" colspan="1"><p>ESTÉTICA E COSMÉTICA</p></td><td rowspan="1" colspan="1"><p>800</p></td><td rowspan="1" colspan="1"><p>CENTRO UNIVERSITARIO UNIBRAS MONTES BELOS - UNIBRAS</p></td><td rowspan="1" colspan="1"><p>CENTRO UNIVERSITARIO MONTES BELOS LTDA</p></td></tr><tr><td rowspan="1" colspan="1"><p>144</p></td><td rowspan="1" colspan="1"><p>202518119</p></td><td rowspan="1" colspan="1"><p>Bacharelado</p></td><td rowspan="1" colspan="1"><p>FARMÁCIA</p></td><td rowspan="1" colspan="1"><p>800</p></td><td rowspan="1" colspan="1"><p>CENTRO UNIVERSITARIO UNIBRAS MONTES BELOS - UNIBRAS</p></td><td rowspan="1" colspan="1"><p>CENTRO UNIVERSITARIO MONTES BELOS LTDA</p></td></tr><tr><td rowspan="1" colspan="1"><p>145</p></td><td rowspan="1" colspan="1"><p>202517826</p></td><td rowspan="1" colspan="1"><p>Bacharelado</p></td><td rowspan="1" colspan="1"><p>FISIOTERAPIA</p></td><td rowspan="1" colspan="1"><p>800</p></td><td rowspan="1" colspan="1"><p>CENTRO UNIVERSITARIO UNIBRAS MONTES BELOS - UNIBRAS</p></td><td rowspan="1" colspan="1"><p>CENTRO UNIVERSITARIO MONTES BELOS LTDA</p></td></tr><tr><td rowspan="1" colspan="1"><p>146</p></td><td rowspan="1" colspan="1"><p>202518035</p></td><td rowspan="1" colspan="1"><p>Bacharelado</p></td><td rowspan="1" colspan="1"><p>NUTRIÇÃO</p></td><td rowspan="1" colspan="1"><p>800</p></td><td rowspan="1" colspan="1"><p>CENTRO UNIVERSITARIO UNIBRAS MONTES BELOS - UNIBRAS</p></td><td rowspan="1" colspan="1"><p>CENTRO UNIVERSITARIO MONTES BELOS LTDA</p></td></tr><tr><td rowspan="1" colspan="1"><p>147</p></td><td rowspan="1" colspan="1"><p>202510898</p></td><td rowspan="1" colspan="1"><p>Licenciatura</p></td><td rowspan="1" colspan="1"><p>PEDAGOGIA</p></td><td rowspan="1" colspan="1"><p>800</p></td><td rowspan="1" colspan="1"><p>CENTRO UNIVERSITARIO UNIBRAS MONTES BELOS - UNIBRAS</p></td><td rowspan="1" colspan="1"><p>CENTRO UNIVERSITARIO MONTES BELOS LTDA</p></td></tr><tr><td rowspan="1" colspan="1"><p>148</p></td><td rowspan="1" colspan="1"><p>202517743</p></td><td rowspan="1" colspan="1"><p>Bacharelado</p></td><td rowspan="1" colspan="1"><p>SERVIÇO SOCIAL</p></td><td rowspan="1" colspan="1"><p>800</p></td><td rowspan="1" colspan="1"><p>CENTRO UNIVERSITARIO UNIBRAS MONTES BELOS - UNIBRAS</p></td><td rowspan="1" colspan="1"><p>CENTRO UNIVERSITARIO MONTES BELOS LTDA</p></td></tr><tr><td rowspan="1" colspan="1"><p>149</p></td><td rowspan="1" colspan="1"><p>202509433</p></td><td rowspan="1" colspan="1"><p>Bacharelado</p></td><td rowspan="1" colspan="1"><p>AGRONOMIA</p></td><td rowspan="1" colspan="1"><p>1000</p></td><td rowspan="1" colspan="1"><p>CENTRO UNIVERSITARIO UNIBTA IM - UNIBTA IM</p></td><td rowspan="1" colspan="1"><p>OYA EDUCACIONAL LTDA</p></td></tr><tr><td rowspan="1" colspan="1"><p>150</p></td><td rowspan="1" colspan="1"><p>202509149</p></td><td rowspan="1" colspan="1"><p>Bacharelado</p></td><td rowspan="1" colspan="1"><p>ARQUITETURA E URBANISMO</p></td><td rowspan="1" colspan="1"><p>1000</p></td><td rowspan="1" colspan="1"><p>CENTRO UNIVERSITARIO UNIBTA IM - UNIBTA IM</p></td><td rowspan="1" colspan="1"><p>OYA EDUCACIONAL LTDA</p></td></tr><tr><td rowspan="1" colspan="1"><p>151</p></td><td rowspan="1" colspan="1"><p>202510830</p></td><td rowspan="1" colspan="1"><p>Licenciatura</p></td><td rowspan="1" colspan="1"><p>ARTES</p></td><td rowspan="1" colspan="1"><p>1000</p></td><td rowspan="1" colspan="1"><p>CENTRO UNIVERSITARIO UNIBTA IM - UNIBTA IM</p></td><td rowspan="1" colspan="1"><p>OYA EDUCACIONAL LTDA</p></td></tr><tr><td rowspan="1" colspan="1"><p>152</p></td><td rowspan="1" colspan="1"><p>202509152</p></td><td rowspan="1" colspan="1"><p>Tecnológico</p></td><td rowspan="1" colspan="1"><p>AUTOMAÇÃO INDUSTRIAL</p></td><td rowspan="1" colspan="1"><p>1000</p></td><td rowspan="1" colspan="1"><p>CENTRO UNIVERSITARIO UNIBTA IM - UNIBTA IM</p></td><td rowspan="1" colspan="1"><p>OYA EDUCACIONAL LTDA</p></td></tr><tr><td rowspan="1" colspan="1"><p>153</p></td><td rowspan="1" colspan="1"><p>202508460</p></td><td rowspan="1" colspan="1"><p>Bacharelado</p></td><td rowspan="1" colspan="1"><p>BIOMEDICINA</p></td><td rowspan="1" colspan="1"><p>1000</p></td><td rowspan="1" colspan="1"><p>CENTRO UNIVERSITARIO UNIBTA IM - UNIBTA IM</p></td><td rowspan="1" colspan="1"><p>OYA EDUCACIONAL LTDA</p></td></tr></table>]]></Texto>
  </body>
  <Midias />
</article></xml>