﻿<xml><article id="45406320" name="PORTARIA NA 607 - 11.09.2025_003" idOficio="11278735" pubName="DO1" artType="Portaria" pubDate="12/09/2025" artClass="00025:00046:00000:00000:00000:00000:00000:00000:00000:00000:00054:00000" artCategory="Ministério da Educação/Secretaria de Regulação e Supervisão da Educação Superior" artSize="24" artNotes="" numberPage="51" pdfPage="http://pesquisa.in.gov.br/imprensa/jsp/visualiza/index.jsp?data=12/09/2025&amp;jornal=515&amp;pagina=51" editionNumber="174" highlightType="" highlightPriority="" highlight="" highlightimage="" highlightimagename="" idMateria="23098714">
  <body>
    <Identifica />
    <Data><![CDATA[]]></Data>
    <Ementa />
    <Titulo />
    <SubTitulo />
    <Texto><![CDATA[<p /><p></p><table><tr /><tr><td rowspan="1" colspan="1"><p>84</p></td><td rowspan="1" colspan="1"><p>202510613</p></td><td rowspan="1" colspan="1"><p>Licenciatura</p></td><td rowspan="1" colspan="1"><p>GEOGRAFIA</p></td><td rowspan="1" colspan="1"><p>500</p></td><td rowspan="1" colspan="1"><p>CENTRO UNIVERSITARIO DO NORTE - UNINORTE</p></td><td rowspan="1" colspan="1"><p>CENESUP - CENTRO NACIONAL DE ENSINO SUPERIOR LTDA</p></td></tr><tr><td rowspan="1" colspan="1"><p>85</p></td><td rowspan="1" colspan="1"><p>202509035</p></td><td rowspan="1" colspan="1"><p>Tecnológico</p></td><td rowspan="1" colspan="1"><p>GESTÃO AMBIENTAL</p></td><td rowspan="1" colspan="1"><p>2000</p></td><td rowspan="1" colspan="1"><p>CENTRO UNIVERSITARIO DO NORTE - UNINORTE</p></td><td rowspan="1" colspan="1"><p>CENESUP - CENTRO NACIONAL DE ENSINO SUPERIOR LTDA</p></td></tr><tr><td rowspan="1" colspan="1"><p>86</p></td><td rowspan="1" colspan="1"><p>202511860</p></td><td rowspan="1" colspan="1"><p>Tecnológico</p></td><td rowspan="1" colspan="1"><p>GESTÃO HOSPITALAR</p></td><td rowspan="1" colspan="1"><p>49</p></td><td rowspan="1" colspan="1"><p>CENTRO UNIVERSITARIO DO NORTE - UNINORTE</p></td><td rowspan="1" colspan="1"><p>CENESUP - CENTRO NACIONAL DE ENSINO SUPERIOR LTDA</p></td></tr><tr><td rowspan="1" colspan="1"><p>87</p></td><td rowspan="1" colspan="1"><p>202510611</p></td><td rowspan="1" colspan="1"><p>Licenciatura</p></td><td rowspan="1" colspan="1"><p>HISTÓRIA</p></td><td rowspan="1" colspan="1"><p>500</p></td><td rowspan="1" colspan="1"><p>CENTRO UNIVERSITARIO DO NORTE - UNINORTE</p></td><td rowspan="1" colspan="1"><p>CENESUP - CENTRO NACIONAL DE ENSINO SUPERIOR LTDA</p></td></tr><tr><td rowspan="1" colspan="1"><p>88</p></td><td rowspan="1" colspan="1"><p>202510610</p></td><td rowspan="1" colspan="1"><p>Licenciatura</p></td><td rowspan="1" colspan="1"><p>LETRAS</p></td><td rowspan="1" colspan="1"><p>2000</p></td><td rowspan="1" colspan="1"><p>CENTRO UNIVERSITARIO DO NORTE - UNINORTE</p></td><td rowspan="1" colspan="1"><p>CENESUP - CENTRO NACIONAL DE ENSINO SUPERIOR LTDA</p></td></tr><tr><td rowspan="1" colspan="1"><p>89</p></td><td rowspan="1" colspan="1"><p>202510607</p></td><td rowspan="1" colspan="1"><p>Licenciatura</p></td><td rowspan="1" colspan="1"><p>LETRAS - ESPANHOL</p></td><td rowspan="1" colspan="1"><p>2000</p></td><td rowspan="1" colspan="1"><p>CENTRO UNIVERSITARIO DO NORTE - UNINORTE</p></td><td rowspan="1" colspan="1"><p>CENESUP - CENTRO NACIONAL DE ENSINO SUPERIOR LTDA</p></td></tr><tr><td rowspan="1" colspan="1"><p>90</p></td><td rowspan="1" colspan="1"><p>202510609</p></td><td rowspan="1" colspan="1"><p>Licenciatura</p></td><td rowspan="1" colspan="1"><p>LETRAS - INGLÊS</p></td><td rowspan="1" colspan="1"><p>200</p></td><td rowspan="1" colspan="1"><p>CENTRO UNIVERSITARIO DO NORTE - UNINORTE</p></td><td rowspan="1" colspan="1"><p>CENESUP - CENTRO NACIONAL DE ENSINO SUPERIOR LTDA</p></td></tr><tr><td rowspan="1" colspan="1"><p>91</p></td><td rowspan="1" colspan="1"><p>202510606</p></td><td rowspan="1" colspan="1"><p>Licenciatura</p></td><td rowspan="1" colspan="1"><p>MATEMÁTICA</p></td><td rowspan="1" colspan="1"><p>500</p></td><td rowspan="1" colspan="1"><p>CENTRO UNIVERSITARIO DO NORTE - UNINORTE</p></td><td rowspan="1" colspan="1"><p>CENESUP - CENTRO NACIONAL DE ENSINO SUPERIOR LTDA</p></td></tr><tr><td rowspan="1" colspan="1"><p>92</p></td><td rowspan="1" colspan="1"><p>202508297</p></td><td rowspan="1" colspan="1"><p>Bacharelado</p></td><td rowspan="1" colspan="1"><p>NUTRIÇÃO</p></td><td rowspan="1" colspan="1"><p>100</p></td><td rowspan="1" colspan="1"><p>CENTRO UNIVERSITARIO DO NORTE - UNINORTE</p></td><td rowspan="1" colspan="1"><p>CENESUP - CENTRO NACIONAL DE ENSINO SUPERIOR LTDA</p></td></tr><tr><td rowspan="1" colspan="1"><p>93</p></td><td rowspan="1" colspan="1"><p>202510612</p></td><td rowspan="1" colspan="1"><p>Licenciatura</p></td><td rowspan="1" colspan="1"><p>PEDAGOGIA</p></td><td rowspan="1" colspan="1"><p>100</p></td><td rowspan="1" colspan="1"><p>CENTRO UNIVERSITARIO DO NORTE - UNINORTE</p></td><td rowspan="1" colspan="1"><p>CENESUP - CENTRO NACIONAL DE ENSINO SUPERIOR LTDA</p></td></tr><tr><td rowspan="1" colspan="1"><p>94</p></td><td rowspan="1" colspan="1"><p>202516350</p></td><td rowspan="1" colspan="1"><p>Licenciatura</p></td><td rowspan="1" colspan="1"><p>PEDAGOGIA</p></td><td rowspan="1" colspan="1"><p>16000</p></td><td rowspan="1" colspan="1"><p>CENTRO UNIVERSITARIO DO NORTE - UNINORTE</p></td><td rowspan="1" colspan="1"><p>CENESUP - CENTRO NACIONAL DE ENSINO SUPERIOR LTDA</p></td></tr><tr><td rowspan="1" colspan="1"><p>95</p></td><td rowspan="1" colspan="1"><p>202508301</p></td><td rowspan="1" colspan="1"><p>Tecnológico</p></td><td rowspan="1" colspan="1"><p>PODOLOGIA</p></td><td rowspan="1" colspan="1"><p>8850</p></td><td rowspan="1" colspan="1"><p>CENTRO UNIVERSITARIO DO NORTE - UNINORTE</p></td><td rowspan="1" colspan="1"><p>CENESUP - CENTRO NACIONAL DE ENSINO SUPERIOR LTDA</p></td></tr><tr><td rowspan="1" colspan="1"><p>96</p></td><td rowspan="1" colspan="1"><p>202515218</p></td><td rowspan="1" colspan="1"><p>Tecnológico</p></td><td rowspan="1" colspan="1"><p>PODOLOGIA</p></td><td rowspan="1" colspan="1"><p>41250</p></td><td rowspan="1" colspan="1"><p>CENTRO UNIVERSITARIO DO NORTE - UNINORTE</p></td><td rowspan="1" colspan="1"><p>CENESUP - CENTRO NACIONAL DE ENSINO SUPERIOR LTDA</p></td></tr><tr><td rowspan="1" colspan="1"><p>97</p></td><td rowspan="1" colspan="1"><p>202515220</p></td><td rowspan="1" colspan="1"><p>Bacharelado</p></td><td rowspan="1" colspan="1"><p>SERVIÇO SOCIAL</p></td><td rowspan="1" colspan="1"><p>4000</p></td><td rowspan="1" colspan="1"><p>CENTRO UNIVERSITARIO DO NORTE - UNINORTE</p></td><td rowspan="1" colspan="1"><p>CENESUP - CENTRO NACIONAL DE ENSINO SUPERIOR LTDA</p></td></tr><tr><td rowspan="1" colspan="1"><p>98</p></td><td rowspan="1" colspan="1"><p>202517986</p></td><td rowspan="1" colspan="1"><p>Bacharelado</p></td><td rowspan="1" colspan="1"><p>SERVIÇO SOCIAL</p></td><td rowspan="1" colspan="1"><p>100</p></td><td rowspan="1" colspan="1"><p>CENTRO UNIVERSITARIO DO NORTE - UNINORTE</p></td><td rowspan="1" colspan="1"><p>CENESUP - CENTRO NACIONAL DE ENSINO SUPERIOR LTDA</p></td></tr><tr><td rowspan="1" colspan="1"><p>99</p></td><td rowspan="1" colspan="1"><p>202510614</p></td><td rowspan="1" colspan="1"><p>Licenciatura</p></td><td rowspan="1" colspan="1"><p>TEOLOGIA</p></td><td rowspan="1" colspan="1"><p>500</p></td><td rowspan="1" colspan="1"><p>CENTRO UNIVERSITARIO DO NORTE - UNINORTE</p></td><td rowspan="1" colspan="1"><p>CENESUP - CENTRO NACIONAL DE ENSINO SUPERIOR LTDA</p></td></tr><tr><td rowspan="1" colspan="1"><p>100</p></td><td rowspan="1" colspan="1"><p>202515219</p></td><td rowspan="1" colspan="1"><p>Bacharelado</p></td><td rowspan="1" colspan="1"><p>TERAPIA OCUPACIONAL</p></td><td rowspan="1" colspan="1"><p>4000</p></td><td rowspan="1" colspan="1"><p>CENTRO UNIVERSITARIO DO NORTE - UNINORTE</p></td><td rowspan="1" colspan="1"><p>CENESUP - CENTRO NACIONAL DE ENSINO SUPERIOR LTDA</p></td></tr><tr><td rowspan="1" colspan="1"><p>101</p></td><td rowspan="1" colspan="1"><p>202517006</p></td><td rowspan="1" colspan="1"><p>Tecnológico</p></td><td rowspan="1" colspan="1"><p>ESTÉTICA E COSMÉTICA</p></td><td rowspan="1" colspan="1"><p>960</p></td><td rowspan="1" colspan="1"><p>CENTRO UNIVERSITARIO DO NORTE DE SAO PAULO - UNORTE</p></td><td rowspan="1" colspan="1"><p>CIERP - CENTRO INTEGRADO DE ENSINO SUPERIOR DE RIO PRETO</p></td></tr><tr><td rowspan="1" colspan="1"><p>102</p></td><td rowspan="1" colspan="1"><p>202515420</p></td><td rowspan="1" colspan="1"><p>Bacharelado</p></td><td rowspan="1" colspan="1"><p>BIOMEDICINA</p></td><td rowspan="1" colspan="1"><p>9999</p></td><td rowspan="1" colspan="1"><p>CENTRO UNIVERSITARIO DO PARANA - UNIPA</p></td><td rowspan="1" colspan="1"><p>CESUMAR - CENTRO DE ENSINO SUPERIOR DE MARINGA LTDA</p></td></tr><tr><td rowspan="1" colspan="1"><p>103</p></td><td rowspan="1" colspan="1"><p>202508653</p></td><td rowspan="1" colspan="1"><p>Bacharelado</p></td><td rowspan="1" colspan="1"><p>EDUCAÇÃO FÍSICA</p></td><td rowspan="1" colspan="1"><p>10000</p></td><td rowspan="1" colspan="1"><p>CENTRO UNIVERSITARIO DO PARANA - UNIPA</p></td><td rowspan="1" colspan="1"><p>CESUMAR - CENTRO DE ENSINO SUPERIOR DE MARINGA LTDA</p></td></tr><tr><td rowspan="1" colspan="1"><p>104</p></td><td rowspan="1" colspan="1"><p>202511235</p></td><td rowspan="1" colspan="1"><p>Licenciatura</p></td><td rowspan="1" colspan="1"><p>EDUCAÇÃO FÍSICA</p></td><td rowspan="1" colspan="1"><p>10000</p></td><td rowspan="1" colspan="1"><p>CENTRO UNIVERSITARIO DO PARANA - UNIPA</p></td><td rowspan="1" colspan="1"><p>CESUMAR - CENTRO DE ENSINO SUPERIOR DE MARINGA LTDA</p></td></tr><tr><td rowspan="1" colspan="1"><p>105</p></td><td rowspan="1" colspan="1"><p>202515419</p></td><td rowspan="1" colspan="1"><p>Bacharelado</p></td><td rowspan="1" colspan="1"><p>FARMÁCIA</p></td><td rowspan="1" colspan="1"><p>9999</p></td><td rowspan="1" colspan="1"><p>CENTRO UNIVERSITARIO DO PARANA - UNIPA</p></td><td rowspan="1" colspan="1"><p>CESUMAR - CENTRO DE ENSINO SUPERIOR DE MARINGA LTDA</p></td></tr><tr><td rowspan="1" colspan="1"><p>106</p></td><td rowspan="1" colspan="1"><p>202515418</p></td><td rowspan="1" colspan="1"><p>Bacharelado</p></td><td rowspan="1" colspan="1"><p>FISIOTERAPIA</p></td><td rowspan="1" colspan="1"><p>9999</p></td><td rowspan="1" colspan="1"><p>CENTRO UNIVERSITARIO DO PARANA - UNIPA</p></td><td rowspan="1" colspan="1"><p>CESUMAR - CENTRO DE ENSINO SUPERIOR DE MARINGA LTDA</p></td></tr><tr><td rowspan="1" colspan="1"><p>107</p></td><td rowspan="1" colspan="1"><p>202515423</p></td><td rowspan="1" colspan="1"><p>Bacharelado</p></td><td rowspan="1" colspan="1"><p>NUTRIÇÃO</p></td><td rowspan="1" colspan="1"><p>9999</p></td><td rowspan="1" colspan="1"><p>CENTRO UNIVERSITARIO DO PARANA - UNIPA</p></td><td rowspan="1" colspan="1"><p>CESUMAR - CENTRO DE ENSINO SUPERIOR DE MARINGA LTDA</p></td></tr><tr><td rowspan="1" colspan="1"><p>108</p></td><td rowspan="1" colspan="1"><p>202515422</p></td><td rowspan="1" colspan="1"><p>Tecnológico</p></td><td rowspan="1" colspan="1"><p>RADIOLOGIA</p></td><td rowspan="1" colspan="1"><p>9999</p></td><td rowspan="1" colspan="1"><p>CENTRO UNIVERSITARIO DO PARANA - UNIPA</p></td><td rowspan="1" colspan="1"><p>CESUMAR - CENTRO DE ENSINO SUPERIOR DE MARINGA LTDA</p></td></tr><tr><td rowspan="1" colspan="1"><p>109</p></td><td rowspan="1" colspan="1"><p>202515421</p></td><td rowspan="1" colspan="1"><p>Bacharelado</p></td><td rowspan="1" colspan="1"><p>TERAPIA OCUPACIONAL</p></td><td rowspan="1" colspan="1"><p>9999</p></td><td rowspan="1" colspan="1"><p>CENTRO UNIVERSITARIO DO PARANA - UNIPA</p></td><td rowspan="1" colspan="1"><p>CESUMAR - CENTRO DE ENSINO SUPERIOR DE MARINGA LTDA</p></td></tr><tr><td rowspan="1" colspan="1"><p>110</p></td><td rowspan="1" colspan="1"><p>202517962</p></td><td rowspan="1" colspan="1"><p>Bacharelado</p></td><td rowspan="1" colspan="1"><p>ARQUITETURA E URBANISMO</p></td><td rowspan="1" colspan="1"><p>200</p></td><td rowspan="1" colspan="1"><p>CENTRO UNIVERSITARIO DO PLANALTO CENTRAL APPARECIDO DOS SANTOS - UNICEPLAC</p></td><td rowspan="1" colspan="1"><p>UNIAO EDUCACIONAL DO PLANALTO CENTRAL S.A</p></td></tr><tr><td rowspan="1" colspan="1"><p>111</p></td><td rowspan="1" colspan="1"><p>202508641</p></td><td rowspan="1" colspan="1"><p>Bacharelado</p></td><td rowspan="1" colspan="1"><p>BIOMEDICINA</p></td><td rowspan="1" colspan="1"><p>200</p></td><td rowspan="1" colspan="1"><p>CENTRO UNIVERSITARIO DO PLANALTO CENTRAL APPARECIDO DOS SANTOS - UNICEPLAC</p></td><td rowspan="1" colspan="1"><p>UNIAO EDUCACIONAL DO PLANALTO CENTRAL S.A</p></td></tr><tr><td rowspan="1" colspan="1"><p>112</p></td><td rowspan="1" colspan="1"><p>202508642</p></td><td rowspan="1" colspan="1"><p>Bacharelado</p></td><td rowspan="1" colspan="1"><p>EDUCAÇÃO FÍSICA</p></td><td rowspan="1" colspan="1"><p>240</p></td><td rowspan="1" colspan="1"><p>CENTRO UNIVERSITARIO DO PLANALTO CENTRAL APPARECIDO DOS SANTOS - UNICEPLAC</p></td><td rowspan="1" colspan="1"><p>UNIAO EDUCACIONAL DO PLANALTO CENTRAL S.A</p></td></tr><tr><td rowspan="1" colspan="1"><p>113</p></td><td rowspan="1" colspan="1"><p>202508640</p></td><td rowspan="1" colspan="1"><p>Bacharelado</p></td><td rowspan="1" colspan="1"><p>FARMÁCIA</p></td><td rowspan="1" colspan="1"><p>200</p></td><td rowspan="1" colspan="1"><p>CENTRO UNIVERSITARIO DO PLANALTO CENTRAL APPARECIDO DOS SANTOS - UNICEPLAC</p></td><td rowspan="1" colspan="1"><p>UNIAO EDUCACIONAL DO PLANALTO CENTRAL S.A</p></td></tr><tr><td rowspan="1" colspan="1"><p>114</p></td><td rowspan="1" colspan="1"><p>202517406</p></td><td rowspan="1" colspan="1"><p>Licenciatura</p></td><td rowspan="1" colspan="1"><p>PEDAGOGIA</p></td><td rowspan="1" colspan="1"><p>300</p></td><td rowspan="1" colspan="1"><p>CENTRO UNIVERSITARIO DO PLANALTO CENTRAL APPARECIDO DOS SANTOS - UNICEPLAC</p></td><td rowspan="1" colspan="1"><p>UNIAO EDUCACIONAL DO PLANALTO CENTRAL S.A</p></td></tr><tr><td rowspan="1" colspan="1"><p>115</p></td><td rowspan="1" colspan="1"><p>202508404</p></td><td rowspan="1" colspan="1"><p>Bacharelado</p></td><td rowspan="1" colspan="1"><p>BIOMEDICINA</p></td><td rowspan="1" colspan="1"><p>300</p></td><td rowspan="1" colspan="1"><p>CENTRO UNIVERSITARIO DO PLANALTO DE ARAXA - UNIARAXA</p></td><td rowspan="1" colspan="1"><p>FUNDACAO CULTURAL DE ARAXA</p></td></tr><tr><td rowspan="1" colspan="1"><p>116</p></td><td rowspan="1" colspan="1"><p>202508403</p></td><td rowspan="1" colspan="1"><p>Bacharelado</p></td><td rowspan="1" colspan="1"><p>EDUCAÇÃO FÍSICA</p></td><td rowspan="1" colspan="1"><p>200</p></td><td rowspan="1" colspan="1"><p>CENTRO UNIVERSITARIO DO PLANALTO DE ARAXA - UNIARAXA</p></td><td rowspan="1" colspan="1"><p>FUNDACAO CULTURAL DE ARAXA</p></td></tr><tr><td rowspan="1" colspan="1"><p>117</p></td><td rowspan="1" colspan="1"><p>202510730</p></td><td rowspan="1" colspan="1"><p>Licenciatura</p></td><td rowspan="1" colspan="1"><p>EDUCAÇÃO FÍSICA</p></td><td rowspan="1" colspan="1"><p>300</p></td><td rowspan="1" colspan="1"><p>CENTRO UNIVERSITARIO DO PLANALTO DE ARAXA - UNIARAXA</p></td><td rowspan="1" colspan="1"><p>FUNDACAO CULTURAL DE ARAXA</p></td></tr><tr><td rowspan="1" colspan="1"><p>118</p></td><td rowspan="1" colspan="1"><p>202509104</p></td><td rowspan="1" colspan="1"><p>Bacharelado</p></td><td rowspan="1" colspan="1"><p>ENGENHARIA AMBIENTAL E SANITÁRIA</p></td><td rowspan="1" colspan="1"><p>300</p></td><td rowspan="1" colspan="1"><p>CENTRO UNIVERSITARIO DO PLANALTO DE ARAXA - UNIARAXA</p></td><td rowspan="1" colspan="1"><p>FUNDACAO CULTURAL DE ARAXA</p></td></tr><tr><td rowspan="1" colspan="1"><p>119</p></td><td rowspan="1" colspan="1"><p>202509107</p></td><td rowspan="1" colspan="1"><p>Bacharelado</p></td><td rowspan="1" colspan="1"><p>ENGENHARIA CIVIL</p></td><td rowspan="1" colspan="1"><p>60</p></td><td rowspan="1" colspan="1"><p>CENTRO UNIVERSITARIO DO PLANALTO DE ARAXA - UNIARAXA</p></td><td rowspan="1" colspan="1"><p>FUNDACAO CULTURAL DE ARAXA</p></td></tr><tr><td rowspan="1" colspan="1"><p>120</p></td><td rowspan="1" colspan="1"><p>202509106</p></td><td rowspan="1" colspan="1"><p>Bacharelado</p></td><td rowspan="1" colspan="1"><p>ENGENHARIA DE PRODUÇÃO</p></td><td rowspan="1" colspan="1"><p>60</p></td><td rowspan="1" colspan="1"><p>CENTRO UNIVERSITARIO DO PLANALTO DE ARAXA - UNIARAXA</p></td><td rowspan="1" colspan="1"><p>FUNDACAO CULTURAL DE ARAXA</p></td></tr><tr><td rowspan="1" colspan="1"><p>121</p></td><td rowspan="1" colspan="1"><p>202509105</p></td><td rowspan="1" colspan="1"><p>Bacharelado</p></td><td rowspan="1" colspan="1"><p>ENGENHARIA ELÉTRICA</p></td><td rowspan="1" colspan="1"><p>300</p></td><td rowspan="1" colspan="1"><p>CENTRO UNIVERSITARIO DO PLANALTO DE ARAXA - UNIARAXA</p></td><td rowspan="1" colspan="1"><p>FUNDACAO CULTURAL DE ARAXA</p></td></tr><tr><td rowspan="1" colspan="1"><p>122</p></td><td rowspan="1" colspan="1"><p>202511893</p></td><td rowspan="1" colspan="1"><p>Tecnológico</p></td><td rowspan="1" colspan="1"><p>ESTÉTICA E COSMÉTICA</p></td><td rowspan="1" colspan="1"><p>300</p></td><td rowspan="1" colspan="1"><p>CENTRO UNIVERSITARIO DO PLANALTO DE ARAXA - UNIARAXA</p></td><td rowspan="1" colspan="1"><p>FUNDACAO CULTURAL DE ARAXA</p></td></tr></table>]]></Texto>
  </body>
  <Midias />
</article></xml>