﻿<xml><article id="45406707" name="PORTARIA NA 612 - 11.09.2025_004" idOficio="11278735" pubName="DO1" artType="Portaria" pubDate="12/09/2025" artClass="00025:00046:00000:00000:00000:00000:00000:00000:00000:00000:00054:00000" artCategory="Ministério da Educação/Secretaria de Regulação e Supervisão da Educação Superior" artSize="24" artNotes="" numberPage="98" pdfPage="http://pesquisa.in.gov.br/imprensa/jsp/visualiza/index.jsp?data=12/09/2025&amp;jornal=515&amp;pagina=98" editionNumber="174" highlightType="" highlightPriority="" highlight="" highlightimage="" highlightimagename="" idMateria="23098719">
  <body>
    <Identifica />
    <Data><![CDATA[]]></Data>
    <Ementa />
    <Titulo />
    <SubTitulo />
    <Texto><![CDATA[<p /><p></p><table><tr /><tr><td rowspan="1" colspan="1"><p>162</p></td><td rowspan="1" colspan="1"><p>202517516</p></td><td rowspan="1" colspan="1"><p>Licenciatura</p></td><td rowspan="1" colspan="1"><p>PEDAGOGIA</p></td><td rowspan="1" colspan="1"><p>1000</p></td><td rowspan="1" colspan="1"><p>INSTITUTO DE EDUCACAO SUPERIOR LATINOAMERICANO - SIGLA IESLA</p></td><td rowspan="1" colspan="1"><p>INSTITUTO DE EDUCACAO SUPERIOR LATINOAMERICANO - IESLA</p></td></tr><tr><td rowspan="1" colspan="1"><p>163</p></td><td rowspan="1" colspan="1"><p>202518142</p></td><td rowspan="1" colspan="1"><p>Licenciatura</p></td><td rowspan="1" colspan="1"><p>PEDAGOGIA</p></td><td rowspan="1" colspan="1"><p>4000</p></td><td rowspan="1" colspan="1"><p>INSTITUTO DE EDUCACAO SUPERIOR RAIMUNDO SA - IESRSA</p></td><td rowspan="1" colspan="1"><p>PIPEL-PICOS PETROLEO LTDA</p></td></tr><tr><td rowspan="1" colspan="1"><p>164</p></td><td rowspan="1" colspan="1"><p>202517815</p></td><td rowspan="1" colspan="1"><p>Bacharelado</p></td><td rowspan="1" colspan="1"><p>SERVIÇO SOCIAL</p></td><td rowspan="1" colspan="1"><p>4000</p></td><td rowspan="1" colspan="1"><p>INSTITUTO DE EDUCACAO SUPERIOR RAIMUNDO SA - IESRSA</p></td><td rowspan="1" colspan="1"><p>PIPEL-PICOS PETROLEO LTDA</p></td></tr><tr><td rowspan="1" colspan="1"><p>165</p></td><td rowspan="1" colspan="1"><p>202517983</p></td><td rowspan="1" colspan="1"><p>Licenciatura</p></td><td rowspan="1" colspan="1"><p>EDUCAÇÃO FÍSICA</p></td><td rowspan="1" colspan="1"><p>2000</p></td><td rowspan="1" colspan="1"><p>INSTITUTO DE ENSINO SUPERIOR MULTIPLO - IESM</p></td><td rowspan="1" colspan="1"><p>CENTRO DE ENSINO SUPERIOR MARIA DA CONCEICAO GASPAR LTDA</p></td></tr><tr><td rowspan="1" colspan="1"><p>166</p></td><td rowspan="1" colspan="1"><p>202511013</p></td><td rowspan="1" colspan="1"><p>Licenciatura</p></td><td rowspan="1" colspan="1"><p>PEDAGOGIA</p></td><td rowspan="1" colspan="1"><p>2000</p></td><td rowspan="1" colspan="1"><p>INSTITUTO DE ENSINO SUPERIOR MULTIPLO - IESM</p></td><td rowspan="1" colspan="1"><p>CENTRO DE ENSINO SUPERIOR MARIA DA CONCEICAO GASPAR LTDA</p></td></tr><tr><td rowspan="1" colspan="1"><p>167</p></td><td rowspan="1" colspan="1"><p>202517836</p></td><td rowspan="1" colspan="1"><p>Bacharelado</p></td><td rowspan="1" colspan="1"><p>NUTRIÇÃO</p></td><td rowspan="1" colspan="1"><p>200</p></td><td rowspan="1" colspan="1"><p>INSTITUTO DE PESQUISAS, ENSINO E GESTAO EM SAUDE - IPGS</p></td><td rowspan="1" colspan="1"><p>IPGS CONSULTORIA EM PESQUISA, ENSINO E GESTAO EM SAUDE LTDA - ME</p></td></tr><tr><td rowspan="1" colspan="1"><p>168</p></td><td rowspan="1" colspan="1"><p>202511152</p></td><td rowspan="1" colspan="1"><p>Licenciatura</p></td><td rowspan="1" colspan="1"><p>PEDAGOGIA</p></td><td rowspan="1" colspan="1"><p>50</p></td><td rowspan="1" colspan="1"><p>INSTITUTO FEDERAL DE EDUCACAO CIENCIA E TECNOLOGIA DE RONDONIA - IFRO</p></td><td rowspan="1" colspan="1"><p>INSTITUTO FEDERAL DE EDUCACAO,CIENCIA E TECNOLOGIA DE RONDONIA</p></td></tr><tr><td rowspan="1" colspan="1"><p>169</p></td><td rowspan="1" colspan="1"><p>202516654</p></td><td rowspan="1" colspan="1"><p>Licenciatura</p></td><td rowspan="1" colspan="1"><p>PEDAGOGIA</p></td><td rowspan="1" colspan="1"><p>400</p></td><td rowspan="1" colspan="1"><p>INSTITUTO FEDERAL DE EDUCACAO CIENCIA E TECNOLOGIA DE RONDONIA - IFRO</p></td><td rowspan="1" colspan="1"><p>INSTITUTO FEDERAL DE EDUCACAO,CIENCIA E TECNOLOGIA DE RONDONIA</p></td></tr><tr><td rowspan="1" colspan="1"><p>170</p></td><td rowspan="1" colspan="1"><p>202517358</p></td><td rowspan="1" colspan="1"><p>Licenciatura</p></td><td rowspan="1" colspan="1"><p>MATEMÁTICA</p></td><td rowspan="1" colspan="1"><p>280</p></td><td rowspan="1" colspan="1"><p>INSTITUTO FEDERAL DE EDUCACAO CIENCIA E TECNOLOGIA FARROUPILHA - IFFARROUPILHA</p></td><td rowspan="1" colspan="1"><p>INSTITUTO FEDERAL DE EDUCACAO, CIENCIA E TECNOLOGIA FARROUPILHA</p></td></tr><tr><td rowspan="1" colspan="1"><p>171</p></td><td rowspan="1" colspan="1"><p>202511107</p></td><td rowspan="1" colspan="1"><p>Licenciatura</p></td><td rowspan="1" colspan="1"><p>PROGRAMA ESPECIAL DE GRADUAÇÃO DE FORMAÇÃO DE PROFESSORES PARA A EDUCAÇÃO PROFISSIONAL</p></td><td rowspan="1" colspan="1"><p>160</p></td><td rowspan="1" colspan="1"><p>INSTITUTO FEDERAL DE EDUCACAO CIENCIA E TECNOLOGIA FARROUPILHA - IFFARROUPILHA</p></td><td rowspan="1" colspan="1"><p>INSTITUTO FEDERAL DE EDUCACAO, CIENCIA E TECNOLOGIA FARROUPILHA</p></td></tr><tr><td rowspan="1" colspan="1"><p>172</p></td><td rowspan="1" colspan="1"><p>202510977</p></td><td rowspan="1" colspan="1"><p>Licenciatura</p></td><td rowspan="1" colspan="1"><p>CIÊNCIAS BIOLÓGICAS</p></td><td rowspan="1" colspan="1"><p>150</p></td><td rowspan="1" colspan="1"><p>INSTITUTO FEDERAL DE EDUCACAO, CIENCIA E TECNOLOGIA DO NORTE DE MINAS GERAIS - IFNMG</p></td><td rowspan="1" colspan="1"><p>INSTITUTO FEDERAL DE EDUCACAO, CIENCIA E TECNOLOGIA DO NORTE DE MINAS GERAIS</p></td></tr><tr><td rowspan="1" colspan="1"><p>173</p></td><td rowspan="1" colspan="1"><p>202510978</p></td><td rowspan="1" colspan="1"><p>Licenciatura</p></td><td rowspan="1" colspan="1"><p>LETRAS - LIBRAS</p></td><td rowspan="1" colspan="1"><p>60</p></td><td rowspan="1" colspan="1"><p>INSTITUTO FEDERAL DE EDUCACAO, CIENCIA E TECNOLOGIA DO NORTE DE MINAS GERAIS - IFNMG</p></td><td rowspan="1" colspan="1"><p>INSTITUTO FEDERAL DE EDUCACAO, CIENCIA E TECNOLOGIA DO NORTE DE MINAS GERAIS</p></td></tr><tr><td rowspan="1" colspan="1"><p>174</p></td><td rowspan="1" colspan="1"><p>202516578</p></td><td rowspan="1" colspan="1"><p>Licenciatura</p></td><td rowspan="1" colspan="1"><p>MATEMÁTICA</p></td><td rowspan="1" colspan="1"><p>800</p></td><td rowspan="1" colspan="1"><p>INSTITUTO FEDERAL DE EDUCACAO, CIENCIA E TECNOLOGIA DO NORTE DE MINAS GERAIS - IFNMG</p></td><td rowspan="1" colspan="1"><p>INSTITUTO FEDERAL DE EDUCACAO, CIENCIA E TECNOLOGIA DO NORTE DE MINAS GERAIS</p></td></tr><tr><td rowspan="1" colspan="1"><p>175</p></td><td rowspan="1" colspan="1"><p>202510975</p></td><td rowspan="1" colspan="1"><p>Licenciatura</p></td><td rowspan="1" colspan="1"><p>PEDAGOGIA</p></td><td rowspan="1" colspan="1"><p>600</p></td><td rowspan="1" colspan="1"><p>INSTITUTO FEDERAL DE EDUCACAO, CIENCIA E TECNOLOGIA DO NORTE DE MINAS GERAIS - IFNMG</p></td><td rowspan="1" colspan="1"><p>INSTITUTO FEDERAL DE EDUCACAO, CIENCIA E TECNOLOGIA DO NORTE DE MINAS GERAIS</p></td></tr><tr><td rowspan="1" colspan="1"><p>176</p></td><td rowspan="1" colspan="1"><p>202517839</p></td><td rowspan="1" colspan="1"><p>Licenciatura</p></td><td rowspan="1" colspan="1"><p>COMPUTAÇÃO</p></td><td rowspan="1" colspan="1"><p>260</p></td><td rowspan="1" colspan="1"><p>INSTITUTO FEDERAL DE EDUCACAO, CIENCIA E TECNOLOGIA DA BAHIA - IFETBA</p></td><td rowspan="1" colspan="1"><p>INSTITUTO FEDERAL DE EDUCACAO, CIENCIA E TECNOLOGIA DA BAHIA</p></td></tr><tr><td rowspan="1" colspan="1"><p>177</p></td><td rowspan="1" colspan="1"><p>202510239</p></td><td rowspan="1" colspan="1"><p>Licenciatura</p></td><td rowspan="1" colspan="1"><p>EDUCAÇÃO FÍSICA</p></td><td rowspan="1" colspan="1"><p>150</p></td><td rowspan="1" colspan="1"><p>INSTITUTO FEDERAL DE EDUCACAO, CIENCIA E TECNOLOGIA DA BAHIA - IFETBA</p></td><td rowspan="1" colspan="1"><p>INSTITUTO FEDERAL DE EDUCACAO, CIENCIA E TECNOLOGIA DA BAHIA</p></td></tr><tr><td rowspan="1" colspan="1"><p>178</p></td><td rowspan="1" colspan="1"><p>202510238</p></td><td rowspan="1" colspan="1"><p>Licenciatura</p></td><td rowspan="1" colspan="1"><p>EDUCAÇÃO PROFISSIONAL E TECNOLÓGICA</p></td><td rowspan="1" colspan="1"><p>250</p></td><td rowspan="1" colspan="1"><p>INSTITUTO FEDERAL DE EDUCACAO, CIENCIA E TECNOLOGIA DA BAHIA - IFETBA</p></td><td rowspan="1" colspan="1"><p>INSTITUTO FEDERAL DE EDUCACAO, CIENCIA E TECNOLOGIA DA BAHIA</p></td></tr><tr><td rowspan="1" colspan="1"><p>179</p></td><td rowspan="1" colspan="1"><p>202510237</p></td><td rowspan="1" colspan="1"><p>Licenciatura</p></td><td rowspan="1" colspan="1"><p>FÍSICA</p></td><td rowspan="1" colspan="1"><p>350</p></td><td rowspan="1" colspan="1"><p>INSTITUTO FEDERAL DE EDUCACAO, CIENCIA E TECNOLOGIA DA BAHIA - IFETBA</p></td><td rowspan="1" colspan="1"><p>INSTITUTO FEDERAL DE EDUCACAO, CIENCIA E TECNOLOGIA DA BAHIA</p></td></tr><tr><td rowspan="1" colspan="1"><p>180</p></td><td rowspan="1" colspan="1"><p>202510235</p></td><td rowspan="1" colspan="1"><p>Licenciatura</p></td><td rowspan="1" colspan="1"><p>MATEMÁTICA</p></td><td rowspan="1" colspan="1"><p>140</p></td><td rowspan="1" colspan="1"><p>INSTITUTO FEDERAL DE EDUCACAO, CIENCIA E TECNOLOGIA DA BAHIA - IFETBA</p></td><td rowspan="1" colspan="1"><p>INSTITUTO FEDERAL DE EDUCACAO, CIENCIA E TECNOLOGIA DA BAHIA</p></td></tr><tr><td rowspan="1" colspan="1"><p>181</p></td><td rowspan="1" colspan="1"><p>202510474</p></td><td rowspan="1" colspan="1"><p>Licenciatura</p></td><td rowspan="1" colspan="1"><p>LETRAS - LÍNGUA PORTUGUESA</p></td><td rowspan="1" colspan="1"><p>400</p></td><td rowspan="1" colspan="1"><p>INSTITUTO FEDERAL DE EDUCACAO, CIENCIA E TECNOLOGIA DA PARAIBA - IFPB</p></td><td rowspan="1" colspan="1"><p>INSTITUTO FEDERAL DE EDUCACAO, CIENCIA E TECNOLOGIA DA PARAIBA</p></td></tr><tr><td rowspan="1" colspan="1"><p>182</p></td><td rowspan="1" colspan="1"><p>202510963</p></td><td rowspan="1" colspan="1"><p>Licenciatura</p></td><td rowspan="1" colspan="1"><p>CIÊNCIAS BIOLÓGICAS</p></td><td rowspan="1" colspan="1"><p>180</p></td><td rowspan="1" colspan="1"><p>INSTITUTO FEDERAL DE EDUCACAO, CIENCIA E TECNOLOGIA DE ALAGOAS - IFAL - IFAL</p></td><td rowspan="1" colspan="1"><p>INSTITUTO FEDERAL DE EDUCACAO, CIENCIA E TECNOLOGIA DE ALAGOAS - IF/AL</p></td></tr><tr><td rowspan="1" colspan="1"><p>183</p></td><td rowspan="1" colspan="1"><p>202510964</p></td><td rowspan="1" colspan="1"><p>Licenciatura</p></td><td rowspan="1" colspan="1"><p>LETRAS - PORTUGUÊS</p></td><td rowspan="1" colspan="1"><p>250</p></td><td rowspan="1" colspan="1"><p>INSTITUTO FEDERAL DE EDUCACAO, CIENCIA E TECNOLOGIA DE ALAGOAS - IFAL - IFAL</p></td><td rowspan="1" colspan="1"><p>INSTITUTO FEDERAL DE EDUCACAO, CIENCIA E TECNOLOGIA DE ALAGOAS - IF/AL</p></td></tr><tr><td rowspan="1" colspan="1"><p>184</p></td><td rowspan="1" colspan="1"><p>202516571</p></td><td rowspan="1" colspan="1"><p>Licenciatura</p></td><td rowspan="1" colspan="1"><p>PEDAGOGIA</p></td><td rowspan="1" colspan="1"><p>1440</p></td><td rowspan="1" colspan="1"><p>INSTITUTO FEDERAL DE EDUCACAO, CIENCIA E TECNOLOGIA DE ALAGOAS - IFAL - IFAL</p></td><td rowspan="1" colspan="1"><p>INSTITUTO FEDERAL DE EDUCACAO, CIENCIA E TECNOLOGIA DE ALAGOAS - IF/AL</p></td></tr><tr><td rowspan="1" colspan="1"><p>185</p></td><td rowspan="1" colspan="1"><p>202516698</p></td><td rowspan="1" colspan="1"><p>Licenciatura</p></td><td rowspan="1" colspan="1"><p>LETRAS - LíNGUA INGLESA</p></td><td rowspan="1" colspan="1"><p>5520</p></td><td rowspan="1" colspan="1"><p>INSTITUTO FEDERAL DE EDUCACAO, CIENCIA E TECNOLOGIA DE BRASILIA - IFB</p></td><td rowspan="1" colspan="1"><p>INSTITUTO FEDERAL DE EDUCACAO, CIENCIA E TECNOLOGIA DE BRASILIA</p></td></tr><tr><td rowspan="1" colspan="1"><p>186</p></td><td rowspan="1" colspan="1"><p>202511236</p></td><td rowspan="1" colspan="1"><p>Licenciatura</p></td><td rowspan="1" colspan="1"><p>MATEMÁTICA</p></td><td rowspan="1" colspan="1"><p>180</p></td><td rowspan="1" colspan="1"><p>INSTITUTO FEDERAL DE EDUCACAO, CIENCIA E TECNOLOGIA DE BRASILIA - IFB</p></td><td rowspan="1" colspan="1"><p>INSTITUTO FEDERAL DE EDUCACAO, CIENCIA E TECNOLOGIA DE BRASILIA</p></td></tr><tr><td rowspan="1" colspan="1"><p>187</p></td><td rowspan="1" colspan="1"><p>202510967</p></td><td rowspan="1" colspan="1"><p>Licenciatura</p></td><td rowspan="1" colspan="1"><p>MATEMÁTICA</p></td><td rowspan="1" colspan="1"><p>1250</p></td><td rowspan="1" colspan="1"><p>INSTITUTO FEDERAL DE EDUCACAO, CIENCIA E TECNOLOGIA DE MATO GROSSO - IFMT - IFMT</p></td><td rowspan="1" colspan="1"><p>INSTITUTO FEDERAL DE MATO GROSSO</p></td></tr><tr><td rowspan="1" colspan="1"><p>188</p></td><td rowspan="1" colspan="1"><p>202516574</p></td><td rowspan="1" colspan="1"><p>Licenciatura</p></td><td rowspan="1" colspan="1"><p>PEDAGOGIA</p></td><td rowspan="1" colspan="1"><p>1350</p></td><td rowspan="1" colspan="1"><p>INSTITUTO FEDERAL DE EDUCACAO, CIENCIA E TECNOLOGIA DE MATO GROSSO - IFMT - IFMT</p></td><td rowspan="1" colspan="1"><p>INSTITUTO FEDERAL DE MATO GROSSO</p></td></tr><tr><td rowspan="1" colspan="1"><p>189</p></td><td rowspan="1" colspan="1"><p>202517729</p></td><td rowspan="1" colspan="1"><p>Licenciatura</p></td><td rowspan="1" colspan="1"><p>QUÍMICA</p></td><td rowspan="1" colspan="1"><p>250</p></td><td rowspan="1" colspan="1"><p>INSTITUTO FEDERAL DE EDUCACAO, CIENCIA E TECNOLOGIA DE MATO GROSSO - IFMT - IFMT</p></td><td rowspan="1" colspan="1"><p>INSTITUTO FEDERAL DE MATO GROSSO</p></td></tr><tr><td rowspan="1" colspan="1"><p>190</p></td><td rowspan="1" colspan="1"><p>202517315</p></td><td rowspan="1" colspan="1"><p>Licenciatura</p></td><td rowspan="1" colspan="1"><p>GEOGRAFIA</p></td><td rowspan="1" colspan="1"><p>324</p></td><td rowspan="1" colspan="1"><p>INSTITUTO FEDERAL DE EDUCACAO, CIENCIA E TECNOLOGIA DE PERNAMBUCO - IFPE</p></td><td rowspan="1" colspan="1"><p>INSTITUTO FEDERAL DE EDUCACAO, CIENCIA E TECNOLOGIA DE PERNAMBUCO</p></td></tr><tr><td rowspan="1" colspan="1"><p>191</p></td><td rowspan="1" colspan="1"><p>202509146</p></td><td rowspan="1" colspan="1"><p>Tecnológico</p></td><td rowspan="1" colspan="1"><p>GESTÃO AMBIENTAL</p></td><td rowspan="1" colspan="1"><p>96</p></td><td rowspan="1" colspan="1"><p>INSTITUTO FEDERAL DE EDUCACAO, CIENCIA E TECNOLOGIA DE PERNAMBUCO - IFPE</p></td><td rowspan="1" colspan="1"><p>INSTITUTO FEDERAL DE EDUCACAO, CIENCIA E TECNOLOGIA DE PERNAMBUCO</p></td></tr></table>]]></Texto>
  </body>
  <Midias />
</article></xml>