﻿<xml><article id="45415099" name="ATO Despacho do Diretor Presiden" idOficio="11280690" pubName="DO1" artType="Deliberação" pubDate="12/09/2025" artClass="00015:00025:00012:00000:00000:00000:00000:00000:00000:00000:00022:00000" artCategory="Ministério da Cultura/Agência Nacional do Cinema/Gabinete do Diretor Presidente" artSize="12" artNotes="" numberPage="23" pdfPage="http://pesquisa.in.gov.br/imprensa/jsp/visualiza/index.jsp?data=12/09/2025&amp;jornal=515&amp;pagina=23" editionNumber="174" highlightType="" highlightPriority="" highlight="" highlightimage="" highlightimagename="" idMateria="23101871">
  <body>
    <Identifica><![CDATA[ Despacho nº 117-E, de 11 de setembro de 2025]]></Identifica>
    <Data><![CDATA[]]></Data>
    <Ementa />
    <Titulo />
    <SubTitulo />
    <Texto><![CDATA[<p class="identifica">Despacho nº 117-E, de 11 de setembro de 2025</p><p>O DIRETOR-PRESIDENTE DA AGÊNCIA NACIONAL DO CINEMA - ANCINE, no uso das atribuições previstas no art. 13, III, do Anexo I ao Decreto nº. 8.283, de 3 de julho de 2014, torna públicas as seguintes Deliberações de Diretoria Colegiada:</p><p>Art. 1º Aprovar para execução os projetos audiovisuais para os quais as proponentes ficam autorizadas a captar recursos, nos termos das legislações indicadas.</p><p>22-0619 A CUIDADORA</p><p>Processo: 01416.007823/2022-61</p><p>Proponente: BIÔNICA CINEMA E TV LTDA ME</p><p>Cidade/UF: São Paulo / SP</p><p>CNPJ: 07.570.789/0001-65</p><p>Valor total aprovado: de R$ 7.672.500,00 para R$ 5.543.398,56</p><p>Valor aprovado no art. 1º da Lei nº. 8.685/93: de R$ 1.000.000,00 para R$ 119.379,64</p><p>Banco: 001 - agência: 4328-1 conta corrente: 9036-0</p><p>Valor aprovado no art. 1º-A da Lei nº. 8.685/93: de R$ 0,00 para R$ 119.380,44</p><p>Banco: 001 - agência: 4328-1 conta corrente: 8869-2</p><p>Valor aprovado no art. 3º da Lei nº. 8.685/93: de R$ 0,00 para R$ 300.000,00</p><p>Banco: 001 - agência: 4328-1 conta corrente: 12412-5</p><p>Valor aprovado no art. 3º-A da Lei nº. 8.685/93: de R$ 3.000.000,00 para R$ 254.085,91</p><p>Banco: 001 - agência: 4328-1 conta corrente: 8870-6</p><p>Valor aprovado no art. 39, inciso X, da Medida Provisória nº. 2.228-1/01: de R$ 1.500.000,00 para R$ 0,00</p><p>Aprovado pela Deliberação Ad Referendum nº. 525-E, de 29/08/2025, ratificada pela Reunião de Diretoria Colegiada nº. 944, realizada em 05/09/2025</p><p>Prazo de captação: acompanha o prazo de execução financeira, conforme o art. 25 da Instrução Normativa ANCINE nº. 158, de 23 de dezembro de 2021</p><p>24-0423 ENCONTRADAS</p><p>Processo: 01416.002670/2024-27</p><p>Proponente: LATINAMERICA ENTRETENIMENTO INTERNACIONAL LTDA</p><p>Cidade/UF: São Paulo / SP</p><p>CNPJ: 09.416.289/0001-07</p><p>Valor total aprovado: de R$ 20.002.000,00 para R$ 18.090.999,99</p><p>Valor aprovado no art. 1º da Lei nº. 8.685/93: de R$ 4.000.000,00 para R$ 1.893.155,50</p><p>Banco: 001 - agência: 3235-2 conta corrente: 1596-2</p><p>Valor aprovado no art. 3º da Lei nº. 8.685/93: R$ 9.000.000,00</p><p>Banco: 001 - agência: 3235-2 conta corrente: 1597-0</p><p>Aprovado pela Reunião de Diretoria Colegiada nº. 944, realizada em 05/09/2025</p><p>Prazo de captação: acompanha o prazo de execução financeira, conforme o art. 25 da Instrução Normativa ANCINE nº. 158, de 23 de dezembro de 2021</p><p>23-0872 PET QUE TE PARIU (EX - FREEFTY)</p><p>Processo: 01416.006731/2023-44</p><p>Proponente: ELO AUDIOVISUAL SERVIÇOS LTDA</p><p>Cidade/UF: São Paulo / SP</p><p>CNPJ: 07.700.630/0001-18</p><p>Valor total aprovado: de R$ 8.421.052,63 para R$ 8.421.052,64</p><p>Valor aprovado no art. 1º-A da Lei nº. 8.685/93: de R$ 1.000.000,00 para R$ 0,00</p><p>Valor aprovado no art. 3º-A da Lei nº. 8.685/93: de R$ 3.000.000,00 para R$ 1.263.157,89</p><p>Banco: 001 - agência: 4328-1 conta corrente: 9865-5</p><p>Valor aprovado no art. 41 da Medida Provisória nº. 2.228-1/01: de R$ 1.000.000,00 para R$ 0,00</p><p>Aprovado pela Reunião de Diretoria Colegiada nº. 944, realizada em 05/09/2025</p><p>Prazo de captação: acompanha o prazo de execução financeira, conforme o art. 25 da Instrução Normativa ANCINE nº. 158, de 23 de dezembro de 2021</p><p>24-0357 O FUTURO DA SAÚDE</p><p>Processo: 01416.012394/2023-24</p><p>Proponente: PRODUTORA BRASILEIRA DE ARTE E CULTURA LTDA</p><p>Cidade/UF: São Paulo / SP</p><p>CNPJ: 13.483.286/0001-55</p><p>Valor total aprovado: de R$ 411.000,00 para R$ 314.000,00</p><p>Valor aprovado no art. 1º-A da Lei nº. 8.685/93: de R$ 390.000,00 para R$ 248.548,00</p><p>Banco: 001 - agência: 3146-1 conta corrente: 42895-7</p><p>Aprovado pela Reunião de Diretoria Colegiada nº. 944, realizada em 05/09/2025</p><p>Prazo de captação: acompanha o prazo de execução financeira, conforme o art. 25 da Instrução Normativa ANCINE nº. 158, de 23 de dezembro de 2021</p><p>23-1348 CALENDÁRIO DO AMOR</p><p>Processo: 01416.004733/2023-07</p><p>Proponente: SENTIMENTAL FILME LTDA</p><p>Cidade/UF: São Paulo / SP</p><p>CNPJ: 05.326.727/0001-87</p><p>Valor total aprovado: de R$ 8.019.612,52 para R$ 5.000.009,59</p><p>Valor aprovado no art. 1º-A da Lei nº. 8.685/93: R$ 2.000.000,0</p><p>Banco: 001 - agência: 6806-3 conta corrente: 19423-9</p><p>Valor aprovado no art. 3º-A da Lei nº. 8.685/93: de R$ 2.000.000,00 para R$ 0,00</p><p>Aprovado pela Reunião de Diretoria Colegiada nº. 944, realizada em 05/09/2025</p><p>Prazo de captação: acompanha o prazo de execução financeira, conforme o art. 25 da Instrução Normativa ANCINE nº. 158, de 23 de dezembro de 2021</p><p>Art. 2º Aprovar o redimensionamento de valores do projeto audiovisual para o qual a proponente fica autorizada a captar recursos, nos termos da legislação indicada.</p><p>18-0876 HOMEM COM H</p><p>Processo: 01416.013330/2018-83</p><p>Proponente: PARIS PRODUÇÕES CINEMATOGRÁFICAS LTDA</p><p>Cidade/UF: São Paulo / SP</p><p>CNPJ: 12.580.503/0001-62</p><p>Valor total aprovado: de R$ 13.093.690,12 para R$ 17.050.000,00</p><p>Valor aprovado no art. 1º-A da Lei nº. 8.685/93: de R$ 936.901,15 para R$ 0,00</p><p>Valor aprovado no art. 3º da Lei nº. 8.685/93: R$ 3.000.000,00</p><p>Banco: 001 - agência: 4328-1 conta corrente: 10620-8</p><p>Aprovado pela Reunião de Diretoria Colegiada nº. 944, realizada em 05/09/2025</p><p>Prazo de captação: acompanha o prazo de execução financeira, conforme o art. 25 da Instrução Normativa ANCINE nº. 158, de 23 de dezembro de 2021</p><p>Art. 3º As Deliberações produzem efeito a partir da data desta publicação.</p><p class="assina">ALEX BRAGA</p>]]></Texto>
  </body>
  <Midias />
</article></xml>