﻿<xml><article id="45406317" name="PORTARIA NA 607 - 11.09.2025_002" idOficio="11278735" pubName="DO1" artType="Portaria" pubDate="12/09/2025" artClass="00025:00046:00000:00000:00000:00000:00000:00000:00000:00000:00054:00000" artCategory="Ministério da Educação/Secretaria de Regulação e Supervisão da Educação Superior" artSize="24" artNotes="" numberPage="51" pdfPage="http://pesquisa.in.gov.br/imprensa/jsp/visualiza/index.jsp?data=12/09/2025&amp;jornal=515&amp;pagina=51" editionNumber="174" highlightType="" highlightPriority="" highlight="" highlightimage="" highlightimagename="" idMateria="23098714">
  <body>
    <Identifica />
    <Data><![CDATA[]]></Data>
    <Ementa />
    <Titulo />
    <SubTitulo />
    <Texto><![CDATA[<p /><p></p><table><tr /><tr><td rowspan="1" colspan="1"><p>50</p></td><td rowspan="1" colspan="1"><p>202518077</p></td><td rowspan="1" colspan="1"><p>Tecnológico</p></td><td rowspan="1" colspan="1"><p>AUTOMAÇÃO INDUSTRIAL</p></td><td rowspan="1" colspan="1"><p>500</p></td><td rowspan="1" colspan="1"><p>CENTRO UNIVERSITARIO DO INSTITUTO DE EDUCACAO SUPERIOR DE BRASILIA - IESB - IESB</p></td><td rowspan="1" colspan="1"><p>CESB - CENTRO DE EDUCACAO SUPERIOR DE BRASILIA LTDA</p></td></tr><tr><td rowspan="1" colspan="1"><p>51</p></td><td rowspan="1" colspan="1"><p>202508204</p></td><td rowspan="1" colspan="1"><p>Bacharelado</p></td><td rowspan="1" colspan="1"><p>BIOMEDICINA</p></td><td rowspan="1" colspan="1"><p>240</p></td><td rowspan="1" colspan="1"><p>CENTRO UNIVERSITARIO DO INSTITUTO DE EDUCACAO SUPERIOR DE BRASILIA - IESB - IESB</p></td><td rowspan="1" colspan="1"><p>CESB - CENTRO DE EDUCACAO SUPERIOR DE BRASILIA LTDA</p></td></tr><tr><td rowspan="1" colspan="1"><p>52</p></td><td rowspan="1" colspan="1"><p>202508206</p></td><td rowspan="1" colspan="1"><p>Bacharelado</p></td><td rowspan="1" colspan="1"><p>EDUCAÇÃO FÍSICA</p></td><td rowspan="1" colspan="1"><p>500</p></td><td rowspan="1" colspan="1"><p>CENTRO UNIVERSITARIO DO INSTITUTO DE EDUCACAO SUPERIOR DE BRASILIA - IESB - IESB</p></td><td rowspan="1" colspan="1"><p>CESB - CENTRO DE EDUCACAO SUPERIOR DE BRASILIA LTDA</p></td></tr><tr><td rowspan="1" colspan="1"><p>53</p></td><td rowspan="1" colspan="1"><p>202517470</p></td><td rowspan="1" colspan="1"><p>Licenciatura</p></td><td rowspan="1" colspan="1"><p>EDUCAÇÃO FÍSICA</p></td><td rowspan="1" colspan="1"><p>500</p></td><td rowspan="1" colspan="1"><p>CENTRO UNIVERSITARIO DO INSTITUTO DE EDUCACAO SUPERIOR DE BRASILIA - IESB - IESB</p></td><td rowspan="1" colspan="1"><p>CESB - CENTRO DE EDUCACAO SUPERIOR DE BRASILIA LTDA</p></td></tr><tr><td rowspan="1" colspan="1"><p>54</p></td><td rowspan="1" colspan="1"><p>202508946</p></td><td rowspan="1" colspan="1"><p>Bacharelado</p></td><td rowspan="1" colspan="1"><p>ENGENHARIA CIVIL</p></td><td rowspan="1" colspan="1"><p>500</p></td><td rowspan="1" colspan="1"><p>CENTRO UNIVERSITARIO DO INSTITUTO DE EDUCACAO SUPERIOR DE BRASILIA - IESB - IESB</p></td><td rowspan="1" colspan="1"><p>CESB - CENTRO DE EDUCACAO SUPERIOR DE BRASILIA LTDA</p></td></tr><tr><td rowspan="1" colspan="1"><p>55</p></td><td rowspan="1" colspan="1"><p>202508945</p></td><td rowspan="1" colspan="1"><p>Bacharelado</p></td><td rowspan="1" colspan="1"><p>ENGENHARIA ELÉTRICA</p></td><td rowspan="1" colspan="1"><p>120</p></td><td rowspan="1" colspan="1"><p>CENTRO UNIVERSITARIO DO INSTITUTO DE EDUCACAO SUPERIOR DE BRASILIA - IESB - IESB</p></td><td rowspan="1" colspan="1"><p>CESB - CENTRO DE EDUCACAO SUPERIOR DE BRASILIA LTDA</p></td></tr><tr><td rowspan="1" colspan="1"><p>56</p></td><td rowspan="1" colspan="1"><p>202518240</p></td><td rowspan="1" colspan="1"><p>Tecnológico</p></td><td rowspan="1" colspan="1"><p>ESTÉTICA E COSMÉTICA</p></td><td rowspan="1" colspan="1"><p>500</p></td><td rowspan="1" colspan="1"><p>CENTRO UNIVERSITARIO DO INSTITUTO DE EDUCACAO SUPERIOR DE BRASILIA - IESB - IESB</p></td><td rowspan="1" colspan="1"><p>CESB - CENTRO DE EDUCACAO SUPERIOR DE BRASILIA LTDA</p></td></tr><tr><td rowspan="1" colspan="1"><p>57</p></td><td rowspan="1" colspan="1"><p>202508203</p></td><td rowspan="1" colspan="1"><p>Bacharelado</p></td><td rowspan="1" colspan="1"><p>FARMÁCIA</p></td><td rowspan="1" colspan="1"><p>120</p></td><td rowspan="1" colspan="1"><p>CENTRO UNIVERSITARIO DO INSTITUTO DE EDUCACAO SUPERIOR DE BRASILIA - IESB - IESB</p></td><td rowspan="1" colspan="1"><p>CESB - CENTRO DE EDUCACAO SUPERIOR DE BRASILIA LTDA</p></td></tr><tr><td rowspan="1" colspan="1"><p>58</p></td><td rowspan="1" colspan="1"><p>202511788</p></td><td rowspan="1" colspan="1"><p>Tecnológico</p></td><td rowspan="1" colspan="1"><p>GESTÃO HOSPITALAR</p></td><td rowspan="1" colspan="1"><p>500</p></td><td rowspan="1" colspan="1"><p>CENTRO UNIVERSITARIO DO INSTITUTO DE EDUCACAO SUPERIOR DE BRASILIA - IESB - IESB</p></td><td rowspan="1" colspan="1"><p>CESB - CENTRO DE EDUCACAO SUPERIOR DE BRASILIA LTDA</p></td></tr><tr><td rowspan="1" colspan="1"><p>59</p></td><td rowspan="1" colspan="1"><p>202510455</p></td><td rowspan="1" colspan="1"><p>Licenciatura</p></td><td rowspan="1" colspan="1"><p>HISTÓRIA</p></td><td rowspan="1" colspan="1"><p>500</p></td><td rowspan="1" colspan="1"><p>CENTRO UNIVERSITARIO DO INSTITUTO DE EDUCACAO SUPERIOR DE BRASILIA - IESB - IESB</p></td><td rowspan="1" colspan="1"><p>CESB - CENTRO DE EDUCACAO SUPERIOR DE BRASILIA LTDA</p></td></tr><tr><td rowspan="1" colspan="1"><p>60</p></td><td rowspan="1" colspan="1"><p>202510454</p></td><td rowspan="1" colspan="1"><p>Licenciatura</p></td><td rowspan="1" colspan="1"><p>LETRAS - LÍNGUA PORTUGUESA</p></td><td rowspan="1" colspan="1"><p>500</p></td><td rowspan="1" colspan="1"><p>CENTRO UNIVERSITARIO DO INSTITUTO DE EDUCACAO SUPERIOR DE BRASILIA - IESB - IESB</p></td><td rowspan="1" colspan="1"><p>CESB - CENTRO DE EDUCACAO SUPERIOR DE BRASILIA LTDA</p></td></tr><tr><td rowspan="1" colspan="1"><p>61</p></td><td rowspan="1" colspan="1"><p>202510456</p></td><td rowspan="1" colspan="1"><p>Licenciatura</p></td><td rowspan="1" colspan="1"><p>MATEMÁTICA</p></td><td rowspan="1" colspan="1"><p>500</p></td><td rowspan="1" colspan="1"><p>CENTRO UNIVERSITARIO DO INSTITUTO DE EDUCACAO SUPERIOR DE BRASILIA - IESB - IESB</p></td><td rowspan="1" colspan="1"><p>CESB - CENTRO DE EDUCACAO SUPERIOR DE BRASILIA LTDA</p></td></tr><tr><td rowspan="1" colspan="1"><p>62</p></td><td rowspan="1" colspan="1"><p>202508205</p></td><td rowspan="1" colspan="1"><p>Bacharelado</p></td><td rowspan="1" colspan="1"><p>NUTRIÇÃO</p></td><td rowspan="1" colspan="1"><p>500</p></td><td rowspan="1" colspan="1"><p>CENTRO UNIVERSITARIO DO INSTITUTO DE EDUCACAO SUPERIOR DE BRASILIA - IESB - IESB</p></td><td rowspan="1" colspan="1"><p>CESB - CENTRO DE EDUCACAO SUPERIOR DE BRASILIA LTDA</p></td></tr><tr><td rowspan="1" colspan="1"><p>63</p></td><td rowspan="1" colspan="1"><p>202510457</p></td><td rowspan="1" colspan="1"><p>Licenciatura</p></td><td rowspan="1" colspan="1"><p>PEDAGOGIA</p></td><td rowspan="1" colspan="1"><p>500</p></td><td rowspan="1" colspan="1"><p>CENTRO UNIVERSITARIO DO INSTITUTO DE EDUCACAO SUPERIOR DE BRASILIA - IESB - IESB</p></td><td rowspan="1" colspan="1"><p>CESB - CENTRO DE EDUCACAO SUPERIOR DE BRASILIA LTDA</p></td></tr><tr><td rowspan="1" colspan="1"><p>64</p></td><td rowspan="1" colspan="1"><p>202508202</p></td><td rowspan="1" colspan="1"><p>Bacharelado</p></td><td rowspan="1" colspan="1"><p>SERVIÇO SOCIAL</p></td><td rowspan="1" colspan="1"><p>500</p></td><td rowspan="1" colspan="1"><p>CENTRO UNIVERSITARIO DO INSTITUTO DE EDUCACAO SUPERIOR DE BRASILIA - IESB - IESB</p></td><td rowspan="1" colspan="1"><p>CESB - CENTRO DE EDUCACAO SUPERIOR DE BRASILIA LTDA</p></td></tr><tr><td rowspan="1" colspan="1"><p>65</p></td><td rowspan="1" colspan="1"><p>202518198</p></td><td rowspan="1" colspan="1"><p>Bacharelado</p></td><td rowspan="1" colspan="1"><p>TERAPIA OCUPACIONAL</p></td><td rowspan="1" colspan="1"><p>240</p></td><td rowspan="1" colspan="1"><p>CENTRO UNIVERSITARIO DO INSTITUTO DE EDUCACAO SUPERIOR DE BRASILIA - IESB - IESB</p></td><td rowspan="1" colspan="1"><p>CESB - CENTRO DE EDUCACAO SUPERIOR DE BRASILIA LTDA</p></td></tr><tr><td rowspan="1" colspan="1"><p>66</p></td><td rowspan="1" colspan="1"><p>202511306</p></td><td rowspan="1" colspan="1"><p>Licenciatura</p></td><td rowspan="1" colspan="1"><p>EDUCAÇÃO FÍSICA</p></td><td rowspan="1" colspan="1"><p>500</p></td><td rowspan="1" colspan="1"><p>CENTRO UNIVERSITARIO DO MACICO DE BATURITE -</p></td><td rowspan="1" colspan="1"><p>IESTEC- INSTITUTO DE ENSINO SUPERIOR TEOLOGICO CRISTAO - ME</p></td></tr><tr><td rowspan="1" colspan="1"><p>67</p></td><td rowspan="1" colspan="1"><p>202511307</p></td><td rowspan="1" colspan="1"><p>Licenciatura</p></td><td rowspan="1" colspan="1"><p>HISTÓRIA</p></td><td rowspan="1" colspan="1"><p>1000</p></td><td rowspan="1" colspan="1"><p>CENTRO UNIVERSITARIO DO MACICO DE BATURITE -</p></td><td rowspan="1" colspan="1"><p>IESTEC- INSTITUTO DE ENSINO SUPERIOR TEOLOGICO CRISTAO - ME</p></td></tr><tr><td rowspan="1" colspan="1"><p>68</p></td><td rowspan="1" colspan="1"><p>202511304</p></td><td rowspan="1" colspan="1"><p>Licenciatura</p></td><td rowspan="1" colspan="1"><p>LETRAS - LÍNGUA PORTUGUESA</p></td><td rowspan="1" colspan="1"><p>1000</p></td><td rowspan="1" colspan="1"><p>CENTRO UNIVERSITARIO DO MACICO DE BATURITE -</p></td><td rowspan="1" colspan="1"><p>IESTEC- INSTITUTO DE ENSINO SUPERIOR TEOLOGICO CRISTAO - ME</p></td></tr><tr><td rowspan="1" colspan="1"><p>69</p></td><td rowspan="1" colspan="1"><p>202511305</p></td><td rowspan="1" colspan="1"><p>Licenciatura</p></td><td rowspan="1" colspan="1"><p>PEDAGOGIA</p></td><td rowspan="1" colspan="1"><p>500</p></td><td rowspan="1" colspan="1"><p>CENTRO UNIVERSITARIO DO MACICO DE BATURITE -</p></td><td rowspan="1" colspan="1"><p>IESTEC- INSTITUTO DE ENSINO SUPERIOR TEOLOGICO CRISTAO - ME</p></td></tr><tr><td rowspan="1" colspan="1"><p>70</p></td><td rowspan="1" colspan="1"><p>202508670</p></td><td rowspan="1" colspan="1"><p>Bacharelado</p></td><td rowspan="1" colspan="1"><p>SERVIÇO SOCIAL</p></td><td rowspan="1" colspan="1"><p>500</p></td><td rowspan="1" colspan="1"><p>CENTRO UNIVERSITARIO DO MACICO DE BATURITE -</p></td><td rowspan="1" colspan="1"><p>IESTEC- INSTITUTO DE ENSINO SUPERIOR TEOLOGICO CRISTAO - ME</p></td></tr><tr><td rowspan="1" colspan="1"><p>71</p></td><td rowspan="1" colspan="1"><p>202509038</p></td><td rowspan="1" colspan="1"><p>Bacharelado</p></td><td rowspan="1" colspan="1"><p>ARQUITETURA E URBANISMO</p></td><td rowspan="1" colspan="1"><p>100</p></td><td rowspan="1" colspan="1"><p>CENTRO UNIVERSITARIO DO NORTE - UNINORTE</p></td><td rowspan="1" colspan="1"><p>CENESUP - CENTRO NACIONAL DE ENSINO SUPERIOR LTDA</p></td></tr><tr><td rowspan="1" colspan="1"><p>72</p></td><td rowspan="1" colspan="1"><p>202508296</p></td><td rowspan="1" colspan="1"><p>Bacharelado</p></td><td rowspan="1" colspan="1"><p>BIOMEDICINA</p></td><td rowspan="1" colspan="1"><p>50</p></td><td rowspan="1" colspan="1"><p>CENTRO UNIVERSITARIO DO NORTE - UNINORTE</p></td><td rowspan="1" colspan="1"><p>CENESUP - CENTRO NACIONAL DE ENSINO SUPERIOR LTDA</p></td></tr><tr><td rowspan="1" colspan="1"><p>73</p></td><td rowspan="1" colspan="1"><p>202510605</p></td><td rowspan="1" colspan="1"><p>Licenciatura</p></td><td rowspan="1" colspan="1"><p>CIÊNCIAS BIOLÓGICAS</p></td><td rowspan="1" colspan="1"><p>2000</p></td><td rowspan="1" colspan="1"><p>CENTRO UNIVERSITARIO DO NORTE - UNINORTE</p></td><td rowspan="1" colspan="1"><p>CENESUP - CENTRO NACIONAL DE ENSINO SUPERIOR LTDA</p></td></tr><tr><td rowspan="1" colspan="1"><p>74</p></td><td rowspan="1" colspan="1"><p>202516351</p></td><td rowspan="1" colspan="1"><p>Licenciatura</p></td><td rowspan="1" colspan="1"><p>EDUCAÇÃO ESPECIAL</p></td><td rowspan="1" colspan="1"><p>4000</p></td><td rowspan="1" colspan="1"><p>CENTRO UNIVERSITARIO DO NORTE - UNINORTE</p></td><td rowspan="1" colspan="1"><p>CENESUP - CENTRO NACIONAL DE ENSINO SUPERIOR LTDA</p></td></tr><tr><td rowspan="1" colspan="1"><p>75</p></td><td rowspan="1" colspan="1"><p>202508299</p></td><td rowspan="1" colspan="1"><p>Bacharelado</p></td><td rowspan="1" colspan="1"><p>EDUCAÇÃO FÍSICA</p></td><td rowspan="1" colspan="1"><p>150</p></td><td rowspan="1" colspan="1"><p>CENTRO UNIVERSITARIO DO NORTE - UNINORTE</p></td><td rowspan="1" colspan="1"><p>CENESUP - CENTRO NACIONAL DE ENSINO SUPERIOR LTDA</p></td></tr><tr><td rowspan="1" colspan="1"><p>76</p></td><td rowspan="1" colspan="1"><p>202510608</p></td><td rowspan="1" colspan="1"><p>Licenciatura</p></td><td rowspan="1" colspan="1"><p>EDUCAÇÃO FÍSICA</p></td><td rowspan="1" colspan="1"><p>100</p></td><td rowspan="1" colspan="1"><p>CENTRO UNIVERSITARIO DO NORTE - UNINORTE</p></td><td rowspan="1" colspan="1"><p>CENESUP - CENTRO NACIONAL DE ENSINO SUPERIOR LTDA</p></td></tr><tr><td rowspan="1" colspan="1"><p>77</p></td><td rowspan="1" colspan="1"><p>202509040</p></td><td rowspan="1" colspan="1"><p>Bacharelado</p></td><td rowspan="1" colspan="1"><p>ENGENHARIA CIVIL</p></td><td rowspan="1" colspan="1"><p>2000</p></td><td rowspan="1" colspan="1"><p>CENTRO UNIVERSITARIO DO NORTE - UNINORTE</p></td><td rowspan="1" colspan="1"><p>CENESUP - CENTRO NACIONAL DE ENSINO SUPERIOR LTDA</p></td></tr><tr><td rowspan="1" colspan="1"><p>78</p></td><td rowspan="1" colspan="1"><p>202509037</p></td><td rowspan="1" colspan="1"><p>Bacharelado</p></td><td rowspan="1" colspan="1"><p>ENGENHARIA DE PRODUÇÃO</p></td><td rowspan="1" colspan="1"><p>100</p></td><td rowspan="1" colspan="1"><p>CENTRO UNIVERSITARIO DO NORTE - UNINORTE</p></td><td rowspan="1" colspan="1"><p>CENESUP - CENTRO NACIONAL DE ENSINO SUPERIOR LTDA</p></td></tr><tr><td rowspan="1" colspan="1"><p>79</p></td><td rowspan="1" colspan="1"><p>202509036</p></td><td rowspan="1" colspan="1"><p>Bacharelado</p></td><td rowspan="1" colspan="1"><p>ENGENHARIA ELÉTRICA</p></td><td rowspan="1" colspan="1"><p>100</p></td><td rowspan="1" colspan="1"><p>CENTRO UNIVERSITARIO DO NORTE - UNINORTE</p></td><td rowspan="1" colspan="1"><p>CENESUP - CENTRO NACIONAL DE ENSINO SUPERIOR LTDA</p></td></tr><tr><td rowspan="1" colspan="1"><p>80</p></td><td rowspan="1" colspan="1"><p>202509039</p></td><td rowspan="1" colspan="1"><p>Bacharelado</p></td><td rowspan="1" colspan="1"><p>ENGENHARIA MECÂNICA</p></td><td rowspan="1" colspan="1"><p>2000</p></td><td rowspan="1" colspan="1"><p>CENTRO UNIVERSITARIO DO NORTE - UNINORTE</p></td><td rowspan="1" colspan="1"><p>CENESUP - CENTRO NACIONAL DE ENSINO SUPERIOR LTDA</p></td></tr><tr><td rowspan="1" colspan="1"><p>81</p></td><td rowspan="1" colspan="1"><p>202511861</p></td><td rowspan="1" colspan="1"><p>Tecnológico</p></td><td rowspan="1" colspan="1"><p>ESTÉTICA E COSMÉTICA</p></td><td rowspan="1" colspan="1"><p>100</p></td><td rowspan="1" colspan="1"><p>CENTRO UNIVERSITARIO DO NORTE - UNINORTE</p></td><td rowspan="1" colspan="1"><p>CENESUP - CENTRO NACIONAL DE ENSINO SUPERIOR LTDA</p></td></tr><tr><td rowspan="1" colspan="1"><p>82</p></td><td rowspan="1" colspan="1"><p>202508300</p></td><td rowspan="1" colspan="1"><p>Bacharelado</p></td><td rowspan="1" colspan="1"><p>FARMÁCIA</p></td><td rowspan="1" colspan="1"><p>2000</p></td><td rowspan="1" colspan="1"><p>CENTRO UNIVERSITARIO DO NORTE - UNINORTE</p></td><td rowspan="1" colspan="1"><p>CENESUP - CENTRO NACIONAL DE ENSINO SUPERIOR LTDA</p></td></tr><tr><td rowspan="1" colspan="1"><p>83</p></td><td rowspan="1" colspan="1"><p>202508298</p></td><td rowspan="1" colspan="1"><p>Bacharelado</p></td><td rowspan="1" colspan="1"><p>FISIOTERAPIA</p></td><td rowspan="1" colspan="1"><p>200</p></td><td rowspan="1" colspan="1"><p>CENTRO UNIVERSITARIO DO NORTE - UNINORTE</p></td><td rowspan="1" colspan="1"><p>CENESUP - CENTRO NACIONAL DE ENSINO SUPERIOR LTDA</p></td></tr></table>]]></Texto>
  </body>
  <Midias />
</article></xml>