﻿<xml><article id="45410671" name="COMISSAO COMISSIONARIA" idOficio="11279930" pubName="DO1" artType="Portaria" pubDate="12/09/2025" artClass="00032:00034:00000:00000:00000:00000:00000:00000:00000:00000:00054:00000" artCategory="Ministério da Integração e do Desenvolvimento Regional/Departamento Nacional de Obras Contra as Secas" artSize="24" artNotes="" numberPage="145" pdfPage="http://pesquisa.in.gov.br/imprensa/jsp/visualiza/index.jsp?data=12/09/2025&amp;jornal=515&amp;pagina=145" editionNumber="174" highlightType="" highlightPriority="" highlight="" highlightimage="" highlightimagename="" idMateria="23100250">
  <body>
    <Identifica><![CDATA[                               PORTARIA Nº 283, DE  11 DE SETEMBRO DE 2025]]></Identifica>
    <Data><![CDATA[]]></Data>
    <Ementa />
    <Titulo />
    <SubTitulo />
    <Texto><![CDATA[<p class="identifica">PORTARIA Nº 283, DE 11 DE SETEMBRO DE 2025</p><p>O DIRETOR-GERAL DO DEPARTAMENTO NACIONAL DE OBRAS CONTRA AS SECAS, no exercício de suas atribuições que lhe confere o Decreto 11.198, de 15 de setembro de 2022 e da delegação de competência constante no art. 13 do Decreto n° 10.829, de 05 de outubro de 2021, e de acordo com a Portaria Nº 257 DG, de 19 de agosto de 2025, resolve:</p><p>Art. 1º Realocar 1 (uma) Função Comissionada Executiva de Assessoramento, código FCE 2.02, vinculada à Unidade Correcional, para o Serviço de Planejamento e Monitoramento Estratégico.</p><p>Art. 2º A realocação de que trata essa Portaria está consolidada no Anexo I.</p><p>Art. 3º Esta Portaria entra em vigor em 7 dias úteis após a publicação.</p><p class="assina">FERNANDO MARCONDES DE ARAÚJO LEÃO</p><p>ANEXO</p><p>SÍNTESE DAS ALTERAÇÕES DE DENOMINAÇÃO, CATEGORIA, TIPO DE UNIDADE E DAS REALOCAÇÕES INTERNAS DE FUNÇÕES COMISSIONADAS EXECUTIVAS FIXADAS NO ANEXO II DO DECRETO Nº 11.198, DE 15 DE SETEMBRO DE 2022</p><p /><p></p><table><tr /><tr><td rowspan="1" colspan="5"><p>ORIGEM (DE)</p></td><td rowspan="1" colspan="5"><p>DESTINO (PARA)</p></td></tr><tr><td rowspan="1" colspan="1"><p>Unidade de Origem</p></td><td rowspan="1" colspan="1"><p>Qtde.</p></td><td rowspan="1" colspan="1"><p>Denominação FCE</p></td><td rowspan="1" colspan="1"><p>Código</p></td><td rowspan="1" colspan="1"><p>CCE Unitário</p></td><td rowspan="1" colspan="1"><p>Unidade de Destino</p></td><td rowspan="1" colspan="1"><p>Qtde.</p></td><td rowspan="1" colspan="1"><p>Denominação FCE</p></td><td rowspan="1" colspan="1"><p>Código</p></td><td rowspan="1" colspan="1"><p>CCE Unitário</p></td></tr><tr><td rowspan="1" colspan="1"><p>Unidade</p><p>Correcional</p></td><td rowspan="1" colspan="1"><p>1</p></td><td rowspan="1" colspan="1"><p>Assistente Técnico</p></td><td rowspan="1" colspan="1"><p>2.02</p></td><td rowspan="1" colspan="1"><p>0,21</p></td><td rowspan="1" colspan="1"><p>Serviço de Planej Monitoramento Estratégico</p></td><td rowspan="1" colspan="1"><p>1</p></td><td rowspan="1" colspan="1"><p>Assistente Técnico</p></td><td rowspan="1" colspan="1"><p>2.02</p></td><td rowspan="1" colspan="1"><p>0,21</p></td></tr></table>]]></Texto>
  </body>
  <Midias />
</article></xml>