﻿<xml><article id="45406878" name="PORTARIA NA 615 - 11.09.2025_003" idOficio="11278735" pubName="DO1" artType="Portaria" pubDate="12/09/2025" artClass="00025:00046:00000:00000:00000:00000:00000:00000:00000:00000:00054:00000" artCategory="Ministério da Educação/Secretaria de Regulação e Supervisão da Educação Superior" artSize="24" artNotes="" numberPage="125" pdfPage="http://pesquisa.in.gov.br/imprensa/jsp/visualiza/index.jsp?data=12/09/2025&amp;jornal=515&amp;pagina=125" editionNumber="174" highlightType="" highlightPriority="" highlight="" highlightimage="" highlightimagename="" idMateria="23098712">
  <body>
    <Identifica />
    <Data><![CDATA[]]></Data>
    <Ementa />
    <Titulo />
    <SubTitulo />
    <Texto><![CDATA[<p /><p></p><table><tr /><tr><td rowspan="1" colspan="1"><p>188</p></td><td rowspan="1" colspan="1"><p>202508193</p></td><td rowspan="1" colspan="1"><p>Tecnológico</p></td><td rowspan="1" colspan="1"><p>GERONTOLOGIA</p></td><td rowspan="1" colspan="1"><p>500</p></td><td rowspan="1" colspan="1"><p>UNIVERSIDADE POSITIVO - UP</p></td><td rowspan="1" colspan="1"><p>CENTRO DE ESTUDOS SUPERIORES POSITIVO LTDA</p></td></tr><tr><td rowspan="1" colspan="1"><p>189</p></td><td rowspan="1" colspan="1"><p>202517840</p></td><td rowspan="1" colspan="1"><p>Tecnológico</p></td><td rowspan="1" colspan="1"><p>GESTÃO AMBIENTAL</p></td><td rowspan="1" colspan="1"><p>1000</p></td><td rowspan="1" colspan="1"><p>UNIVERSIDADE POSITIVO - UP</p></td><td rowspan="1" colspan="1"><p>CENTRO DE ESTUDOS SUPERIORES POSITIVO LTDA</p></td></tr><tr><td rowspan="1" colspan="1"><p>190</p></td><td rowspan="1" colspan="1"><p>202511782</p></td><td rowspan="1" colspan="1"><p>Tecnológico</p></td><td rowspan="1" colspan="1"><p>GESTÃO HOSPITALAR</p></td><td rowspan="1" colspan="1"><p>200</p></td><td rowspan="1" colspan="1"><p>UNIVERSIDADE POSITIVO - UP</p></td><td rowspan="1" colspan="1"><p>CENTRO DE ESTUDOS SUPERIORES POSITIVO LTDA</p></td></tr><tr><td rowspan="1" colspan="1"><p>191</p></td><td rowspan="1" colspan="1"><p>202510448</p></td><td rowspan="1" colspan="1"><p>Licenciatura</p></td><td rowspan="1" colspan="1"><p>HISTÓRIA</p></td><td rowspan="1" colspan="1"><p>1000</p></td><td rowspan="1" colspan="1"><p>UNIVERSIDADE POSITIVO - UP</p></td><td rowspan="1" colspan="1"><p>CENTRO DE ESTUDOS SUPERIORES POSITIVO LTDA</p></td></tr><tr><td rowspan="1" colspan="1"><p>192</p></td><td rowspan="1" colspan="1"><p>202510436</p></td><td rowspan="1" colspan="1"><p>Licenciatura</p></td><td rowspan="1" colspan="1"><p>LETRAS - LIBRAS</p></td><td rowspan="1" colspan="1"><p>500</p></td><td rowspan="1" colspan="1"><p>UNIVERSIDADE POSITIVO - UP</p></td><td rowspan="1" colspan="1"><p>CENTRO DE ESTUDOS SUPERIORES POSITIVO LTDA</p></td></tr><tr><td rowspan="1" colspan="1"><p>193</p></td><td rowspan="1" colspan="1"><p>202510447</p></td><td rowspan="1" colspan="1"><p>Licenciatura</p></td><td rowspan="1" colspan="1"><p>LETRAS - PORTUGUÊS E ESPANHOL</p></td><td rowspan="1" colspan="1"><p>100</p></td><td rowspan="1" colspan="1"><p>UNIVERSIDADE POSITIVO - UP</p></td><td rowspan="1" colspan="1"><p>CENTRO DE ESTUDOS SUPERIORES POSITIVO LTDA</p></td></tr><tr><td rowspan="1" colspan="1"><p>194</p></td><td rowspan="1" colspan="1"><p>202510443</p></td><td rowspan="1" colspan="1"><p>Licenciatura</p></td><td rowspan="1" colspan="1"><p>LETRAS - PORTUGUÊS E INGLÊS</p></td><td rowspan="1" colspan="1"><p>1000</p></td><td rowspan="1" colspan="1"><p>UNIVERSIDADE POSITIVO - UP</p></td><td rowspan="1" colspan="1"><p>CENTRO DE ESTUDOS SUPERIORES POSITIVO LTDA</p></td></tr><tr><td rowspan="1" colspan="1"><p>195</p></td><td rowspan="1" colspan="1"><p>202510432</p></td><td rowspan="1" colspan="1"><p>Licenciatura</p></td><td rowspan="1" colspan="1"><p>LETRAS - PORTUGUÊS E JAPONÊS</p></td><td rowspan="1" colspan="1"><p>50</p></td><td rowspan="1" colspan="1"><p>UNIVERSIDADE POSITIVO - UP</p></td><td rowspan="1" colspan="1"><p>CENTRO DE ESTUDOS SUPERIORES POSITIVO LTDA</p></td></tr><tr><td rowspan="1" colspan="1"><p>196</p></td><td rowspan="1" colspan="1"><p>202507806</p></td><td rowspan="1" colspan="1"><p>Bacharelado</p></td><td rowspan="1" colspan="1"><p>MATEMÁTICA</p></td><td rowspan="1" colspan="1"><p>500</p></td><td rowspan="1" colspan="1"><p>UNIVERSIDADE POSITIVO - UP</p></td><td rowspan="1" colspan="1"><p>CENTRO DE ESTUDOS SUPERIORES POSITIVO LTDA</p></td></tr><tr><td rowspan="1" colspan="1"><p>197</p></td><td rowspan="1" colspan="1"><p>202510438</p></td><td rowspan="1" colspan="1"><p>Licenciatura</p></td><td rowspan="1" colspan="1"><p>MATEMÁTICA</p></td><td rowspan="1" colspan="1"><p>1000</p></td><td rowspan="1" colspan="1"><p>UNIVERSIDADE POSITIVO - UP</p></td><td rowspan="1" colspan="1"><p>CENTRO DE ESTUDOS SUPERIORES POSITIVO LTDA</p></td></tr><tr><td rowspan="1" colspan="1"><p>198</p></td><td rowspan="1" colspan="1"><p>202517412</p></td><td rowspan="1" colspan="1"><p>Bacharelado</p></td><td rowspan="1" colspan="1"><p>NATUROLOGIA</p></td><td rowspan="1" colspan="1"><p>500</p></td><td rowspan="1" colspan="1"><p>UNIVERSIDADE POSITIVO - UP</p></td><td rowspan="1" colspan="1"><p>CENTRO DE ESTUDOS SUPERIORES POSITIVO LTDA</p></td></tr><tr><td rowspan="1" colspan="1"><p>199</p></td><td rowspan="1" colspan="1"><p>202508190</p></td><td rowspan="1" colspan="1"><p>Bacharelado</p></td><td rowspan="1" colspan="1"><p>NUTRIÇÃO</p></td><td rowspan="1" colspan="1"><p>360</p></td><td rowspan="1" colspan="1"><p>UNIVERSIDADE POSITIVO - UP</p></td><td rowspan="1" colspan="1"><p>CENTRO DE ESTUDOS SUPERIORES POSITIVO LTDA</p></td></tr><tr><td rowspan="1" colspan="1"><p>200</p></td><td rowspan="1" colspan="1"><p>202508201</p></td><td rowspan="1" colspan="1"><p>Bacharelado</p></td><td rowspan="1" colspan="1"><p>ÓPTICA E OPTOMETRIA</p></td><td rowspan="1" colspan="1"><p>500</p></td><td rowspan="1" colspan="1"><p>UNIVERSIDADE POSITIVO - UP</p></td><td rowspan="1" colspan="1"><p>CENTRO DE ESTUDOS SUPERIORES POSITIVO LTDA</p></td></tr><tr><td rowspan="1" colspan="1"><p>201</p></td><td rowspan="1" colspan="1"><p>202510437</p></td><td rowspan="1" colspan="1"><p>Licenciatura</p></td><td rowspan="1" colspan="1"><p>PEDAGOGIA</p></td><td rowspan="1" colspan="1"><p>1000</p></td><td rowspan="1" colspan="1"><p>UNIVERSIDADE POSITIVO - UP</p></td><td rowspan="1" colspan="1"><p>CENTRO DE ESTUDOS SUPERIORES POSITIVO LTDA</p></td></tr><tr><td rowspan="1" colspan="1"><p>202</p></td><td rowspan="1" colspan="1"><p>202508191</p></td><td rowspan="1" colspan="1"><p>Tecnológico</p></td><td rowspan="1" colspan="1"><p>PODOLOGIA</p></td><td rowspan="1" colspan="1"><p>500</p></td><td rowspan="1" colspan="1"><p>UNIVERSIDADE POSITIVO - UP</p></td><td rowspan="1" colspan="1"><p>CENTRO DE ESTUDOS SUPERIORES POSITIVO LTDA</p></td></tr><tr><td rowspan="1" colspan="1"><p>203</p></td><td rowspan="1" colspan="1"><p>202510442</p></td><td rowspan="1" colspan="1"><p>Bacharelado</p></td><td rowspan="1" colspan="1"><p>PSICOPEDAGOGIA</p></td><td rowspan="1" colspan="1"><p>200</p></td><td rowspan="1" colspan="1"><p>UNIVERSIDADE POSITIVO - UP</p></td><td rowspan="1" colspan="1"><p>CENTRO DE ESTUDOS SUPERIORES POSITIVO LTDA</p></td></tr><tr><td rowspan="1" colspan="1"><p>204</p></td><td rowspan="1" colspan="1"><p>202507805</p></td><td rowspan="1" colspan="1"><p>Bacharelado</p></td><td rowspan="1" colspan="1"><p>QUÍMICA</p></td><td rowspan="1" colspan="1"><p>100</p></td><td rowspan="1" colspan="1"><p>UNIVERSIDADE POSITIVO - UP</p></td><td rowspan="1" colspan="1"><p>CENTRO DE ESTUDOS SUPERIORES POSITIVO LTDA</p></td></tr><tr><td rowspan="1" colspan="1"><p>205</p></td><td rowspan="1" colspan="1"><p>202510433</p></td><td rowspan="1" colspan="1"><p>Licenciatura</p></td><td rowspan="1" colspan="1"><p>QUÍMICA</p></td><td rowspan="1" colspan="1"><p>100</p></td><td rowspan="1" colspan="1"><p>UNIVERSIDADE POSITIVO - UP</p></td><td rowspan="1" colspan="1"><p>CENTRO DE ESTUDOS SUPERIORES POSITIVO LTDA</p></td></tr><tr><td rowspan="1" colspan="1"><p>206</p></td><td rowspan="1" colspan="1"><p>202508199</p></td><td rowspan="1" colspan="1"><p>Tecnológico</p></td><td rowspan="1" colspan="1"><p>RADIOLOGIA</p></td><td rowspan="1" colspan="1"><p>500</p></td><td rowspan="1" colspan="1"><p>UNIVERSIDADE POSITIVO - UP</p></td><td rowspan="1" colspan="1"><p>CENTRO DE ESTUDOS SUPERIORES POSITIVO LTDA</p></td></tr><tr><td rowspan="1" colspan="1"><p>207</p></td><td rowspan="1" colspan="1"><p>202508200</p></td><td rowspan="1" colspan="1"><p>Bacharelado</p></td><td rowspan="1" colspan="1"><p>SERVIÇO SOCIAL</p></td><td rowspan="1" colspan="1"><p>180</p></td><td rowspan="1" colspan="1"><p>UNIVERSIDADE POSITIVO - UP</p></td><td rowspan="1" colspan="1"><p>CENTRO DE ESTUDOS SUPERIORES POSITIVO LTDA</p></td></tr><tr><td rowspan="1" colspan="1"><p>208</p></td><td rowspan="1" colspan="1"><p>202515169</p></td><td rowspan="1" colspan="1"><p>Bacharelado</p></td><td rowspan="1" colspan="1"><p>TERAPIA OCUPACIONAL</p></td><td rowspan="1" colspan="1"><p>4000</p></td><td rowspan="1" colspan="1"><p>UNIVERSIDADE POSITIVO - UP</p></td><td rowspan="1" colspan="1"><p>CENTRO DE ESTUDOS SUPERIORES POSITIVO LTDA</p></td></tr><tr><td rowspan="1" colspan="1"><p>209</p></td><td rowspan="1" colspan="1"><p>202508194</p></td><td rowspan="1" colspan="1"><p>Tecnológico</p></td><td rowspan="1" colspan="1"><p>TERAPIAS INTEGRATIVAS E COMPLEMENTARES</p></td><td rowspan="1" colspan="1"><p>200</p></td><td rowspan="1" colspan="1"><p>UNIVERSIDADE POSITIVO - UP</p></td><td rowspan="1" colspan="1"><p>CENTRO DE ESTUDOS SUPERIORES POSITIVO LTDA</p></td></tr><tr><td rowspan="1" colspan="1"><p>210</p></td><td rowspan="1" colspan="1"><p>202508170</p></td><td rowspan="1" colspan="1"><p>Bacharelado</p></td><td rowspan="1" colspan="1"><p>BIOMEDICINA</p></td><td rowspan="1" colspan="1"><p>200</p></td><td rowspan="1" colspan="1"><p>UNIVERSIDADE POTIGUAR - UNP</p></td><td rowspan="1" colspan="1"><p>APEC - SOCIEDADE POTIGUAR DE EDUCACAO E CULTURA LTDA</p></td></tr><tr><td rowspan="1" colspan="1"><p>211</p></td><td rowspan="1" colspan="1"><p>202508171</p></td><td rowspan="1" colspan="1"><p>Bacharelado</p></td><td rowspan="1" colspan="1"><p>EDUCAÇÃO FÍSICA</p></td><td rowspan="1" colspan="1"><p>180</p></td><td rowspan="1" colspan="1"><p>UNIVERSIDADE POTIGUAR - UNP</p></td><td rowspan="1" colspan="1"><p>APEC - SOCIEDADE POTIGUAR DE EDUCACAO E CULTURA LTDA</p></td></tr><tr><td rowspan="1" colspan="1"><p>212</p></td><td rowspan="1" colspan="1"><p>202510349</p></td><td rowspan="1" colspan="1"><p>Licenciatura</p></td><td rowspan="1" colspan="1"><p>EDUCAÇÃO FÍSICA</p></td><td rowspan="1" colspan="1"><p>300</p></td><td rowspan="1" colspan="1"><p>UNIVERSIDADE POTIGUAR - UNP</p></td><td rowspan="1" colspan="1"><p>APEC - SOCIEDADE POTIGUAR DE EDUCACAO E CULTURA LTDA</p></td></tr><tr><td rowspan="1" colspan="1"><p>213</p></td><td rowspan="1" colspan="1"><p>202515593</p></td><td rowspan="1" colspan="1"><p>Bacharelado</p></td><td rowspan="1" colspan="1"><p>ENGENHARIA AMBIENTAL</p></td><td rowspan="1" colspan="1"><p>2000</p></td><td rowspan="1" colspan="1"><p>UNIVERSIDADE POTIGUAR - UNP</p></td><td rowspan="1" colspan="1"><p>APEC - SOCIEDADE POTIGUAR DE EDUCACAO E CULTURA LTDA</p></td></tr><tr><td rowspan="1" colspan="1"><p>214</p></td><td rowspan="1" colspan="1"><p>202508919</p></td><td rowspan="1" colspan="1"><p>Bacharelado</p></td><td rowspan="1" colspan="1"><p>ENGENHARIA CIVIL</p></td><td rowspan="1" colspan="1"><p>160</p></td><td rowspan="1" colspan="1"><p>UNIVERSIDADE POTIGUAR - UNP</p></td><td rowspan="1" colspan="1"><p>APEC - SOCIEDADE POTIGUAR DE EDUCACAO E CULTURA LTDA</p></td></tr><tr><td rowspan="1" colspan="1"><p>215</p></td><td rowspan="1" colspan="1"><p>202508918</p></td><td rowspan="1" colspan="1"><p>Bacharelado</p></td><td rowspan="1" colspan="1"><p>ENGENHARIA DE COMPUTAÇÃO</p></td><td rowspan="1" colspan="1"><p>200</p></td><td rowspan="1" colspan="1"><p>UNIVERSIDADE POTIGUAR - UNP</p></td><td rowspan="1" colspan="1"><p>APEC - SOCIEDADE POTIGUAR DE EDUCACAO E CULTURA LTDA</p></td></tr><tr><td rowspan="1" colspan="1"><p>216</p></td><td rowspan="1" colspan="1"><p>202508920</p></td><td rowspan="1" colspan="1"><p>Bacharelado</p></td><td rowspan="1" colspan="1"><p>ENGENHARIA DE PRODUÇÃO</p></td><td rowspan="1" colspan="1"><p>160</p></td><td rowspan="1" colspan="1"><p>UNIVERSIDADE POTIGUAR - UNP</p></td><td rowspan="1" colspan="1"><p>APEC - SOCIEDADE POTIGUAR DE EDUCACAO E CULTURA LTDA</p></td></tr><tr><td rowspan="1" colspan="1"><p>217</p></td><td rowspan="1" colspan="1"><p>202508917</p></td><td rowspan="1" colspan="1"><p>Bacharelado</p></td><td rowspan="1" colspan="1"><p>ENGENHARIA ELÉTRICA</p></td><td rowspan="1" colspan="1"><p>220</p></td><td rowspan="1" colspan="1"><p>UNIVERSIDADE POTIGUAR - UNP</p></td><td rowspan="1" colspan="1"><p>APEC - SOCIEDADE POTIGUAR DE EDUCACAO E CULTURA LTDA</p></td></tr><tr><td rowspan="1" colspan="1"><p>218</p></td><td rowspan="1" colspan="1"><p>202508916</p></td><td rowspan="1" colspan="1"><p>Bacharelado</p></td><td rowspan="1" colspan="1"><p>ENGENHARIA MECÂNICA</p></td><td rowspan="1" colspan="1"><p>200</p></td><td rowspan="1" colspan="1"><p>UNIVERSIDADE POTIGUAR - UNP</p></td><td rowspan="1" colspan="1"><p>APEC - SOCIEDADE POTIGUAR DE EDUCACAO E CULTURA LTDA</p></td></tr><tr><td rowspan="1" colspan="1"><p>219</p></td><td rowspan="1" colspan="1"><p>202511756</p></td><td rowspan="1" colspan="1"><p>Tecnológico</p></td><td rowspan="1" colspan="1"><p>ESTÉTICA E COSMÉTICA</p></td><td rowspan="1" colspan="1"><p>200</p></td><td rowspan="1" colspan="1"><p>UNIVERSIDADE POTIGUAR - UNP</p></td><td rowspan="1" colspan="1"><p>APEC - SOCIEDADE POTIGUAR DE EDUCACAO E CULTURA LTDA</p></td></tr><tr><td rowspan="1" colspan="1"><p>220</p></td><td rowspan="1" colspan="1"><p>202515148</p></td><td rowspan="1" colspan="1"><p>Bacharelado</p></td><td rowspan="1" colspan="1"><p>FARMÁCIA</p></td><td rowspan="1" colspan="1"><p>2000</p></td><td rowspan="1" colspan="1"><p>UNIVERSIDADE POTIGUAR - UNP</p></td><td rowspan="1" colspan="1"><p>APEC - SOCIEDADE POTIGUAR DE EDUCACAO E CULTURA LTDA</p></td></tr><tr><td rowspan="1" colspan="1"><p>221</p></td><td rowspan="1" colspan="1"><p>202516232</p></td><td rowspan="1" colspan="1"><p>Licenciatura</p></td><td rowspan="1" colspan="1"><p>FILOSOFIA</p></td><td rowspan="1" colspan="1"><p>400</p></td><td rowspan="1" colspan="1"><p>UNIVERSIDADE POTIGUAR - UNP</p></td><td rowspan="1" colspan="1"><p>APEC - SOCIEDADE POTIGUAR DE EDUCACAO E CULTURA LTDA</p></td></tr><tr><td rowspan="1" colspan="1"><p>222</p></td><td rowspan="1" colspan="1"><p>202516230</p></td><td rowspan="1" colspan="1"><p>Licenciatura</p></td><td rowspan="1" colspan="1"><p>FÍSICA</p></td><td rowspan="1" colspan="1"><p>400</p></td><td rowspan="1" colspan="1"><p>UNIVERSIDADE POTIGUAR - UNP</p></td><td rowspan="1" colspan="1"><p>APEC - SOCIEDADE POTIGUAR DE EDUCACAO E CULTURA LTDA</p></td></tr><tr><td rowspan="1" colspan="1"><p>223</p></td><td rowspan="1" colspan="1"><p>202508172</p></td><td rowspan="1" colspan="1"><p>Bacharelado</p></td><td rowspan="1" colspan="1"><p>FISIOTERAPIA</p></td><td rowspan="1" colspan="1"><p>120</p></td><td rowspan="1" colspan="1"><p>UNIVERSIDADE POTIGUAR - UNP</p></td><td rowspan="1" colspan="1"><p>APEC - SOCIEDADE POTIGUAR DE EDUCACAO E CULTURA LTDA</p></td></tr><tr><td rowspan="1" colspan="1"><p>224</p></td><td rowspan="1" colspan="1"><p>202515149</p></td><td rowspan="1" colspan="1"><p>Bacharelado</p></td><td rowspan="1" colspan="1"><p>FONOAUDIOLOGIA</p></td><td rowspan="1" colspan="1"><p>800</p></td><td rowspan="1" colspan="1"><p>UNIVERSIDADE POTIGUAR - UNP</p></td><td rowspan="1" colspan="1"><p>APEC - SOCIEDADE POTIGUAR DE EDUCACAO E CULTURA LTDA</p></td></tr><tr><td rowspan="1" colspan="1"><p>225</p></td><td rowspan="1" colspan="1"><p>202510350</p></td><td rowspan="1" colspan="1"><p>Licenciatura</p></td><td rowspan="1" colspan="1"><p>HISTÓRIA</p></td><td rowspan="1" colspan="1"><p>100</p></td><td rowspan="1" colspan="1"><p>UNIVERSIDADE POTIGUAR - UNP</p></td><td rowspan="1" colspan="1"><p>APEC - SOCIEDADE POTIGUAR DE EDUCACAO E CULTURA LTDA</p></td></tr><tr><td rowspan="1" colspan="1"><p>226</p></td><td rowspan="1" colspan="1"><p>202516229</p></td><td rowspan="1" colspan="1"><p>Licenciatura</p></td><td rowspan="1" colspan="1"><p>LETRAS - PORTUGUÊS</p></td><td rowspan="1" colspan="1"><p>320</p></td><td rowspan="1" colspan="1"><p>UNIVERSIDADE POTIGUAR - UNP</p></td><td rowspan="1" colspan="1"><p>APEC - SOCIEDADE POTIGUAR DE EDUCACAO E CULTURA LTDA</p></td></tr><tr><td rowspan="1" colspan="1"><p>227</p></td><td rowspan="1" colspan="1"><p>202508167</p></td><td rowspan="1" colspan="1"><p>Bacharelado</p></td><td rowspan="1" colspan="1"><p>NUTRIÇÃO</p></td><td rowspan="1" colspan="1"><p>120</p></td><td rowspan="1" colspan="1"><p>UNIVERSIDADE POTIGUAR - UNP</p></td><td rowspan="1" colspan="1"><p>APEC - SOCIEDADE POTIGUAR DE EDUCACAO E CULTURA LTDA</p></td></tr><tr><td rowspan="1" colspan="1"><p>228</p></td><td rowspan="1" colspan="1"><p>202510345</p></td><td rowspan="1" colspan="1"><p>Licenciatura</p></td><td rowspan="1" colspan="1"><p>PEDAGOGIA</p></td><td rowspan="1" colspan="1"><p>650</p></td><td rowspan="1" colspan="1"><p>UNIVERSIDADE POTIGUAR - UNP</p></td><td rowspan="1" colspan="1"><p>APEC - SOCIEDADE POTIGUAR DE EDUCACAO E CULTURA LTDA</p></td></tr><tr><td rowspan="1" colspan="1"><p>229</p></td><td rowspan="1" colspan="1"><p>202516231</p></td><td rowspan="1" colspan="1"><p>Licenciatura</p></td><td rowspan="1" colspan="1"><p>QUÍMICA</p></td><td rowspan="1" colspan="1"><p>400</p></td><td rowspan="1" colspan="1"><p>UNIVERSIDADE POTIGUAR - UNP</p></td><td rowspan="1" colspan="1"><p>APEC - SOCIEDADE POTIGUAR DE EDUCACAO E CULTURA LTDA</p></td></tr><tr><td rowspan="1" colspan="1"><p>230</p></td><td rowspan="1" colspan="1"><p>202508169</p></td><td rowspan="1" colspan="1"><p>Bacharelado</p></td><td rowspan="1" colspan="1"><p>SERVIÇO SOCIAL</p></td><td rowspan="1" colspan="1"><p>249</p></td><td rowspan="1" colspan="1"><p>UNIVERSIDADE POTIGUAR - UNP</p></td><td rowspan="1" colspan="1"><p>APEC - SOCIEDADE POTIGUAR DE EDUCACAO E CULTURA LTDA</p></td></tr><tr><td rowspan="1" colspan="1"><p>231</p></td><td rowspan="1" colspan="1"><p>202515965</p></td><td rowspan="1" colspan="1"><p>Licenciatura</p></td><td rowspan="1" colspan="1"><p>CIÊNCIAS DA RELIGIÃO</p></td><td rowspan="1" colspan="1"><p>8160</p></td><td rowspan="1" colspan="1"><p>UNIVERSIDADE PRESBITERIANA MACKENZIE - MACKENZIE</p></td><td rowspan="1" colspan="1"><p>INSTITUTO PRESBITERIANO MACKENZIE</p></td></tr><tr><td rowspan="1" colspan="1"><p>232</p></td><td rowspan="1" colspan="1"><p>202509581</p></td><td rowspan="1" colspan="1"><p>Licenciatura</p></td><td rowspan="1" colspan="1"><p>FILOSOFIA</p></td><td rowspan="1" colspan="1"><p>1020</p></td><td rowspan="1" colspan="1"><p>UNIVERSIDADE PRESBITERIANA MACKENZIE - MACKENZIE</p></td><td rowspan="1" colspan="1"><p>INSTITUTO PRESBITERIANO MACKENZIE</p></td></tr><tr><td rowspan="1" colspan="1"><p>233</p></td><td rowspan="1" colspan="1"><p>202509580</p></td><td rowspan="1" colspan="1"><p>Licenciatura</p></td><td rowspan="1" colspan="1"><p>GEOGRAFIA</p></td><td rowspan="1" colspan="1"><p>1020</p></td><td rowspan="1" colspan="1"><p>UNIVERSIDADE PRESBITERIANA MACKENZIE - MACKENZIE</p></td><td rowspan="1" colspan="1"><p>INSTITUTO PRESBITERIANO MACKENZIE</p></td></tr><tr><td rowspan="1" colspan="1"><p>234</p></td><td rowspan="1" colspan="1"><p>202509582</p></td><td rowspan="1" colspan="1"><p>Licenciatura</p></td><td rowspan="1" colspan="1"><p>HISTÓRIA</p></td><td rowspan="1" colspan="1"><p>1020</p></td><td rowspan="1" colspan="1"><p>UNIVERSIDADE PRESBITERIANA MACKENZIE - MACKENZIE</p></td><td rowspan="1" colspan="1"><p>INSTITUTO PRESBITERIANO MACKENZIE</p></td></tr><tr><td rowspan="1" colspan="1"><p>235</p></td><td rowspan="1" colspan="1"><p>202509583</p></td><td rowspan="1" colspan="1"><p>Licenciatura</p></td><td rowspan="1" colspan="1"><p>LETRAS</p></td><td rowspan="1" colspan="1"><p>1020</p></td><td rowspan="1" colspan="1"><p>UNIVERSIDADE PRESBITERIANA MACKENZIE - MACKENZIE</p></td><td rowspan="1" colspan="1"><p>INSTITUTO PRESBITERIANO MACKENZIE</p></td></tr><tr><td rowspan="1" colspan="1"><p>236</p></td><td rowspan="1" colspan="1"><p>202509579</p></td><td rowspan="1" colspan="1"><p>Licenciatura</p></td><td rowspan="1" colspan="1"><p>MATEMÁTICA</p></td><td rowspan="1" colspan="1"><p>1020</p></td><td rowspan="1" colspan="1"><p>UNIVERSIDADE PRESBITERIANA MACKENZIE - MACKENZIE</p></td><td rowspan="1" colspan="1"><p>INSTITUTO PRESBITERIANO MACKENZIE</p></td></tr><tr><td rowspan="1" colspan="1"><p>237</p></td><td rowspan="1" colspan="1"><p>202509584</p></td><td rowspan="1" colspan="1"><p>Licenciatura</p></td><td rowspan="1" colspan="1"><p>PEDAGOGIA</p></td><td rowspan="1" colspan="1"><p>1020</p></td><td rowspan="1" colspan="1"><p>UNIVERSIDADE PRESBITERIANA MACKENZIE - MACKENZIE</p></td><td rowspan="1" colspan="1"><p>INSTITUTO PRESBITERIANO MACKENZIE</p></td></tr><tr><td rowspan="1" colspan="1"><p>238</p></td><td rowspan="1" colspan="1"><p>202515989</p></td><td rowspan="1" colspan="1"><p>Licenciatura</p></td><td rowspan="1" colspan="1"><p>ARTES VISUAIS</p></td><td rowspan="1" colspan="1"><p>1920</p></td><td rowspan="1" colspan="1"><p>UNIVERSIDADE PROFESSOR EDSON ANTONIO VELANO - UNIFENAS</p></td><td rowspan="1" colspan="1"><p>FUNDACAO DE ENSINO E TECNOLOGIA DE ALFENAS</p></td></tr><tr><td rowspan="1" colspan="1"><p>239</p></td><td rowspan="1" colspan="1"><p>202515997</p></td><td rowspan="1" colspan="1"><p>Licenciatura</p></td><td rowspan="1" colspan="1"><p>BIOLOGIA</p></td><td rowspan="1" colspan="1"><p>1920</p></td><td rowspan="1" colspan="1"><p>UNIVERSIDADE PROFESSOR EDSON ANTONIO VELANO - UNIFENAS</p></td><td rowspan="1" colspan="1"><p>FUNDACAO DE ENSINO E TECNOLOGIA DE ALFENAS</p></td></tr><tr><td rowspan="1" colspan="1"><p>240</p></td><td rowspan="1" colspan="1"><p>202515993</p></td><td rowspan="1" colspan="1"><p>Licenciatura</p></td><td rowspan="1" colspan="1"><p>EDUCAÇÃO ESPECIAL</p></td><td rowspan="1" colspan="1"><p>1920</p></td><td rowspan="1" colspan="1"><p>UNIVERSIDADE PROFESSOR EDSON ANTONIO VELANO - UNIFENAS</p></td><td rowspan="1" colspan="1"><p>FUNDACAO DE ENSINO E TECNOLOGIA DE ALFENAS</p></td></tr><tr><td rowspan="1" colspan="1"><p>241</p></td><td rowspan="1" colspan="1"><p>202515030</p></td><td rowspan="1" colspan="1"><p>Bacharelado</p></td><td rowspan="1" colspan="1"><p>EDUCAÇÃO FÍSICA</p></td><td rowspan="1" colspan="1"><p>1920</p></td><td rowspan="1" colspan="1"><p>UNIVERSIDADE PROFESSOR EDSON ANTONIO VELANO - UNIFENAS</p></td><td rowspan="1" colspan="1"><p>FUNDACAO DE ENSINO E TECNOLOGIA DE ALFENAS</p></td></tr><tr><td rowspan="1" colspan="1"><p>242</p></td><td rowspan="1" colspan="1"><p>202515998</p></td><td rowspan="1" colspan="1"><p>Licenciatura</p></td><td rowspan="1" colspan="1"><p>FILOSOFIA</p></td><td rowspan="1" colspan="1"><p>1920</p></td><td rowspan="1" colspan="1"><p>UNIVERSIDADE PROFESSOR EDSON ANTONIO VELANO - UNIFENAS</p></td><td rowspan="1" colspan="1"><p>FUNDACAO DE ENSINO E TECNOLOGIA DE ALFENAS</p></td></tr><tr><td rowspan="1" colspan="1"><p>243</p></td><td rowspan="1" colspan="1"><p>202515996</p></td><td rowspan="1" colspan="1"><p>Licenciatura</p></td><td rowspan="1" colspan="1"><p>FÍSICA</p></td><td rowspan="1" colspan="1"><p>1920</p></td><td rowspan="1" colspan="1"><p>UNIVERSIDADE PROFESSOR EDSON ANTONIO VELANO - UNIFENAS</p></td><td rowspan="1" colspan="1"><p>FUNDACAO DE ENSINO E TECNOLOGIA DE ALFENAS</p></td></tr><tr><td rowspan="1" colspan="1"><p>244</p></td><td rowspan="1" colspan="1"><p>202515991</p></td><td rowspan="1" colspan="1"><p>Licenciatura</p></td><td rowspan="1" colspan="1"><p>GEOGRAFIA</p></td><td rowspan="1" colspan="1"><p>1920</p></td><td rowspan="1" colspan="1"><p>UNIVERSIDADE PROFESSOR EDSON ANTONIO VELANO - UNIFENAS</p></td><td rowspan="1" colspan="1"><p>FUNDACAO DE ENSINO E TECNOLOGIA DE ALFENAS</p></td></tr><tr><td rowspan="1" colspan="1"><p>245</p></td><td rowspan="1" colspan="1"><p>202515988</p></td><td rowspan="1" colspan="1"><p>Licenciatura</p></td><td rowspan="1" colspan="1"><p>HISTÓRIA</p></td><td rowspan="1" colspan="1"><p>1920</p></td><td rowspan="1" colspan="1"><p>UNIVERSIDADE PROFESSOR EDSON ANTONIO VELANO - UNIFENAS</p></td><td rowspan="1" colspan="1"><p>FUNDACAO DE ENSINO E TECNOLOGIA DE ALFENAS</p></td></tr><tr><td rowspan="1" colspan="1"><p>246</p></td><td rowspan="1" colspan="1"><p>202515990</p></td><td rowspan="1" colspan="1"><p>Licenciatura</p></td><td rowspan="1" colspan="1"><p>LETRAS - INGLÊS</p></td><td rowspan="1" colspan="1"><p>1920</p></td><td rowspan="1" colspan="1"><p>UNIVERSIDADE PROFESSOR EDSON ANTONIO VELANO - UNIFENAS</p></td><td rowspan="1" colspan="1"><p>FUNDACAO DE ENSINO E TECNOLOGIA DE ALFENAS</p></td></tr><tr><td rowspan="1" colspan="1"><p>247</p></td><td rowspan="1" colspan="1"><p>202515992</p></td><td rowspan="1" colspan="1"><p>Licenciatura</p></td><td rowspan="1" colspan="1"><p>LETRAS - LÍNGUA PORTUGUESA</p></td><td rowspan="1" colspan="1"><p>1920</p></td><td rowspan="1" colspan="1"><p>UNIVERSIDADE PROFESSOR EDSON ANTONIO VELANO - UNIFENAS</p></td><td rowspan="1" colspan="1"><p>FUNDACAO DE ENSINO E TECNOLOGIA DE ALFENAS</p></td></tr><tr><td rowspan="1" colspan="1"><p>248</p></td><td rowspan="1" colspan="1"><p>202515995</p></td><td rowspan="1" colspan="1"><p>Licenciatura</p></td><td rowspan="1" colspan="1"><p>MATEMÁTICA</p></td><td rowspan="1" colspan="1"><p>1920</p></td><td rowspan="1" colspan="1"><p>UNIVERSIDADE PROFESSOR EDSON ANTONIO VELANO - UNIFENAS</p></td><td rowspan="1" colspan="1"><p>FUNDACAO DE ENSINO E TECNOLOGIA DE ALFENAS</p></td></tr><tr><td rowspan="1" colspan="1"><p>249</p></td><td rowspan="1" colspan="1"><p>202509593</p></td><td rowspan="1" colspan="1"><p>Licenciatura</p></td><td rowspan="1" colspan="1"><p>PEDAGOGIA</p></td><td rowspan="1" colspan="1"><p>240</p></td><td rowspan="1" colspan="1"><p>UNIVERSIDADE PROFESSOR EDSON ANTONIO VELANO - UNIFENAS</p></td><td rowspan="1" colspan="1"><p>FUNDACAO DE ENSINO E TECNOLOGIA DE ALFENAS</p></td></tr><tr><td rowspan="1" colspan="1"><p>250</p></td><td rowspan="1" colspan="1"><p>202515994</p></td><td rowspan="1" colspan="1"><p>Bacharelado</p></td><td rowspan="1" colspan="1"><p>PSICOPEDAGOGIA</p></td><td rowspan="1" colspan="1"><p>1920</p></td><td rowspan="1" colspan="1"><p>UNIVERSIDADE PROFESSOR EDSON ANTONIO VELANO - UNIFENAS</p></td><td rowspan="1" colspan="1"><p>FUNDACAO DE ENSINO E TECNOLOGIA DE ALFENAS</p></td></tr><tr><td rowspan="1" colspan="1"><p>251</p></td><td rowspan="1" colspan="1"><p>202515029</p></td><td rowspan="1" colspan="1"><p>Bacharelado</p></td><td rowspan="1" colspan="1"><p>SERVIÇO SOCIAL</p></td><td rowspan="1" colspan="1"><p>1920</p></td><td rowspan="1" colspan="1"><p>UNIVERSIDADE PROFESSOR EDSON ANTONIO VELANO - UNIFENAS</p></td><td rowspan="1" colspan="1"><p>FUNDACAO DE ENSINO E TECNOLOGIA DE ALFENAS</p></td></tr><tr><td rowspan="1" colspan="1"><p>252</p></td><td rowspan="1" colspan="1"><p>202515999</p></td><td rowspan="1" colspan="1"><p>Licenciatura</p></td><td rowspan="1" colspan="1"><p>SOCIOLOGIA</p></td><td rowspan="1" colspan="1"><p>1920</p></td><td rowspan="1" colspan="1"><p>UNIVERSIDADE PROFESSOR EDSON ANTONIO VELANO - UNIFENAS</p></td><td rowspan="1" colspan="1"><p>FUNDACAO DE ENSINO E TECNOLOGIA DE ALFENAS</p></td></tr><tr><td rowspan="1" colspan="1"><p>253</p></td><td rowspan="1" colspan="1"><p>202508127</p></td><td rowspan="1" colspan="1"><p>Bacharelado</p></td><td rowspan="1" colspan="1"><p>EDUCAÇÃO FÍSICA</p></td><td rowspan="1" colspan="1"><p>500</p></td><td rowspan="1" colspan="1"><p>UNIVERSIDADE REGIONAL DO NOROESTE DO ESTADO DO RIO GRANDE DO SUL - UNIJUI</p></td><td rowspan="1" colspan="1"><p>FUNDACAO DE INTEGRACAO, DESENVOLVIMENTO E EDUCACAO DO NOROESTE DO ESTADO DO RIO GRANDE DO SUL - FIDENE</p></td></tr><tr><td rowspan="1" colspan="1"><p>254</p></td><td rowspan="1" colspan="1"><p>202510097</p></td><td rowspan="1" colspan="1"><p>Licenciatura</p></td><td rowspan="1" colspan="1"><p>EDUCAÇÃO FÍSICA</p></td><td rowspan="1" colspan="1"><p>500</p></td><td rowspan="1" colspan="1"><p>UNIVERSIDADE REGIONAL DO NOROESTE DO ESTADO DO RIO GRANDE DO SUL - UNIJUI</p></td><td rowspan="1" colspan="1"><p>FUNDACAO DE INTEGRACAO, DESENVOLVIMENTO E EDUCACAO DO NOROESTE DO ESTADO DO RIO GRANDE DO SUL - FIDENE</p></td></tr><tr><td rowspan="1" colspan="1"><p>255</p></td><td rowspan="1" colspan="1"><p>202510095</p></td><td rowspan="1" colspan="1"><p>Licenciatura</p></td><td rowspan="1" colspan="1"><p>HISTÓRIA</p></td><td rowspan="1" colspan="1"><p>500</p></td><td rowspan="1" colspan="1"><p>UNIVERSIDADE REGIONAL DO NOROESTE DO ESTADO DO RIO GRANDE DO SUL - UNIJUI</p></td><td rowspan="1" colspan="1"><p>FUNDACAO DE INTEGRACAO, DESENVOLVIMENTO E EDUCACAO DO NOROESTE DO ESTADO DO RIO GRANDE DO SUL - FIDENE</p></td></tr><tr><td rowspan="1" colspan="1"><p>256</p></td><td rowspan="1" colspan="1"><p>202517712</p></td><td rowspan="1" colspan="1"><p>Licenciatura</p></td><td rowspan="1" colspan="1"><p>LETRAS - INGLÊS</p></td><td rowspan="1" colspan="1"><p>500</p></td><td rowspan="1" colspan="1"><p>UNIVERSIDADE REGIONAL DO NOROESTE DO ESTADO DO RIO GRANDE DO SUL - UNIJUI</p></td><td rowspan="1" colspan="1"><p>FUNDACAO DE INTEGRACAO, DESENVOLVIMENTO E EDUCACAO DO NOROESTE DO ESTADO DO RIO GRANDE DO SUL - FIDENE</p></td></tr><tr><td rowspan="1" colspan="1"><p>257</p></td><td rowspan="1" colspan="1"><p>202510094</p></td><td rowspan="1" colspan="1"><p>Licenciatura</p></td><td rowspan="1" colspan="1"><p>LETRAS - PORTUGUÊS</p></td><td rowspan="1" colspan="1"><p>500</p></td><td rowspan="1" colspan="1"><p>UNIVERSIDADE REGIONAL DO NOROESTE DO ESTADO DO RIO GRANDE DO SUL - UNIJUI</p></td><td rowspan="1" colspan="1"><p>FUNDACAO DE INTEGRACAO, DESENVOLVIMENTO E EDUCACAO DO NOROESTE DO ESTADO DO RIO GRANDE DO SUL - FIDENE</p></td></tr><tr><td rowspan="1" colspan="1"><p>258</p></td><td rowspan="1" colspan="1"><p>202517683</p></td><td rowspan="1" colspan="1"><p>Licenciatura</p></td><td rowspan="1" colspan="1"><p>MATEMÁTICA</p></td><td rowspan="1" colspan="1"><p>500</p></td><td rowspan="1" colspan="1"><p>UNIVERSIDADE REGIONAL DO NOROESTE DO ESTADO DO RIO GRANDE DO SUL - UNIJUI</p></td><td rowspan="1" colspan="1"><p>FUNDACAO DE INTEGRACAO, DESENVOLVIMENTO E EDUCACAO DO NOROESTE DO ESTADO DO RIO GRANDE DO SUL - FIDENE</p></td></tr><tr><td rowspan="1" colspan="1"><p>259</p></td><td rowspan="1" colspan="1"><p>202510096</p></td><td rowspan="1" colspan="1"><p>Licenciatura</p></td><td rowspan="1" colspan="1"><p>PEDAGOGIA</p></td><td rowspan="1" colspan="1"><p>500</p></td><td rowspan="1" colspan="1"><p>UNIVERSIDADE REGIONAL DO NOROESTE DO ESTADO DO RIO GRANDE DO SUL - UNIJUI</p></td><td rowspan="1" colspan="1"><p>FUNDACAO DE INTEGRACAO, DESENVOLVIMENTO E EDUCACAO DO NOROESTE DO ESTADO DO RIO GRANDE DO SUL - FIDENE</p></td></tr><tr><td rowspan="1" colspan="1"><p>260</p></td><td rowspan="1" colspan="1"><p>202508034</p></td><td rowspan="1" colspan="1"><p>Bacharelado</p></td><td rowspan="1" colspan="1"><p>BIOMEDICINA</p></td><td rowspan="1" colspan="1"><p>30</p></td><td rowspan="1" colspan="1"><p>UNIVERSIDADE REGIONAL INTEGRADA DO ALTO URUGUAI E DAS MISSOES - URI</p></td><td rowspan="1" colspan="1"><p>FUNDACAO REGIONAL INTEGRADA</p></td></tr><tr><td rowspan="1" colspan="1"><p>261</p></td><td rowspan="1" colspan="1"><p>202515098</p></td><td rowspan="1" colspan="1"><p>Bacharelado</p></td><td rowspan="1" colspan="1"><p>EDUCAÇÃO FÍSICA</p></td><td rowspan="1" colspan="1"><p>4000</p></td><td rowspan="1" colspan="1"><p>UNIVERSIDADE REGIONAL INTEGRADA DO ALTO URUGUAI E DAS MISSOES - URI</p></td><td rowspan="1" colspan="1"><p>FUNDACAO REGIONAL INTEGRADA</p></td></tr><tr><td rowspan="1" colspan="1"><p>262</p></td><td rowspan="1" colspan="1"><p>202516109</p></td><td rowspan="1" colspan="1"><p>Licenciatura</p></td><td rowspan="1" colspan="1"><p>EDUCAÇÃO FÍSICA</p></td><td rowspan="1" colspan="1"><p>4000</p></td><td rowspan="1" colspan="1"><p>UNIVERSIDADE REGIONAL INTEGRADA DO ALTO URUGUAI E DAS MISSOES - URI</p></td><td rowspan="1" colspan="1"><p>FUNDACAO REGIONAL INTEGRADA</p></td></tr><tr><td rowspan="1" colspan="1"><p>263</p></td><td rowspan="1" colspan="1"><p>202511675</p></td><td rowspan="1" colspan="1"><p>Tecnológico</p></td><td rowspan="1" colspan="1"><p>ESTÉTICA E COSMÉTICA</p></td><td rowspan="1" colspan="1"><p>500</p></td><td rowspan="1" colspan="1"><p>UNIVERSIDADE REGIONAL INTEGRADA DO ALTO URUGUAI E DAS MISSOES - URI</p></td><td rowspan="1" colspan="1"><p>FUNDACAO REGIONAL INTEGRADA</p></td></tr><tr><td rowspan="1" colspan="1"><p>264</p></td><td rowspan="1" colspan="1"><p>202509939</p></td><td rowspan="1" colspan="1"><p>Licenciatura</p></td><td rowspan="1" colspan="1"><p>PEDAGOGIA</p></td><td rowspan="1" colspan="1"><p>500</p></td><td rowspan="1" colspan="1"><p>UNIVERSIDADE REGIONAL INTEGRADA DO ALTO URUGUAI E DAS MISSOES - URI</p></td><td rowspan="1" colspan="1"><p>FUNDACAO REGIONAL INTEGRADA</p></td></tr><tr><td rowspan="1" colspan="1"><p>265</p></td><td rowspan="1" colspan="1"><p>202510265</p></td><td rowspan="1" colspan="1"><p>Licenciatura</p></td><td rowspan="1" colspan="1"><p>CIÊNCIAS BIOLÓGICAS</p></td><td rowspan="1" colspan="1"><p>2000</p></td><td rowspan="1" colspan="1"><p>UNIVERSIDADE SALGADO DE OLIVEIRA - UNIVERSO</p></td><td rowspan="1" colspan="1"><p>ASSOCIACAO SALGADO DE OLIVEIRA DE EDUCACAO E CULTURA</p></td></tr><tr><td rowspan="1" colspan="1"><p>266</p></td><td rowspan="1" colspan="1"><p>202508135</p></td><td rowspan="1" colspan="1"><p>Bacharelado</p></td><td rowspan="1" colspan="1"><p>EDUCAÇÃO FÍSICA</p></td><td rowspan="1" colspan="1"><p>2000</p></td><td rowspan="1" colspan="1"><p>UNIVERSIDADE SALGADO DE OLIVEIRA - UNIVERSO</p></td><td rowspan="1" colspan="1"><p>ASSOCIACAO SALGADO DE OLIVEIRA DE EDUCACAO E CULTURA</p></td></tr><tr><td rowspan="1" colspan="1"><p>267</p></td><td rowspan="1" colspan="1"><p>202510267</p></td><td rowspan="1" colspan="1"><p>Licenciatura</p></td><td rowspan="1" colspan="1"><p>EDUCAÇÃO FÍSICA</p></td><td rowspan="1" colspan="1"><p>2000</p></td><td rowspan="1" colspan="1"><p>UNIVERSIDADE SALGADO DE OLIVEIRA - UNIVERSO</p></td><td rowspan="1" colspan="1"><p>ASSOCIACAO SALGADO DE OLIVEIRA DE EDUCACAO E CULTURA</p></td></tr><tr><td rowspan="1" colspan="1"><p>268</p></td><td rowspan="1" colspan="1"><p>202508892</p></td><td rowspan="1" colspan="1"><p>Bacharelado</p></td><td rowspan="1" colspan="1"><p>ENGENHARIA AMBIENTAL</p></td><td rowspan="1" colspan="1"><p>2000</p></td><td rowspan="1" colspan="1"><p>UNIVERSIDADE SALGADO DE OLIVEIRA - UNIVERSO</p></td><td rowspan="1" colspan="1"><p>ASSOCIACAO SALGADO DE OLIVEIRA DE EDUCACAO E CULTURA</p></td></tr><tr><td rowspan="1" colspan="1"><p>269</p></td><td rowspan="1" colspan="1"><p>202508894</p></td><td rowspan="1" colspan="1"><p>Bacharelado</p></td><td rowspan="1" colspan="1"><p>ENGENHARIA CIVIL</p></td><td rowspan="1" colspan="1"><p>2000</p></td><td rowspan="1" colspan="1"><p>UNIVERSIDADE SALGADO DE OLIVEIRA - UNIVERSO</p></td><td rowspan="1" colspan="1"><p>ASSOCIACAO SALGADO DE OLIVEIRA DE EDUCACAO E CULTURA</p></td></tr><tr><td rowspan="1" colspan="1"><p>270</p></td><td rowspan="1" colspan="1"><p>202508893</p></td><td rowspan="1" colspan="1"><p>Bacharelado</p></td><td rowspan="1" colspan="1"><p>ENGENHARIA DE PRODUÇÃO</p></td><td rowspan="1" colspan="1"><p>2000</p></td><td rowspan="1" colspan="1"><p>UNIVERSIDADE SALGADO DE OLIVEIRA - UNIVERSO</p></td><td rowspan="1" colspan="1"><p>ASSOCIACAO SALGADO DE OLIVEIRA DE EDUCACAO E CULTURA</p></td></tr><tr><td rowspan="1" colspan="1"><p>271</p></td><td rowspan="1" colspan="1"><p>202508895</p></td><td rowspan="1" colspan="1"><p>Bacharelado</p></td><td rowspan="1" colspan="1"><p>ENGENHARIA ELÉTRICA</p></td><td rowspan="1" colspan="1"><p>2000</p></td><td rowspan="1" colspan="1"><p>UNIVERSIDADE SALGADO DE OLIVEIRA - UNIVERSO</p></td><td rowspan="1" colspan="1"><p>ASSOCIACAO SALGADO DE OLIVEIRA DE EDUCACAO E CULTURA</p></td></tr><tr><td rowspan="1" colspan="1"><p>272</p></td><td rowspan="1" colspan="1"><p>202515578</p></td><td rowspan="1" colspan="1"><p>Bacharelado</p></td><td rowspan="1" colspan="1"><p>ENGENHARIA MECÂNICA</p></td><td rowspan="1" colspan="1"><p>10000</p></td><td rowspan="1" colspan="1"><p>UNIVERSIDADE SALGADO DE OLIVEIRA - UNIVERSO</p></td><td rowspan="1" colspan="1"><p>ASSOCIACAO SALGADO DE OLIVEIRA DE EDUCACAO E CULTURA</p></td></tr><tr><td rowspan="1" colspan="1"><p>273</p></td><td rowspan="1" colspan="1"><p>202515140</p></td><td rowspan="1" colspan="1"><p>Bacharelado</p></td><td rowspan="1" colspan="1"><p>FISIOTERAPIA</p></td><td rowspan="1" colspan="1"><p>10000</p></td><td rowspan="1" colspan="1"><p>UNIVERSIDADE SALGADO DE OLIVEIRA - UNIVERSO</p></td><td rowspan="1" colspan="1"><p>ASSOCIACAO SALGADO DE OLIVEIRA DE EDUCACAO E CULTURA</p></td></tr><tr><td rowspan="1" colspan="1"><p>274</p></td><td rowspan="1" colspan="1"><p>202510263</p></td><td rowspan="1" colspan="1"><p>Licenciatura</p></td><td rowspan="1" colspan="1"><p>HISTÓRIA</p></td><td rowspan="1" colspan="1"><p>2000</p></td><td rowspan="1" colspan="1"><p>UNIVERSIDADE SALGADO DE OLIVEIRA - UNIVERSO</p></td><td rowspan="1" colspan="1"><p>ASSOCIACAO SALGADO DE OLIVEIRA DE EDUCACAO E CULTURA</p></td></tr><tr><td rowspan="1" colspan="1"><p>275</p></td><td rowspan="1" colspan="1"><p>202508136</p></td><td rowspan="1" colspan="1"><p>Bacharelado</p></td><td rowspan="1" colspan="1"><p>NUTRIÇÃO</p></td><td rowspan="1" colspan="1"><p>1000</p></td><td rowspan="1" colspan="1"><p>UNIVERSIDADE SALGADO DE OLIVEIRA - UNIVERSO</p></td><td rowspan="1" colspan="1"><p>ASSOCIACAO SALGADO DE OLIVEIRA DE EDUCACAO E CULTURA</p></td></tr><tr><td rowspan="1" colspan="1"><p>276</p></td><td rowspan="1" colspan="1"><p>202510266</p></td><td rowspan="1" colspan="1"><p>Licenciatura</p></td><td rowspan="1" colspan="1"><p>PEDAGOGIA</p></td><td rowspan="1" colspan="1"><p>2000</p></td><td rowspan="1" colspan="1"><p>UNIVERSIDADE SALGADO DE OLIVEIRA - UNIVERSO</p></td><td rowspan="1" colspan="1"><p>ASSOCIACAO SALGADO DE OLIVEIRA DE EDUCACAO E CULTURA</p></td></tr><tr><td rowspan="1" colspan="1"><p>277</p></td><td rowspan="1" colspan="1"><p>202508134</p></td><td rowspan="1" colspan="1"><p>Bacharelado</p></td><td rowspan="1" colspan="1"><p>SERVIÇO SOCIAL</p></td><td rowspan="1" colspan="1"><p>2000</p></td><td rowspan="1" colspan="1"><p>UNIVERSIDADE SALGADO DE OLIVEIRA - UNIVERSO</p></td><td rowspan="1" colspan="1"><p>ASSOCIACAO SALGADO DE OLIVEIRA DE EDUCACAO E CULTURA</p></td></tr><tr><td rowspan="1" colspan="1"><p>278</p></td><td rowspan="1" colspan="1"><p>202509892</p></td><td rowspan="1" colspan="1"><p>Licenciatura</p></td><td rowspan="1" colspan="1"><p>CIÊNCIAS SOCIAIS</p></td><td rowspan="1" colspan="1"><p>200</p></td><td rowspan="1" colspan="1"><p>UNIVERSIDADE SALVADOR - UNIFACS</p></td><td rowspan="1" colspan="1"><p>FACS SERVICOS EDUCACIONAIS LTDA</p></td></tr><tr><td rowspan="1" colspan="1"><p>279</p></td><td rowspan="1" colspan="1"><p>202508000</p></td><td rowspan="1" colspan="1"><p>Bacharelado</p></td><td rowspan="1" colspan="1"><p>EDUCAÇÃO FÍSICA</p></td><td rowspan="1" colspan="1"><p>100</p></td><td rowspan="1" colspan="1"><p>UNIVERSIDADE SALVADOR - UNIFACS</p></td><td rowspan="1" colspan="1"><p>FACS SERVICOS EDUCACIONAIS LTDA</p></td></tr></table>]]></Texto>
  </body>
  <Midias />
</article></xml>