﻿<xml><article id="45402678" name="NORMAS DOU PO-2428-2025 Expedica" idOficio="11278411" pubName="DO1" artType="Portaria" pubDate="12/09/2025" artClass="00013:00064:00000:00000:00000:00000:00000:00000:00000:00000:00054:00000" artCategory="Ministério da Ciência, Tecnologia e Inovação/Conselho Nacional de Desenvolvimento Científico e Tecnológico" artSize="12" artNotes="" numberPage="17" pdfPage="http://pesquisa.in.gov.br/imprensa/jsp/visualiza/index.jsp?data=12/09/2025&amp;jornal=515&amp;pagina=17" editionNumber="174" highlightType="" highlightPriority="" highlight="" highlightimage="" highlightimagename="" idMateria="23098290">
  <body>
    <Identifica><![CDATA[ PORTARIA CNPq Nº 2.428, DE 10 DE SETEMBRO DE 2025]]></Identifica>
    <Data><![CDATA[]]></Data>
    <Ementa />
    <Titulo />
    <SubTitulo />
    <Texto><![CDATA[<p class="identifica">PORTARIA CNPq Nº 2.428, DE 10 DE SETEMBRO DE 2025</p><p>O Presidente do CONSELHO NACIONAL DE DESENVOLVIMENTO CIENTÍFICO E TECNOLÓGICO, no uso da competência delegada pelo art. 1º, I e II, da Portaria nº 3.853, de 7 de outubro de 2020, do Ministério da Ciência, Tecnologia e Inovações - MCTI, e considerando os termos do Decreto nº 98.830, de 15 de janeiro de 1990, e da Portaria MCT nº 55, de 14 de março de 1990, e nos termos do Processo CNPq nº 01300.005215/2022-19, resolve:</p><p>Art. 1º Atualizar a Portaria CNPq nº 955, de 19 de julho de 2022, publicada no Diário Oficial da União (DOU), Seção I, Nº 137, página 13, de 21 de julho de 2022 que autoriza as atividades de coleta de dados biológicos, com a participação de pesquisadores estrangeiros, no âmbito do projeto "Ecohidrologia em cascata no sistema cabeceira dos riachos da Amazônia", coordenado pelo Dr. João Victor Figueiredo Cardoso Rodrigues, da Universidade Federal do Amazonas, em cooperação com o Dr. Valeriy Ivanov da University of Michigan, conforme Processo CNPq nº 01300.005215/2022-19.</p><p>Art. 2º Considerando a adição de três novos membros, a equipe estrangeira autorizada na Portaria CNPq nº 955, de 2022, passa a ter a seguinte composição:</p><p /><p></p><table><tr /><tr><td rowspan="1" colspan="1"><p>NOME</p></td><td rowspan="1" colspan="1"><p>NACIONALIDADE</p></td><td rowspan="1" colspan="1"><p>INSTITUIÇÃO</p></td></tr><tr><td rowspan="1" colspan="1"><p>Aaron Sparks Bugaj</p></td><td rowspan="1" colspan="1"><p>Americana</p></td><td rowspan="1" colspan="1"><p>University of Arizona</p></td></tr><tr><td rowspan="1" colspan="1"><p>Ariana Marion La Porte</p></td><td rowspan="1" colspan="1"><p>Americana</p></td><td rowspan="1" colspan="1"><p>University of Arizona</p></td></tr><tr><td rowspan="1" colspan="1"><p>Benjamin Theron Nelson Mercer</p></td><td rowspan="1" colspan="1"><p>Americana</p></td><td rowspan="1" colspan="1"><p>University of Arizona</p></td></tr><tr><td rowspan="1" colspan="1"><p>Charles David Southwick</p></td><td rowspan="1" colspan="1"><p>Americana</p></td><td rowspan="1" colspan="1"><p>University of West Virginia</p></td></tr><tr><td rowspan="1" colspan="1"><p>Daniel Michael Ricciuto</p></td><td rowspan="1" colspan="1"><p>Americana</p></td><td rowspan="1" colspan="1"><p>Oak Ridge National Laboratory</p></td></tr><tr><td rowspan="1" colspan="1"><p>Emmelia Justine Braun</p></td><td rowspan="1" colspan="1"><p>Americana</p></td><td rowspan="1" colspan="1"><p>University of West Virginia</p></td></tr><tr><td rowspan="1" colspan="1"><p>Jennifer Elizabeth Johnson</p></td><td rowspan="1" colspan="1"><p>Americana</p></td><td rowspan="1" colspan="1"><p>Carnegie Institution for Science</p></td></tr><tr><td rowspan="1" colspan="1"><p>Joost Lambertus Maria van Haren</p></td><td rowspan="1" colspan="1"><p>Americana</p></td><td rowspan="1" colspan="1"><p>University of Arizona</p></td></tr><tr><td rowspan="1" colspan="1"><p>Kathryn Chong Quigley</p></td><td rowspan="1" colspan="1"><p>Americana</p></td><td rowspan="1" colspan="1"><p>University of California</p></td></tr><tr><td rowspan="1" colspan="1"><p>Kelvin Tuazon Acebron</p></td><td rowspan="1" colspan="1"><p>Filipina</p></td><td rowspan="1" colspan="1"><p>University of West Virginia</p></td></tr><tr><td rowspan="1" colspan="1"><p>Laetitia Magali Brechet</p></td><td rowspan="1" colspan="1"><p>Francesa</p></td><td rowspan="1" colspan="1"><p>University of Arizona</p></td></tr><tr><td rowspan="1" colspan="1"><p>Laura Kelsey Meredith</p></td><td rowspan="1" colspan="1"><p>Americana</p></td><td rowspan="1" colspan="1"><p>University of Arizona</p></td></tr><tr><td rowspan="1" colspan="1"><p>Loren Parker Albert</p></td><td rowspan="1" colspan="1"><p>Americana</p></td><td rowspan="1" colspan="1"><p>University of West Virginia</p></td></tr><tr><td rowspan="1" colspan="1"><p>Marielle Natasha Smith</p></td><td rowspan="1" colspan="1"><p>Britânica</p></td><td rowspan="1" colspan="1"><p>Michigan State University</p></td></tr><tr><td rowspan="1" colspan="1"><p>Michael Alan Eltringham</p></td><td rowspan="1" colspan="1"><p>Britânica</p></td><td rowspan="1" colspan="1"><p>University of Arizona</p></td></tr><tr><td rowspan="1" colspan="1"><p>Natalia Restrepo-Coupe</p></td><td rowspan="1" colspan="1"><p>Colombiana</p></td><td rowspan="1" colspan="1"><p>University of Arizona</p></td></tr><tr><td rowspan="1" colspan="1"><p>Neill Prohaska</p></td><td rowspan="1" colspan="1"><p>Americana</p></td><td rowspan="1" colspan="1"><p>University of Arizona</p></td></tr><tr><td rowspan="1" colspan="1"><p>Petya Krasteva Entcheva Campbell</p></td><td rowspan="1" colspan="1"><p>Americana</p></td><td rowspan="1" colspan="1"><p>University of Maryland</p></td></tr><tr><td rowspan="1" colspan="1"><p>Scott Reid Saleska</p></td><td rowspan="1" colspan="1"><p>Americana</p></td><td rowspan="1" colspan="1"><p>University of Arizona</p></td></tr><tr><td rowspan="1" colspan="1"><p>Scott Christopher Stark</p></td><td rowspan="1" colspan="1"><p>Americana</p></td><td rowspan="1" colspan="1"><p>Michigan State University</p></td></tr><tr><td rowspan="1" colspan="1"><p>Sean Maurice McMahon</p></td><td rowspan="1" colspan="1"><p>Americana</p></td><td rowspan="1" colspan="1"><p>Smithsonian Environmental Research Center</p></td></tr><tr><td rowspan="1" colspan="1"><p>Shuli Chen</p></td><td rowspan="1" colspan="1"><p>Chinesa</p></td><td rowspan="1" colspan="1"><p>University of Arizona</p></td></tr><tr><td rowspan="1" colspan="1"><p>Taeho Kim</p></td><td rowspan="1" colspan="1"><p>Coreana</p></td><td rowspan="1" colspan="1"><p>University of Michigan</p></td></tr><tr><td rowspan="1" colspan="1"><p>Tyeen Colligan Taylor</p></td><td rowspan="1" colspan="1"><p>Americana</p></td><td rowspan="1" colspan="1"><p>University of Michigan</p></td></tr><tr><td rowspan="1" colspan="1"><p>Valeriy Yuryevich Ivanov</p></td><td rowspan="1" colspan="1"><p>Americana</p></td><td rowspan="1" colspan="1"><p>University of Michigan</p></td></tr><tr><td rowspan="1" colspan="1"><p>Vinh Ngoc Tran</p></td><td rowspan="1" colspan="1"><p>Vietnamita</p></td><td rowspan="1" colspan="1"><p>University of Michigan</p></td></tr><tr><td rowspan="1" colspan="1"><p>Wenbo Zhou</p></td><td rowspan="1" colspan="1"><p>Chinesa</p></td><td rowspan="1" colspan="1"><p>University of Michigan</p></td></tr><tr><td rowspan="1" colspan="1"><p>Kate Louise Heaphy</p></td><td rowspan="1" colspan="1"><p>Neozelandesa</p></td><td rowspan="1" colspan="1"><p>Bangor University</p></td></tr><tr><td rowspan="1" colspan="1"><p>Jhon del Aguila Pasquel</p></td><td rowspan="1" colspan="1"><p>Peruano</p></td><td rowspan="1" colspan="1"><p>Universidade do Arizona</p></td></tr><tr><td rowspan="1" colspan="1"><p>Summer Lynn Harper</p></td><td rowspan="1" colspan="1"><p>Americana</p></td><td rowspan="1" colspan="1"><p>Oregon State University</p></td></tr><tr><td rowspan="1" colspan="1"><p>Benjamin Carl Wiebe</p></td><td rowspan="1" colspan="1"><p>Americano</p></td><td rowspan="1" colspan="1"><p>Northern Arizona University</p></td></tr><tr><td rowspan="1" colspan="1"><p>Christopher Eric Doughty</p></td><td rowspan="1" colspan="1"><p>Americano</p></td><td rowspan="1" colspan="1"><p>Northern Arizona University</p></td></tr></table><p>Art. 3º As atividades de coleta de dados biológicos têm autorização do Instituto Chico Mendes de Conservação da Biodiversidade (ICMBio), SISBIO nº 81969-18, para as seguintes localidades:</p><p>I - Pará, Santarém, FLONA Tapajós, -2,848032° / -54,964520°;</p><p>II - Amazonas, Manaus, Reserva Biológica Cuieiras, -2,616667° / -60,166667˚; e</p><p>III - Amazonas, Manaus, Projeto Dinâmica Biológica de Fragmentos Florestais, -2,5° / -60,0°.</p><p>Art. 4º As atividades de coleta de dados biológicos possuem cadastro no Sistema Nacional de Gestão do Patrimônio Genético e do Conhecimento Tradicional Associado - SisGen nº AD2B0D6, e não haverá envio de remessa ao exterior.</p><p>Art. 5º A remessa de material científico e seu destino ficam vinculados à estrita observância das normas do Decreto nº 98.830, de 15 de janeiro de 1990, da Portaria MCT nº 55, de 14 de março de 1990, e, quando for o caso, da Lei nº 13.123, de 20 de maio de 2015, e do Decreto nº 8.772, de 11 de maio de 2016, que a regulamenta.</p><p>Art. 6º Esta autorização terá validade a partir da data de sua publicação até 31 de dezembro de 2025.</p><p>Parágrafo único. O prazo previsto no caput poderá ser prorrogado mediante pedido justificado do representante da contraparte brasileira, acompanhado de relatório técnico das atividades realizadas e demais documentos estabelecidos na legislação de regência, a ser apresentado no prazo de até 45 (quarenta e cinco) dias anteriores ao término da sua vigência.</p><p>Art. 7º Esta Portaria entra em vigor na data de sua publicação.</p><p class="assina">RICARDO MAGNUS OSÓRIO GALVÃO</p>]]></Texto>
  </body>
  <Midias />
</article></xml>