﻿<xml><article id="45406338" name="PORTARIA NA 607 - 11.09.2025_009" idOficio="11278735" pubName="DO1" artType="Portaria" pubDate="12/09/2025" artClass="00025:00046:00000:00000:00000:00000:00000:00000:00000:00000:00054:00000" artCategory="Ministério da Educação/Secretaria de Regulação e Supervisão da Educação Superior" artSize="24" artNotes="" numberPage="57" pdfPage="http://pesquisa.in.gov.br/imprensa/jsp/visualiza/index.jsp?data=12/09/2025&amp;jornal=515&amp;pagina=57" editionNumber="174" highlightType="" highlightPriority="" highlight="" highlightimage="" highlightimagename="" idMateria="23098714">
  <body>
    <Identifica />
    <Data><![CDATA[]]></Data>
    <Ementa />
    <Titulo />
    <SubTitulo />
    <Texto><![CDATA[<p /><p></p><table><tr /><tr><td rowspan="1" colspan="1"><p>371</p></td><td rowspan="1" colspan="1"><p>202511207</p></td><td rowspan="1" colspan="1"><p>Licenciatura</p></td><td rowspan="1" colspan="1"><p>GEOGRAFIA</p></td><td rowspan="1" colspan="1"><p>500</p></td><td rowspan="1" colspan="1"><p>CENTRO UNIVERSITARIO ETEP -</p></td><td rowspan="1" colspan="1"><p>EXC EDUCACIONAL LTDA</p></td></tr><tr><td rowspan="1" colspan="1"><p>372</p></td><td rowspan="1" colspan="1"><p>202509351</p></td><td rowspan="1" colspan="1"><p>Tecnológico</p></td><td rowspan="1" colspan="1"><p>GESTÃO AMBIENTAL</p></td><td rowspan="1" colspan="1"><p>300</p></td><td rowspan="1" colspan="1"><p>CENTRO UNIVERSITARIO ETEP -</p></td><td rowspan="1" colspan="1"><p>EXC EDUCACIONAL LTDA</p></td></tr><tr><td rowspan="1" colspan="1"><p>373</p></td><td rowspan="1" colspan="1"><p>202512130</p></td><td rowspan="1" colspan="1"><p>Tecnológico</p></td><td rowspan="1" colspan="1"><p>GESTÃO HOSPITALAR</p></td><td rowspan="1" colspan="1"><p>500</p></td><td rowspan="1" colspan="1"><p>CENTRO UNIVERSITARIO ETEP -</p></td><td rowspan="1" colspan="1"><p>EXC EDUCACIONAL LTDA</p></td></tr><tr><td rowspan="1" colspan="1"><p>374</p></td><td rowspan="1" colspan="1"><p>202511208</p></td><td rowspan="1" colspan="1"><p>Licenciatura</p></td><td rowspan="1" colspan="1"><p>HISTÓRIA</p></td><td rowspan="1" colspan="1"><p>500</p></td><td rowspan="1" colspan="1"><p>CENTRO UNIVERSITARIO ETEP -</p></td><td rowspan="1" colspan="1"><p>EXC EDUCACIONAL LTDA</p></td></tr><tr><td rowspan="1" colspan="1"><p>375</p></td><td rowspan="1" colspan="1"><p>202511206</p></td><td rowspan="1" colspan="1"><p>Licenciatura</p></td><td rowspan="1" colspan="1"><p>LETRAS - INGLÊS</p></td><td rowspan="1" colspan="1"><p>500</p></td><td rowspan="1" colspan="1"><p>CENTRO UNIVERSITARIO ETEP -</p></td><td rowspan="1" colspan="1"><p>EXC EDUCACIONAL LTDA</p></td></tr><tr><td rowspan="1" colspan="1"><p>376</p></td><td rowspan="1" colspan="1"><p>202511205</p></td><td rowspan="1" colspan="1"><p>Licenciatura</p></td><td rowspan="1" colspan="1"><p>LETRAS - LIBRAS</p></td><td rowspan="1" colspan="1"><p>250</p></td><td rowspan="1" colspan="1"><p>CENTRO UNIVERSITARIO ETEP -</p></td><td rowspan="1" colspan="1"><p>EXC EDUCACIONAL LTDA</p></td></tr><tr><td rowspan="1" colspan="1"><p>377</p></td><td rowspan="1" colspan="1"><p>202511203</p></td><td rowspan="1" colspan="1"><p>Licenciatura</p></td><td rowspan="1" colspan="1"><p>LETRAS - LÍNGUA PORTUGUESA</p></td><td rowspan="1" colspan="1"><p>500</p></td><td rowspan="1" colspan="1"><p>CENTRO UNIVERSITARIO ETEP -</p></td><td rowspan="1" colspan="1"><p>EXC EDUCACIONAL LTDA</p></td></tr><tr><td rowspan="1" colspan="1"><p>378</p></td><td rowspan="1" colspan="1"><p>202511212</p></td><td rowspan="1" colspan="1"><p>Licenciatura</p></td><td rowspan="1" colspan="1"><p>LETRAS - PORTUGUÊS E ESPANHOL</p></td><td rowspan="1" colspan="1"><p>500</p></td><td rowspan="1" colspan="1"><p>CENTRO UNIVERSITARIO ETEP -</p></td><td rowspan="1" colspan="1"><p>EXC EDUCACIONAL LTDA</p></td></tr><tr><td rowspan="1" colspan="1"><p>379</p></td><td rowspan="1" colspan="1"><p>202511215</p></td><td rowspan="1" colspan="1"><p>Licenciatura</p></td><td rowspan="1" colspan="1"><p>LETRAS - PORTUGUÊS E INGLÊS</p></td><td rowspan="1" colspan="1"><p>500</p></td><td rowspan="1" colspan="1"><p>CENTRO UNIVERSITARIO ETEP -</p></td><td rowspan="1" colspan="1"><p>EXC EDUCACIONAL LTDA</p></td></tr><tr><td rowspan="1" colspan="1"><p>380</p></td><td rowspan="1" colspan="1"><p>202516690</p></td><td rowspan="1" colspan="1"><p>Licenciatura</p></td><td rowspan="1" colspan="1"><p>LETRAS - PORTUGUÊS E INGLÊS</p></td><td rowspan="1" colspan="1"><p>8000</p></td><td rowspan="1" colspan="1"><p>CENTRO UNIVERSITARIO ETEP -</p></td><td rowspan="1" colspan="1"><p>EXC EDUCACIONAL LTDA</p></td></tr><tr><td rowspan="1" colspan="1"><p>381</p></td><td rowspan="1" colspan="1"><p>202515828</p></td><td rowspan="1" colspan="1"><p>Tecnológico</p></td><td rowspan="1" colspan="1"><p>MANUTENÇÃO DE AERONAVES</p></td><td rowspan="1" colspan="1"><p>3000</p></td><td rowspan="1" colspan="1"><p>CENTRO UNIVERSITARIO ETEP -</p></td><td rowspan="1" colspan="1"><p>EXC EDUCACIONAL LTDA</p></td></tr><tr><td rowspan="1" colspan="1"><p>382</p></td><td rowspan="1" colspan="1"><p>202511213</p></td><td rowspan="1" colspan="1"><p>Licenciatura</p></td><td rowspan="1" colspan="1"><p>MATEMÁTICA</p></td><td rowspan="1" colspan="1"><p>500</p></td><td rowspan="1" colspan="1"><p>CENTRO UNIVERSITARIO ETEP -</p></td><td rowspan="1" colspan="1"><p>EXC EDUCACIONAL LTDA</p></td></tr><tr><td rowspan="1" colspan="1"><p>383</p></td><td rowspan="1" colspan="1"><p>202511196</p></td><td rowspan="1" colspan="1"><p>Licenciatura</p></td><td rowspan="1" colspan="1"><p>MÚSICA</p></td><td rowspan="1" colspan="1"><p>500</p></td><td rowspan="1" colspan="1"><p>CENTRO UNIVERSITARIO ETEP -</p></td><td rowspan="1" colspan="1"><p>EXC EDUCACIONAL LTDA</p></td></tr><tr><td rowspan="1" colspan="1"><p>384</p></td><td rowspan="1" colspan="1"><p>202508645</p></td><td rowspan="1" colspan="1"><p>Bacharelado</p></td><td rowspan="1" colspan="1"><p>NUTRIÇÃO</p></td><td rowspan="1" colspan="1"><p>500</p></td><td rowspan="1" colspan="1"><p>CENTRO UNIVERSITARIO ETEP -</p></td><td rowspan="1" colspan="1"><p>EXC EDUCACIONAL LTDA</p></td></tr><tr><td rowspan="1" colspan="1"><p>385</p></td><td rowspan="1" colspan="1"><p>202511209</p></td><td rowspan="1" colspan="1"><p>Licenciatura</p></td><td rowspan="1" colspan="1"><p>PEDAGOGIA</p></td><td rowspan="1" colspan="1"><p>500</p></td><td rowspan="1" colspan="1"><p>CENTRO UNIVERSITARIO ETEP -</p></td><td rowspan="1" colspan="1"><p>EXC EDUCACIONAL LTDA</p></td></tr><tr><td rowspan="1" colspan="1"><p>386</p></td><td rowspan="1" colspan="1"><p>202511201</p></td><td rowspan="1" colspan="1"><p>Tecnológico</p></td><td rowspan="1" colspan="1"><p>PROCESSOS ESCOLARES</p></td><td rowspan="1" colspan="1"><p>500</p></td><td rowspan="1" colspan="1"><p>CENTRO UNIVERSITARIO ETEP -</p></td><td rowspan="1" colspan="1"><p>EXC EDUCACIONAL LTDA</p></td></tr><tr><td rowspan="1" colspan="1"><p>387</p></td><td rowspan="1" colspan="1"><p>202511199</p></td><td rowspan="1" colspan="1"><p>Licenciatura</p></td><td rowspan="1" colspan="1"><p>QUÍMICA</p></td><td rowspan="1" colspan="1"><p>500</p></td><td rowspan="1" colspan="1"><p>CENTRO UNIVERSITARIO ETEP -</p></td><td rowspan="1" colspan="1"><p>EXC EDUCACIONAL LTDA</p></td></tr><tr><td rowspan="1" colspan="1"><p>388</p></td><td rowspan="1" colspan="1"><p>202508647</p></td><td rowspan="1" colspan="1"><p>Bacharelado</p></td><td rowspan="1" colspan="1"><p>SERVIÇO SOCIAL</p></td><td rowspan="1" colspan="1"><p>500</p></td><td rowspan="1" colspan="1"><p>CENTRO UNIVERSITARIO ETEP -</p></td><td rowspan="1" colspan="1"><p>EXC EDUCACIONAL LTDA</p></td></tr><tr><td rowspan="1" colspan="1"><p>389</p></td><td rowspan="1" colspan="1"><p>202515409</p></td><td rowspan="1" colspan="1"><p>Bacharelado</p></td><td rowspan="1" colspan="1"><p>TERAPIA OCUPACIONAL</p></td><td rowspan="1" colspan="1"><p>6000</p></td><td rowspan="1" colspan="1"><p>CENTRO UNIVERSITARIO ETEP -</p></td><td rowspan="1" colspan="1"><p>EXC EDUCACIONAL LTDA</p></td></tr><tr><td rowspan="1" colspan="1"><p>390</p></td><td rowspan="1" colspan="1"><p>202511198</p></td><td rowspan="1" colspan="1"><p>Tecnológico</p></td><td rowspan="1" colspan="1"><p>TUTORIA PARA EDUCAÇÃO A DISTÂNCIA</p></td><td rowspan="1" colspan="1"><p>500</p></td><td rowspan="1" colspan="1"><p>CENTRO UNIVERSITARIO ETEP -</p></td><td rowspan="1" colspan="1"><p>EXC EDUCACIONAL LTDA</p></td></tr><tr><td rowspan="1" colspan="1"><p>391</p></td><td rowspan="1" colspan="1"><p>202515595</p></td><td rowspan="1" colspan="1"><p>Bacharelado</p></td><td rowspan="1" colspan="1"><p>ARQUITETURA E URBANISMO</p></td><td rowspan="1" colspan="1"><p>1600</p></td><td rowspan="1" colspan="1"><p>CENTRO UNIVERSITARIO FACEX - UNIFACEX</p></td><td rowspan="1" colspan="1"><p>CENTRO INTEGRADO PARA FORMACAO DE EXECUTIVOS</p></td></tr><tr><td rowspan="1" colspan="1"><p>392</p></td><td rowspan="1" colspan="1"><p>202510360</p></td><td rowspan="1" colspan="1"><p>Licenciatura</p></td><td rowspan="1" colspan="1"><p>EDUCAÇÃO FÍSICA</p></td><td rowspan="1" colspan="1"><p>1000</p></td><td rowspan="1" colspan="1"><p>CENTRO UNIVERSITARIO FACEX - UNIFACEX</p></td><td rowspan="1" colspan="1"><p>CENTRO INTEGRADO PARA FORMACAO DE EXECUTIVOS</p></td></tr><tr><td rowspan="1" colspan="1"><p>393</p></td><td rowspan="1" colspan="1"><p>202515150</p></td><td rowspan="1" colspan="1"><p>Bacharelado</p></td><td rowspan="1" colspan="1"><p>EDUCAÇÃO FÍSICA</p></td><td rowspan="1" colspan="1"><p>8000</p></td><td rowspan="1" colspan="1"><p>CENTRO UNIVERSITARIO FACEX - UNIFACEX</p></td><td rowspan="1" colspan="1"><p>CENTRO INTEGRADO PARA FORMACAO DE EXECUTIVOS</p></td></tr><tr><td rowspan="1" colspan="1"><p>394</p></td><td rowspan="1" colspan="1"><p>202515596</p></td><td rowspan="1" colspan="1"><p>Bacharelado</p></td><td rowspan="1" colspan="1"><p>ENGENHARIA CIVIL</p></td><td rowspan="1" colspan="1"><p>1600</p></td><td rowspan="1" colspan="1"><p>CENTRO UNIVERSITARIO FACEX - UNIFACEX</p></td><td rowspan="1" colspan="1"><p>CENTRO INTEGRADO PARA FORMACAO DE EXECUTIVOS</p></td></tr><tr><td rowspan="1" colspan="1"><p>395</p></td><td rowspan="1" colspan="1"><p>202515594</p></td><td rowspan="1" colspan="1"><p>Tecnológico</p></td><td rowspan="1" colspan="1"><p>GESTÃO AMBIENTAL</p></td><td rowspan="1" colspan="1"><p>1600</p></td><td rowspan="1" colspan="1"><p>CENTRO UNIVERSITARIO FACEX - UNIFACEX</p></td><td rowspan="1" colspan="1"><p>CENTRO INTEGRADO PARA FORMACAO DE EXECUTIVOS</p></td></tr><tr><td rowspan="1" colspan="1"><p>396</p></td><td rowspan="1" colspan="1"><p>202510361</p></td><td rowspan="1" colspan="1"><p>Licenciatura</p></td><td rowspan="1" colspan="1"><p>PEDAGOGIA</p></td><td rowspan="1" colspan="1"><p>200</p></td><td rowspan="1" colspan="1"><p>CENTRO UNIVERSITARIO FACEX - UNIFACEX</p></td><td rowspan="1" colspan="1"><p>CENTRO INTEGRADO PARA FORMACAO DE EXECUTIVOS</p></td></tr><tr><td rowspan="1" colspan="1"><p>397</p></td><td rowspan="1" colspan="1"><p>202508173</p></td><td rowspan="1" colspan="1"><p>Bacharelado</p></td><td rowspan="1" colspan="1"><p>SERVIÇO SOCIAL</p></td><td rowspan="1" colspan="1"><p>200</p></td><td rowspan="1" colspan="1"><p>CENTRO UNIVERSITARIO FACEX - UNIFACEX</p></td><td rowspan="1" colspan="1"><p>CENTRO INTEGRADO PARA FORMACAO DE EXECUTIVOS</p></td></tr><tr><td rowspan="1" colspan="1"><p>398</p></td><td rowspan="1" colspan="1"><p>202516427</p></td><td rowspan="1" colspan="1"><p>Licenciatura</p></td><td rowspan="1" colspan="1"><p>LETRAS - PORTUGUÊS</p></td><td rowspan="1" colspan="1"><p>4800</p></td><td rowspan="1" colspan="1"><p>CENTRO UNIVERSITARIO FACOL - UNIFACOL</p></td><td rowspan="1" colspan="1"><p>ASSOCIACAO VITORIENSE DE EDUCACAO, CIENCIAS E CULTURA - AVEC</p></td></tr><tr><td rowspan="1" colspan="1"><p>399</p></td><td rowspan="1" colspan="1"><p>202516428</p></td><td rowspan="1" colspan="1"><p>Licenciatura</p></td><td rowspan="1" colspan="1"><p>PEDAGOGIA</p></td><td rowspan="1" colspan="1"><p>4800</p></td><td rowspan="1" colspan="1"><p>CENTRO UNIVERSITARIO FACOL - UNIFACOL</p></td><td rowspan="1" colspan="1"><p>ASSOCIACAO VITORIENSE DE EDUCACAO, CIENCIAS E CULTURA - AVEC</p></td></tr><tr><td rowspan="1" colspan="1"><p>400</p></td><td rowspan="1" colspan="1"><p>202509437</p></td><td rowspan="1" colspan="1"><p>Bacharelado</p></td><td rowspan="1" colspan="1"><p>AGRONOMIA</p></td><td rowspan="1" colspan="1"><p>200</p></td><td rowspan="1" colspan="1"><p>CENTRO UNIVERSITARIO FACUNICAMPS - FACUNICAMPS</p></td><td rowspan="1" colspan="1"><p>DINAMICA E ASSESSORIA E CONSULTORIA EMPRESARIAL EIRELI</p></td></tr><tr><td rowspan="1" colspan="1"><p>401</p></td><td rowspan="1" colspan="1"><p>202509243</p></td><td rowspan="1" colspan="1"><p>Bacharelado</p></td><td rowspan="1" colspan="1"><p>ARQUITETURA E URBANISMO</p></td><td rowspan="1" colspan="1"><p>200</p></td><td rowspan="1" colspan="1"><p>CENTRO UNIVERSITARIO FACUNICAMPS - FACUNICAMPS</p></td><td rowspan="1" colspan="1"><p>DINAMICA E ASSESSORIA E CONSULTORIA EMPRESARIAL EIRELI</p></td></tr><tr><td rowspan="1" colspan="1"><p>402</p></td><td rowspan="1" colspan="1"><p>202508528</p></td><td rowspan="1" colspan="1"><p>Bacharelado</p></td><td rowspan="1" colspan="1"><p>BIOMEDICINA</p></td><td rowspan="1" colspan="1"><p>200</p></td><td rowspan="1" colspan="1"><p>CENTRO UNIVERSITARIO FACUNICAMPS - FACUNICAMPS</p></td><td rowspan="1" colspan="1"><p>DINAMICA E ASSESSORIA E CONSULTORIA EMPRESARIAL EIRELI</p></td></tr><tr><td rowspan="1" colspan="1"><p>403</p></td><td rowspan="1" colspan="1"><p>202508530</p></td><td rowspan="1" colspan="1"><p>Bacharelado</p></td><td rowspan="1" colspan="1"><p>EDUCAÇÃO FÍSICA</p></td><td rowspan="1" colspan="1"><p>200</p></td><td rowspan="1" colspan="1"><p>CENTRO UNIVERSITARIO FACUNICAMPS - FACUNICAMPS</p></td><td rowspan="1" colspan="1"><p>DINAMICA E ASSESSORIA E CONSULTORIA EMPRESARIAL EIRELI</p></td></tr><tr><td rowspan="1" colspan="1"><p>404</p></td><td rowspan="1" colspan="1"><p>202510939</p></td><td rowspan="1" colspan="1"><p>Licenciatura</p></td><td rowspan="1" colspan="1"><p>EDUCAÇÃO FÍSICA</p></td><td rowspan="1" colspan="1"><p>200</p></td><td rowspan="1" colspan="1"><p>CENTRO UNIVERSITARIO FACUNICAMPS - FACUNICAMPS</p></td><td rowspan="1" colspan="1"><p>DINAMICA E ASSESSORIA E CONSULTORIA EMPRESARIAL EIRELI</p></td></tr><tr><td rowspan="1" colspan="1"><p>405</p></td><td rowspan="1" colspan="1"><p>202509239</p></td><td rowspan="1" colspan="1"><p>Bacharelado</p></td><td rowspan="1" colspan="1"><p>ENGENHARIA CIVIL</p></td><td rowspan="1" colspan="1"><p>200</p></td><td rowspan="1" colspan="1"><p>CENTRO UNIVERSITARIO FACUNICAMPS - FACUNICAMPS</p></td><td rowspan="1" colspan="1"><p>DINAMICA E ASSESSORIA E CONSULTORIA EMPRESARIAL EIRELI</p></td></tr><tr><td rowspan="1" colspan="1"><p>406</p></td><td rowspan="1" colspan="1"><p>202509241</p></td><td rowspan="1" colspan="1"><p>Bacharelado</p></td><td rowspan="1" colspan="1"><p>ENGENHARIA DE MINAS</p></td><td rowspan="1" colspan="1"><p>200</p></td><td rowspan="1" colspan="1"><p>CENTRO UNIVERSITARIO FACUNICAMPS - FACUNICAMPS</p></td><td rowspan="1" colspan="1"><p>DINAMICA E ASSESSORIA E CONSULTORIA EMPRESARIAL EIRELI</p></td></tr><tr><td rowspan="1" colspan="1"><p>407</p></td><td rowspan="1" colspan="1"><p>202509238</p></td><td rowspan="1" colspan="1"><p>Bacharelado</p></td><td rowspan="1" colspan="1"><p>ENGENHARIA DE PRODUÇÃO</p></td><td rowspan="1" colspan="1"><p>120</p></td><td rowspan="1" colspan="1"><p>CENTRO UNIVERSITARIO FACUNICAMPS - FACUNICAMPS</p></td><td rowspan="1" colspan="1"><p>DINAMICA E ASSESSORIA E CONSULTORIA EMPRESARIAL EIRELI</p></td></tr><tr><td rowspan="1" colspan="1"><p>408</p></td><td rowspan="1" colspan="1"><p>202509240</p></td><td rowspan="1" colspan="1"><p>Bacharelado</p></td><td rowspan="1" colspan="1"><p>ENGENHARIA ELÉTRICA</p></td><td rowspan="1" colspan="1"><p>100</p></td><td rowspan="1" colspan="1"><p>CENTRO UNIVERSITARIO FACUNICAMPS - FACUNICAMPS</p></td><td rowspan="1" colspan="1"><p>DINAMICA E ASSESSORIA E CONSULTORIA EMPRESARIAL EIRELI</p></td></tr><tr><td rowspan="1" colspan="1"><p>409</p></td><td rowspan="1" colspan="1"><p>202509236</p></td><td rowspan="1" colspan="1"><p>Bacharelado</p></td><td rowspan="1" colspan="1"><p>ENGENHARIA MECÂNICA</p></td><td rowspan="1" colspan="1"><p>100</p></td><td rowspan="1" colspan="1"><p>CENTRO UNIVERSITARIO FACUNICAMPS - FACUNICAMPS</p></td><td rowspan="1" colspan="1"><p>DINAMICA E ASSESSORIA E CONSULTORIA EMPRESARIAL EIRELI</p></td></tr><tr><td rowspan="1" colspan="1"><p>410</p></td><td rowspan="1" colspan="1"><p>202509242</p></td><td rowspan="1" colspan="1"><p>Bacharelado</p></td><td rowspan="1" colspan="1"><p>ENGENHARIA QUÍMICA</p></td><td rowspan="1" colspan="1"><p>100</p></td><td rowspan="1" colspan="1"><p>CENTRO UNIVERSITARIO FACUNICAMPS - FACUNICAMPS</p></td><td rowspan="1" colspan="1"><p>DINAMICA E ASSESSORIA E CONSULTORIA EMPRESARIAL EIRELI</p></td></tr><tr><td rowspan="1" colspan="1"><p>411</p></td><td rowspan="1" colspan="1"><p>202512015</p></td><td rowspan="1" colspan="1"><p>Tecnológico</p></td><td rowspan="1" colspan="1"><p>ESTÉTICA E COSMÉTICA</p></td><td rowspan="1" colspan="1"><p>200</p></td><td rowspan="1" colspan="1"><p>CENTRO UNIVERSITARIO FACUNICAMPS - FACUNICAMPS</p></td><td rowspan="1" colspan="1"><p>DINAMICA E ASSESSORIA E CONSULTORIA EMPRESARIAL EIRELI</p></td></tr><tr><td rowspan="1" colspan="1"><p>412</p></td><td rowspan="1" colspan="1"><p>202508527</p></td><td rowspan="1" colspan="1"><p>Bacharelado</p></td><td rowspan="1" colspan="1"><p>FARMÁCIA</p></td><td rowspan="1" colspan="1"><p>200</p></td><td rowspan="1" colspan="1"><p>CENTRO UNIVERSITARIO FACUNICAMPS - FACUNICAMPS</p></td><td rowspan="1" colspan="1"><p>DINAMICA E ASSESSORIA E CONSULTORIA EMPRESARIAL EIRELI</p></td></tr><tr><td rowspan="1" colspan="1"><p>413</p></td><td rowspan="1" colspan="1"><p>202508529</p></td><td rowspan="1" colspan="1"><p>Bacharelado</p></td><td rowspan="1" colspan="1"><p>FISIOTERAPIA</p></td><td rowspan="1" colspan="1"><p>200</p></td><td rowspan="1" colspan="1"><p>CENTRO UNIVERSITARIO FACUNICAMPS - FACUNICAMPS</p></td><td rowspan="1" colspan="1"><p>DINAMICA E ASSESSORIA E CONSULTORIA EMPRESARIAL EIRELI</p></td></tr><tr><td rowspan="1" colspan="1"><p>414</p></td><td rowspan="1" colspan="1"><p>202517563</p></td><td rowspan="1" colspan="1"><p>Licenciatura</p></td><td rowspan="1" colspan="1"><p>GEOGRAFIA</p></td><td rowspan="1" colspan="1"><p>200</p></td><td rowspan="1" colspan="1"><p>CENTRO UNIVERSITARIO FACUNICAMPS - FACUNICAMPS</p></td><td rowspan="1" colspan="1"><p>DINAMICA E ASSESSORIA E CONSULTORIA EMPRESARIAL EIRELI</p></td></tr><tr><td rowspan="1" colspan="1"><p>415</p></td><td rowspan="1" colspan="1"><p>202517415</p></td><td rowspan="1" colspan="1"><p>Tecnológico</p></td><td rowspan="1" colspan="1"><p>GERONTOLOGIA</p></td><td rowspan="1" colspan="1"><p>20</p></td><td rowspan="1" colspan="1"><p>CENTRO UNIVERSITARIO FACUNICAMPS - FACUNICAMPS</p></td><td rowspan="1" colspan="1"><p>DINAMICA E ASSESSORIA E CONSULTORIA EMPRESARIAL EIRELI</p></td></tr><tr><td rowspan="1" colspan="1"><p>416</p></td><td rowspan="1" colspan="1"><p>202509237</p></td><td rowspan="1" colspan="1"><p>Tecnológico</p></td><td rowspan="1" colspan="1"><p>GESTÃO AMBIENTAL</p></td><td rowspan="1" colspan="1"><p>200</p></td><td rowspan="1" colspan="1"><p>CENTRO UNIVERSITARIO FACUNICAMPS - FACUNICAMPS</p></td><td rowspan="1" colspan="1"><p>DINAMICA E ASSESSORIA E CONSULTORIA EMPRESARIAL EIRELI</p></td></tr><tr><td rowspan="1" colspan="1"><p>417</p></td><td rowspan="1" colspan="1"><p>202512013</p></td><td rowspan="1" colspan="1"><p>Tecnológico</p></td><td rowspan="1" colspan="1"><p>GESTÃO HOSPITALAR</p></td><td rowspan="1" colspan="1"><p>200</p></td><td rowspan="1" colspan="1"><p>CENTRO UNIVERSITARIO FACUNICAMPS - FACUNICAMPS</p></td><td rowspan="1" colspan="1"><p>DINAMICA E ASSESSORIA E CONSULTORIA EMPRESARIAL EIRELI</p></td></tr></table>]]></Texto>
  </body>
  <Midias />
</article></xml>