﻿<xml><article id="45413707" name="PORTARIA MCID 1036 MCMV-RURAL" idOficio="11280550" pubName="DO1" artType="Portaria" pubDate="12/09/2025" artClass="00011:00001:00000:00000:00000:00000:00000:00000:00000:00000:00037:00008" artCategory="Ministério das Cidades/Gabinete do Ministro" artSize="24" artNotes="" numberPage="10" pdfPage="http://pesquisa.in.gov.br/imprensa/jsp/visualiza/index.jsp?data=12/09/2025&amp;jornal=515&amp;pagina=10" editionNumber="174" highlightType="" highlightPriority="" highlight="" highlightimage="" highlightimagename="" idMateria="23101469">
  <body>
    <Identifica><![CDATA[ PORTARIA MCID Nº 1.036, DE 10 DE SETEMBRO DE 2025]]></Identifica>
    <Data><![CDATA[]]></Data>
    <Ementa><![CDATA[ Autoriza a contratação das propostas selecionadas no âmbito do Programa Minha Casa, Minha Vida - MCMV Rural, objeto do processo seletivo instituído pela Portaria MCID nº 743, de 20 de junho de 2023.]]></Ementa>
    <Titulo />
    <SubTitulo />
    <Texto><![CDATA[<p class="identifica">PORTARIA MCID Nº 1.036, DE 10 DE SETEMBRO DE 2025</p><p class="ementa">Autoriza a contratação das propostas selecionadas no âmbito do Programa Minha Casa, Minha Vida - MCMV Rural, objeto do processo seletivo instituído pela Portaria MCID nº 743, de 20 de junho de 2023.</p><p>O MINISTRO DE ESTADO DAS CIDADES, no uso das atribuições que lhe confere o art. 87, parágrafo único, incisos I e II, da Constituição Federal, e tendo em vista o disposto no art. 20 da Lei nº 14.600, de 19 de junho de 2023, no art. 1º do Anexo I do Decreto nº 12.553, de 14 de julho de 2025, nos arts.11, inciso I, e 20 da Lei nº 14.620, de 13 de julho de 2023, resolve:</p><p>Art. 1º Fica autorizada a contratação das propostas listadas no Anexo desta Portaria, em conformidade com a Portaria MCID nº 354, de 9 de abril de 2024, que divulgou as propostas selecionadas para contratação no âmbito do Minha Casa, Minha Vida - MCMV Rural, objeto do processo seletivo instituído pela Portaria MCID nº 743, de 20 de junho de 2023.</p><p>Parágrafo único. O gestor operacional e o agente financeiro deverão observar o prazo para a contratação das propostas previsto no art. 2º da Portaria MCID nº 354, de 9 de abril de 2024, e suas eventuais alterações e cumprir todas as condições técnicas, institucionais e jurídicas necessárias para a formalização das contratações.</p><p>Art. 2º Esta Portaria entra em vigor na data de sua publicação.</p><p class="assina">JADER FONTENELLE BARBALHO FILHO</p><p class="anexo">ANEXO</p><p /><p></p><table><tr /><tr><td rowspan="1" colspan="1"><p><strong>UF</strong></p></td><td rowspan="1" colspan="1"><p>NOME DO MUNICÍPIO</p></td><td rowspan="1" colspan="1"><p>NÚMERO DE IDENTIFICAÇÃO DA PROPOSTA</p></td><td rowspan="1" colspan="1"><p>APF</p></td><td rowspan="1" colspan="1"><p>NOME DA ENTIDADE ORGANIZADORA - EO</p></td><td rowspan="1" colspan="1"><p>CNPJ da EO</p></td><td rowspan="1" colspan="1"><p>QUANTIDADE DE UNIDADES HABITACIONAIS</p></td></tr><tr><td rowspan="1" colspan="1"><p>AM</p></td><td rowspan="1" colspan="1"><p>Tefé</p></td><td rowspan="1" colspan="1"><p>6d9c7c1a-7ed7-457b-92b0-062898a0eedc</p></td><td rowspan="1" colspan="1"><p>637344-49</p></td><td rowspan="1" colspan="1"><p>Associação Agroextrativista Comunitária de Bacuri - ASCOMB</p></td><td rowspan="1" colspan="1"><p>06.274.343/0001-20</p></td><td rowspan="1" colspan="1"><p>50</p></td></tr><tr><td rowspan="1" colspan="1"><p>AM</p></td><td rowspan="1" colspan="1"><p>Tefé</p></td><td rowspan="1" colspan="1"><p>9e8c9446-08bf-4fe5-bbd3-b472f4f0518f</p></td><td rowspan="1" colspan="1"><p>637345-55</p></td><td rowspan="1" colspan="1"><p>Instituto de Desenvolvimento Sustentável dos Trabalhadores Rurais da Amazônia</p></td><td rowspan="1" colspan="1"><p>09.338.934/0001-02</p></td><td rowspan="1" colspan="1"><p>50</p></td></tr><tr><td rowspan="1" colspan="1"><p>BA</p></td><td rowspan="1" colspan="1"><p>Anagé</p></td><td rowspan="1" colspan="1"><p>77660fbe-72de-4409-9fc2-b9c7a942c445</p></td><td rowspan="1" colspan="1"><p>634575-74</p></td><td rowspan="1" colspan="1"><p>Companhia de Desenvolvimento e Ação Regional - CAR</p></td><td rowspan="1" colspan="1"><p>13.221.247/0001-80</p></td><td rowspan="1" colspan="1"><p>19</p></td></tr><tr><td rowspan="1" colspan="1"><p>BA</p></td><td rowspan="1" colspan="1"><p>Antônio Gonçalves</p></td><td rowspan="1" colspan="1"><p>13a07c72-ed64-41ba-96f4-2e89383779b6</p></td><td rowspan="1" colspan="1"><p>634579-19</p></td><td rowspan="1" colspan="1"><p>Companhia de Desenvolvimento e Ação Regional - CAR</p></td><td rowspan="1" colspan="1"><p>13.221.247/0001-80</p></td><td rowspan="1" colspan="1"><p>21</p></td></tr><tr><td rowspan="1" colspan="1"><p>BA</p></td><td rowspan="1" colspan="1"><p>Araci</p></td><td rowspan="1" colspan="1"><p>6bdeb6ea-df15-437b-8662-f4093b986c0d</p></td><td rowspan="1" colspan="1"><p>637349-91</p></td><td rowspan="1" colspan="1"><p>Lapa Habitação Social e Defesa de Direitos</p></td><td rowspan="1" colspan="1"><p>13.347.554/0001-01</p></td><td rowspan="1" colspan="1"><p>7</p></td></tr><tr><td rowspan="1" colspan="1"><p>BA</p></td><td rowspan="1" colspan="1"><p>Curaçá</p></td><td rowspan="1" colspan="1"><p>693f1a54-9948-42fe-ab2c-655e025ccec0</p></td><td rowspan="1" colspan="1"><p>634628-02</p></td><td rowspan="1" colspan="1"><p>Companhia de Desenvolvimento e Ação Regional - CAR</p></td><td rowspan="1" colspan="1"><p>13.221.247/0001-80</p></td><td rowspan="1" colspan="1"><p>45</p></td></tr><tr><td rowspan="1" colspan="1"><p>BA</p></td><td rowspan="1" colspan="1"><p>Heliópolis</p></td><td rowspan="1" colspan="1"><p>0576ae53-a862-4a6f-8d36-488c835c6ad7</p></td><td rowspan="1" colspan="1"><p>637390-10</p></td><td rowspan="1" colspan="1"><p>Associação Comunitária dos Pequenos Produtores Rurais da Localidade de Itapororoca</p></td><td rowspan="1" colspan="1"><p>01.986.668/0001-12</p></td><td rowspan="1" colspan="1"><p>50</p></td></tr><tr><td rowspan="1" colspan="1"><p>BA</p></td><td rowspan="1" colspan="1"><p>João Dourado</p></td><td rowspan="1" colspan="1"><p>3edbef91-8524-41da-b8c4-37a904d4b87c</p></td><td rowspan="1" colspan="1"><p>634656-52</p></td><td rowspan="1" colspan="1"><p>Companhia de Desenvolvimento e Ação Regional - CAR</p></td><td rowspan="1" colspan="1"><p>13.221.247/0001-80</p></td><td rowspan="1" colspan="1"><p>50</p></td></tr><tr><td rowspan="1" colspan="1"><p>BA</p></td><td rowspan="1" colspan="1"><p>Livramento de Nossa Senhora</p></td><td rowspan="1" colspan="1"><p>feb69973-1556-4395-9461-4a89342b6977</p></td><td rowspan="1" colspan="1"><p>637406-93</p></td><td rowspan="1" colspan="1"><p>Associação do Semi-Árido da Microrregião de Livramento - ASAMIL</p></td><td rowspan="1" colspan="1"><p>06.294.587/0001-75</p></td><td rowspan="1" colspan="1"><p>50</p></td></tr><tr><td rowspan="1" colspan="1"><p>BA</p></td><td rowspan="1" colspan="1"><p>Morro do Chapéu</p></td><td rowspan="1" colspan="1"><p>8f558e7c-1c88-42dc-a000-65ccd6cc358d</p></td><td rowspan="1" colspan="1"><p>637417-21</p></td><td rowspan="1" colspan="1"><p>Associação Quilombola de Gruta dos Brejões</p></td><td rowspan="1" colspan="1"><p>02.925.651/0001-18</p></td><td rowspan="1" colspan="1"><p>30</p></td></tr><tr><td rowspan="1" colspan="1"><p>BA</p></td><td rowspan="1" colspan="1"><p>Morro do Chapéu</p></td><td rowspan="1" colspan="1"><p>77c37353-f3cd-4d3c-8657-eaa7a0744dbe</p></td><td rowspan="1" colspan="1"><p>637418-35</p></td><td rowspan="1" colspan="1"><p>Associação Quilombola de Gruta dos Brejões</p></td><td rowspan="1" colspan="1"><p>02.925.651/0001-18</p></td><td rowspan="1" colspan="1"><p>20</p></td></tr><tr><td rowspan="1" colspan="1"><p>BA</p></td><td rowspan="1" colspan="1"><p>Mundo Novo</p></td><td rowspan="1" colspan="1"><p>7118ef47-0df6-4b46-8295-d794ccb21afa</p></td><td rowspan="1" colspan="1"><p>634678-19</p></td><td rowspan="1" colspan="1"><p>Companhia de Desenvolvimento e Ação Regional - CAR</p></td><td rowspan="1" colspan="1"><p>13.221.247/0001-80</p></td><td rowspan="1" colspan="1"><p>16</p></td></tr><tr><td rowspan="1" colspan="1"><p>BA</p></td><td rowspan="1" colspan="1"><p>Retirolândia</p></td><td rowspan="1" colspan="1"><p>9919f035-87f1-4398-b0b0-0fa6d745944e</p></td><td rowspan="1" colspan="1"><p>634695-27</p></td><td rowspan="1" colspan="1"><p>Associação Comunitária Giboiense</p></td><td rowspan="1" colspan="1"><p>16.435.083/0001-81</p></td><td rowspan="1" colspan="1"><p>50</p></td></tr><tr><td rowspan="1" colspan="1"><p>BA</p></td><td rowspan="1" colspan="1"><p>São Gabriel</p></td><td rowspan="1" colspan="1"><p>c1bb09c6-c048-4927-a173-3152d54beb92</p></td><td rowspan="1" colspan="1"><p>634702-11</p></td><td rowspan="1" colspan="1"><p>Companhia de Desenvolvimento e Ação Regional - CAR</p></td><td rowspan="1" colspan="1"><p>13.221.247/0001-80</p></td><td rowspan="1" colspan="1"><p>50</p></td></tr><tr><td rowspan="1" colspan="1"><p>CE</p></td><td rowspan="1" colspan="1"><p>Catunda</p></td><td rowspan="1" colspan="1"><p>5a041da4-bf88-483d-8a23-82a8ab66d97f</p></td><td rowspan="1" colspan="1"><p>637456-09</p></td><td rowspan="1" colspan="1"><p>Projeto Vida Nova</p></td><td rowspan="1" colspan="1"><p>03.625.823/0001-09</p></td><td rowspan="1" colspan="1"><p>50</p></td></tr><tr><td rowspan="1" colspan="1"><p>MG</p></td><td rowspan="1" colspan="1"><p>Taiobeiras</p></td><td rowspan="1" colspan="1"><p>c8e619f1-331f-489d-84f7-716696cd3418</p></td><td rowspan="1" colspan="1"><p>635898-04</p></td><td rowspan="1" colspan="1"><p>Associação dos Agricultores e Trabalhadores Rurais da Comunidade da Matrona</p></td><td rowspan="1" colspan="1"><p>21.359.708/0001-03</p></td><td rowspan="1" colspan="1"><p>50</p></td></tr><tr><td rowspan="1" colspan="1"><p>PB</p></td><td rowspan="1" colspan="1"><p>Triunfo</p></td><td rowspan="1" colspan="1"><p>a5534f02-fd41-4565-936f-49143f32668e</p></td><td rowspan="1" colspan="1"><p>637724-46</p></td><td rowspan="1" colspan="1"><p>Sindicato dos Trabalhadores Rurais</p></td><td rowspan="1" colspan="1"><p>08.996.324/0001-33</p></td><td rowspan="1" colspan="1"><p>41</p></td></tr><tr><td rowspan="1" colspan="1"><p>PE</p></td><td rowspan="1" colspan="1"><p>Caruaru</p></td><td rowspan="1" colspan="1"><p>7c5f5278-942e-4a23-8425-089d7eb05f3e</p></td><td rowspan="1" colspan="1"><p>637745-92</p></td><td rowspan="1" colspan="1"><p>Associação dos Trabalhadores Rurais de Antas</p></td><td rowspan="1" colspan="1"><p>00.888.945/0001-91</p></td><td rowspan="1" colspan="1"><p>50</p></td></tr><tr><td rowspan="1" colspan="1"><p>PE</p></td><td rowspan="1" colspan="1"><p>Moreno</p></td><td rowspan="1" colspan="1"><p>e9a4244b-1652-41f2-a58d-f2803fa8334d</p></td><td rowspan="1" colspan="1"><p>637767-62</p></td><td rowspan="1" colspan="1"><p>Instituto de Fomento ao Desenvolvimento Social e Produtivo do Nordeste</p></td><td rowspan="1" colspan="1"><p>08.618.483/0001-02</p></td><td rowspan="1" colspan="1"><p>20</p></td></tr><tr><td rowspan="1" colspan="1"><p>PE</p></td><td rowspan="1" colspan="1"><p>Tupanatinga</p></td><td rowspan="1" colspan="1"><p>c9052fc1-2528-4bea-b22c-f19783443a3a</p></td><td rowspan="1" colspan="1"><p>636209-82</p></td><td rowspan="1" colspan="1"><p>Associação dos Agricultores Barra do Mota</p></td><td rowspan="1" colspan="1"><p>04.905.126/0001-66</p></td><td rowspan="1" colspan="1"><p>50</p></td></tr><tr><td rowspan="1" colspan="1"><p>RO</p></td><td rowspan="1" colspan="1"><p>Presidente Médici</p></td><td rowspan="1" colspan="1"><p>38e2e0d5-e5d3-4035-beaa-e93dfd64ebb2</p></td><td rowspan="1" colspan="1"><p>636555-86</p></td><td rowspan="1" colspan="1"><p>Federação dos Trabalhadores Rurais Agricultores e Agricultoras Familiares do Estado de Rondônia</p></td><td rowspan="1" colspan="1"><p>84.580.992/0001-63</p></td><td rowspan="1" colspan="1"><p>5</p></td></tr><tr><td rowspan="1" colspan="1"><p>SC</p></td><td rowspan="1" colspan="1"><p>São Pedro de Alcântara</p></td><td rowspan="1" colspan="1"><p>a19ee47a-542f-4133-a955-05a5fa0863a6</p></td><td rowspan="1" colspan="1"><p>636626-36</p></td><td rowspan="1" colspan="1"><p>Prefeitura Municipal</p></td><td rowspan="1" colspan="1"><p>01.613.101/0001-09</p></td><td rowspan="1" colspan="1"><p>12</p></td></tr><tr><td rowspan="1" colspan="1"><p>SE</p></td><td rowspan="1" colspan="1"><p>General Maynard</p></td><td rowspan="1" colspan="1"><p>485faad1-afc6-47c9-8bf5-7d5f1708c17b</p></td><td rowspan="1" colspan="1"><p>637848-37</p></td><td rowspan="1" colspan="1"><p>Associação Beneficente General Maynard</p></td><td rowspan="1" colspan="1"><p>05.132.443/0001-50</p></td><td rowspan="1" colspan="1"><p>50</p></td></tr><tr><td rowspan="1" colspan="1"><p>SE</p></td><td rowspan="1" colspan="1"><p>Moita Bonita</p></td><td rowspan="1" colspan="1"><p>33bb4a8d-8373-445b-aae0-3556e89b16e0</p></td><td rowspan="1" colspan="1"><p>636652-67</p></td><td rowspan="1" colspan="1"><p>Associação dos Moradores do Povoado Lagoa do Mato</p></td><td rowspan="1" colspan="1"><p>01.014.933/0001-09</p></td><td rowspan="1" colspan="1"><p>50</p></td></tr><tr><td rowspan="1" colspan="1"><p>SP</p></td><td rowspan="1" colspan="1"><p>Capão Bonito</p></td><td rowspan="1" colspan="1"><p>f15546bb-f481-4caf-9511-11c389733d56</p></td><td rowspan="1" colspan="1"><p>637842-73</p></td><td rowspan="1" colspan="1"><p>Associação dos Produtores do Bairro Tamanduá</p></td><td rowspan="1" colspan="1"><p>04.938.781/0001-10</p></td><td rowspan="1" colspan="1"><p>32</p></td></tr></table>]]></Texto>
  </body>
  <Midias />
</article></xml>