﻿<xml><article id="45406449" name="PORTARIA NA 609 - 11.09.2025_007" idOficio="11278735" pubName="DO1" artType="Portaria" pubDate="12/09/2025" artClass="00025:00046:00000:00000:00000:00000:00000:00000:00000:00000:00054:00000" artCategory="Ministério da Educação/Secretaria de Regulação e Supervisão da Educação Superior" artSize="24" artNotes="" numberPage="74" pdfPage="http://pesquisa.in.gov.br/imprensa/jsp/visualiza/index.jsp?data=12/09/2025&amp;jornal=515&amp;pagina=74" editionNumber="174" highlightType="" highlightPriority="" highlight="" highlightimage="" highlightimagename="" idMateria="23098716">
  <body>
    <Identifica />
    <Data><![CDATA[]]></Data>
    <Ementa />
    <Titulo />
    <SubTitulo />
    <Texto><![CDATA[<p /><p></p><table><tr /><tr><td rowspan="1" colspan="1"><p>240</p></td><td rowspan="1" colspan="1"><p>202510580</p></td><td rowspan="1" colspan="1"><p>Licenciatura</p></td><td rowspan="1" colspan="1"><p>PEDAGOGIA</p></td><td rowspan="1" colspan="1"><p>200</p></td><td rowspan="1" colspan="1"><p>CENTRO UNIVERSITARIO MULTIVERSA DO JAGUARIBE- UNIJAGUARIBE - UNIJAGUARIBE</p></td><td rowspan="1" colspan="1"><p>ASSOCIACAO MULTIVERSA EDUCACIONAL - AME</p></td></tr><tr><td rowspan="1" colspan="1"><p>241</p></td><td rowspan="1" colspan="1"><p>202515208</p></td><td rowspan="1" colspan="1"><p>Bacharelado</p></td><td rowspan="1" colspan="1"><p>TERAPIA OCUPACIONAL</p></td><td rowspan="1" colspan="1"><p>1600</p></td><td rowspan="1" colspan="1"><p>CENTRO UNIVERSITARIO MULTIVERSA DO JAGUARIBE- UNIJAGUARIBE - UNIJAGUARIBE</p></td><td rowspan="1" colspan="1"><p>ASSOCIACAO MULTIVERSA EDUCACIONAL - AME</p></td></tr><tr><td rowspan="1" colspan="1"><p>242</p></td><td rowspan="1" colspan="1"><p>202509417</p></td><td rowspan="1" colspan="1"><p>Bacharelado</p></td><td rowspan="1" colspan="1"><p>AGRONOMIA</p></td><td rowspan="1" colspan="1"><p>500</p></td><td rowspan="1" colspan="1"><p>CENTRO UNIVERSITARIO MULTIVIX SERRA - MULTIVIX SERRA</p></td><td rowspan="1" colspan="1"><p>MULTIVIX SERRA - ENSINO PESQUISA E EXTENSAO LTDA</p></td></tr><tr><td rowspan="1" colspan="1"><p>243</p></td><td rowspan="1" colspan="1"><p>202508270</p></td><td rowspan="1" colspan="1"><p>Bacharelado</p></td><td rowspan="1" colspan="1"><p>BIOMEDICINA</p></td><td rowspan="1" colspan="1"><p>750</p></td><td rowspan="1" colspan="1"><p>CENTRO UNIVERSITARIO MULTIVIX SERRA - MULTIVIX SERRA</p></td><td rowspan="1" colspan="1"><p>MULTIVIX SERRA - ENSINO PESQUISA E EXTENSAO LTDA</p></td></tr><tr><td rowspan="1" colspan="1"><p>244</p></td><td rowspan="1" colspan="1"><p>202510568</p></td><td rowspan="1" colspan="1"><p>Licenciatura</p></td><td rowspan="1" colspan="1"><p>CIÊNCIAS BIOLÓGICAS</p></td><td rowspan="1" colspan="1"><p>600</p></td><td rowspan="1" colspan="1"><p>CENTRO UNIVERSITARIO MULTIVIX SERRA - MULTIVIX SERRA</p></td><td rowspan="1" colspan="1"><p>MULTIVIX SERRA - ENSINO PESQUISA E EXTENSAO LTDA</p></td></tr><tr><td rowspan="1" colspan="1"><p>245</p></td><td rowspan="1" colspan="1"><p>202508269</p></td><td rowspan="1" colspan="1"><p>Bacharelado</p></td><td rowspan="1" colspan="1"><p>EDUCAÇÃO FÍSICA</p></td><td rowspan="1" colspan="1"><p>1200</p></td><td rowspan="1" colspan="1"><p>CENTRO UNIVERSITARIO MULTIVIX SERRA - MULTIVIX SERRA</p></td><td rowspan="1" colspan="1"><p>MULTIVIX SERRA - ENSINO PESQUISA E EXTENSAO LTDA</p></td></tr><tr><td rowspan="1" colspan="1"><p>246</p></td><td rowspan="1" colspan="1"><p>202510567</p></td><td rowspan="1" colspan="1"><p>Licenciatura</p></td><td rowspan="1" colspan="1"><p>EDUCAÇÃO FÍSICA</p></td><td rowspan="1" colspan="1"><p>600</p></td><td rowspan="1" colspan="1"><p>CENTRO UNIVERSITARIO MULTIVIX SERRA - MULTIVIX SERRA</p></td><td rowspan="1" colspan="1"><p>MULTIVIX SERRA - ENSINO PESQUISA E EXTENSAO LTDA</p></td></tr><tr><td rowspan="1" colspan="1"><p>247</p></td><td rowspan="1" colspan="1"><p>202509001</p></td><td rowspan="1" colspan="1"><p>Bacharelado</p></td><td rowspan="1" colspan="1"><p>ENGENHARIA CIVIL</p></td><td rowspan="1" colspan="1"><p>1200</p></td><td rowspan="1" colspan="1"><p>CENTRO UNIVERSITARIO MULTIVIX SERRA - MULTIVIX SERRA</p></td><td rowspan="1" colspan="1"><p>MULTIVIX SERRA - ENSINO PESQUISA E EXTENSAO LTDA</p></td></tr><tr><td rowspan="1" colspan="1"><p>248</p></td><td rowspan="1" colspan="1"><p>202509002</p></td><td rowspan="1" colspan="1"><p>Bacharelado</p></td><td rowspan="1" colspan="1"><p>ENGENHARIA DE PRODUÇÃO</p></td><td rowspan="1" colspan="1"><p>126</p></td><td rowspan="1" colspan="1"><p>CENTRO UNIVERSITARIO MULTIVIX SERRA - MULTIVIX SERRA</p></td><td rowspan="1" colspan="1"><p>MULTIVIX SERRA - ENSINO PESQUISA E EXTENSAO LTDA</p></td></tr><tr><td rowspan="1" colspan="1"><p>249</p></td><td rowspan="1" colspan="1"><p>202509005</p></td><td rowspan="1" colspan="1"><p>Bacharelado</p></td><td rowspan="1" colspan="1"><p>ENGENHARIA ELÉTRICA</p></td><td rowspan="1" colspan="1"><p>1000</p></td><td rowspan="1" colspan="1"><p>CENTRO UNIVERSITARIO MULTIVIX SERRA - MULTIVIX SERRA</p></td><td rowspan="1" colspan="1"><p>MULTIVIX SERRA - ENSINO PESQUISA E EXTENSAO LTDA</p></td></tr><tr><td rowspan="1" colspan="1"><p>250</p></td><td rowspan="1" colspan="1"><p>202509004</p></td><td rowspan="1" colspan="1"><p>Bacharelado</p></td><td rowspan="1" colspan="1"><p>ENGENHARIA MECÂNICA</p></td><td rowspan="1" colspan="1"><p>1000</p></td><td rowspan="1" colspan="1"><p>CENTRO UNIVERSITARIO MULTIVIX SERRA - MULTIVIX SERRA</p></td><td rowspan="1" colspan="1"><p>MULTIVIX SERRA - ENSINO PESQUISA E EXTENSAO LTDA</p></td></tr><tr><td rowspan="1" colspan="1"><p>251</p></td><td rowspan="1" colspan="1"><p>202511846</p></td><td rowspan="1" colspan="1"><p>Tecnológico</p></td><td rowspan="1" colspan="1"><p>ESTÉTICA E COSMÉTICA</p></td><td rowspan="1" colspan="1"><p>1000</p></td><td rowspan="1" colspan="1"><p>CENTRO UNIVERSITARIO MULTIVIX SERRA - MULTIVIX SERRA</p></td><td rowspan="1" colspan="1"><p>MULTIVIX SERRA - ENSINO PESQUISA E EXTENSAO LTDA</p></td></tr><tr><td rowspan="1" colspan="1"><p>252</p></td><td rowspan="1" colspan="1"><p>202508271</p></td><td rowspan="1" colspan="1"><p>Bacharelado</p></td><td rowspan="1" colspan="1"><p>FARMÁCIA</p></td><td rowspan="1" colspan="1"><p>1000</p></td><td rowspan="1" colspan="1"><p>CENTRO UNIVERSITARIO MULTIVIX SERRA - MULTIVIX SERRA</p></td><td rowspan="1" colspan="1"><p>MULTIVIX SERRA - ENSINO PESQUISA E EXTENSAO LTDA</p></td></tr><tr><td rowspan="1" colspan="1"><p>253</p></td><td rowspan="1" colspan="1"><p>202508272</p></td><td rowspan="1" colspan="1"><p>Bacharelado</p></td><td rowspan="1" colspan="1"><p>FISIOTERAPIA</p></td><td rowspan="1" colspan="1"><p>750</p></td><td rowspan="1" colspan="1"><p>CENTRO UNIVERSITARIO MULTIVIX SERRA - MULTIVIX SERRA</p></td><td rowspan="1" colspan="1"><p>MULTIVIX SERRA - ENSINO PESQUISA E EXTENSAO LTDA</p></td></tr><tr><td rowspan="1" colspan="1"><p>254</p></td><td rowspan="1" colspan="1"><p>202507704</p></td><td rowspan="1" colspan="1"><p>Licenciatura</p></td><td rowspan="1" colspan="1"><p>FORMAÇÃO DE DOCENTES PARA A EDUCAÇÃO BÁSICA</p></td><td rowspan="1" colspan="1"><p>800</p></td><td rowspan="1" colspan="1"><p>CENTRO UNIVERSITARIO MULTIVIX SERRA - MULTIVIX SERRA</p></td><td rowspan="1" colspan="1"><p>MULTIVIX SERRA - ENSINO PESQUISA E EXTENSAO LTDA</p></td></tr><tr><td rowspan="1" colspan="1"><p>255</p></td><td rowspan="1" colspan="1"><p>202509003</p></td><td rowspan="1" colspan="1"><p>Tecnológico</p></td><td rowspan="1" colspan="1"><p>GESTÃO AMBIENTAL</p></td><td rowspan="1" colspan="1"><p>250</p></td><td rowspan="1" colspan="1"><p>CENTRO UNIVERSITARIO MULTIVIX SERRA - MULTIVIX SERRA</p></td><td rowspan="1" colspan="1"><p>MULTIVIX SERRA - ENSINO PESQUISA E EXTENSAO LTDA</p></td></tr><tr><td rowspan="1" colspan="1"><p>256</p></td><td rowspan="1" colspan="1"><p>202510566</p></td><td rowspan="1" colspan="1"><p>Licenciatura</p></td><td rowspan="1" colspan="1"><p>HISTÓRIA</p></td><td rowspan="1" colspan="1"><p>600</p></td><td rowspan="1" colspan="1"><p>CENTRO UNIVERSITARIO MULTIVIX SERRA - MULTIVIX SERRA</p></td><td rowspan="1" colspan="1"><p>MULTIVIX SERRA - ENSINO PESQUISA E EXTENSAO LTDA</p></td></tr><tr><td rowspan="1" colspan="1"><p>257</p></td><td rowspan="1" colspan="1"><p>202510569</p></td><td rowspan="1" colspan="1"><p>Licenciatura</p></td><td rowspan="1" colspan="1"><p>LETRAS</p></td><td rowspan="1" colspan="1"><p>600</p></td><td rowspan="1" colspan="1"><p>CENTRO UNIVERSITARIO MULTIVIX SERRA - MULTIVIX SERRA</p></td><td rowspan="1" colspan="1"><p>MULTIVIX SERRA - ENSINO PESQUISA E EXTENSAO LTDA</p></td></tr><tr><td rowspan="1" colspan="1"><p>258</p></td><td rowspan="1" colspan="1"><p>202510570</p></td><td rowspan="1" colspan="1"><p>Licenciatura</p></td><td rowspan="1" colspan="1"><p>MATEMÁTICA</p></td><td rowspan="1" colspan="1"><p>600</p></td><td rowspan="1" colspan="1"><p>CENTRO UNIVERSITARIO MULTIVIX SERRA - MULTIVIX SERRA</p></td><td rowspan="1" colspan="1"><p>MULTIVIX SERRA - ENSINO PESQUISA E EXTENSAO LTDA</p></td></tr><tr><td rowspan="1" colspan="1"><p>259</p></td><td rowspan="1" colspan="1"><p>202510565</p></td><td rowspan="1" colspan="1"><p>Licenciatura</p></td><td rowspan="1" colspan="1"><p>PEDAGOGIA</p></td><td rowspan="1" colspan="1"><p>658</p></td><td rowspan="1" colspan="1"><p>CENTRO UNIVERSITARIO MULTIVIX SERRA - MULTIVIX SERRA</p></td><td rowspan="1" colspan="1"><p>MULTIVIX SERRA - ENSINO PESQUISA E EXTENSAO LTDA</p></td></tr><tr><td rowspan="1" colspan="1"><p>260</p></td><td rowspan="1" colspan="1"><p>202508268</p></td><td rowspan="1" colspan="1"><p>Bacharelado</p></td><td rowspan="1" colspan="1"><p>SERVIÇO SOCIAL</p></td><td rowspan="1" colspan="1"><p>1200</p></td><td rowspan="1" colspan="1"><p>CENTRO UNIVERSITARIO MULTIVIX SERRA - MULTIVIX SERRA</p></td><td rowspan="1" colspan="1"><p>MULTIVIX SERRA - ENSINO PESQUISA E EXTENSAO LTDA</p></td></tr><tr><td rowspan="1" colspan="1"><p>261</p></td><td rowspan="1" colspan="1"><p>202515196</p></td><td rowspan="1" colspan="1"><p>Bacharelado</p></td><td rowspan="1" colspan="1"><p>BIOMEDICINA</p></td><td rowspan="1" colspan="1"><p>3000</p></td><td rowspan="1" colspan="1"><p>CENTRO UNIVERSITARIO MULTIVIX VITORIA -</p></td><td rowspan="1" colspan="1"><p>EMPRESA BRASILEIRA DE ENSINO PESQUISA E EXTENSAO S/A - MULTIVIX</p></td></tr><tr><td rowspan="1" colspan="1"><p>262</p></td><td rowspan="1" colspan="1"><p>202516310</p></td><td rowspan="1" colspan="1"><p>Licenciatura</p></td><td rowspan="1" colspan="1"><p>CIÊNCIAS BIOLÓGICAS</p></td><td rowspan="1" colspan="1"><p>2400</p></td><td rowspan="1" colspan="1"><p>CENTRO UNIVERSITARIO MULTIVIX VITORIA -</p></td><td rowspan="1" colspan="1"><p>EMPRESA BRASILEIRA DE ENSINO PESQUISA E EXTENSAO S/A - MULTIVIX</p></td></tr><tr><td rowspan="1" colspan="1"><p>263</p></td><td rowspan="1" colspan="1"><p>202515195</p></td><td rowspan="1" colspan="1"><p>Bacharelado</p></td><td rowspan="1" colspan="1"><p>EDUCAÇÃO FÍSICA</p></td><td rowspan="1" colspan="1"><p>4800</p></td><td rowspan="1" colspan="1"><p>CENTRO UNIVERSITARIO MULTIVIX VITORIA -</p></td><td rowspan="1" colspan="1"><p>EMPRESA BRASILEIRA DE ENSINO PESQUISA E EXTENSAO S/A - MULTIVIX</p></td></tr><tr><td rowspan="1" colspan="1"><p>264</p></td><td rowspan="1" colspan="1"><p>202516314</p></td><td rowspan="1" colspan="1"><p>Licenciatura</p></td><td rowspan="1" colspan="1"><p>EDUCAÇÃO FÍSICA</p></td><td rowspan="1" colspan="1"><p>2400</p></td><td rowspan="1" colspan="1"><p>CENTRO UNIVERSITARIO MULTIVIX VITORIA -</p></td><td rowspan="1" colspan="1"><p>EMPRESA BRASILEIRA DE ENSINO PESQUISA E EXTENSAO S/A - MULTIVIX</p></td></tr><tr><td rowspan="1" colspan="1"><p>265</p></td><td rowspan="1" colspan="1"><p>202515197</p></td><td rowspan="1" colspan="1"><p>Bacharelado</p></td><td rowspan="1" colspan="1"><p>FARMÁCIA</p></td><td rowspan="1" colspan="1"><p>5000</p></td><td rowspan="1" colspan="1"><p>CENTRO UNIVERSITARIO MULTIVIX VITORIA -</p></td><td rowspan="1" colspan="1"><p>EMPRESA BRASILEIRA DE ENSINO PESQUISA E EXTENSAO S/A - MULTIVIX</p></td></tr><tr><td rowspan="1" colspan="1"><p>266</p></td><td rowspan="1" colspan="1"><p>202515198</p></td><td rowspan="1" colspan="1"><p>Bacharelado</p></td><td rowspan="1" colspan="1"><p>FISIOTERAPIA</p></td><td rowspan="1" colspan="1"><p>3750</p></td><td rowspan="1" colspan="1"><p>CENTRO UNIVERSITARIO MULTIVIX VITORIA -</p></td><td rowspan="1" colspan="1"><p>EMPRESA BRASILEIRA DE ENSINO PESQUISA E EXTENSAO S/A - MULTIVIX</p></td></tr><tr><td rowspan="1" colspan="1"><p>267</p></td><td rowspan="1" colspan="1"><p>202516313</p></td><td rowspan="1" colspan="1"><p>Licenciatura</p></td><td rowspan="1" colspan="1"><p>HISTÓRIA</p></td><td rowspan="1" colspan="1"><p>2400</p></td><td rowspan="1" colspan="1"><p>CENTRO UNIVERSITARIO MULTIVIX VITORIA -</p></td><td rowspan="1" colspan="1"><p>EMPRESA BRASILEIRA DE ENSINO PESQUISA E EXTENSAO S/A - MULTIVIX</p></td></tr><tr><td rowspan="1" colspan="1"><p>268</p></td><td rowspan="1" colspan="1"><p>202516311</p></td><td rowspan="1" colspan="1"><p>Licenciatura</p></td><td rowspan="1" colspan="1"><p>LETRAS</p></td><td rowspan="1" colspan="1"><p>2400</p></td><td rowspan="1" colspan="1"><p>CENTRO UNIVERSITARIO MULTIVIX VITORIA -</p></td><td rowspan="1" colspan="1"><p>EMPRESA BRASILEIRA DE ENSINO PESQUISA E EXTENSAO S/A - MULTIVIX</p></td></tr><tr><td rowspan="1" colspan="1"><p>269</p></td><td rowspan="1" colspan="1"><p>202516308</p></td><td rowspan="1" colspan="1"><p>Licenciatura</p></td><td rowspan="1" colspan="1"><p>MATEMÁTICA</p></td><td rowspan="1" colspan="1"><p>2400</p></td><td rowspan="1" colspan="1"><p>CENTRO UNIVERSITARIO MULTIVIX VITORIA -</p></td><td rowspan="1" colspan="1"><p>EMPRESA BRASILEIRA DE ENSINO PESQUISA E EXTENSAO S/A - MULTIVIX</p></td></tr><tr><td rowspan="1" colspan="1"><p>270</p></td><td rowspan="1" colspan="1"><p>202516312</p></td><td rowspan="1" colspan="1"><p>Licenciatura</p></td><td rowspan="1" colspan="1"><p>PEDAGOGIA</p></td><td rowspan="1" colspan="1"><p>2632</p></td><td rowspan="1" colspan="1"><p>CENTRO UNIVERSITARIO MULTIVIX VITORIA -</p></td><td rowspan="1" colspan="1"><p>EMPRESA BRASILEIRA DE ENSINO PESQUISA E EXTENSAO S/A - MULTIVIX</p></td></tr><tr><td rowspan="1" colspan="1"><p>271</p></td><td rowspan="1" colspan="1"><p>202515520</p></td><td rowspan="1" colspan="1"><p>Bacharelado</p></td><td rowspan="1" colspan="1"><p>ARQUITETURA E URBANISMO</p></td><td rowspan="1" colspan="1"><p>10000</p></td><td rowspan="1" colspan="1"><p>CENTRO UNIVERSITARIO NEWTON PAIVA WYDEN - NEWTON PAIVA WYDEN</p></td><td rowspan="1" colspan="1"><p>INSTITUTO CULTURAL NEWTON PAIVA FERREIRA S.A.</p></td></tr><tr><td rowspan="1" colspan="1"><p>272</p></td><td rowspan="1" colspan="1"><p>202515083</p></td><td rowspan="1" colspan="1"><p>Bacharelado</p></td><td rowspan="1" colspan="1"><p>BIOMEDICINA</p></td><td rowspan="1" colspan="1"><p>2400</p></td><td rowspan="1" colspan="1"><p>CENTRO UNIVERSITARIO NEWTON PAIVA WYDEN - NEWTON PAIVA WYDEN</p></td><td rowspan="1" colspan="1"><p>INSTITUTO CULTURAL NEWTON PAIVA FERREIRA S.A.</p></td></tr><tr><td rowspan="1" colspan="1"><p>273</p></td><td rowspan="1" colspan="1"><p>202515517</p></td><td rowspan="1" colspan="1"><p>Bacharelado</p></td><td rowspan="1" colspan="1"><p>ENGENHARIA CIVIL</p></td><td rowspan="1" colspan="1"><p>10000</p></td><td rowspan="1" colspan="1"><p>CENTRO UNIVERSITARIO NEWTON PAIVA WYDEN - NEWTON PAIVA WYDEN</p></td><td rowspan="1" colspan="1"><p>INSTITUTO CULTURAL NEWTON PAIVA FERREIRA S.A.</p></td></tr><tr><td rowspan="1" colspan="1"><p>274</p></td><td rowspan="1" colspan="1"><p>202508716</p></td><td rowspan="1" colspan="1"><p>Bacharelado</p></td><td rowspan="1" colspan="1"><p>ENGENHARIA DE COMPUTAÇÃO</p></td><td rowspan="1" colspan="1"><p>1000</p></td><td rowspan="1" colspan="1"><p>CENTRO UNIVERSITARIO NEWTON PAIVA WYDEN - NEWTON PAIVA WYDEN</p></td><td rowspan="1" colspan="1"><p>INSTITUTO CULTURAL NEWTON PAIVA FERREIRA S.A.</p></td></tr><tr><td rowspan="1" colspan="1"><p>275</p></td><td rowspan="1" colspan="1"><p>202515515</p></td><td rowspan="1" colspan="1"><p>Bacharelado</p></td><td rowspan="1" colspan="1"><p>ENGENHARIA DE PRODUÇÃO</p></td><td rowspan="1" colspan="1"><p>10000</p></td><td rowspan="1" colspan="1"><p>CENTRO UNIVERSITARIO NEWTON PAIVA WYDEN - NEWTON PAIVA WYDEN</p></td><td rowspan="1" colspan="1"><p>INSTITUTO CULTURAL NEWTON PAIVA FERREIRA S.A.</p></td></tr><tr><td rowspan="1" colspan="1"><p>276</p></td><td rowspan="1" colspan="1"><p>202515519</p></td><td rowspan="1" colspan="1"><p>Bacharelado</p></td><td rowspan="1" colspan="1"><p>ENGENHARIA ELÉTRICA</p></td><td rowspan="1" colspan="1"><p>10000</p></td><td rowspan="1" colspan="1"><p>CENTRO UNIVERSITARIO NEWTON PAIVA WYDEN - NEWTON PAIVA WYDEN</p></td><td rowspan="1" colspan="1"><p>INSTITUTO CULTURAL NEWTON PAIVA FERREIRA S.A.</p></td></tr></table>]]></Texto>
  </body>
  <Midias />
</article></xml>