﻿<xml><article id="45406713" name="PORTARIA NA 612 - 11.09.2025_006" idOficio="11278735" pubName="DO1" artType="Portaria" pubDate="12/09/2025" artClass="00025:00046:00000:00000:00000:00000:00000:00000:00000:00000:00054:00000" artCategory="Ministério da Educação/Secretaria de Regulação e Supervisão da Educação Superior" artSize="24" artNotes="" numberPage="100" pdfPage="http://pesquisa.in.gov.br/imprensa/jsp/visualiza/index.jsp?data=12/09/2025&amp;jornal=515&amp;pagina=100" editionNumber="174" highlightType="" highlightPriority="" highlight="" highlightimage="" highlightimagename="" idMateria="23098719">
  <body>
    <Identifica />
    <Data><![CDATA[]]></Data>
    <Ementa />
    <Titulo />
    <SubTitulo />
    <Texto><![CDATA[<p /><p></p><table><tr /><tr><td rowspan="1" colspan="1"><p>234</p></td><td rowspan="1" colspan="1"><p>202510732</p></td><td rowspan="1" colspan="1"><p>Licenciatura</p></td><td rowspan="1" colspan="1"><p>EDUCAÇÃO PROFISSIONAL E TECNOLÓGICA</p></td><td rowspan="1" colspan="1"><p>520</p></td><td rowspan="1" colspan="1"><p>INSTITUTO FEDERAL DE EDUCACAO, CIENCIA E TECNOLOGIA SUL-RIO-GRANDENSE - IFSUL - IFSUL</p></td><td rowspan="1" colspan="1"><p>INSTITUTO FEDERAL DE EDUCACAO, CIENCIA E TECNOLOGIA SUL-RIO-GRANDENSE - RS</p></td></tr><tr><td rowspan="1" colspan="1"><p>235</p></td><td rowspan="1" colspan="1"><p>202515672</p></td><td rowspan="1" colspan="1"><p>Bacharelado</p></td><td rowspan="1" colspan="1"><p>ENGENHARIA DE PRODUÇÃO</p></td><td rowspan="1" colspan="1"><p>1500</p></td><td rowspan="1" colspan="1"><p>INSTITUTO FEDERAL DE EDUCACAO, CIENCIA E TECNOLOGIA SUL-RIO-GRANDENSE - IFSUL - IFSUL</p></td><td rowspan="1" colspan="1"><p>INSTITUTO FEDERAL DE EDUCACAO, CIENCIA E TECNOLOGIA SUL-RIO-GRANDENSE - RS</p></td></tr><tr><td rowspan="1" colspan="1"><p>236</p></td><td rowspan="1" colspan="1"><p>202516386</p></td><td rowspan="1" colspan="1"><p>Licenciatura</p></td><td rowspan="1" colspan="1"><p>HISTÓRIA</p></td><td rowspan="1" colspan="1"><p>1500</p></td><td rowspan="1" colspan="1"><p>INSTITUTO FEDERAL DE EDUCACAO, CIENCIA E TECNOLOGIA SUL-RIO-GRANDENSE - IFSUL - IFSUL</p></td><td rowspan="1" colspan="1"><p>INSTITUTO FEDERAL DE EDUCACAO, CIENCIA E TECNOLOGIA SUL-RIO-GRANDENSE - RS</p></td></tr><tr><td rowspan="1" colspan="1"><p>237</p></td><td rowspan="1" colspan="1"><p>202516388</p></td><td rowspan="1" colspan="1"><p>Licenciatura</p></td><td rowspan="1" colspan="1"><p>LETRAS - LÍNGUA PORTUGUESA E LÍNGUA INGLESA</p></td><td rowspan="1" colspan="1"><p>1200</p></td><td rowspan="1" colspan="1"><p>INSTITUTO FEDERAL DE EDUCACAO, CIENCIA E TECNOLOGIA SUL-RIO-GRANDENSE - IFSUL - IFSUL</p></td><td rowspan="1" colspan="1"><p>INSTITUTO FEDERAL DE EDUCACAO, CIENCIA E TECNOLOGIA SUL-RIO-GRANDENSE - RS</p></td></tr><tr><td rowspan="1" colspan="1"><p>238</p></td><td rowspan="1" colspan="1"><p>202516385</p></td><td rowspan="1" colspan="1"><p>Licenciatura</p></td><td rowspan="1" colspan="1"><p>MATEMÁTICA</p></td><td rowspan="1" colspan="1"><p>1000</p></td><td rowspan="1" colspan="1"><p>INSTITUTO FEDERAL DE EDUCACAO, CIENCIA E TECNOLOGIA SUL-RIO-GRANDENSE - IFSUL - IFSUL</p></td><td rowspan="1" colspan="1"><p>INSTITUTO FEDERAL DE EDUCACAO, CIENCIA E TECNOLOGIA SUL-RIO-GRANDENSE - RS</p></td></tr><tr><td rowspan="1" colspan="1"><p>239</p></td><td rowspan="1" colspan="1"><p>202517851</p></td><td rowspan="1" colspan="1"><p>Licenciatura</p></td><td rowspan="1" colspan="1"><p>PEDAGOGIA</p></td><td rowspan="1" colspan="1"><p>184</p></td><td rowspan="1" colspan="1"><p>INSTITUTO FEDERAL DE EDUCACAO, CIENCIA E TECNOLOGIA SUL-RIO-GRANDENSE - IFSUL - IFSUL</p></td><td rowspan="1" colspan="1"><p>INSTITUTO FEDERAL DE EDUCACAO, CIENCIA E TECNOLOGIA SUL-RIO-GRANDENSE - RS</p></td></tr><tr><td rowspan="1" colspan="1"><p>240</p></td><td rowspan="1" colspan="1"><p>202516387</p></td><td rowspan="1" colspan="1"><p>Tecnológico</p></td><td rowspan="1" colspan="1"><p>PROCESSOS ESCOLARES</p></td><td rowspan="1" colspan="1"><p>900</p></td><td rowspan="1" colspan="1"><p>INSTITUTO FEDERAL DE EDUCACAO, CIENCIA E TECNOLOGIA SUL-RIO-GRANDENSE - IFSUL - IFSUL</p></td><td rowspan="1" colspan="1"><p>INSTITUTO FEDERAL DE EDUCACAO, CIENCIA E TECNOLOGIA SUL-RIO-GRANDENSE - RS</p></td></tr><tr><td rowspan="1" colspan="1"><p>241</p></td><td rowspan="1" colspan="1"><p>202509310</p></td><td rowspan="1" colspan="1"><p>Bacharelado</p></td><td rowspan="1" colspan="1"><p>ENGENHARIA DE COMPUTAÇÃO</p></td><td rowspan="1" colspan="1"><p>500</p></td><td rowspan="1" colspan="1"><p>INSTITUTO INFNET RIO DE JANEIRO - INFNET</p></td><td rowspan="1" colspan="1"><p>INFNET EDUCACAO LTDA.</p></td></tr><tr><td rowspan="1" colspan="1"><p>242</p></td><td rowspan="1" colspan="1"><p>202509388</p></td><td rowspan="1" colspan="1"><p>Bacharelado</p></td><td rowspan="1" colspan="1"><p>ENGENHARIA DE PRODUÇÃO</p></td><td rowspan="1" colspan="1"><p>500</p></td><td rowspan="1" colspan="1"><p>INSTITUTO INFNET RIO DE JANEIRO - INFNET</p></td><td rowspan="1" colspan="1"><p>INFNET EDUCACAO LTDA.</p></td></tr><tr><td rowspan="1" colspan="1"><p>243</p></td><td rowspan="1" colspan="1"><p>202511099</p></td><td rowspan="1" colspan="1"><p>Licenciatura</p></td><td rowspan="1" colspan="1"><p>PEDAGOGIA</p></td><td rowspan="1" colspan="1"><p>360</p></td><td rowspan="1" colspan="1"><p>INSTITUTO NACIONAL DE EDUCACAO DE SURDOS - INES</p></td><td rowspan="1" colspan="1"><p>MINISTERIO DA EDUCACAO</p></td></tr><tr><td rowspan="1" colspan="1"><p>244</p></td><td rowspan="1" colspan="1"><p>202518213</p></td><td rowspan="1" colspan="1"><p>Tecnológico</p></td><td rowspan="1" colspan="1"><p>GESTÃO HOSPITALAR</p></td><td rowspan="1" colspan="1"><p>80</p></td><td rowspan="1" colspan="1"><p>INSTITUTO RACINE DE EDUCACAO SUPERIOR - RACINE</p></td><td rowspan="1" colspan="1"><p>RACINE EDUCACIONAL EIRELI</p></td></tr><tr><td rowspan="1" colspan="1"><p>245</p></td><td rowspan="1" colspan="1"><p>202510897</p></td><td rowspan="1" colspan="1"><p>Licenciatura</p></td><td rowspan="1" colspan="1"><p>GEOGRAFIA</p></td><td rowspan="1" colspan="1"><p>500</p></td><td rowspan="1" colspan="1"><p>INSTITUTO SUPERIOR DE EDUCACAO ATENEU - ISEAT</p></td><td rowspan="1" colspan="1"><p>INSTITUICAO SUPERIOR DE ENSINO, PESQUISA E EXTENSAO LTDA</p></td></tr><tr><td rowspan="1" colspan="1"><p>246</p></td><td rowspan="1" colspan="1"><p>202517698</p></td><td rowspan="1" colspan="1"><p>Licenciatura</p></td><td rowspan="1" colspan="1"><p>PEDAGOGIA</p></td><td rowspan="1" colspan="1"><p>500</p></td><td rowspan="1" colspan="1"><p>INSTITUTO SUPERIOR DE EDUCACAO OCIDEMNTE - OCIDEMNTE</p></td><td rowspan="1" colspan="1"><p>FUNDACAO O.CI.D.E.M.NT.E.-7C.D.E.</p></td></tr><tr><td rowspan="1" colspan="1"><p>247</p></td><td rowspan="1" colspan="1"><p>202517869</p></td><td rowspan="1" colspan="1"><p>Bacharelado</p></td><td rowspan="1" colspan="1"><p>AGRONOMIA</p></td><td rowspan="1" colspan="1"><p>200</p></td><td rowspan="1" colspan="1"><p>LUMEN EDUCACIONAL - LUMEN</p></td><td rowspan="1" colspan="1"><p>FACULDADE VALE DO ACO LTDA</p></td></tr><tr><td rowspan="1" colspan="1"><p>248</p></td><td rowspan="1" colspan="1"><p>202517685</p></td><td rowspan="1" colspan="1"><p>Bacharelado</p></td><td rowspan="1" colspan="1"><p>ENGENHARIA CIVIL</p></td><td rowspan="1" colspan="1"><p>200</p></td><td rowspan="1" colspan="1"><p>LUMEN EDUCACIONAL - LUMEN</p></td><td rowspan="1" colspan="1"><p>FACULDADE VALE DO ACO LTDA</p></td></tr><tr><td rowspan="1" colspan="1"><p>249</p></td><td rowspan="1" colspan="1"><p>202517816</p></td><td rowspan="1" colspan="1"><p>Bacharelado</p></td><td rowspan="1" colspan="1"><p>ENGENHARIA DE PRODUÇÃO</p></td><td rowspan="1" colspan="1"><p>200</p></td><td rowspan="1" colspan="1"><p>LUMEN EDUCACIONAL - LUMEN</p></td><td rowspan="1" colspan="1"><p>FACULDADE VALE DO ACO LTDA</p></td></tr><tr><td rowspan="1" colspan="1"><p>250</p></td><td rowspan="1" colspan="1"><p>202511336</p></td><td rowspan="1" colspan="1"><p>Licenciatura</p></td><td rowspan="1" colspan="1"><p>PEDAGOGIA</p></td><td rowspan="1" colspan="1"><p>100</p></td><td rowspan="1" colspan="1"><p>MINAS FACULDADE - MFMG</p></td><td rowspan="1" colspan="1"><p>INSTITUTO FACUMINAS EAD LTDA</p></td></tr><tr><td rowspan="1" colspan="1"><p>251</p></td><td rowspan="1" colspan="1"><p>202508126</p></td><td rowspan="1" colspan="1"><p>Bacharelado</p></td><td rowspan="1" colspan="1"><p>EDUCAÇÃO FÍSICA</p></td><td rowspan="1" colspan="1"><p>300</p></td><td rowspan="1" colspan="1"><p>PONTIFICIA UNIVERSIDADE CATOLICA DE GOIAS - PUC GOIAS</p></td><td rowspan="1" colspan="1"><p>SOCIEDADE GOIANA DE CULTURA</p></td></tr><tr><td rowspan="1" colspan="1"><p>252</p></td><td rowspan="1" colspan="1"><p>202508877</p></td><td rowspan="1" colspan="1"><p>Bacharelado</p></td><td rowspan="1" colspan="1"><p>ENGENHARIA CIVIL</p></td><td rowspan="1" colspan="1"><p>400</p></td><td rowspan="1" colspan="1"><p>PONTIFICIA UNIVERSIDADE CATOLICA DE GOIAS - PUC GOIAS</p></td><td rowspan="1" colspan="1"><p>SOCIEDADE GOIANA DE CULTURA</p></td></tr><tr><td rowspan="1" colspan="1"><p>253</p></td><td rowspan="1" colspan="1"><p>202508876</p></td><td rowspan="1" colspan="1"><p>Bacharelado</p></td><td rowspan="1" colspan="1"><p>ENGENHARIA DE CONTROLE E AUTOMAÇÃO</p></td><td rowspan="1" colspan="1"><p>400</p></td><td rowspan="1" colspan="1"><p>PONTIFICIA UNIVERSIDADE CATOLICA DE GOIAS - PUC GOIAS</p></td><td rowspan="1" colspan="1"><p>SOCIEDADE GOIANA DE CULTURA</p></td></tr><tr><td rowspan="1" colspan="1"><p>254</p></td><td rowspan="1" colspan="1"><p>202508880</p></td><td rowspan="1" colspan="1"><p>Bacharelado</p></td><td rowspan="1" colspan="1"><p>ENGENHARIA DE PRODUÇÃO</p></td><td rowspan="1" colspan="1"><p>400</p></td><td rowspan="1" colspan="1"><p>PONTIFICIA UNIVERSIDADE CATOLICA DE GOIAS - PUC GOIAS</p></td><td rowspan="1" colspan="1"><p>SOCIEDADE GOIANA DE CULTURA</p></td></tr><tr><td rowspan="1" colspan="1"><p>255</p></td><td rowspan="1" colspan="1"><p>202508878</p></td><td rowspan="1" colspan="1"><p>Bacharelado</p></td><td rowspan="1" colspan="1"><p>ENGENHARIA ELÉTRICA</p></td><td rowspan="1" colspan="1"><p>400</p></td><td rowspan="1" colspan="1"><p>PONTIFICIA UNIVERSIDADE CATOLICA DE GOIAS - PUC GOIAS</p></td><td rowspan="1" colspan="1"><p>SOCIEDADE GOIANA DE CULTURA</p></td></tr><tr><td rowspan="1" colspan="1"><p>256</p></td><td rowspan="1" colspan="1"><p>202508879</p></td><td rowspan="1" colspan="1"><p>Bacharelado</p></td><td rowspan="1" colspan="1"><p>ENGENHARIA MECÂNICA</p></td><td rowspan="1" colspan="1"><p>400</p></td><td rowspan="1" colspan="1"><p>PONTIFICIA UNIVERSIDADE CATOLICA DE GOIAS - PUC GOIAS</p></td><td rowspan="1" colspan="1"><p>SOCIEDADE GOIANA DE CULTURA</p></td></tr><tr><td rowspan="1" colspan="1"><p>257</p></td><td rowspan="1" colspan="1"><p>202510092</p></td><td rowspan="1" colspan="1"><p>Licenciatura</p></td><td rowspan="1" colspan="1"><p>HISTÓRIA</p></td><td rowspan="1" colspan="1"><p>200</p></td><td rowspan="1" colspan="1"><p>PONTIFICIA UNIVERSIDADE CATOLICA DE GOIAS - PUC GOIAS</p></td><td rowspan="1" colspan="1"><p>SOCIEDADE GOIANA DE CULTURA</p></td></tr><tr><td rowspan="1" colspan="1"><p>258</p></td><td rowspan="1" colspan="1"><p>202510091</p></td><td rowspan="1" colspan="1"><p>Licenciatura</p></td><td rowspan="1" colspan="1"><p>LETRAS - INGLÊS</p></td><td rowspan="1" colspan="1"><p>200</p></td><td rowspan="1" colspan="1"><p>PONTIFICIA UNIVERSIDADE CATOLICA DE GOIAS - PUC GOIAS</p></td><td rowspan="1" colspan="1"><p>SOCIEDADE GOIANA DE CULTURA</p></td></tr><tr><td rowspan="1" colspan="1"><p>259</p></td><td rowspan="1" colspan="1"><p>202510093</p></td><td rowspan="1" colspan="1"><p>Licenciatura</p></td><td rowspan="1" colspan="1"><p>LETRAS - PORTUGUÊS</p></td><td rowspan="1" colspan="1"><p>200</p></td><td rowspan="1" colspan="1"><p>PONTIFICIA UNIVERSIDADE CATOLICA DE GOIAS - PUC GOIAS</p></td><td rowspan="1" colspan="1"><p>SOCIEDADE GOIANA DE CULTURA</p></td></tr><tr><td rowspan="1" colspan="1"><p>260</p></td><td rowspan="1" colspan="1"><p>202510090</p></td><td rowspan="1" colspan="1"><p>Licenciatura</p></td><td rowspan="1" colspan="1"><p>PEDAGOGIA</p></td><td rowspan="1" colspan="1"><p>300</p></td><td rowspan="1" colspan="1"><p>PONTIFICIA UNIVERSIDADE CATOLICA DE GOIAS - PUC GOIAS</p></td><td rowspan="1" colspan="1"><p>SOCIEDADE GOIANA DE CULTURA</p></td></tr><tr><td rowspan="1" colspan="1"><p>261</p></td><td rowspan="1" colspan="1"><p>202517881</p></td><td rowspan="1" colspan="1"><p>Licenciatura</p></td><td rowspan="1" colspan="1"><p>PEDAGOGIA</p></td><td rowspan="1" colspan="1"><p>240</p></td><td rowspan="1" colspan="1"><p>PONTIFICIA UNIVERSIDADE CATOLICA DE MINAS GERAIS - PUC MINAS</p></td><td rowspan="1" colspan="1"><p>SOCIEDADE MINEIRA DE CULTURA</p></td></tr><tr><td rowspan="1" colspan="1"><p>262</p></td><td rowspan="1" colspan="1"><p>202517975</p></td><td rowspan="1" colspan="1"><p>Bacharelado</p></td><td rowspan="1" colspan="1"><p>SERVIÇO SOCIAL</p></td><td rowspan="1" colspan="1"><p>240</p></td><td rowspan="1" colspan="1"><p>PONTIFICIA UNIVERSIDADE CATOLICA DE MINAS GERAIS - PUC MINAS</p></td><td rowspan="1" colspan="1"><p>SOCIEDADE MINEIRA DE CULTURA</p></td></tr><tr><td rowspan="1" colspan="1"><p>263</p></td><td rowspan="1" colspan="1"><p>202517811</p></td><td rowspan="1" colspan="1"><p>Tecnológico</p></td><td rowspan="1" colspan="1"><p>GESTÃO HOSPITALAR</p></td><td rowspan="1" colspan="1"><p>1000</p></td><td rowspan="1" colspan="1"><p>SOBERANA FACULDADE DE SAUDE DE PETROLINA - SOBERANA</p></td><td rowspan="1" colspan="1"><p>SOBERANA FACULDADE DE SAUDE DE PETROLINA LTDA - EPP</p></td></tr><tr><td rowspan="1" colspan="1"><p>264</p></td><td rowspan="1" colspan="1"><p>202515915</p></td><td rowspan="1" colspan="1"><p>Bacharelado</p></td><td rowspan="1" colspan="1"><p>AGRONOMIA</p></td><td rowspan="1" colspan="1"><p>2000</p></td><td rowspan="1" colspan="1"><p>Ugv Centro Universitário</p></td><td rowspan="1" colspan="1"><p>UNIDADE DE ENSINO SUPERIOR DO GRANDE VALE DO IGUACU SA</p></td></tr><tr><td rowspan="1" colspan="1"><p>265</p></td><td rowspan="1" colspan="1"><p>202515284</p></td><td rowspan="1" colspan="1"><p>Bacharelado</p></td><td rowspan="1" colspan="1"><p>BIOMEDICINA</p></td><td rowspan="1" colspan="1"><p>1600</p></td><td rowspan="1" colspan="1"><p>Ugv Centro Universitário</p></td><td rowspan="1" colspan="1"><p>UNIDADE DE ENSINO SUPERIOR DO GRANDE VALE DO IGUACU SA</p></td></tr><tr><td rowspan="1" colspan="1"><p>266</p></td><td rowspan="1" colspan="1"><p>202515916</p></td><td rowspan="1" colspan="1"><p>Bacharelado</p></td><td rowspan="1" colspan="1"><p>MEDICINA VETERINÁRIA</p></td><td rowspan="1" colspan="1"><p>2000</p></td><td rowspan="1" colspan="1"><p>Ugv Centro Universitário</p></td><td rowspan="1" colspan="1"><p>UNIDADE DE ENSINO SUPERIOR DO GRANDE VALE DO IGUACU SA</p></td></tr><tr><td rowspan="1" colspan="1"><p>267</p></td><td rowspan="1" colspan="1"><p>202508520</p></td><td rowspan="1" colspan="1"><p>Bacharelado</p></td><td rowspan="1" colspan="1"><p>BIOMEDICINA</p></td><td rowspan="1" colspan="1"><p>600</p></td><td rowspan="1" colspan="1"><p>UNEF CENTRO UNIVERSITARIO - UNEF</p></td><td rowspan="1" colspan="1"><p>UNEF UNIDADE DE ENSINO SUPERIOR DE FEIRA DE SANTANA LTDA</p></td></tr><tr><td rowspan="1" colspan="1"><p>268</p></td><td rowspan="1" colspan="1"><p>202508522</p></td><td rowspan="1" colspan="1"><p>Bacharelado</p></td><td rowspan="1" colspan="1"><p>EDUCAÇÃO FÍSICA</p></td><td rowspan="1" colspan="1"><p>500</p></td><td rowspan="1" colspan="1"><p>UNEF CENTRO UNIVERSITARIO - UNEF</p></td><td rowspan="1" colspan="1"><p>UNEF UNIDADE DE ENSINO SUPERIOR DE FEIRA DE SANTANA LTDA</p></td></tr><tr><td rowspan="1" colspan="1"><p>269</p></td><td rowspan="1" colspan="1"><p>202509230</p></td><td rowspan="1" colspan="1"><p>Bacharelado</p></td><td rowspan="1" colspan="1"><p>ENGENHARIA AMBIENTAL E SANITÁRIA</p></td><td rowspan="1" colspan="1"><p>2500</p></td><td rowspan="1" colspan="1"><p>UNEF CENTRO UNIVERSITARIO - UNEF</p></td><td rowspan="1" colspan="1"><p>UNEF UNIDADE DE ENSINO SUPERIOR DE FEIRA DE SANTANA LTDA</p></td></tr><tr><td rowspan="1" colspan="1"><p>270</p></td><td rowspan="1" colspan="1"><p>202509229</p></td><td rowspan="1" colspan="1"><p>Bacharelado</p></td><td rowspan="1" colspan="1"><p>ENGENHARIA CIVIL</p></td><td rowspan="1" colspan="1"><p>2500</p></td><td rowspan="1" colspan="1"><p>UNEF CENTRO UNIVERSITARIO - UNEF</p></td><td rowspan="1" colspan="1"><p>UNEF UNIDADE DE ENSINO SUPERIOR DE FEIRA DE SANTANA LTDA</p></td></tr><tr><td rowspan="1" colspan="1"><p>271</p></td><td rowspan="1" colspan="1"><p>202509228</p></td><td rowspan="1" colspan="1"><p>Bacharelado</p></td><td rowspan="1" colspan="1"><p>ENGENHARIA DE PRODUÇÃO</p></td><td rowspan="1" colspan="1"><p>10000</p></td><td rowspan="1" colspan="1"><p>UNEF CENTRO UNIVERSITARIO - UNEF</p></td><td rowspan="1" colspan="1"><p>UNEF UNIDADE DE ENSINO SUPERIOR DE FEIRA DE SANTANA LTDA</p></td></tr></table>]]></Texto>
  </body>
  <Midias />
</article></xml>