﻿<xml><article id="45413044" name="DECISAO SUPAS 1308" idOficio="11280414" pubName="DO1" artType="Decisão" pubDate="12/09/2025" artClass="00050:00019:00052:00000:00000:00000:00000:00000:00000:00000:00018:00001" artCategory="Ministério dos Transportes/Agência Nacional de Transportes Terrestres/Superintendência de Serviços de Transporte Rodoviário de Passageiros" artSize="12" artNotes="" numberPage="207" pdfPage="http://pesquisa.in.gov.br/imprensa/jsp/visualiza/index.jsp?data=12/09/2025&amp;jornal=515&amp;pagina=207" editionNumber="174" highlightType="" highlightPriority="" highlight="" highlightimage="" highlightimagename="" idMateria="23101317">
  <body>
    <Identifica><![CDATA[ DECISÃO SUPAS Nº 1.308, DE 5 DE SETEMBRO DE 2025]]></Identifica>
    <Data><![CDATA[]]></Data>
    <Ementa />
    <Titulo />
    <SubTitulo />
    <Texto><![CDATA[<p class="identifica">DECISÃO SUPAS Nº 1.308, DE 5 DE SETEMBRO DE 2025</p><p>O Superintendente de Serviços de Transporte Rodoviário de Passageiros da Agência Nacional de Transportes Terrestres - ANTT, no uso de suas atribuições, em conformidade com o art. 3º e o inciso XV do art. 8º, ambos do Anexo da Resolução nº 5.818, de 3 de maio de 2018, e com o inciso III do art. 29, e inciso VIII do art. 105, ambos da Resolução nº 5.976, de 7 de abril de 2022;</p><p>CONSIDERANDO o disposto na Resolução nº 6.033, de 21 de dezembro de 2023, que dispõe sobre a regulamentação da prestação do serviço regular de transporte rodoviário coletivo interestadual de passageiros, sob o regime de autorização;</p><p>CONSIDERANDO o que consta no processo administrativo nº 50505.049877/2025-52, decide:</p><p>Art. 1º Deferir o pedido da EXPRESSO ITAMARATI S/A, CNPJ nº 59.965.038/0001-41, para realizar operação conjunta da linha SAO PAULO/SP-PORTO VELHO/RO, prefixo nº SPRO0100018, com a linha intermunicipal CUIABA/MT-COMODORO/MT, no trecho de CUIABA/MT para COMODORO/MT.</p><p>Parágrafo único. Compete à autorizatária manter os quadros de horários das linhas que farão parte da operação conjunta sempre atualizados e compatíveis entre si, sob pena de resultar em sanções e medidas administrativas definidas em resolução.</p><p>Art. 2º Esta Decisão entra em vigor na data de sua publicação.</p><p class="assina">JULIANO DE BARROS SAMÔR</p>]]></Texto>
  </body>
  <Midias />
</article></xml>