﻿<xml><article id="45406599" name="PORTARIA NA 611 - 11.09.2025_002" idOficio="11278735" pubName="DO1" artType="Portaria" pubDate="12/09/2025" artClass="00025:00046:00000:00000:00000:00000:00000:00000:00000:00000:00054:00000" artCategory="Ministério da Educação/Secretaria de Regulação e Supervisão da Educação Superior" artSize="24" artNotes="" numberPage="87" pdfPage="http://pesquisa.in.gov.br/imprensa/jsp/visualiza/index.jsp?data=12/09/2025&amp;jornal=515&amp;pagina=87" editionNumber="174" highlightType="" highlightPriority="" highlight="" highlightimage="" highlightimagename="" idMateria="23098718">
  <body>
    <Identifica />
    <Data><![CDATA[]]></Data>
    <Ementa />
    <Titulo />
    <SubTitulo />
    <Texto><![CDATA[<p /><p></p><table><tr /><tr><td rowspan="1" colspan="1"><p>57</p></td><td rowspan="1" colspan="1"><p>202518217</p></td><td rowspan="1" colspan="1"><p>Bacharelado</p></td><td rowspan="1" colspan="1"><p>MEDICINA VETERINÁRIA</p></td><td rowspan="1" colspan="1"><p>700</p></td><td rowspan="1" colspan="1"><p>FACULDADE AJES - AJES</p></td><td rowspan="1" colspan="1"><p>ACADEMIA JUINENSE DE ENSINO SUPERIOR LTDA - ME</p></td></tr><tr><td rowspan="1" colspan="1"><p>58</p></td><td rowspan="1" colspan="1"><p>202517445</p></td><td rowspan="1" colspan="1"><p>Bacharelado</p></td><td rowspan="1" colspan="1"><p>NUTRIÇÃO</p></td><td rowspan="1" colspan="1"><p>1000</p></td><td rowspan="1" colspan="1"><p>FACULDADE AJES - AJES</p></td><td rowspan="1" colspan="1"><p>ACADEMIA JUINENSE DE ENSINO SUPERIOR LTDA - ME</p></td></tr><tr><td rowspan="1" colspan="1"><p>59</p></td><td rowspan="1" colspan="1"><p>202511244</p></td><td rowspan="1" colspan="1"><p>Licenciatura</p></td><td rowspan="1" colspan="1"><p>PEDAGOGIA</p></td><td rowspan="1" colspan="1"><p>500</p></td><td rowspan="1" colspan="1"><p>FACULDADE AJES - AJES</p></td><td rowspan="1" colspan="1"><p>ACADEMIA JUINENSE DE ENSINO SUPERIOR LTDA - ME</p></td></tr><tr><td rowspan="1" colspan="1"><p>60</p></td><td rowspan="1" colspan="1"><p>202517615</p></td><td rowspan="1" colspan="1"><p>Tecnológico</p></td><td rowspan="1" colspan="1"><p>RADIOLOGIA</p></td><td rowspan="1" colspan="1"><p>500</p></td><td rowspan="1" colspan="1"><p>FACULDADE AJES - AJES</p></td><td rowspan="1" colspan="1"><p>ACADEMIA JUINENSE DE ENSINO SUPERIOR LTDA - ME</p></td></tr><tr><td rowspan="1" colspan="1"><p>61</p></td><td rowspan="1" colspan="1"><p>202518181</p></td><td rowspan="1" colspan="1"><p>Bacharelado</p></td><td rowspan="1" colspan="1"><p>SERVIÇO SOCIAL</p></td><td rowspan="1" colspan="1"><p>3000</p></td><td rowspan="1" colspan="1"><p>FACULDADE AJES - AJES</p></td><td rowspan="1" colspan="1"><p>ACADEMIA JUINENSE DE ENSINO SUPERIOR LTDA - ME</p></td></tr><tr><td rowspan="1" colspan="1"><p>62</p></td><td rowspan="1" colspan="1"><p>202517833</p></td><td rowspan="1" colspan="1"><p>Licenciatura</p></td><td rowspan="1" colspan="1"><p>PEDAGOGIA</p></td><td rowspan="1" colspan="1"><p>100</p></td><td rowspan="1" colspan="1"><p>FACULDADE ALCANCE ENSINO SUPERIOR - FAAL</p></td><td rowspan="1" colspan="1"><p>FAAL EDUCACIONAL LTDA</p></td></tr><tr><td rowspan="1" colspan="1"><p>63</p></td><td rowspan="1" colspan="1"><p>202517484</p></td><td rowspan="1" colspan="1"><p>Licenciatura</p></td><td rowspan="1" colspan="1"><p>PEDAGOGIA</p></td><td rowspan="1" colspan="1"><p>600</p></td><td rowspan="1" colspan="1"><p>FACULDADE ALFAUNIPAC DE ALMENARA -</p></td><td rowspan="1" colspan="1"><p>INSTITUTO EDUCACIONAL ALFAUNIPAC S.A.</p></td></tr><tr><td rowspan="1" colspan="1"><p>64</p></td><td rowspan="1" colspan="1"><p>202518229</p></td><td rowspan="1" colspan="1"><p>Licenciatura</p></td><td rowspan="1" colspan="1"><p>PEDAGOGIA</p></td><td rowspan="1" colspan="1"><p>750</p></td><td rowspan="1" colspan="1"><p>Faculdade ALFAUNIPAC de Guanhães</p></td><td rowspan="1" colspan="1"><p>INSTITUTO EDUCACIONAL ALFAUNIPAC S.A.</p></td></tr><tr><td rowspan="1" colspan="1"><p>65</p></td><td rowspan="1" colspan="1"><p>202517721</p></td><td rowspan="1" colspan="1"><p>Licenciatura</p></td><td rowspan="1" colspan="1"><p>PEDAGOGIA</p></td><td rowspan="1" colspan="1"><p>1000</p></td><td rowspan="1" colspan="1"><p>FACULDADE ALFAUNIPAC DE TEOFILO OTONI - ALFAUNIPAC</p></td><td rowspan="1" colspan="1"><p>INSTITUTO EDUCACIONAL ALFAUNIPAC S.A.</p></td></tr><tr><td rowspan="1" colspan="1"><p>66</p></td><td rowspan="1" colspan="1"><p>202517589</p></td><td rowspan="1" colspan="1"><p>Licenciatura</p></td><td rowspan="1" colspan="1"><p>EDUCAÇÃO ESPECIAL</p></td><td rowspan="1" colspan="1"><p>500</p></td><td rowspan="1" colspan="1"><p>FACULDADE ALIANCA DO MARANHAO - FAMAR</p></td><td rowspan="1" colspan="1"><p>FACULDADE ALIANCA LTDA</p></td></tr><tr><td rowspan="1" colspan="1"><p>67</p></td><td rowspan="1" colspan="1"><p>202517384</p></td><td rowspan="1" colspan="1"><p>Licenciatura</p></td><td rowspan="1" colspan="1"><p>PEDAGOGIA</p></td><td rowspan="1" colspan="1"><p>500</p></td><td rowspan="1" colspan="1"><p>FACULDADE ALIANCA DO MARANHAO - FAMAR</p></td><td rowspan="1" colspan="1"><p>FACULDADE ALIANCA LTDA</p></td></tr><tr><td rowspan="1" colspan="1"><p>68</p></td><td rowspan="1" colspan="1"><p>202518095</p></td><td rowspan="1" colspan="1"><p>Bacharelado</p></td><td rowspan="1" colspan="1"><p>ARQUITETURA E URBANISMO</p></td><td rowspan="1" colspan="1"><p>1000</p></td><td rowspan="1" colspan="1"><p>FACULDADE ALIS DE ITABIRITO -</p></td><td rowspan="1" colspan="1"><p>ASSOCIACAO DE ENSINO SUPERIOR DOS INCONFIDENTES - ASESI</p></td></tr><tr><td rowspan="1" colspan="1"><p>69</p></td><td rowspan="1" colspan="1"><p>202508665</p></td><td rowspan="1" colspan="1"><p>Bacharelado</p></td><td rowspan="1" colspan="1"><p>BIOMEDICINA</p></td><td rowspan="1" colspan="1"><p>750</p></td><td rowspan="1" colspan="1"><p>FACULDADE ALIS DE ITABIRITO -</p></td><td rowspan="1" colspan="1"><p>ASSOCIACAO DE ENSINO SUPERIOR DOS INCONFIDENTES - ASESI</p></td></tr><tr><td rowspan="1" colspan="1"><p>70</p></td><td rowspan="1" colspan="1"><p>202518176</p></td><td rowspan="1" colspan="1"><p>Bacharelado</p></td><td rowspan="1" colspan="1"><p>EDUCAÇÃO FÍSICA</p></td><td rowspan="1" colspan="1"><p>1000</p></td><td rowspan="1" colspan="1"><p>FACULDADE ALIS DE ITABIRITO -</p></td><td rowspan="1" colspan="1"><p>ASSOCIACAO DE ENSINO SUPERIOR DOS INCONFIDENTES - ASESI</p></td></tr><tr><td rowspan="1" colspan="1"><p>71</p></td><td rowspan="1" colspan="1"><p>202517393</p></td><td rowspan="1" colspan="1"><p>Bacharelado</p></td><td rowspan="1" colspan="1"><p>ENGENHARIA DE PRODUÇÃO</p></td><td rowspan="1" colspan="1"><p>120</p></td><td rowspan="1" colspan="1"><p>FACULDADE ALIS DE ITABIRITO -</p></td><td rowspan="1" colspan="1"><p>ASSOCIACAO DE ENSINO SUPERIOR DOS INCONFIDENTES - ASESI</p></td></tr><tr><td rowspan="1" colspan="1"><p>72</p></td><td rowspan="1" colspan="1"><p>202508664</p></td><td rowspan="1" colspan="1"><p>Bacharelado</p></td><td rowspan="1" colspan="1"><p>FARMÁCIA</p></td><td rowspan="1" colspan="1"><p>1000</p></td><td rowspan="1" colspan="1"><p>FACULDADE ALIS DE ITABIRITO -</p></td><td rowspan="1" colspan="1"><p>ASSOCIACAO DE ENSINO SUPERIOR DOS INCONFIDENTES - ASESI</p></td></tr><tr><td rowspan="1" colspan="1"><p>73</p></td><td rowspan="1" colspan="1"><p>202518194</p></td><td rowspan="1" colspan="1"><p>Licenciatura</p></td><td rowspan="1" colspan="1"><p>PEDAGOGIA</p></td><td rowspan="1" colspan="1"><p>1000</p></td><td rowspan="1" colspan="1"><p>FACULDADE ALIS DE ITABIRITO -</p></td><td rowspan="1" colspan="1"><p>ASSOCIACAO DE ENSINO SUPERIOR DOS INCONFIDENTES - ASESI</p></td></tr><tr><td rowspan="1" colspan="1"><p>74</p></td><td rowspan="1" colspan="1"><p>202516749</p></td><td rowspan="1" colspan="1"><p>Licenciatura</p></td><td rowspan="1" colspan="1"><p>PEDAGOGIA</p></td><td rowspan="1" colspan="1"><p>500</p></td><td rowspan="1" colspan="1"><p>FACULDADE ALPHA - ALPHA</p></td><td rowspan="1" colspan="1"><p>ALPHA SISTEMAS EDUCACIONAIS E TREINAMENTOS - EIRELI</p></td></tr><tr><td rowspan="1" colspan="1"><p>75</p></td><td rowspan="1" colspan="1"><p>202516709</p></td><td rowspan="1" colspan="1"><p>Licenciatura</p></td><td rowspan="1" colspan="1"><p>PEDAGOGIA</p></td><td rowspan="1" colspan="1"><p>600</p></td><td rowspan="1" colspan="1"><p>FACULDADE ANASPS - FANASPS</p></td><td rowspan="1" colspan="1"><p>ASSOCIACAO NACIONAL DOS SERVIDORES PUBLICOS, DA PREVIDENCIA E DA SEGURIDADE SOCIAL - ANASPS</p></td></tr><tr><td rowspan="1" colspan="1"><p>76</p></td><td rowspan="1" colspan="1"><p>202518044</p></td><td rowspan="1" colspan="1"><p>Bacharelado</p></td><td rowspan="1" colspan="1"><p>BIOMEDICINA</p></td><td rowspan="1" colspan="1"><p>500</p></td><td rowspan="1" colspan="1"><p>FACULDADE AOL LINS - FAOL</p></td><td rowspan="1" colspan="1"><p>FACULDADE DO CENTRO OESTE PAULISTA FACOP LTDA</p></td></tr><tr><td rowspan="1" colspan="1"><p>77</p></td><td rowspan="1" colspan="1"><p>202517619</p></td><td rowspan="1" colspan="1"><p>Tecnológico</p></td><td rowspan="1" colspan="1"><p>GESTÃO HOSPITALAR</p></td><td rowspan="1" colspan="1"><p>375</p></td><td rowspan="1" colspan="1"><p>FACULDADE ASGARD - AGD</p></td><td rowspan="1" colspan="1"><p>ASGARD CURSOS LTDA</p></td></tr><tr><td rowspan="1" colspan="1"><p>78</p></td><td rowspan="1" colspan="1"><p>202518121</p></td><td rowspan="1" colspan="1"><p>Licenciatura</p></td><td rowspan="1" colspan="1"><p>EDUCAÇÃO ESPECIAL</p></td><td rowspan="1" colspan="1"><p>22</p></td><td rowspan="1" colspan="1"><p>FACULDADE ASSOCIADA BRASIL - EAD -</p></td><td rowspan="1" colspan="1"><p>ASSOCIACAO EDUCACIONAL E CULTURAL PAULISTANA</p></td></tr><tr><td rowspan="1" colspan="1"><p>79</p></td><td rowspan="1" colspan="1"><p>202518046</p></td><td rowspan="1" colspan="1"><p>Licenciatura</p></td><td rowspan="1" colspan="1"><p>MATEMÁTICA</p></td><td rowspan="1" colspan="1"><p>27</p></td><td rowspan="1" colspan="1"><p>FACULDADE ASSOCIADA BRASIL - EAD -</p></td><td rowspan="1" colspan="1"><p>ASSOCIACAO EDUCACIONAL E CULTURAL PAULISTANA</p></td></tr><tr><td rowspan="1" colspan="1"><p>80</p></td><td rowspan="1" colspan="1"><p>202517611</p></td><td rowspan="1" colspan="1"><p>Licenciatura</p></td><td rowspan="1" colspan="1"><p>PEDAGOGIA</p></td><td rowspan="1" colspan="1"><p>155</p></td><td rowspan="1" colspan="1"><p>FACULDADE ASSOCIADA BRASIL - EAD -</p></td><td rowspan="1" colspan="1"><p>ASSOCIACAO EDUCACIONAL E CULTURAL PAULISTANA</p></td></tr><tr><td rowspan="1" colspan="1"><p>81</p></td><td rowspan="1" colspan="1"><p>202518156</p></td><td rowspan="1" colspan="1"><p>Bacharelado</p></td><td rowspan="1" colspan="1"><p>ARQUITETURA E URBANISMO</p></td><td rowspan="1" colspan="1"><p>1500</p></td><td rowspan="1" colspan="1"><p>FACULDADE ATITUS EDUCACAO ONLINE - ATITUS EDUCAÇÃO</p></td><td rowspan="1" colspan="1"><p>ATITUS EDUCACAO S.A</p></td></tr><tr><td rowspan="1" colspan="1"><p>82</p></td><td rowspan="1" colspan="1"><p>202518222</p></td><td rowspan="1" colspan="1"><p>Bacharelado</p></td><td rowspan="1" colspan="1"><p>BIOMEDICINA</p></td><td rowspan="1" colspan="1"><p>1000</p></td><td rowspan="1" colspan="1"><p>FACULDADE ATITUS EDUCACAO ONLINE - ATITUS EDUCAÇÃO</p></td><td rowspan="1" colspan="1"><p>ATITUS EDUCACAO S.A</p></td></tr><tr><td rowspan="1" colspan="1"><p>83</p></td><td rowspan="1" colspan="1"><p>202518144</p></td><td rowspan="1" colspan="1"><p>Bacharelado</p></td><td rowspan="1" colspan="1"><p>ENGENHARIA CIVIL</p></td><td rowspan="1" colspan="1"><p>2000</p></td><td rowspan="1" colspan="1"><p>FACULDADE ATITUS EDUCACAO ONLINE - ATITUS EDUCAÇÃO</p></td><td rowspan="1" colspan="1"><p>ATITUS EDUCACAO S.A</p></td></tr><tr><td rowspan="1" colspan="1"><p>84</p></td><td rowspan="1" colspan="1"><p>202518106</p></td><td rowspan="1" colspan="1"><p>Bacharelado</p></td><td rowspan="1" colspan="1"><p>ENGENHARIA DE PRODUÇÃO</p></td><td rowspan="1" colspan="1"><p>1500</p></td><td rowspan="1" colspan="1"><p>FACULDADE ATITUS EDUCACAO ONLINE - ATITUS EDUCAÇÃO</p></td><td rowspan="1" colspan="1"><p>ATITUS EDUCACAO S.A</p></td></tr><tr><td rowspan="1" colspan="1"><p>85</p></td><td rowspan="1" colspan="1"><p>202517462</p></td><td rowspan="1" colspan="1"><p>Bacharelado</p></td><td rowspan="1" colspan="1"><p>ENGENHARIA MECÂNICA</p></td><td rowspan="1" colspan="1"><p>1500</p></td><td rowspan="1" colspan="1"><p>FACULDADE ATITUS EDUCACAO ONLINE - ATITUS EDUCAÇÃO</p></td><td rowspan="1" colspan="1"><p>ATITUS EDUCACAO S.A</p></td></tr><tr><td rowspan="1" colspan="1"><p>86</p></td><td rowspan="1" colspan="1"><p>202517825</p></td><td rowspan="1" colspan="1"><p>Tecnológico</p></td><td rowspan="1" colspan="1"><p>GESTÃO AMBIENTAL</p></td><td rowspan="1" colspan="1"><p>1000</p></td><td rowspan="1" colspan="1"><p>FACULDADE ATITUS EDUCACAO ONLINE - ATITUS EDUCAÇÃO</p></td><td rowspan="1" colspan="1"><p>ATITUS EDUCACAO S.A</p></td></tr><tr><td rowspan="1" colspan="1"><p>87</p></td><td rowspan="1" colspan="1"><p>202518105</p></td><td rowspan="1" colspan="1"><p>Tecnológico</p></td><td rowspan="1" colspan="1"><p>GESTÃO HOSPITALAR</p></td><td rowspan="1" colspan="1"><p>2000</p></td><td rowspan="1" colspan="1"><p>FACULDADE ATITUS EDUCACAO ONLINE - ATITUS EDUCAÇÃO</p></td><td rowspan="1" colspan="1"><p>ATITUS EDUCACAO S.A</p></td></tr><tr><td rowspan="1" colspan="1"><p>88</p></td><td rowspan="1" colspan="1"><p>202517784</p></td><td rowspan="1" colspan="1"><p>Tecnológico</p></td><td rowspan="1" colspan="1"><p>ESTÉTICA E COSMÉTICA</p></td><td rowspan="1" colspan="1"><p>200</p></td><td rowspan="1" colspan="1"><p>FACULDADE AUCCE - FAUCCE</p></td><td rowspan="1" colspan="1"><p>FACULDADE VALE DO ACO LTDA</p></td></tr><tr><td rowspan="1" colspan="1"><p>89</p></td><td rowspan="1" colspan="1"><p>202508683</p></td><td rowspan="1" colspan="1"><p>Bacharelado</p></td><td rowspan="1" colspan="1"><p>EDUCAÇÃO FÍSICA</p></td><td rowspan="1" colspan="1"><p>900</p></td><td rowspan="1" colspan="1"><p>FACULDADE AUDEN EDUCACIONAL - FAED</p></td><td rowspan="1" colspan="1"><p>AUDEN EDUCACAO LTDA</p></td></tr><tr><td rowspan="1" colspan="1"><p>90</p></td><td rowspan="1" colspan="1"><p>202511350</p></td><td rowspan="1" colspan="1"><p>Licenciatura</p></td><td rowspan="1" colspan="1"><p>EDUCAÇÃO FÍSICA</p></td><td rowspan="1" colspan="1"><p>900</p></td><td rowspan="1" colspan="1"><p>FACULDADE AUDEN EDUCACIONAL - FAED</p></td><td rowspan="1" colspan="1"><p>AUDEN EDUCACAO LTDA</p></td></tr><tr><td rowspan="1" colspan="1"><p>91</p></td><td rowspan="1" colspan="1"><p>202512238</p></td><td rowspan="1" colspan="1"><p>Tecnológico</p></td><td rowspan="1" colspan="1"><p>ESTÉTICA E COSMÉTICA</p></td><td rowspan="1" colspan="1"><p>900</p></td><td rowspan="1" colspan="1"><p>FACULDADE AUDEN EDUCACIONAL - FAED</p></td><td rowspan="1" colspan="1"><p>AUDEN EDUCACAO LTDA</p></td></tr><tr><td rowspan="1" colspan="1"><p>92</p></td><td rowspan="1" colspan="1"><p>202508682</p></td><td rowspan="1" colspan="1"><p>Tecnológico</p></td><td rowspan="1" colspan="1"><p>GERONTOLOGIA</p></td><td rowspan="1" colspan="1"><p>300</p></td><td rowspan="1" colspan="1"><p>FACULDADE AUDEN EDUCACIONAL - FAED</p></td><td rowspan="1" colspan="1"><p>AUDEN EDUCACAO LTDA</p></td></tr><tr><td rowspan="1" colspan="1"><p>93</p></td><td rowspan="1" colspan="1"><p>202509385</p></td><td rowspan="1" colspan="1"><p>Tecnológico</p></td><td rowspan="1" colspan="1"><p>GESTÃO AMBIENTAL</p></td><td rowspan="1" colspan="1"><p>900</p></td><td rowspan="1" colspan="1"><p>FACULDADE AUDEN EDUCACIONAL - FAED</p></td><td rowspan="1" colspan="1"><p>AUDEN EDUCACAO LTDA</p></td></tr><tr><td rowspan="1" colspan="1"><p>94</p></td><td rowspan="1" colspan="1"><p>202512237</p></td><td rowspan="1" colspan="1"><p>Tecnológico</p></td><td rowspan="1" colspan="1"><p>GESTÃO HOSPITALAR</p></td><td rowspan="1" colspan="1"><p>900</p></td><td rowspan="1" colspan="1"><p>FACULDADE AUDEN EDUCACIONAL - FAED</p></td><td rowspan="1" colspan="1"><p>AUDEN EDUCACAO LTDA</p></td></tr><tr><td rowspan="1" colspan="1"><p>95</p></td><td rowspan="1" colspan="1"><p>202508684</p></td><td rowspan="1" colspan="1"><p>Bacharelado</p></td><td rowspan="1" colspan="1"><p>NUTRIÇÃO</p></td><td rowspan="1" colspan="1"><p>900</p></td><td rowspan="1" colspan="1"><p>FACULDADE AUDEN EDUCACIONAL - FAED</p></td><td rowspan="1" colspan="1"><p>AUDEN EDUCACAO LTDA</p></td></tr><tr><td rowspan="1" colspan="1"><p>96</p></td><td rowspan="1" colspan="1"><p>202511351</p></td><td rowspan="1" colspan="1"><p>Licenciatura</p></td><td rowspan="1" colspan="1"><p>PEDAGOGIA</p></td><td rowspan="1" colspan="1"><p>500</p></td><td rowspan="1" colspan="1"><p>FACULDADE AUDEN EDUCACIONAL - FAED</p></td><td rowspan="1" colspan="1"><p>AUDEN EDUCACAO LTDA</p></td></tr><tr><td rowspan="1" colspan="1"><p>97</p></td><td rowspan="1" colspan="1"><p>202511358</p></td><td rowspan="1" colspan="1"><p>Licenciatura</p></td><td rowspan="1" colspan="1"><p>PEDAGOGIA</p></td><td rowspan="1" colspan="1"><p>600</p></td><td rowspan="1" colspan="1"><p>FACULDADE BARAO DE JEQUIRICA - FBJ DIGITAL</p></td><td rowspan="1" colspan="1"><p>ARQUE CONSULTORIA EDUCACIONAL LTDA - ME</p></td></tr><tr><td rowspan="1" colspan="1"><p>98</p></td><td rowspan="1" colspan="1"><p>202508685</p></td><td rowspan="1" colspan="1"><p>Bacharelado</p></td><td rowspan="1" colspan="1"><p>SERVIÇO SOCIAL</p></td><td rowspan="1" colspan="1"><p>600</p></td><td rowspan="1" colspan="1"><p>FACULDADE BARAO DE JEQUIRICA - FBJ DIGITAL</p></td><td rowspan="1" colspan="1"><p>ARQUE CONSULTORIA EDUCACIONAL LTDA - ME</p></td></tr><tr><td rowspan="1" colspan="1"><p>99</p></td><td rowspan="1" colspan="1"><p>202517822</p></td><td rowspan="1" colspan="1"><p>Licenciatura</p></td><td rowspan="1" colspan="1"><p>PEDAGOGIA</p></td><td rowspan="1" colspan="1"><p>500</p></td><td rowspan="1" colspan="1"><p>FACULDADE BILAC DE SAO JOSE DOS CAMPOS - BILAC</p></td><td rowspan="1" colspan="1"><p>CETEC EDUCACIONAL S.A.</p></td></tr><tr><td rowspan="1" colspan="1"><p>100</p></td><td rowspan="1" colspan="1"><p>202511348</p></td><td rowspan="1" colspan="1"><p>Licenciatura</p></td><td rowspan="1" colspan="1"><p>PEDAGOGIA</p></td><td rowspan="1" colspan="1"><p>100</p></td><td rowspan="1" colspan="1"><p>FACULDADE BOOKPLAY</p></td><td rowspan="1" colspan="1"><p>FACULDADE BOOK PLAY LTDA</p></td></tr><tr><td rowspan="1" colspan="1"><p>101</p></td><td rowspan="1" colspan="1"><p>202516478</p></td><td rowspan="1" colspan="1"><p>Licenciatura</p></td><td rowspan="1" colspan="1"><p>ARTES VISUAIS</p></td><td rowspan="1" colspan="1"><p>300</p></td><td rowspan="1" colspan="1"><p>FACULDADE BRASILEIRA CRISTA - FBC</p></td><td rowspan="1" colspan="1"><p>FBC - FACULDADE BRASILEIRA CRISTA</p></td></tr></table>]]></Texto>
  </body>
  <Midias />
</article></xml>