﻿<xml><article id="45408946" name="20250903-Extr-ato-unico-andreia_" idOficio="11279621" pubName="DO1" artType="Ato" pubDate="12/09/2025" artClass="00014:00019:00014:00155:00000:00000:00000:00000:00000:00000:00006:00000" artCategory="Ministério das Comunicações/Agência Nacional de Telecomunicações/Superintendência de Fiscalização/Gerência Regional no Estado de Minas Gerais" artSize="12" artNotes="" numberPage="18" pdfPage="http://pesquisa.in.gov.br/imprensa/jsp/visualiza/index.jsp?data=12/09/2025&amp;jornal=515&amp;pagina=18" editionNumber="174" highlightType="" highlightPriority="" highlight="" highlightimage="" highlightimagename="" idMateria="23099831">
  <body>
    <Identifica><![CDATA[ ATO Nº 11.825, DE 3 DE SETEMBRO DE 2025]]></Identifica>
    <Data><![CDATA[]]></Data>
    <Ementa />
    <Titulo />
    <SubTitulo />
    <Texto><![CDATA[<p class="identifica">ATO Nº 11.825, DE 3 DE SETEMBRO DE 2025</p><p>Declara extinta, por renúncia, a autorização outorgada a MAGNO CELSO GONTIJO, CPF nº ***.499.856-**, para explorar o Serviço de Telecomunicações de Interesse Restrito, declara também notificado o desinteresse para exploração do Serviço de Radioamador, de interesse restrito, bem como o direito de uso de radiofrequências associadas.</p><p class="assina">Andréia Cristina Costa</p><p class="cargo">Gerente Substituta</p>]]></Texto>
  </body>
  <Midias />
</article></xml>