﻿<xml><article id="45414841" name="Int_Desp_2.738_2025_SFF" idOficio="11280625" pubName="DO1" artType="Despacho" pubDate="12/09/2025" artClass="00035:00043:00039:00000:00000:00000:00000:00000:00000:00000:00024:00000" artCategory="Ministério de Minas e Energia/Agência Nacional de Energia Elétrica/Superintendência de Fiscalização Econômica, Financeira e de Mercado" artSize="12" artNotes="" numberPage="169" pdfPage="http://pesquisa.in.gov.br/imprensa/jsp/visualiza/index.jsp?data=12/09/2025&amp;jornal=515&amp;pagina=169" editionNumber="174" highlightType="" highlightPriority="" highlight="" highlightimage="" highlightimagename="" idMateria="23101792">
  <body>
    <Identifica><![CDATA[ DESPACHO Nº 2.738, DE 10 DE SETEMBRO DE 2025]]></Identifica>
    <Data><![CDATA[]]></Data>
    <Ementa />
    <Titulo />
    <SubTitulo />
    <Texto><![CDATA[<p class="identifica">DESPACHO Nº 2.738, DE 10 DE SETEMBRO DE 2025</p><p>A SUPERINTENDENTE DE FISCALIZAÇÃO ECONÔMICA, FINANCEIRA E DE MERCADO DA AGÊNCIA NACIONAL DE ENERGIA ELÉTRICA - ANEEL, no uso das atribuições que lhe foram delegadas por meio da Portaria nº 6.826, de 4 maio de 2023, considerando o disposto na Lei nº 9.427, de 26 de dezembro de 1996, na Resolução Normativa ANEEL nº 948, de 16 de novembro de 2021, na Nota Técnica nº 211/2025- SFF/ANEEL (SEI nº 0151255) e o que consta do Processo nº 48500.018198/2025-30, decide:</p><p>não anuir, conforme proposta apresentada, ao pedido da Roraima Energia S.A., CNPJ n° 02.341.470/0001-44, para celebração de contrato de aquisição de Transformadores de Distribuição Monofásicos com sua parte relacionada ITAM - Indústria de Transformadores Amazonas Ltda., CNPJ n° 15.815.491/0001-04.</p><p class="assina">MARIA LUIZA FERREIRA CALDWELL</p>]]></Texto>
  </body>
  <Midias />
</article></xml>