﻿<xml><article id="45404961" name="1 CONCEA EXTR PARE 120" idOficio="11278527" pubName="DO1" artType="Extrato de Parecer Técnico" pubDate="12/09/2025" artClass="00013:00031:00000:00000:00000:00000:00000:00000:00000:00000:00034:00000" artCategory="Ministério da Ciência, Tecnologia e Inovação/Conselho Nacional de Controle de Experimentação Animal" artSize="12" artNotes="" numberPage="17" pdfPage="http://pesquisa.in.gov.br/imprensa/jsp/visualiza/index.jsp?data=12/09/2025&amp;jornal=515&amp;pagina=17" editionNumber="174" highlightType="" highlightPriority="" highlight="" highlightimage="" highlightimagename="" idMateria="23098416">
  <body>
    <Identifica><![CDATA[ EXTRATO DE PARECER CONCEA/MCTI Nº 120/2025]]></Identifica>
    <Data><![CDATA[]]></Data>
    <Ementa />
    <Titulo />
    <SubTitulo />
    <Texto><![CDATA[<p class="identifica">EXTRATO DE PARECER CONCEA/MCTI Nº 120/2025</p><p>A Coordenadora do Conselho Nacional de Controle de Experimentação Animal - CONCEA/MCTI, no uso de suas atribuições e de acordo com o inc. II, art. 5º da Lei nº 11.794/2008; e dos arts. 3º e 4º da Resolução Normativa CONCEA/MCTI nº 50/2021, torna público que o CONCEA/MCTI apreciou e emitiu Parecer Técnico para o seguinte pedido de credenciamento:</p><p>Processo nº.: 01245.016026/2025-26 (878)</p><p>CNPJ: 28.744.843/0001-11 - MATRIZ</p><p>Nome Empresarial: BIOMARINE AQUICULTURA LTDA</p><p>Título do Estabelecimento: BIOMARINE AQUICULTURA</p><p>Endereço da Instituição: Rua Antonio Garcia da Cunha, nº 497, Parque São Rafael, CEP 08.310-510, São Paulo/SP</p><p>Modalidade de solicitação: requerimento de credenciamento da instituição.</p><p>Decisão: DEFERIDO</p><p>CIAEP: 01.0820.2025</p><p>O CONCEA/MCTI, após análise do pedido de credenciamento da instituição, concluiu pelo DEFERIMENTO, conforme o Parecer Técnico nº 1153/2025/SEI-MCTI.</p><p>A instituição apresentou todos os documentos, conforme disposto na Resolução Normativa CONCEA/MCTI nº 50/2021.</p><p>O CONCEA/MCTI esclarece que este parecer não exime a requerente do cumprimento das demais legislações vigentes no País e das normas estabelecidas pelo CONCEA/MCTI, aplicáveis ao objeto do requerimento.</p><p class="assina">LUISA MARIA GOMES DE MACEDO BRAGA</p>]]></Texto>
  </body>
  <Midias />
</article></xml>