﻿<xml><article id="45413359" name="ExtParecer9799USP" idOficio="11280487" pubName="DO1" artType="Extrato de Parecer Técnico" pubDate="12/09/2025" artClass="00013:00018:00000:00000:00000:00000:00000:00000:00000:00000:00034:00000" artCategory="Ministério da Ciência, Tecnologia e Inovação/Comissão Técnica Nacional de Biossegurança" artSize="12" artNotes="" numberPage="15" pdfPage="http://pesquisa.in.gov.br/imprensa/jsp/visualiza/index.jsp?data=12/09/2025&amp;jornal=515&amp;pagina=15" editionNumber="174" highlightType="" highlightPriority="" highlight="" highlightimage="" highlightimagename="" idMateria="23101378">
  <body>
    <Identifica><![CDATA[ EXTRATO DE PARECER TÉCNICO Nº 9.799/2025]]></Identifica>
    <Data><![CDATA[]]></Data>
    <Ementa />
    <Titulo />
    <SubTitulo />
    <Texto><![CDATA[<p class="identifica">EXTRATO DE PARECER TÉCNICO Nº 9.799/2025</p><p>O Presidente da Comissão Técnica Nacional de Biossegurança - CTNBio, no uso de suas atribuições e de acordo com o artigo 14, inciso XIX, da Lei 11.105/05 e do Art. 5º, inciso XIX do Decreto 5.591/05, torna público que na 284ª Reunião Ordinária da CTNBio, realizada em 04/09/2025, a Comissão apreciou e emitiu parecer técnico para o seguinte processo:</p><p>Processo SEI n <sup>o</sup> : 01245.009909/2025-80</p><p>Requerente: Instituto de Ciências Biomédicas de Universidade de São Paulo - ICB/USP</p><p>CQB: 046/98</p><p>Assunto: Solicitação de parecer extensão de Certificado de Qualidade de Biossegurança - CQB da instituição para inclusão de áreas com nível de biossegurança NB1.</p><p>Extrato Prévio: 10.224/2025, publicado no Diário Oficial da União em 09/06/2025.</p><p>Decisão: DEFERIDO</p><p>A Comissão Interna de Biossegurança do Instituto de Ciências Biomédicas / Universidade de São Paulo - ICB/USP solicita parecer para extensão de Certificado de Qualidade de Biossegurança da instituição para inclusão das áreas do Laboratório de Biologia do Câncer e Antineoplásicos para execução das atividades de pesquisa em regime de contenção e armazenamento com organismos geneticamente modificados (OGM), com Nível de Biossegurança 1. A CTNBio, após apreciação da solicitação de parecer para extensão de Certificado de Qualidade em Biossegurança da instituição, concluiu pelo deferimento, nos termos deste Parecer Técnico. No âmbito das competências dispostas na Lei 11.105/05 e seu decreto 5.591/05, a Comissão concluiu que o presente pedido atende às normas da CTNBio e à legislação pertinente que visam garantir a biossegurança do meio ambiente, agricultura, saúde humana e animal.</p><p>A CTNBio esclarece que este extrato não exime a requerente do cumprimento das demais legislações vigentes no país, aplicáveis ao objeto do requerimento.</p><p>A íntegra deste Parecer Técnico consta do processo arquivado na CTNBio. Informações complementares ou solicitações de maiores informações sobre o processo, deverão ser encaminhadas, via Sistema FALABR, através da página eletrônica do Ministério da Ciência, Tecnologia e Inovação.</p><p class="assina">Mario Tyago Murakami</p><p class="cargo">Substituto</p>]]></Texto>
  </body>
  <Midias />
</article></xml>