﻿<xml><article id="45406863" name="PORTARIA NA 614 - 11.09.2025_005" idOficio="11278735" pubName="DO1" artType="Portaria" pubDate="12/09/2025" artClass="00025:00046:00000:00000:00000:00000:00000:00000:00000:00000:00054:00000" artCategory="Ministério da Educação/Secretaria de Regulação e Supervisão da Educação Superior" artSize="24" artNotes="" numberPage="120" pdfPage="http://pesquisa.in.gov.br/imprensa/jsp/visualiza/index.jsp?data=12/09/2025&amp;jornal=515&amp;pagina=120" editionNumber="174" highlightType="" highlightPriority="" highlight="" highlightimage="" highlightimagename="" idMateria="23098711">
  <body>
    <Identifica />
    <Data><![CDATA[]]></Data>
    <Ementa />
    <Titulo />
    <SubTitulo />
    <Texto><![CDATA[<p /><p></p><table><tr /><tr><td rowspan="1" colspan="1"><p>301</p></td><td rowspan="1" colspan="1"><p>202510211</p></td><td rowspan="1" colspan="1"><p>Licenciatura</p></td><td rowspan="1" colspan="1"><p>CIÊNCIAS BIOLÓGICAS</p></td><td rowspan="1" colspan="1"><p>620</p></td><td rowspan="1" colspan="1"><p>UNIVERSIDADE FEDERAL DO RIO DE JANEIRO - UFRJ</p></td><td rowspan="1" colspan="1"><p>UNIVERSIDADE FEDERAL DO RIO DE JANEIRO</p></td></tr><tr><td rowspan="1" colspan="1"><p>302</p></td><td rowspan="1" colspan="1"><p>202518039</p></td><td rowspan="1" colspan="1"><p>Licenciatura</p></td><td rowspan="1" colspan="1"><p>FÍSICA</p></td><td rowspan="1" colspan="1"><p>610</p></td><td rowspan="1" colspan="1"><p>UNIVERSIDADE FEDERAL DO RIO DE JANEIRO - UFRJ</p></td><td rowspan="1" colspan="1"><p>UNIVERSIDADE FEDERAL DO RIO DE JANEIRO</p></td></tr><tr><td rowspan="1" colspan="1"><p>303</p></td><td rowspan="1" colspan="1"><p>202510212</p></td><td rowspan="1" colspan="1"><p>Licenciatura</p></td><td rowspan="1" colspan="1"><p>QUÍMICA</p></td><td rowspan="1" colspan="1"><p>358</p></td><td rowspan="1" colspan="1"><p>UNIVERSIDADE FEDERAL DO RIO DE JANEIRO - UFRJ</p></td><td rowspan="1" colspan="1"><p>UNIVERSIDADE FEDERAL DO RIO DE JANEIRO</p></td></tr><tr><td rowspan="1" colspan="1"><p>304</p></td><td rowspan="1" colspan="1"><p>202515960</p></td><td rowspan="1" colspan="1"><p>Licenciatura</p></td><td rowspan="1" colspan="1"><p>LETRAS - INGLÊS</p></td><td rowspan="1" colspan="1"><p>1600</p></td><td rowspan="1" colspan="1"><p>UNIVERSIDADE FEDERAL DO RIO GRANDE - FURG</p></td><td rowspan="1" colspan="1"><p>UNIVERSIDADE FEDERAL DO RIO GRANDE - FURG</p></td></tr><tr><td rowspan="1" colspan="1"><p>305</p></td><td rowspan="1" colspan="1"><p>202509559</p></td><td rowspan="1" colspan="1"><p>Licenciatura</p></td><td rowspan="1" colspan="1"><p>PEDAGOGIA</p></td><td rowspan="1" colspan="1"><p>120</p></td><td rowspan="1" colspan="1"><p>UNIVERSIDADE FEDERAL DO RIO GRANDE - FURG</p></td><td rowspan="1" colspan="1"><p>UNIVERSIDADE FEDERAL DO RIO GRANDE - FURG</p></td></tr><tr><td rowspan="1" colspan="1"><p>306</p></td><td rowspan="1" colspan="1"><p>202510121</p></td><td rowspan="1" colspan="1"><p>Licenciatura</p></td><td rowspan="1" colspan="1"><p>CIÊNCIAS BIOLÓGICAS</p></td><td rowspan="1" colspan="1"><p>250</p></td><td rowspan="1" colspan="1"><p>UNIVERSIDADE FEDERAL DO RIO GRANDE DO NORTE - UFRN</p></td><td rowspan="1" colspan="1"><p>UNIVERSIDADE FEDERAL DO RIO GRANDE DO NORTE</p></td></tr><tr><td rowspan="1" colspan="1"><p>307</p></td><td rowspan="1" colspan="1"><p>202516181</p></td><td rowspan="1" colspan="1"><p>Licenciatura</p></td><td rowspan="1" colspan="1"><p>EDUCAÇÃO ESPECIAL INCLUSIVA</p></td><td rowspan="1" colspan="1"><p>400</p></td><td rowspan="1" colspan="1"><p>UNIVERSIDADE FEDERAL DO RIO GRANDE DO NORTE - UFRN</p></td><td rowspan="1" colspan="1"><p>UNIVERSIDADE FEDERAL DO RIO GRANDE DO NORTE</p></td></tr><tr><td rowspan="1" colspan="1"><p>308</p></td><td rowspan="1" colspan="1"><p>202510122</p></td><td rowspan="1" colspan="1"><p>Licenciatura</p></td><td rowspan="1" colspan="1"><p>EDUCAÇÃO FÍSICA</p></td><td rowspan="1" colspan="1"><p>470</p></td><td rowspan="1" colspan="1"><p>UNIVERSIDADE FEDERAL DO RIO GRANDE DO NORTE - UFRN</p></td><td rowspan="1" colspan="1"><p>UNIVERSIDADE FEDERAL DO RIO GRANDE DO NORTE</p></td></tr><tr><td rowspan="1" colspan="1"><p>309</p></td><td rowspan="1" colspan="1"><p>202510119</p></td><td rowspan="1" colspan="1"><p>Licenciatura</p></td><td rowspan="1" colspan="1"><p>FÍSICA</p></td><td rowspan="1" colspan="1"><p>130</p></td><td rowspan="1" colspan="1"><p>UNIVERSIDADE FEDERAL DO RIO GRANDE DO NORTE - UFRN</p></td><td rowspan="1" colspan="1"><p>UNIVERSIDADE FEDERAL DO RIO GRANDE DO NORTE</p></td></tr><tr><td rowspan="1" colspan="1"><p>310</p></td><td rowspan="1" colspan="1"><p>202518066</p></td><td rowspan="1" colspan="1"><p>Licenciatura</p></td><td rowspan="1" colspan="1"><p>GEOGRAFIA</p></td><td rowspan="1" colspan="1"><p>250</p></td><td rowspan="1" colspan="1"><p>UNIVERSIDADE FEDERAL DO RIO GRANDE DO NORTE - UFRN</p></td><td rowspan="1" colspan="1"><p>UNIVERSIDADE FEDERAL DO RIO GRANDE DO NORTE</p></td></tr><tr><td rowspan="1" colspan="1"><p>311</p></td><td rowspan="1" colspan="1"><p>202510117</p></td><td rowspan="1" colspan="1"><p>Licenciatura</p></td><td rowspan="1" colspan="1"><p>HISTÓRIA</p></td><td rowspan="1" colspan="1"><p>150</p></td><td rowspan="1" colspan="1"><p>UNIVERSIDADE FEDERAL DO RIO GRANDE DO NORTE - UFRN</p></td><td rowspan="1" colspan="1"><p>UNIVERSIDADE FEDERAL DO RIO GRANDE DO NORTE</p></td></tr><tr><td rowspan="1" colspan="1"><p>312</p></td><td rowspan="1" colspan="1"><p>202510118</p></td><td rowspan="1" colspan="1"><p>Licenciatura</p></td><td rowspan="1" colspan="1"><p>MATEMÁTICA</p></td><td rowspan="1" colspan="1"><p>100</p></td><td rowspan="1" colspan="1"><p>UNIVERSIDADE FEDERAL DO RIO GRANDE DO NORTE - UFRN</p></td><td rowspan="1" colspan="1"><p>UNIVERSIDADE FEDERAL DO RIO GRANDE DO NORTE</p></td></tr><tr><td rowspan="1" colspan="1"><p>313</p></td><td rowspan="1" colspan="1"><p>202510116</p></td><td rowspan="1" colspan="1"><p>Licenciatura</p></td><td rowspan="1" colspan="1"><p>PEDAGOGIA</p></td><td rowspan="1" colspan="1"><p>598</p></td><td rowspan="1" colspan="1"><p>UNIVERSIDADE FEDERAL DO RIO GRANDE DO NORTE - UFRN</p></td><td rowspan="1" colspan="1"><p>UNIVERSIDADE FEDERAL DO RIO GRANDE DO NORTE</p></td></tr><tr><td rowspan="1" colspan="1"><p>314</p></td><td rowspan="1" colspan="1"><p>202510120</p></td><td rowspan="1" colspan="1"><p>Licenciatura</p></td><td rowspan="1" colspan="1"><p>QUÍMICA</p></td><td rowspan="1" colspan="1"><p>250</p></td><td rowspan="1" colspan="1"><p>UNIVERSIDADE FEDERAL DO RIO GRANDE DO NORTE - UFRN</p></td><td rowspan="1" colspan="1"><p>UNIVERSIDADE FEDERAL DO RIO GRANDE DO NORTE</p></td></tr><tr><td rowspan="1" colspan="1"><p>315</p></td><td rowspan="1" colspan="1"><p>202510179</p></td><td rowspan="1" colspan="1"><p>Licenciatura</p></td><td rowspan="1" colspan="1"><p>CIÊNCIAS BIOLÓGICAS</p></td><td rowspan="1" colspan="1"><p>200</p></td><td rowspan="1" colspan="1"><p>UNIVERSIDADE FEDERAL DO RIO GRANDE DO SUL - UFRGS</p></td><td rowspan="1" colspan="1"><p>UNIVERSIDADE FEDERAL DO RIO GRANDE DO SUL</p></td></tr><tr><td rowspan="1" colspan="1"><p>316</p></td><td rowspan="1" colspan="1"><p>202510178</p></td><td rowspan="1" colspan="1"><p>Licenciatura</p></td><td rowspan="1" colspan="1"><p>CIÊNCIAS SOCIAIS</p></td><td rowspan="1" colspan="1"><p>300</p></td><td rowspan="1" colspan="1"><p>UNIVERSIDADE FEDERAL DO RIO GRANDE DO SUL - UFRGS</p></td><td rowspan="1" colspan="1"><p>UNIVERSIDADE FEDERAL DO RIO GRANDE DO SUL</p></td></tr><tr><td rowspan="1" colspan="1"><p>317</p></td><td rowspan="1" colspan="1"><p>202510177</p></td><td rowspan="1" colspan="1"><p>Licenciatura</p></td><td rowspan="1" colspan="1"><p>COMPUTAÇÃO E ROBÓTICA EDUCATIVA</p></td><td rowspan="1" colspan="1"><p>200</p></td><td rowspan="1" colspan="1"><p>UNIVERSIDADE FEDERAL DO RIO GRANDE DO SUL - UFRGS</p></td><td rowspan="1" colspan="1"><p>UNIVERSIDADE FEDERAL DO RIO GRANDE DO SUL</p></td></tr><tr><td rowspan="1" colspan="1"><p>318</p></td><td rowspan="1" colspan="1"><p>202510174</p></td><td rowspan="1" colspan="1"><p>Licenciatura</p></td><td rowspan="1" colspan="1"><p>GEOGRAFIA</p></td><td rowspan="1" colspan="1"><p>300</p></td><td rowspan="1" colspan="1"><p>UNIVERSIDADE FEDERAL DO RIO GRANDE DO SUL - UFRGS</p></td><td rowspan="1" colspan="1"><p>UNIVERSIDADE FEDERAL DO RIO GRANDE DO SUL</p></td></tr><tr><td rowspan="1" colspan="1"><p>319</p></td><td rowspan="1" colspan="1"><p>202516182</p></td><td rowspan="1" colspan="1"><p>Licenciatura</p></td><td rowspan="1" colspan="1"><p>LETRAS - INGLÊS</p></td><td rowspan="1" colspan="1"><p>1920</p></td><td rowspan="1" colspan="1"><p>UNIVERSIDADE FEDERAL DO RIO GRANDE DO SUL - UFRGS</p></td><td rowspan="1" colspan="1"><p>UNIVERSIDADE FEDERAL DO RIO GRANDE DO SUL</p></td></tr><tr><td rowspan="1" colspan="1"><p>320</p></td><td rowspan="1" colspan="1"><p>202510176</p></td><td rowspan="1" colspan="1"><p>Licenciatura</p></td><td rowspan="1" colspan="1"><p>PEDAGOGIA</p></td><td rowspan="1" colspan="1"><p>300</p></td><td rowspan="1" colspan="1"><p>UNIVERSIDADE FEDERAL DO RIO GRANDE DO SUL - UFRGS</p></td><td rowspan="1" colspan="1"><p>UNIVERSIDADE FEDERAL DO RIO GRANDE DO SUL</p></td></tr><tr><td rowspan="1" colspan="1"><p>321</p></td><td rowspan="1" colspan="1"><p>202516194</p></td><td rowspan="1" colspan="1"><p>Licenciatura</p></td><td rowspan="1" colspan="1"><p>MATEMÁTICA</p></td><td rowspan="1" colspan="1"><p>1200</p></td><td rowspan="1" colspan="1"><p>UNIVERSIDADE FEDERAL DO TRIANGULO MINEIRO - UFTM</p></td><td rowspan="1" colspan="1"><p>UNIVERSIDADE FEDERAL DO TRIANGULO MINEIRO</p></td></tr><tr><td rowspan="1" colspan="1"><p>322</p></td><td rowspan="1" colspan="1"><p>202510233</p></td><td rowspan="1" colspan="1"><p>Licenciatura</p></td><td rowspan="1" colspan="1"><p>PEDAGOGIA</p></td><td rowspan="1" colspan="1"><p>248</p></td><td rowspan="1" colspan="1"><p>UNIVERSIDADE FEDERAL DO TRIANGULO MINEIRO - UFTM</p></td><td rowspan="1" colspan="1"><p>UNIVERSIDADE FEDERAL DO TRIANGULO MINEIRO</p></td></tr><tr><td rowspan="1" colspan="1"><p>323</p></td><td rowspan="1" colspan="1"><p>202510231</p></td><td rowspan="1" colspan="1"><p>Licenciatura</p></td><td rowspan="1" colspan="1"><p>FÍSICA</p></td><td rowspan="1" colspan="1"><p>200</p></td><td rowspan="1" colspan="1"><p>UNIVERSIDADE FEDERAL DOS VALES DO JEQUITINHONHA E MUCURI - UFVJM</p></td><td rowspan="1" colspan="1"><p>UNIVERSIDADE FEDERAL DOS VALES DO JEQUITINHONHA E MUCURI</p></td></tr><tr><td rowspan="1" colspan="1"><p>324</p></td><td rowspan="1" colspan="1"><p>202510229</p></td><td rowspan="1" colspan="1"><p>Licenciatura</p></td><td rowspan="1" colspan="1"><p>MATEMÁTICA</p></td><td rowspan="1" colspan="1"><p>300</p></td><td rowspan="1" colspan="1"><p>UNIVERSIDADE FEDERAL DOS VALES DO JEQUITINHONHA E MUCURI - UFVJM</p></td><td rowspan="1" colspan="1"><p>UNIVERSIDADE FEDERAL DOS VALES DO JEQUITINHONHA E MUCURI</p></td></tr><tr><td rowspan="1" colspan="1"><p>325</p></td><td rowspan="1" colspan="1"><p>202510232</p></td><td rowspan="1" colspan="1"><p>Licenciatura</p></td><td rowspan="1" colspan="1"><p>PEDAGOGIA</p></td><td rowspan="1" colspan="1"><p>150</p></td><td rowspan="1" colspan="1"><p>UNIVERSIDADE FEDERAL DOS VALES DO JEQUITINHONHA E MUCURI - UFVJM</p></td><td rowspan="1" colspan="1"><p>UNIVERSIDADE FEDERAL DOS VALES DO JEQUITINHONHA E MUCURI</p></td></tr><tr><td rowspan="1" colspan="1"><p>326</p></td><td rowspan="1" colspan="1"><p>202510230</p></td><td rowspan="1" colspan="1"><p>Licenciatura</p></td><td rowspan="1" colspan="1"><p>QUÍMICA</p></td><td rowspan="1" colspan="1"><p>200</p></td><td rowspan="1" colspan="1"><p>UNIVERSIDADE FEDERAL DOS VALES DO JEQUITINHONHA E MUCURI - UFVJM</p></td><td rowspan="1" colspan="1"><p>UNIVERSIDADE FEDERAL DOS VALES DO JEQUITINHONHA E MUCURI</p></td></tr><tr><td rowspan="1" colspan="1"><p>327</p></td><td rowspan="1" colspan="1"><p>202508881</p></td><td rowspan="1" colspan="1"><p>Bacharelado</p></td><td rowspan="1" colspan="1"><p>ENGENHARIA DE PRODUÇÃO</p></td><td rowspan="1" colspan="1"><p>150</p></td><td rowspan="1" colspan="1"><p>UNIVERSIDADE FEDERAL FLUMINENSE - UFF</p></td><td rowspan="1" colspan="1"><p>UNIVERSIDADE FEDERAL FLUMINENSE</p></td></tr><tr><td rowspan="1" colspan="1"><p>328</p></td><td rowspan="1" colspan="1"><p>202510126</p></td><td rowspan="1" colspan="1"><p>Licenciatura</p></td><td rowspan="1" colspan="1"><p>LETRAS</p></td><td rowspan="1" colspan="1"><p>100</p></td><td rowspan="1" colspan="1"><p>UNIVERSIDADE FEDERAL FLUMINENSE - UFF</p></td><td rowspan="1" colspan="1"><p>UNIVERSIDADE FEDERAL FLUMINENSE</p></td></tr><tr><td rowspan="1" colspan="1"><p>329</p></td><td rowspan="1" colspan="1"><p>202510127</p></td><td rowspan="1" colspan="1"><p>Licenciatura</p></td><td rowspan="1" colspan="1"><p>MATEMÁTICA</p></td><td rowspan="1" colspan="1"><p>1432</p></td><td rowspan="1" colspan="1"><p>UNIVERSIDADE FEDERAL FLUMINENSE - UFF</p></td><td rowspan="1" colspan="1"><p>UNIVERSIDADE FEDERAL FLUMINENSE</p></td></tr><tr><td rowspan="1" colspan="1"><p>330</p></td><td rowspan="1" colspan="1"><p>202510225</p></td><td rowspan="1" colspan="1"><p>Licenciatura</p></td><td rowspan="1" colspan="1"><p>CIÊNCIAS BIOLÓGICAS</p></td><td rowspan="1" colspan="1"><p>50</p></td><td rowspan="1" colspan="1"><p>UNIVERSIDADE FEDERAL RURAL DA AMAZONIA - UFRA</p></td><td rowspan="1" colspan="1"><p>UNIVERSIDADE FEDERAL RURAL DA AMAZONIA</p></td></tr><tr><td rowspan="1" colspan="1"><p>331</p></td><td rowspan="1" colspan="1"><p>202510219</p></td><td rowspan="1" colspan="1"><p>Licenciatura</p></td><td rowspan="1" colspan="1"><p>ARTES VISUAIS</p></td><td rowspan="1" colspan="1"><p>100</p></td><td rowspan="1" colspan="1"><p>UNIVERSIDADE FEDERAL RURAL DE PERNAMBUCO - UFRPE</p></td><td rowspan="1" colspan="1"><p>UNIVERSIDADE FEDERAL RURAL DE PERNAMBUCO</p></td></tr><tr><td rowspan="1" colspan="1"><p>332</p></td><td rowspan="1" colspan="1"><p>202510214</p></td><td rowspan="1" colspan="1"><p>Licenciatura</p></td><td rowspan="1" colspan="1"><p>COMPUTAÇÃO</p></td><td rowspan="1" colspan="1"><p>300</p></td><td rowspan="1" colspan="1"><p>UNIVERSIDADE FEDERAL RURAL DE PERNAMBUCO - UFRPE</p></td><td rowspan="1" colspan="1"><p>UNIVERSIDADE FEDERAL RURAL DE PERNAMBUCO</p></td></tr><tr><td rowspan="1" colspan="1"><p>333</p></td><td rowspan="1" colspan="1"><p>202510215</p></td><td rowspan="1" colspan="1"><p>Licenciatura</p></td><td rowspan="1" colspan="1"><p>FÍSICA</p></td><td rowspan="1" colspan="1"><p>420</p></td><td rowspan="1" colspan="1"><p>UNIVERSIDADE FEDERAL RURAL DE PERNAMBUCO - UFRPE</p></td><td rowspan="1" colspan="1"><p>UNIVERSIDADE FEDERAL RURAL DE PERNAMBUCO</p></td></tr><tr><td rowspan="1" colspan="1"><p>334</p></td><td rowspan="1" colspan="1"><p>202510216</p></td><td rowspan="1" colspan="1"><p>Licenciatura</p></td><td rowspan="1" colspan="1"><p>HISTÓRIA</p></td><td rowspan="1" colspan="1"><p>210</p></td><td rowspan="1" colspan="1"><p>UNIVERSIDADE FEDERAL RURAL DE PERNAMBUCO - UFRPE</p></td><td rowspan="1" colspan="1"><p>UNIVERSIDADE FEDERAL RURAL DE PERNAMBUCO</p></td></tr><tr><td rowspan="1" colspan="1"><p>335</p></td><td rowspan="1" colspan="1"><p>202510218</p></td><td rowspan="1" colspan="1"><p>Licenciatura</p></td><td rowspan="1" colspan="1"><p>LETRAS - PORTUGUÊS</p></td><td rowspan="1" colspan="1"><p>50</p></td><td rowspan="1" colspan="1"><p>UNIVERSIDADE FEDERAL RURAL DE PERNAMBUCO - UFRPE</p></td><td rowspan="1" colspan="1"><p>UNIVERSIDADE FEDERAL RURAL DE PERNAMBUCO</p></td></tr><tr><td rowspan="1" colspan="1"><p>336</p></td><td rowspan="1" colspan="1"><p>202510220</p></td><td rowspan="1" colspan="1"><p>Licenciatura</p></td><td rowspan="1" colspan="1"><p>PEDAGOGIA</p></td><td rowspan="1" colspan="1"><p>300</p></td><td rowspan="1" colspan="1"><p>UNIVERSIDADE FEDERAL RURAL DE PERNAMBUCO - UFRPE</p></td><td rowspan="1" colspan="1"><p>UNIVERSIDADE FEDERAL RURAL DE PERNAMBUCO</p></td></tr><tr><td rowspan="1" colspan="1"><p>337</p></td><td rowspan="1" colspan="1"><p>202510135</p></td><td rowspan="1" colspan="1"><p>Licenciatura</p></td><td rowspan="1" colspan="1"><p>EDUCAÇÃO ESPECIAL</p></td><td rowspan="1" colspan="1"><p>200</p></td><td rowspan="1" colspan="1"><p>UNIVERSIDADE FEDERAL RURAL DO RIO DE JANEIRO - UFRRJ</p></td><td rowspan="1" colspan="1"><p>UNIVERSIDADE FEDERAL RURAL DO RIO DE JANEIRO</p></td></tr><tr><td rowspan="1" colspan="1"><p>338</p></td><td rowspan="1" colspan="1"><p>202510221</p></td><td rowspan="1" colspan="1"><p>Licenciatura</p></td><td rowspan="1" colspan="1"><p>COMPUTAÇÃO</p></td><td rowspan="1" colspan="1"><p>300</p></td><td rowspan="1" colspan="1"><p>UNIVERSIDADE FEDERAL RURAL DO SEMI-ARIDO - UFERSA</p></td><td rowspan="1" colspan="1"><p>UNIVERSIDADE FEDERAL RURAL DO SEMI-ARIDO - UFERSA</p></td></tr><tr><td rowspan="1" colspan="1"><p>339</p></td><td rowspan="1" colspan="1"><p>202510224</p></td><td rowspan="1" colspan="1"><p>Licenciatura</p></td><td rowspan="1" colspan="1"><p>FÍSICA</p></td><td rowspan="1" colspan="1"><p>35</p></td><td rowspan="1" colspan="1"><p>UNIVERSIDADE FEDERAL RURAL DO SEMI-ARIDO - UFERSA</p></td><td rowspan="1" colspan="1"><p>UNIVERSIDADE FEDERAL RURAL DO SEMI-ARIDO - UFERSA</p></td></tr><tr><td rowspan="1" colspan="1"><p>340</p></td><td rowspan="1" colspan="1"><p>202510222</p></td><td rowspan="1" colspan="1"><p>Licenciatura</p></td><td rowspan="1" colspan="1"><p>MATEMÁTICA</p></td><td rowspan="1" colspan="1"><p>200</p></td><td rowspan="1" colspan="1"><p>UNIVERSIDADE FEDERAL RURAL DO SEMI-ARIDO - UFERSA</p></td><td rowspan="1" colspan="1"><p>UNIVERSIDADE FEDERAL RURAL DO SEMI-ARIDO - UFERSA</p></td></tr><tr><td rowspan="1" colspan="1"><p>341</p></td><td rowspan="1" colspan="1"><p>202510223</p></td><td rowspan="1" colspan="1"><p>Licenciatura</p></td><td rowspan="1" colspan="1"><p>QUÍMICA</p></td><td rowspan="1" colspan="1"><p>35</p></td><td rowspan="1" colspan="1"><p>UNIVERSIDADE FEDERAL RURAL DO SEMI-ARIDO - UFERSA</p></td><td rowspan="1" colspan="1"><p>UNIVERSIDADE FEDERAL RURAL DO SEMI-ARIDO - UFERSA</p></td></tr><tr><td rowspan="1" colspan="1"><p>342</p></td><td rowspan="1" colspan="1"><p>202515027</p></td><td rowspan="1" colspan="1"><p>Bacharelado</p></td><td rowspan="1" colspan="1"><p>EDUCAÇÃO FÍSICA</p></td><td rowspan="1" colspan="1"><p>2560</p></td><td rowspan="1" colspan="1"><p>UNIVERSIDADE FEEVALE - FEEVALE</p></td><td rowspan="1" colspan="1"><p>ASSOCIACAO PRO ENSINO SUPERIOR EM NOVO HAMBURGO</p></td></tr><tr><td rowspan="1" colspan="1"><p>343</p></td><td rowspan="1" colspan="1"><p>202515966</p></td><td rowspan="1" colspan="1"><p>Licenciatura</p></td><td rowspan="1" colspan="1"><p>EDUCAÇÃO FÍSICA</p></td><td rowspan="1" colspan="1"><p>2560</p></td><td rowspan="1" colspan="1"><p>UNIVERSIDADE FEEVALE - FEEVALE</p></td><td rowspan="1" colspan="1"><p>ASSOCIACAO PRO ENSINO SUPERIOR EM NOVO HAMBURGO</p></td></tr><tr><td rowspan="1" colspan="1"><p>344</p></td><td rowspan="1" colspan="1"><p>202509589</p></td><td rowspan="1" colspan="1"><p>Licenciatura</p></td><td rowspan="1" colspan="1"><p>PEDAGOGIA</p></td><td rowspan="1" colspan="1"><p>1000</p></td><td rowspan="1" colspan="1"><p>UNIVERSIDADE FEEVALE - FEEVALE</p></td><td rowspan="1" colspan="1"><p>ASSOCIACAO PRO ENSINO SUPERIOR EM NOVO HAMBURGO</p></td></tr><tr><td rowspan="1" colspan="1"><p>345</p></td><td rowspan="1" colspan="1"><p>202509102</p></td><td rowspan="1" colspan="1"><p>Bacharelado</p></td><td rowspan="1" colspan="1"><p>ENGENHARIA DE COMPUTAÇÃO</p></td><td rowspan="1" colspan="1"><p>400</p></td><td rowspan="1" colspan="1"><p>UNIVERSIDADE FUMEC - FUMEC</p></td><td rowspan="1" colspan="1"><p>FUNDACAO MINEIRA DE EDUCACAO E CULTURA</p></td></tr><tr><td rowspan="1" colspan="1"><p>346</p></td><td rowspan="1" colspan="1"><p>202509103</p></td><td rowspan="1" colspan="1"><p>Bacharelado</p></td><td rowspan="1" colspan="1"><p>ENGENHARIA DE PRODUÇÃO</p></td><td rowspan="1" colspan="1"><p>440</p></td><td rowspan="1" colspan="1"><p>UNIVERSIDADE FUMEC - FUMEC</p></td><td rowspan="1" colspan="1"><p>FUNDACAO MINEIRA DE EDUCACAO E CULTURA</p></td></tr><tr><td rowspan="1" colspan="1"><p>347</p></td><td rowspan="1" colspan="1"><p>202508399</p></td><td rowspan="1" colspan="1"><p>Bacharelado</p></td><td rowspan="1" colspan="1"><p>NUTRIÇÃO</p></td><td rowspan="1" colspan="1"><p>100</p></td><td rowspan="1" colspan="1"><p>UNIVERSIDADE FUMEC - FUMEC</p></td><td rowspan="1" colspan="1"><p>FUNDACAO MINEIRA DE EDUCACAO E CULTURA</p></td></tr><tr><td rowspan="1" colspan="1"><p>348</p></td><td rowspan="1" colspan="1"><p>202510723</p></td><td rowspan="1" colspan="1"><p>Licenciatura</p></td><td rowspan="1" colspan="1"><p>PEDAGOGIA</p></td><td rowspan="1" colspan="1"><p>400</p></td><td rowspan="1" colspan="1"><p>UNIVERSIDADE FUMEC - FUMEC</p></td><td rowspan="1" colspan="1"><p>FUNDACAO MINEIRA DE EDUCACAO E CULTURA</p></td></tr><tr><td rowspan="1" colspan="1"><p>349</p></td><td rowspan="1" colspan="1"><p>202516120</p></td><td rowspan="1" colspan="1"><p>Licenciatura</p></td><td rowspan="1" colspan="1"><p>PEDAGOGIA</p></td><td rowspan="1" colspan="1"><p>16000</p></td><td rowspan="1" colspan="1"><p>UNIVERSIDADE IBIRAPUERA - UNIB</p></td><td rowspan="1" colspan="1"><p>ASSOCIACAO DE ENSINO IMPERIUM</p></td></tr><tr><td rowspan="1" colspan="1"><p>350</p></td><td rowspan="1" colspan="1"><p>202517718</p></td><td rowspan="1" colspan="1"><p>Bacharelado</p></td><td rowspan="1" colspan="1"><p>BIOMEDICINA</p></td><td rowspan="1" colspan="1"><p>1000</p></td><td rowspan="1" colspan="1"><p>UNIVERSIDADE IGUACU - UNIG</p></td><td rowspan="1" colspan="1"><p>ASSOCIACAO DE ENSINO SUPERIOR DE NOVA IGUACU</p></td></tr><tr><td rowspan="1" colspan="1"><p>351</p></td><td rowspan="1" colspan="1"><p>202509824</p></td><td rowspan="1" colspan="1"><p>Licenciatura</p></td><td rowspan="1" colspan="1"><p>CIÊNCIAS BIOLÓGICAS</p></td><td rowspan="1" colspan="1"><p>300</p></td><td rowspan="1" colspan="1"><p>UNIVERSIDADE IGUACU - UNIG</p></td><td rowspan="1" colspan="1"><p>ASSOCIACAO DE ENSINO SUPERIOR DE NOVA IGUACU</p></td></tr><tr><td rowspan="1" colspan="1"><p>352</p></td><td rowspan="1" colspan="1"><p>202509825</p></td><td rowspan="1" colspan="1"><p>Licenciatura</p></td><td rowspan="1" colspan="1"><p>EDUCAÇÃO FÍSICA</p></td><td rowspan="1" colspan="1"><p>400</p></td><td rowspan="1" colspan="1"><p>UNIVERSIDADE IGUACU - UNIG</p></td><td rowspan="1" colspan="1"><p>ASSOCIACAO DE ENSINO SUPERIOR DE NOVA IGUACU</p></td></tr><tr><td rowspan="1" colspan="1"><p>353</p></td><td rowspan="1" colspan="1"><p>202517991</p></td><td rowspan="1" colspan="1"><p>Bacharelado</p></td><td rowspan="1" colspan="1"><p>EDUCAÇÃO FÍSICA</p></td><td rowspan="1" colspan="1"><p>500</p></td><td rowspan="1" colspan="1"><p>UNIVERSIDADE IGUACU - UNIG</p></td><td rowspan="1" colspan="1"><p>ASSOCIACAO DE ENSINO SUPERIOR DE NOVA IGUACU</p></td></tr><tr><td rowspan="1" colspan="1"><p>354</p></td><td rowspan="1" colspan="1"><p>202508713</p></td><td rowspan="1" colspan="1"><p>Bacharelado</p></td><td rowspan="1" colspan="1"><p>ENGENHARIA DE PRODUÇÃO</p></td><td rowspan="1" colspan="1"><p>600</p></td><td rowspan="1" colspan="1"><p>UNIVERSIDADE IGUACU - UNIG</p></td><td rowspan="1" colspan="1"><p>ASSOCIACAO DE ENSINO SUPERIOR DE NOVA IGUACU</p></td></tr><tr><td rowspan="1" colspan="1"><p>355</p></td><td rowspan="1" colspan="1"><p>202518150</p></td><td rowspan="1" colspan="1"><p>Bacharelado</p></td><td rowspan="1" colspan="1"><p>ENGENHARIA ELÉTRICA</p></td><td rowspan="1" colspan="1"><p>800</p></td><td rowspan="1" colspan="1"><p>UNIVERSIDADE IGUACU - UNIG</p></td><td rowspan="1" colspan="1"><p>ASSOCIACAO DE ENSINO SUPERIOR DE NOVA IGUACU</p></td></tr><tr><td rowspan="1" colspan="1"><p>356</p></td><td rowspan="1" colspan="1"><p>202517707</p></td><td rowspan="1" colspan="1"><p>Bacharelado</p></td><td rowspan="1" colspan="1"><p>ENGENHARIA MECÂNICA</p></td><td rowspan="1" colspan="1"><p>800</p></td><td rowspan="1" colspan="1"><p>UNIVERSIDADE IGUACU - UNIG</p></td><td rowspan="1" colspan="1"><p>ASSOCIACAO DE ENSINO SUPERIOR DE NOVA IGUACU</p></td></tr><tr><td rowspan="1" colspan="1"><p>357</p></td><td rowspan="1" colspan="1"><p>202517990</p></td><td rowspan="1" colspan="1"><p>Tecnológico</p></td><td rowspan="1" colspan="1"><p>ESTÉTICA E COSMÉTICA</p></td><td rowspan="1" colspan="1"><p>500</p></td><td rowspan="1" colspan="1"><p>UNIVERSIDADE IGUACU - UNIG</p></td><td rowspan="1" colspan="1"><p>ASSOCIACAO DE ENSINO SUPERIOR DE NOVA IGUACU</p></td></tr><tr><td rowspan="1" colspan="1"><p>358</p></td><td rowspan="1" colspan="1"><p>202518214</p></td><td rowspan="1" colspan="1"><p>Bacharelado</p></td><td rowspan="1" colspan="1"><p>FARMÁCIA</p></td><td rowspan="1" colspan="1"><p>1000</p></td><td rowspan="1" colspan="1"><p>UNIVERSIDADE IGUACU - UNIG</p></td><td rowspan="1" colspan="1"><p>ASSOCIACAO DE ENSINO SUPERIOR DE NOVA IGUACU</p></td></tr><tr><td rowspan="1" colspan="1"><p>359</p></td><td rowspan="1" colspan="1"><p>202517624</p></td><td rowspan="1" colspan="1"><p>Bacharelado</p></td><td rowspan="1" colspan="1"><p>FISIOTERAPIA</p></td><td rowspan="1" colspan="1"><p>1000</p></td><td rowspan="1" colspan="1"><p>UNIVERSIDADE IGUACU - UNIG</p></td><td rowspan="1" colspan="1"><p>ASSOCIACAO DE ENSINO SUPERIOR DE NOVA IGUACU</p></td></tr><tr><td rowspan="1" colspan="1"><p>360</p></td><td rowspan="1" colspan="1"><p>202517930</p></td><td rowspan="1" colspan="1"><p>Licenciatura</p></td><td rowspan="1" colspan="1"><p>GEOGRAFIA</p></td><td rowspan="1" colspan="1"><p>400</p></td><td rowspan="1" colspan="1"><p>UNIVERSIDADE IGUACU - UNIG</p></td><td rowspan="1" colspan="1"><p>ASSOCIACAO DE ENSINO SUPERIOR DE NOVA IGUACU</p></td></tr><tr><td rowspan="1" colspan="1"><p>361</p></td><td rowspan="1" colspan="1"><p>202518177</p></td><td rowspan="1" colspan="1"><p>Tecnológico</p></td><td rowspan="1" colspan="1"><p>GESTÃO AMBIENTAL</p></td><td rowspan="1" colspan="1"><p>300</p></td><td rowspan="1" colspan="1"><p>UNIVERSIDADE IGUACU - UNIG</p></td><td rowspan="1" colspan="1"><p>ASSOCIACAO DE ENSINO SUPERIOR DE NOVA IGUACU</p></td></tr><tr><td rowspan="1" colspan="1"><p>362</p></td><td rowspan="1" colspan="1"><p>202517447</p></td><td rowspan="1" colspan="1"><p>Tecnológico</p></td><td rowspan="1" colspan="1"><p>GESTÃO HOSPITALAR</p></td><td rowspan="1" colspan="1"><p>300</p></td><td rowspan="1" colspan="1"><p>UNIVERSIDADE IGUACU - UNIG</p></td><td rowspan="1" colspan="1"><p>ASSOCIACAO DE ENSINO SUPERIOR DE NOVA IGUACU</p></td></tr><tr><td rowspan="1" colspan="1"><p>363</p></td><td rowspan="1" colspan="1"><p>202517989</p></td><td rowspan="1" colspan="1"><p>Licenciatura</p></td><td rowspan="1" colspan="1"><p>HISTÓRIA</p></td><td rowspan="1" colspan="1"><p>300</p></td><td rowspan="1" colspan="1"><p>UNIVERSIDADE IGUACU - UNIG</p></td><td rowspan="1" colspan="1"><p>ASSOCIACAO DE ENSINO SUPERIOR DE NOVA IGUACU</p></td></tr><tr><td rowspan="1" colspan="1"><p>364</p></td><td rowspan="1" colspan="1"><p>202517453</p></td><td rowspan="1" colspan="1"><p>Licenciatura</p></td><td rowspan="1" colspan="1"><p>LETRAS - PORTUGUÊS E LITERATURAS</p></td><td rowspan="1" colspan="1"><p>300</p></td><td rowspan="1" colspan="1"><p>UNIVERSIDADE IGUACU - UNIG</p></td><td rowspan="1" colspan="1"><p>ASSOCIACAO DE ENSINO SUPERIOR DE NOVA IGUACU</p></td></tr><tr><td rowspan="1" colspan="1"><p>365</p></td><td rowspan="1" colspan="1"><p>202509826</p></td><td rowspan="1" colspan="1"><p>Licenciatura</p></td><td rowspan="1" colspan="1"><p>MATEMÁTICA</p></td><td rowspan="1" colspan="1"><p>300</p></td><td rowspan="1" colspan="1"><p>UNIVERSIDADE IGUACU - UNIG</p></td><td rowspan="1" colspan="1"><p>ASSOCIACAO DE ENSINO SUPERIOR DE NOVA IGUACU</p></td></tr><tr><td rowspan="1" colspan="1"><p>366</p></td><td rowspan="1" colspan="1"><p>202517479</p></td><td rowspan="1" colspan="1"><p>Bacharelado</p></td><td rowspan="1" colspan="1"><p>NUTRIÇÃO</p></td><td rowspan="1" colspan="1"><p>1000</p></td><td rowspan="1" colspan="1"><p>UNIVERSIDADE IGUACU - UNIG</p></td><td rowspan="1" colspan="1"><p>ASSOCIACAO DE ENSINO SUPERIOR DE NOVA IGUACU</p></td></tr><tr><td rowspan="1" colspan="1"><p>367</p></td><td rowspan="1" colspan="1"><p>202509823</p></td><td rowspan="1" colspan="1"><p>Licenciatura</p></td><td rowspan="1" colspan="1"><p>PEDAGOGIA</p></td><td rowspan="1" colspan="1"><p>400</p></td><td rowspan="1" colspan="1"><p>UNIVERSIDADE IGUACU - UNIG</p></td><td rowspan="1" colspan="1"><p>ASSOCIACAO DE ENSINO SUPERIOR DE NOVA IGUACU</p></td></tr><tr><td rowspan="1" colspan="1"><p>368</p></td><td rowspan="1" colspan="1"><p>202517879</p></td><td rowspan="1" colspan="1"><p>Tecnológico</p></td><td rowspan="1" colspan="1"><p>PROCESSOS ESCOLARES</p></td><td rowspan="1" colspan="1"><p>300</p></td><td rowspan="1" colspan="1"><p>UNIVERSIDADE IGUACU - UNIG</p></td><td rowspan="1" colspan="1"><p>ASSOCIACAO DE ENSINO SUPERIOR DE NOVA IGUACU</p></td></tr><tr><td rowspan="1" colspan="1"><p>369</p></td><td rowspan="1" colspan="1"><p>202507963</p></td><td rowspan="1" colspan="1"><p>Bacharelado</p></td><td rowspan="1" colspan="1"><p>SERVIÇO SOCIAL</p></td><td rowspan="1" colspan="1"><p>400</p></td><td rowspan="1" colspan="1"><p>UNIVERSIDADE IGUACU - UNIG</p></td><td rowspan="1" colspan="1"><p>ASSOCIACAO DE ENSINO SUPERIOR DE NOVA IGUACU</p></td></tr><tr><td rowspan="1" colspan="1"><p>370</p></td><td rowspan="1" colspan="1"><p>202517439</p></td><td rowspan="1" colspan="1"><p>Bacharelado</p></td><td rowspan="1" colspan="1"><p>BIOMEDICINA</p></td><td rowspan="1" colspan="1"><p>500</p></td><td rowspan="1" colspan="1"><p>UNIVERSIDADE LA SALLE - UNILASALLE</p></td><td rowspan="1" colspan="1"><p>SOCIEDADE PORVIR CIENTIFICO</p></td></tr><tr><td rowspan="1" colspan="1"><p>371</p></td><td rowspan="1" colspan="1"><p>202508130</p></td><td rowspan="1" colspan="1"><p>Bacharelado</p></td><td rowspan="1" colspan="1"><p>EDUCAÇÃO FÍSICA</p></td><td rowspan="1" colspan="1"><p>450</p></td><td rowspan="1" colspan="1"><p>UNIVERSIDADE LA SALLE - UNILASALLE</p></td><td rowspan="1" colspan="1"><p>SOCIEDADE PORVIR CIENTIFICO</p></td></tr><tr><td rowspan="1" colspan="1"><p>372</p></td><td rowspan="1" colspan="1"><p>202510257</p></td><td rowspan="1" colspan="1"><p>Licenciatura</p></td><td rowspan="1" colspan="1"><p>EDUCAÇÃO FÍSICA</p></td><td rowspan="1" colspan="1"><p>780</p></td><td rowspan="1" colspan="1"><p>UNIVERSIDADE LA SALLE - UNILASALLE</p></td><td rowspan="1" colspan="1"><p>SOCIEDADE PORVIR CIENTIFICO</p></td></tr><tr><td rowspan="1" colspan="1"><p>373</p></td><td rowspan="1" colspan="1"><p>202517677</p></td><td rowspan="1" colspan="1"><p>Bacharelado</p></td><td rowspan="1" colspan="1"><p>ENGENHARIA CIVIL</p></td><td rowspan="1" colspan="1"><p>500</p></td><td rowspan="1" colspan="1"><p>UNIVERSIDADE LA SALLE - UNILASALLE</p></td><td rowspan="1" colspan="1"><p>SOCIEDADE PORVIR CIENTIFICO</p></td></tr><tr><td rowspan="1" colspan="1"><p>374</p></td><td rowspan="1" colspan="1"><p>202508886</p></td><td rowspan="1" colspan="1"><p>Bacharelado</p></td><td rowspan="1" colspan="1"><p>ENGENHARIA DE PRODUÇÃO</p></td><td rowspan="1" colspan="1"><p>780</p></td><td rowspan="1" colspan="1"><p>UNIVERSIDADE LA SALLE - UNILASALLE</p></td><td rowspan="1" colspan="1"><p>SOCIEDADE PORVIR CIENTIFICO</p></td></tr><tr><td rowspan="1" colspan="1"><p>375</p></td><td rowspan="1" colspan="1"><p>202518115</p></td><td rowspan="1" colspan="1"><p>Bacharelado</p></td><td rowspan="1" colspan="1"><p>ENGENHARIA MECÂNICA</p></td><td rowspan="1" colspan="1"><p>500</p></td><td rowspan="1" colspan="1"><p>UNIVERSIDADE LA SALLE - UNILASALLE</p></td><td rowspan="1" colspan="1"><p>SOCIEDADE PORVIR CIENTIFICO</p></td></tr><tr><td rowspan="1" colspan="1"><p>376</p></td><td rowspan="1" colspan="1"><p>202517730</p></td><td rowspan="1" colspan="1"><p>Bacharelado</p></td><td rowspan="1" colspan="1"><p>FARMÁCIA</p></td><td rowspan="1" colspan="1"><p>500</p></td><td rowspan="1" colspan="1"><p>UNIVERSIDADE LA SALLE - UNILASALLE</p></td><td rowspan="1" colspan="1"><p>SOCIEDADE PORVIR CIENTIFICO</p></td></tr><tr><td rowspan="1" colspan="1"><p>377</p></td><td rowspan="1" colspan="1"><p>202518057</p></td><td rowspan="1" colspan="1"><p>Bacharelado</p></td><td rowspan="1" colspan="1"><p>FISIOTERAPIA</p></td><td rowspan="1" colspan="1"><p>500</p></td><td rowspan="1" colspan="1"><p>UNIVERSIDADE LA SALLE - UNILASALLE</p></td><td rowspan="1" colspan="1"><p>SOCIEDADE PORVIR CIENTIFICO</p></td></tr><tr><td rowspan="1" colspan="1"><p>378</p></td><td rowspan="1" colspan="1"><p>202510258</p></td><td rowspan="1" colspan="1"><p>Licenciatura</p></td><td rowspan="1" colspan="1"><p>HISTÓRIA</p></td><td rowspan="1" colspan="1"><p>780</p></td><td rowspan="1" colspan="1"><p>UNIVERSIDADE LA SALLE - UNILASALLE</p></td><td rowspan="1" colspan="1"><p>SOCIEDADE PORVIR CIENTIFICO</p></td></tr><tr><td rowspan="1" colspan="1"><p>379</p></td><td rowspan="1" colspan="1"><p>202510255</p></td><td rowspan="1" colspan="1"><p>Licenciatura</p></td><td rowspan="1" colspan="1"><p>LETRAS - LÍNGUA PORTUGUESA</p></td><td rowspan="1" colspan="1"><p>780</p></td><td rowspan="1" colspan="1"><p>UNIVERSIDADE LA SALLE - UNILASALLE</p></td><td rowspan="1" colspan="1"><p>SOCIEDADE PORVIR CIENTIFICO</p></td></tr><tr><td rowspan="1" colspan="1"><p>380</p></td><td rowspan="1" colspan="1"><p>202510256</p></td><td rowspan="1" colspan="1"><p>Licenciatura</p></td><td rowspan="1" colspan="1"><p>MATEMÁTICA</p></td><td rowspan="1" colspan="1"><p>630</p></td><td rowspan="1" colspan="1"><p>UNIVERSIDADE LA SALLE - UNILASALLE</p></td><td rowspan="1" colspan="1"><p>SOCIEDADE PORVIR CIENTIFICO</p></td></tr><tr><td rowspan="1" colspan="1"><p>381</p></td><td rowspan="1" colspan="1"><p>202517440</p></td><td rowspan="1" colspan="1"><p>Bacharelado</p></td><td rowspan="1" colspan="1"><p>NUTRIÇÃO</p></td><td rowspan="1" colspan="1"><p>500</p></td><td rowspan="1" colspan="1"><p>UNIVERSIDADE LA SALLE - UNILASALLE</p></td><td rowspan="1" colspan="1"><p>SOCIEDADE PORVIR CIENTIFICO</p></td></tr><tr><td rowspan="1" colspan="1"><p>382</p></td><td rowspan="1" colspan="1"><p>202510259</p></td><td rowspan="1" colspan="1"><p>Licenciatura</p></td><td rowspan="1" colspan="1"><p>PEDAGOGIA</p></td><td rowspan="1" colspan="1"><p>760</p></td><td rowspan="1" colspan="1"><p>UNIVERSIDADE LA SALLE - UNILASALLE</p></td><td rowspan="1" colspan="1"><p>SOCIEDADE PORVIR CIENTIFICO</p></td></tr><tr><td rowspan="1" colspan="1"><p>383</p></td><td rowspan="1" colspan="1"><p>202508131</p></td><td rowspan="1" colspan="1"><p>Bacharelado</p></td><td rowspan="1" colspan="1"><p>SERVIÇO SOCIAL</p></td><td rowspan="1" colspan="1"><p>780</p></td><td rowspan="1" colspan="1"><p>UNIVERSIDADE LA SALLE - UNILASALLE</p></td><td rowspan="1" colspan="1"><p>SOCIEDADE PORVIR CIENTIFICO</p></td></tr><tr><td rowspan="1" colspan="1"><p>384</p></td><td rowspan="1" colspan="1"><p>202509410</p></td><td rowspan="1" colspan="1"><p>Bacharelado</p></td><td rowspan="1" colspan="1"><p>AGRONOMIA</p></td><td rowspan="1" colspan="1"><p>1000</p></td><td rowspan="1" colspan="1"><p>UNIVERSIDADE LUTERANA DO BRASIL - ULBRA</p></td><td rowspan="1" colspan="1"><p>AELBRA EDUCACAO SUPERIOR - GRADUACAO E POS-GRADUACAO S.A. EM RECUPERACAO JUDICIAL</p></td></tr><tr><td rowspan="1" colspan="1"><p>385</p></td><td rowspan="1" colspan="1"><p>202517847</p></td><td rowspan="1" colspan="1"><p>Bacharelado</p></td><td rowspan="1" colspan="1"><p>ARQUITETURA E URBANISMO</p></td><td rowspan="1" colspan="1"><p>1000</p></td><td rowspan="1" colspan="1"><p>UNIVERSIDADE LUTERANA DO BRASIL - ULBRA</p></td><td rowspan="1" colspan="1"><p>AELBRA EDUCACAO SUPERIOR - GRADUACAO E POS-GRADUACAO S.A. EM RECUPERACAO JUDICIAL</p></td></tr><tr><td rowspan="1" colspan="1"><p>386</p></td><td rowspan="1" colspan="1"><p>202509976</p></td><td rowspan="1" colspan="1"><p>Licenciatura</p></td><td rowspan="1" colspan="1"><p>CIÊNCIAS BIOLÓGICAS</p></td><td rowspan="1" colspan="1"><p>1000</p></td><td rowspan="1" colspan="1"><p>UNIVERSIDADE LUTERANA DO BRASIL - ULBRA</p></td><td rowspan="1" colspan="1"><p>AELBRA EDUCACAO SUPERIOR - GRADUACAO E POS-GRADUACAO S.A. EM RECUPERACAO JUDICIAL</p></td></tr><tr><td rowspan="1" colspan="1"><p>387</p></td><td rowspan="1" colspan="1"><p>202507673</p></td><td rowspan="1" colspan="1"><p>Licenciatura</p></td><td rowspan="1" colspan="1"><p>CIÊNCIAS SOCIAIS</p></td><td rowspan="1" colspan="1"><p>500</p></td><td rowspan="1" colspan="1"><p>UNIVERSIDADE LUTERANA DO BRASIL - ULBRA</p></td><td rowspan="1" colspan="1"><p>AELBRA EDUCACAO SUPERIOR - GRADUACAO E POS-GRADUACAO S.A. EM RECUPERACAO JUDICIAL</p></td></tr><tr><td rowspan="1" colspan="1"><p>388</p></td><td rowspan="1" colspan="1"><p>202509974</p></td><td rowspan="1" colspan="1"><p>Licenciatura</p></td><td rowspan="1" colspan="1"><p>EDUCAÇÃO FÍSICA</p></td><td rowspan="1" colspan="1"><p>1000</p></td><td rowspan="1" colspan="1"><p>UNIVERSIDADE LUTERANA DO BRASIL - ULBRA</p></td><td rowspan="1" colspan="1"><p>AELBRA EDUCACAO SUPERIOR - GRADUACAO E POS-GRADUACAO S.A. EM RECUPERACAO JUDICIAL</p></td></tr><tr><td rowspan="1" colspan="1"><p>389</p></td><td rowspan="1" colspan="1"><p>202517735</p></td><td rowspan="1" colspan="1"><p>Bacharelado</p></td><td rowspan="1" colspan="1"><p>EDUCAÇÃO FÍSICA</p></td><td rowspan="1" colspan="1"><p>1000</p></td><td rowspan="1" colspan="1"><p>UNIVERSIDADE LUTERANA DO BRASIL - ULBRA</p></td><td rowspan="1" colspan="1"><p>AELBRA EDUCACAO SUPERIOR - GRADUACAO E POS-GRADUACAO S.A. EM RECUPERACAO JUDICIAL</p></td></tr><tr><td rowspan="1" colspan="1"><p>390</p></td><td rowspan="1" colspan="1"><p>202517903</p></td><td rowspan="1" colspan="1"><p>Bacharelado</p></td><td rowspan="1" colspan="1"><p>ENGENHARIA DE PRODUÇÃO</p></td><td rowspan="1" colspan="1"><p>1500</p></td><td rowspan="1" colspan="1"><p>UNIVERSIDADE LUTERANA DO BRASIL - ULBRA</p></td><td rowspan="1" colspan="1"><p>AELBRA EDUCACAO SUPERIOR - GRADUACAO E POS-GRADUACAO S.A. EM RECUPERACAO JUDICIAL</p></td></tr><tr><td rowspan="1" colspan="1"><p>391</p></td><td rowspan="1" colspan="1"><p>202508813</p></td><td rowspan="1" colspan="1"><p>Bacharelado</p></td><td rowspan="1" colspan="1"><p>ENGENHARIA MECÂNICA</p></td><td rowspan="1" colspan="1"><p>750</p></td><td rowspan="1" colspan="1"><p>UNIVERSIDADE LUTERANA DO BRASIL - ULBRA</p></td><td rowspan="1" colspan="1"><p>AELBRA EDUCACAO SUPERIOR - GRADUACAO E POS-GRADUACAO S.A. EM RECUPERACAO JUDICIAL</p></td></tr><tr><td rowspan="1" colspan="1"><p>392</p></td><td rowspan="1" colspan="1"><p>202508812</p></td><td rowspan="1" colspan="1"><p>Bacharelado</p></td><td rowspan="1" colspan="1"><p>ENGENHARIA MECÂNICA AUTOMOTIVA</p></td><td rowspan="1" colspan="1"><p>1000</p></td><td rowspan="1" colspan="1"><p>UNIVERSIDADE LUTERANA DO BRASIL - ULBRA</p></td><td rowspan="1" colspan="1"><p>AELBRA EDUCACAO SUPERIOR - GRADUACAO E POS-GRADUACAO S.A. EM RECUPERACAO JUDICIAL</p></td></tr><tr><td rowspan="1" colspan="1"><p>393</p></td><td rowspan="1" colspan="1"><p>202509973</p></td><td rowspan="1" colspan="1"><p>Licenciatura</p></td><td rowspan="1" colspan="1"><p>FÍSICA</p></td><td rowspan="1" colspan="1"><p>1000</p></td><td rowspan="1" colspan="1"><p>UNIVERSIDADE LUTERANA DO BRASIL - ULBRA</p></td><td rowspan="1" colspan="1"><p>AELBRA EDUCACAO SUPERIOR - GRADUACAO E POS-GRADUACAO S.A. EM RECUPERACAO JUDICIAL</p></td></tr><tr><td rowspan="1" colspan="1"><p>394</p></td><td rowspan="1" colspan="1"><p>202508053</p></td><td rowspan="1" colspan="1"><p>Bacharelado</p></td><td rowspan="1" colspan="1"><p>FISIOTERAPIA</p></td><td rowspan="1" colspan="1"><p>1000</p></td><td rowspan="1" colspan="1"><p>UNIVERSIDADE LUTERANA DO BRASIL - ULBRA</p></td><td rowspan="1" colspan="1"><p>AELBRA EDUCACAO SUPERIOR - GRADUACAO E POS-GRADUACAO S.A. EM RECUPERACAO JUDICIAL</p></td></tr><tr><td rowspan="1" colspan="1"><p>395</p></td><td rowspan="1" colspan="1"><p>202509972</p></td><td rowspan="1" colspan="1"><p>Licenciatura</p></td><td rowspan="1" colspan="1"><p>GEOGRAFIA</p></td><td rowspan="1" colspan="1"><p>1000</p></td><td rowspan="1" colspan="1"><p>UNIVERSIDADE LUTERANA DO BRASIL - ULBRA</p></td><td rowspan="1" colspan="1"><p>AELBRA EDUCACAO SUPERIOR - GRADUACAO E POS-GRADUACAO S.A. EM RECUPERACAO JUDICIAL</p></td></tr><tr><td rowspan="1" colspan="1"><p>396</p></td><td rowspan="1" colspan="1"><p>202511427</p></td><td rowspan="1" colspan="1"><p>Tecnológico</p></td><td rowspan="1" colspan="1"><p>GESTÃO AMBIENTAL</p></td><td rowspan="1" colspan="1"><p>2500</p></td><td rowspan="1" colspan="1"><p>UNIVERSIDADE LUTERANA DO BRASIL - ULBRA</p></td><td rowspan="1" colspan="1"><p>AELBRA EDUCACAO SUPERIOR - GRADUACAO E POS-GRADUACAO S.A. EM RECUPERACAO JUDICIAL</p></td></tr><tr><td rowspan="1" colspan="1"><p>397</p></td><td rowspan="1" colspan="1"><p>202518079</p></td><td rowspan="1" colspan="1"><p>Tecnológico</p></td><td rowspan="1" colspan="1"><p>GESTÃO HOSPITALAR</p></td><td rowspan="1" colspan="1"><p>1000</p></td><td rowspan="1" colspan="1"><p>UNIVERSIDADE LUTERANA DO BRASIL - ULBRA</p></td><td rowspan="1" colspan="1"><p>AELBRA EDUCACAO SUPERIOR - GRADUACAO E POS-GRADUACAO S.A. EM RECUPERACAO JUDICIAL</p></td></tr><tr><td rowspan="1" colspan="1"><p>398</p></td><td rowspan="1" colspan="1"><p>202509975</p></td><td rowspan="1" colspan="1"><p>Licenciatura</p></td><td rowspan="1" colspan="1"><p>HISTÓRIA</p></td><td rowspan="1" colspan="1"><p>1000</p></td><td rowspan="1" colspan="1"><p>UNIVERSIDADE LUTERANA DO BRASIL - ULBRA</p></td><td rowspan="1" colspan="1"><p>AELBRA EDUCACAO SUPERIOR - GRADUACAO E POS-GRADUACAO S.A. EM RECUPERACAO JUDICIAL</p></td></tr><tr><td rowspan="1" colspan="1"><p>399</p></td><td rowspan="1" colspan="1"><p>202509970</p></td><td rowspan="1" colspan="1"><p>Licenciatura</p></td><td rowspan="1" colspan="1"><p>LETRAS - PORTUGUÊS</p></td><td rowspan="1" colspan="1"><p>1200</p></td><td rowspan="1" colspan="1"><p>UNIVERSIDADE LUTERANA DO BRASIL - ULBRA</p></td><td rowspan="1" colspan="1"><p>AELBRA EDUCACAO SUPERIOR - GRADUACAO E POS-GRADUACAO S.A. EM RECUPERACAO JUDICIAL</p></td></tr><tr><td rowspan="1" colspan="1"><p>400</p></td><td rowspan="1" colspan="1"><p>202509969</p></td><td rowspan="1" colspan="1"><p>Licenciatura</p></td><td rowspan="1" colspan="1"><p>MATEMÁTICA</p></td><td rowspan="1" colspan="1"><p>1000</p></td><td rowspan="1" colspan="1"><p>UNIVERSIDADE LUTERANA DO BRASIL - ULBRA</p></td><td rowspan="1" colspan="1"><p>AELBRA EDUCACAO SUPERIOR - GRADUACAO E POS-GRADUACAO S.A. EM RECUPERACAO JUDICIAL</p></td></tr><tr><td rowspan="1" colspan="1"><p>401</p></td><td rowspan="1" colspan="1"><p>202509971</p></td><td rowspan="1" colspan="1"><p>Licenciatura</p></td><td rowspan="1" colspan="1"><p>PEDAGOGIA</p></td><td rowspan="1" colspan="1"><p>8000</p></td><td rowspan="1" colspan="1"><p>UNIVERSIDADE LUTERANA DO BRASIL - ULBRA</p></td><td rowspan="1" colspan="1"><p>AELBRA EDUCACAO SUPERIOR - GRADUACAO E POS-GRADUACAO S.A. EM RECUPERACAO JUDICIAL</p></td></tr><tr><td rowspan="1" colspan="1"><p>402</p></td><td rowspan="1" colspan="1"><p>202508052</p></td><td rowspan="1" colspan="1"><p>Bacharelado</p></td><td rowspan="1" colspan="1"><p>SERVIÇO SOCIAL</p></td><td rowspan="1" colspan="1"><p>4000</p></td><td rowspan="1" colspan="1"><p>UNIVERSIDADE LUTERANA DO BRASIL - ULBRA</p></td><td rowspan="1" colspan="1"><p>AELBRA EDUCACAO SUPERIOR - GRADUACAO E POS-GRADUACAO S.A. EM RECUPERACAO JUDICIAL</p></td></tr></table>]]></Texto>
  </body>
  <Midias />
</article></xml>