﻿<xml><article id="45406332" name="PORTARIA NA 607 - 11.09.2025_007" idOficio="11278735" pubName="DO1" artType="Portaria" pubDate="12/09/2025" artClass="00025:00046:00000:00000:00000:00000:00000:00000:00000:00000:00054:00000" artCategory="Ministério da Educação/Secretaria de Regulação e Supervisão da Educação Superior" artSize="24" artNotes="" numberPage="55" pdfPage="http://pesquisa.in.gov.br/imprensa/jsp/visualiza/index.jsp?data=12/09/2025&amp;jornal=515&amp;pagina=55" editionNumber="174" highlightType="" highlightPriority="" highlight="" highlightimage="" highlightimagename="" idMateria="23098714">
  <body>
    <Identifica />
    <Data><![CDATA[]]></Data>
    <Ementa />
    <Titulo />
    <SubTitulo />
    <Texto><![CDATA[<p /><p></p><table><tr /><tr><td rowspan="1" colspan="1"><p>269</p></td><td rowspan="1" colspan="1"><p>202510552</p></td><td rowspan="1" colspan="1"><p>Licenciatura</p></td><td rowspan="1" colspan="1"><p>COMPUTAÇÃO</p></td><td rowspan="1" colspan="1"><p>150</p></td><td rowspan="1" colspan="1"><p>CENTRO UNIVERSITARIO ESTACIO DE RIBEIRAO PRETO - ESTACIO RIBEIRAO PRE</p></td><td rowspan="1" colspan="1"><p>SOCIEDADE DE ENSINO SUPERIOR ESTACIO RIBEIRAO PRETO LTDA</p></td></tr><tr><td rowspan="1" colspan="1"><p>270</p></td><td rowspan="1" colspan="1"><p>202508263</p></td><td rowspan="1" colspan="1"><p>Bacharelado</p></td><td rowspan="1" colspan="1"><p>EDUCAÇÃO FÍSICA</p></td><td rowspan="1" colspan="1"><p>280</p></td><td rowspan="1" colspan="1"><p>CENTRO UNIVERSITARIO ESTACIO DE RIBEIRAO PRETO - ESTACIO RIBEIRAO PRE</p></td><td rowspan="1" colspan="1"><p>SOCIEDADE DE ENSINO SUPERIOR ESTACIO RIBEIRAO PRETO LTDA</p></td></tr><tr><td rowspan="1" colspan="1"><p>271</p></td><td rowspan="1" colspan="1"><p>202510553</p></td><td rowspan="1" colspan="1"><p>Licenciatura</p></td><td rowspan="1" colspan="1"><p>EDUCAÇÃO FÍSICA</p></td><td rowspan="1" colspan="1"><p>280</p></td><td rowspan="1" colspan="1"><p>CENTRO UNIVERSITARIO ESTACIO DE RIBEIRAO PRETO - ESTACIO RIBEIRAO PRE</p></td><td rowspan="1" colspan="1"><p>SOCIEDADE DE ENSINO SUPERIOR ESTACIO RIBEIRAO PRETO LTDA</p></td></tr><tr><td rowspan="1" colspan="1"><p>272</p></td><td rowspan="1" colspan="1"><p>202508991</p></td><td rowspan="1" colspan="1"><p>Bacharelado</p></td><td rowspan="1" colspan="1"><p>ENGENHARIA CIVIL</p></td><td rowspan="1" colspan="1"><p>300</p></td><td rowspan="1" colspan="1"><p>CENTRO UNIVERSITARIO ESTACIO DE RIBEIRAO PRETO - ESTACIO RIBEIRAO PRE</p></td><td rowspan="1" colspan="1"><p>SOCIEDADE DE ENSINO SUPERIOR ESTACIO RIBEIRAO PRETO LTDA</p></td></tr><tr><td rowspan="1" colspan="1"><p>273</p></td><td rowspan="1" colspan="1"><p>202508993</p></td><td rowspan="1" colspan="1"><p>Bacharelado</p></td><td rowspan="1" colspan="1"><p>ENGENHARIA DE PRODUÇÃO</p></td><td rowspan="1" colspan="1"><p>400</p></td><td rowspan="1" colspan="1"><p>CENTRO UNIVERSITARIO ESTACIO DE RIBEIRAO PRETO - ESTACIO RIBEIRAO PRE</p></td><td rowspan="1" colspan="1"><p>SOCIEDADE DE ENSINO SUPERIOR ESTACIO RIBEIRAO PRETO LTDA</p></td></tr><tr><td rowspan="1" colspan="1"><p>274</p></td><td rowspan="1" colspan="1"><p>202508990</p></td><td rowspan="1" colspan="1"><p>Bacharelado</p></td><td rowspan="1" colspan="1"><p>ENGENHARIA ELÉTRICA</p></td><td rowspan="1" colspan="1"><p>500</p></td><td rowspan="1" colspan="1"><p>CENTRO UNIVERSITARIO ESTACIO DE RIBEIRAO PRETO - ESTACIO RIBEIRAO PRE</p></td><td rowspan="1" colspan="1"><p>SOCIEDADE DE ENSINO SUPERIOR ESTACIO RIBEIRAO PRETO LTDA</p></td></tr><tr><td rowspan="1" colspan="1"><p>275</p></td><td rowspan="1" colspan="1"><p>202508992</p></td><td rowspan="1" colspan="1"><p>Bacharelado</p></td><td rowspan="1" colspan="1"><p>ENGENHARIA MECÂNICA</p></td><td rowspan="1" colspan="1"><p>491</p></td><td rowspan="1" colspan="1"><p>CENTRO UNIVERSITARIO ESTACIO DE RIBEIRAO PRETO - ESTACIO RIBEIRAO PRE</p></td><td rowspan="1" colspan="1"><p>SOCIEDADE DE ENSINO SUPERIOR ESTACIO RIBEIRAO PRETO LTDA</p></td></tr><tr><td rowspan="1" colspan="1"><p>276</p></td><td rowspan="1" colspan="1"><p>202511834</p></td><td rowspan="1" colspan="1"><p>Tecnológico</p></td><td rowspan="1" colspan="1"><p>ESTÉTICA E COSMÉTICA</p></td><td rowspan="1" colspan="1"><p>280</p></td><td rowspan="1" colspan="1"><p>CENTRO UNIVERSITARIO ESTACIO DE RIBEIRAO PRETO - ESTACIO RIBEIRAO PRE</p></td><td rowspan="1" colspan="1"><p>SOCIEDADE DE ENSINO SUPERIOR ESTACIO RIBEIRAO PRETO LTDA</p></td></tr><tr><td rowspan="1" colspan="1"><p>277</p></td><td rowspan="1" colspan="1"><p>202508264</p></td><td rowspan="1" colspan="1"><p>Bacharelado</p></td><td rowspan="1" colspan="1"><p>FARMÁCIA</p></td><td rowspan="1" colspan="1"><p>320</p></td><td rowspan="1" colspan="1"><p>CENTRO UNIVERSITARIO ESTACIO DE RIBEIRAO PRETO - ESTACIO RIBEIRAO PRE</p></td><td rowspan="1" colspan="1"><p>SOCIEDADE DE ENSINO SUPERIOR ESTACIO RIBEIRAO PRETO LTDA</p></td></tr><tr><td rowspan="1" colspan="1"><p>278</p></td><td rowspan="1" colspan="1"><p>202510534</p></td><td rowspan="1" colspan="1"><p>Licenciatura</p></td><td rowspan="1" colspan="1"><p>FILOSOFIA</p></td><td rowspan="1" colspan="1"><p>415</p></td><td rowspan="1" colspan="1"><p>CENTRO UNIVERSITARIO ESTACIO DE RIBEIRAO PRETO - ESTACIO RIBEIRAO PRE</p></td><td rowspan="1" colspan="1"><p>SOCIEDADE DE ENSINO SUPERIOR ESTACIO RIBEIRAO PRETO LTDA</p></td></tr><tr><td rowspan="1" colspan="1"><p>279</p></td><td rowspan="1" colspan="1"><p>202510551</p></td><td rowspan="1" colspan="1"><p>Licenciatura</p></td><td rowspan="1" colspan="1"><p>FÍSICA</p></td><td rowspan="1" colspan="1"><p>140</p></td><td rowspan="1" colspan="1"><p>CENTRO UNIVERSITARIO ESTACIO DE RIBEIRAO PRETO - ESTACIO RIBEIRAO PRE</p></td><td rowspan="1" colspan="1"><p>SOCIEDADE DE ENSINO SUPERIOR ESTACIO RIBEIRAO PRETO LTDA</p></td></tr><tr><td rowspan="1" colspan="1"><p>280</p></td><td rowspan="1" colspan="1"><p>202508265</p></td><td rowspan="1" colspan="1"><p>Bacharelado</p></td><td rowspan="1" colspan="1"><p>FISIOTERAPIA</p></td><td rowspan="1" colspan="1"><p>80</p></td><td rowspan="1" colspan="1"><p>CENTRO UNIVERSITARIO ESTACIO DE RIBEIRAO PRETO - ESTACIO RIBEIRAO PRE</p></td><td rowspan="1" colspan="1"><p>SOCIEDADE DE ENSINO SUPERIOR ESTACIO RIBEIRAO PRETO LTDA</p></td></tr><tr><td rowspan="1" colspan="1"><p>281</p></td><td rowspan="1" colspan="1"><p>202510543</p></td><td rowspan="1" colspan="1"><p>Licenciatura</p></td><td rowspan="1" colspan="1"><p>GEOGRAFIA</p></td><td rowspan="1" colspan="1"><p>1670</p></td><td rowspan="1" colspan="1"><p>CENTRO UNIVERSITARIO ESTACIO DE RIBEIRAO PRETO - ESTACIO RIBEIRAO PRE</p></td><td rowspan="1" colspan="1"><p>SOCIEDADE DE ENSINO SUPERIOR ESTACIO RIBEIRAO PRETO LTDA</p></td></tr><tr><td rowspan="1" colspan="1"><p>282</p></td><td rowspan="1" colspan="1"><p>202508258</p></td><td rowspan="1" colspan="1"><p>Tecnológico</p></td><td rowspan="1" colspan="1"><p>GERONTOLOGIA - BEM-ESTAR E EDUCAÇÃO</p></td><td rowspan="1" colspan="1"><p>1920</p></td><td rowspan="1" colspan="1"><p>CENTRO UNIVERSITARIO ESTACIO DE RIBEIRAO PRETO - ESTACIO RIBEIRAO PRE</p></td><td rowspan="1" colspan="1"><p>SOCIEDADE DE ENSINO SUPERIOR ESTACIO RIBEIRAO PRETO LTDA</p></td></tr><tr><td rowspan="1" colspan="1"><p>283</p></td><td rowspan="1" colspan="1"><p>202508989</p></td><td rowspan="1" colspan="1"><p>Tecnológico</p></td><td rowspan="1" colspan="1"><p>GESTÃO AMBIENTAL</p></td><td rowspan="1" colspan="1"><p>1470</p></td><td rowspan="1" colspan="1"><p>CENTRO UNIVERSITARIO ESTACIO DE RIBEIRAO PRETO - ESTACIO RIBEIRAO PRE</p></td><td rowspan="1" colspan="1"><p>SOCIEDADE DE ENSINO SUPERIOR ESTACIO RIBEIRAO PRETO LTDA</p></td></tr><tr><td rowspan="1" colspan="1"><p>284</p></td><td rowspan="1" colspan="1"><p>202510546</p></td><td rowspan="1" colspan="1"><p>Licenciatura</p></td><td rowspan="1" colspan="1"><p>GESTÃO E EMPREENDEDORISMO</p></td><td rowspan="1" colspan="1"><p>1930</p></td><td rowspan="1" colspan="1"><p>CENTRO UNIVERSITARIO ESTACIO DE RIBEIRAO PRETO - ESTACIO RIBEIRAO PRE</p></td><td rowspan="1" colspan="1"><p>SOCIEDADE DE ENSINO SUPERIOR ESTACIO RIBEIRAO PRETO LTDA</p></td></tr><tr><td rowspan="1" colspan="1"><p>285</p></td><td rowspan="1" colspan="1"><p>202511835</p></td><td rowspan="1" colspan="1"><p>Tecnológico</p></td><td rowspan="1" colspan="1"><p>GESTÃO HOSPITALAR</p></td><td rowspan="1" colspan="1"><p>975</p></td><td rowspan="1" colspan="1"><p>CENTRO UNIVERSITARIO ESTACIO DE RIBEIRAO PRETO - ESTACIO RIBEIRAO PRE</p></td><td rowspan="1" colspan="1"><p>SOCIEDADE DE ENSINO SUPERIOR ESTACIO RIBEIRAO PRETO LTDA</p></td></tr><tr><td rowspan="1" colspan="1"><p>286</p></td><td rowspan="1" colspan="1"><p>202510548</p></td><td rowspan="1" colspan="1"><p>Licenciatura</p></td><td rowspan="1" colspan="1"><p>HISTÓRIA</p></td><td rowspan="1" colspan="1"><p>1600</p></td><td rowspan="1" colspan="1"><p>CENTRO UNIVERSITARIO ESTACIO DE RIBEIRAO PRETO - ESTACIO RIBEIRAO PRE</p></td><td rowspan="1" colspan="1"><p>SOCIEDADE DE ENSINO SUPERIOR ESTACIO RIBEIRAO PRETO LTDA</p></td></tr><tr><td rowspan="1" colspan="1"><p>287</p></td><td rowspan="1" colspan="1"><p>202517901</p></td><td rowspan="1" colspan="1"><p>Licenciatura</p></td><td rowspan="1" colspan="1"><p>LETRAS - ESPANHOL</p></td><td rowspan="1" colspan="1"><p>1650</p></td><td rowspan="1" colspan="1"><p>CENTRO UNIVERSITARIO ESTACIO DE RIBEIRAO PRETO - ESTACIO RIBEIRAO PRE</p></td><td rowspan="1" colspan="1"><p>SOCIEDADE DE ENSINO SUPERIOR ESTACIO RIBEIRAO PRETO LTDA</p></td></tr><tr><td rowspan="1" colspan="1"><p>288</p></td><td rowspan="1" colspan="1"><p>202518228</p></td><td rowspan="1" colspan="1"><p>Licenciatura</p></td><td rowspan="1" colspan="1"><p>LETRAS - INGLÊS</p></td><td rowspan="1" colspan="1"><p>5000</p></td><td rowspan="1" colspan="1"><p>CENTRO UNIVERSITARIO ESTACIO DE RIBEIRAO PRETO - ESTACIO RIBEIRAO PRE</p></td><td rowspan="1" colspan="1"><p>SOCIEDADE DE ENSINO SUPERIOR ESTACIO RIBEIRAO PRETO LTDA</p></td></tr><tr><td rowspan="1" colspan="1"><p>289</p></td><td rowspan="1" colspan="1"><p>202510536</p></td><td rowspan="1" colspan="1"><p>Licenciatura</p></td><td rowspan="1" colspan="1"><p>LETRAS - LIBRAS - LÍNGUA PORTUGUESA</p></td><td rowspan="1" colspan="1"><p>1920</p></td><td rowspan="1" colspan="1"><p>CENTRO UNIVERSITARIO ESTACIO DE RIBEIRAO PRETO - ESTACIO RIBEIRAO PRE</p></td><td rowspan="1" colspan="1"><p>SOCIEDADE DE ENSINO SUPERIOR ESTACIO RIBEIRAO PRETO LTDA</p></td></tr><tr><td rowspan="1" colspan="1"><p>290</p></td><td rowspan="1" colspan="1"><p>202510542</p></td><td rowspan="1" colspan="1"><p>Licenciatura</p></td><td rowspan="1" colspan="1"><p>LETRAS - LÍNGUA PORTUGUESA</p></td><td rowspan="1" colspan="1"><p>5000</p></td><td rowspan="1" colspan="1"><p>CENTRO UNIVERSITARIO ESTACIO DE RIBEIRAO PRETO - ESTACIO RIBEIRAO PRE</p></td><td rowspan="1" colspan="1"><p>SOCIEDADE DE ENSINO SUPERIOR ESTACIO RIBEIRAO PRETO LTDA</p></td></tr><tr><td rowspan="1" colspan="1"><p>291</p></td><td rowspan="1" colspan="1"><p>202507811</p></td><td rowspan="1" colspan="1"><p>Bacharelado</p></td><td rowspan="1" colspan="1"><p>MATEMÁTICA</p></td><td rowspan="1" colspan="1"><p>963</p></td><td rowspan="1" colspan="1"><p>CENTRO UNIVERSITARIO ESTACIO DE RIBEIRAO PRETO - ESTACIO RIBEIRAO PRE</p></td><td rowspan="1" colspan="1"><p>SOCIEDADE DE ENSINO SUPERIOR ESTACIO RIBEIRAO PRETO LTDA</p></td></tr><tr><td rowspan="1" colspan="1"><p>292</p></td><td rowspan="1" colspan="1"><p>202510537</p></td><td rowspan="1" colspan="1"><p>Licenciatura</p></td><td rowspan="1" colspan="1"><p>MATEMÁTICA</p></td><td rowspan="1" colspan="1"><p>960</p></td><td rowspan="1" colspan="1"><p>CENTRO UNIVERSITARIO ESTACIO DE RIBEIRAO PRETO - ESTACIO RIBEIRAO PRE</p></td><td rowspan="1" colspan="1"><p>SOCIEDADE DE ENSINO SUPERIOR ESTACIO RIBEIRAO PRETO LTDA</p></td></tr><tr><td rowspan="1" colspan="1"><p>293</p></td><td rowspan="1" colspan="1"><p>202509416</p></td><td rowspan="1" colspan="1"><p>Bacharelado</p></td><td rowspan="1" colspan="1"><p>MEDICINA VETERINÁRIA</p></td><td rowspan="1" colspan="1"><p>60</p></td><td rowspan="1" colspan="1"><p>CENTRO UNIVERSITARIO ESTACIO DE RIBEIRAO PRETO - ESTACIO RIBEIRAO PRE</p></td><td rowspan="1" colspan="1"><p>SOCIEDADE DE ENSINO SUPERIOR ESTACIO RIBEIRAO PRETO LTDA</p></td></tr><tr><td rowspan="1" colspan="1"><p>294</p></td><td rowspan="1" colspan="1"><p>202508262</p></td><td rowspan="1" colspan="1"><p>Bacharelado</p></td><td rowspan="1" colspan="1"><p>NUTRIÇÃO</p></td><td rowspan="1" colspan="1"><p>240</p></td><td rowspan="1" colspan="1"><p>CENTRO UNIVERSITARIO ESTACIO DE RIBEIRAO PRETO - ESTACIO RIBEIRAO PRE</p></td><td rowspan="1" colspan="1"><p>SOCIEDADE DE ENSINO SUPERIOR ESTACIO RIBEIRAO PRETO LTDA</p></td></tr><tr><td rowspan="1" colspan="1"><p>295</p></td><td rowspan="1" colspan="1"><p>202510538</p></td><td rowspan="1" colspan="1"><p>Licenciatura</p></td><td rowspan="1" colspan="1"><p>PEDAGOGIA</p></td><td rowspan="1" colspan="1"><p>5000</p></td><td rowspan="1" colspan="1"><p>CENTRO UNIVERSITARIO ESTACIO DE RIBEIRAO PRETO - ESTACIO RIBEIRAO PRE</p></td><td rowspan="1" colspan="1"><p>SOCIEDADE DE ENSINO SUPERIOR ESTACIO RIBEIRAO PRETO LTDA</p></td></tr><tr><td rowspan="1" colspan="1"><p>296</p></td><td rowspan="1" colspan="1"><p>202516320</p></td><td rowspan="1" colspan="1"><p>Bacharelado</p></td><td rowspan="1" colspan="1"><p>PEDAGOGIA</p></td><td rowspan="1" colspan="1"><p>21440</p></td><td rowspan="1" colspan="1"><p>CENTRO UNIVERSITARIO ESTACIO DE RIBEIRAO PRETO - ESTACIO RIBEIRAO PRE</p></td><td rowspan="1" colspan="1"><p>SOCIEDADE DE ENSINO SUPERIOR ESTACIO RIBEIRAO PRETO LTDA</p></td></tr><tr><td rowspan="1" colspan="1"><p>297</p></td><td rowspan="1" colspan="1"><p>202510540</p></td><td rowspan="1" colspan="1"><p>Tecnológico</p></td><td rowspan="1" colspan="1"><p>PROCESSOS ESCOLARES</p></td><td rowspan="1" colspan="1"><p>1930</p></td><td rowspan="1" colspan="1"><p>CENTRO UNIVERSITARIO ESTACIO DE RIBEIRAO PRETO - ESTACIO RIBEIRAO PRE</p></td><td rowspan="1" colspan="1"><p>SOCIEDADE DE ENSINO SUPERIOR ESTACIO RIBEIRAO PRETO LTDA</p></td></tr><tr><td rowspan="1" colspan="1"><p>298</p></td><td rowspan="1" colspan="1"><p>202510541</p></td><td rowspan="1" colspan="1"><p>Bacharelado</p></td><td rowspan="1" colspan="1"><p>PSICOPEDAGOGIA</p></td><td rowspan="1" colspan="1"><p>1260</p></td><td rowspan="1" colspan="1"><p>CENTRO UNIVERSITARIO ESTACIO DE RIBEIRAO PRETO - ESTACIO RIBEIRAO PRE</p></td><td rowspan="1" colspan="1"><p>SOCIEDADE DE ENSINO SUPERIOR ESTACIO RIBEIRAO PRETO LTDA</p></td></tr><tr><td rowspan="1" colspan="1"><p>299</p></td><td rowspan="1" colspan="1"><p>202510549</p></td><td rowspan="1" colspan="1"><p>Licenciatura</p></td><td rowspan="1" colspan="1"><p>QUÍMICA</p></td><td rowspan="1" colspan="1"><p>140</p></td><td rowspan="1" colspan="1"><p>CENTRO UNIVERSITARIO ESTACIO DE RIBEIRAO PRETO - ESTACIO RIBEIRAO PRE</p></td><td rowspan="1" colspan="1"><p>SOCIEDADE DE ENSINO SUPERIOR ESTACIO RIBEIRAO PRETO LTDA</p></td></tr><tr><td rowspan="1" colspan="1"><p>300</p></td><td rowspan="1" colspan="1"><p>202508259</p></td><td rowspan="1" colspan="1"><p>Tecnológico</p></td><td rowspan="1" colspan="1"><p>RADIOLOGIA</p></td><td rowspan="1" colspan="1"><p>280</p></td><td rowspan="1" colspan="1"><p>CENTRO UNIVERSITARIO ESTACIO DE RIBEIRAO PRETO - ESTACIO RIBEIRAO PRE</p></td><td rowspan="1" colspan="1"><p>SOCIEDADE DE ENSINO SUPERIOR ESTACIO RIBEIRAO PRETO LTDA</p></td></tr><tr><td rowspan="1" colspan="1"><p>301</p></td><td rowspan="1" colspan="1"><p>202508260</p></td><td rowspan="1" colspan="1"><p>Bacharelado</p></td><td rowspan="1" colspan="1"><p>SERVIÇO SOCIAL</p></td><td rowspan="1" colspan="1"><p>641</p></td><td rowspan="1" colspan="1"><p>CENTRO UNIVERSITARIO ESTACIO DE RIBEIRAO PRETO - ESTACIO RIBEIRAO PRE</p></td><td rowspan="1" colspan="1"><p>SOCIEDADE DE ENSINO SUPERIOR ESTACIO RIBEIRAO PRETO LTDA</p></td></tr><tr><td rowspan="1" colspan="1"><p>302</p></td><td rowspan="1" colspan="1"><p>202510547</p></td><td rowspan="1" colspan="1"><p>Licenciatura</p></td><td rowspan="1" colspan="1"><p>SOCIOLOGIA</p></td><td rowspan="1" colspan="1"><p>1670</p></td><td rowspan="1" colspan="1"><p>CENTRO UNIVERSITARIO ESTACIO DE RIBEIRAO PRETO - ESTACIO RIBEIRAO PRE</p></td><td rowspan="1" colspan="1"><p>SOCIEDADE DE ENSINO SUPERIOR ESTACIO RIBEIRAO PRETO LTDA</p></td></tr><tr><td rowspan="1" colspan="1"><p>303</p></td><td rowspan="1" colspan="1"><p>202510539</p></td><td rowspan="1" colspan="1"><p>Licenciatura</p></td><td rowspan="1" colspan="1"><p>TURISMO</p></td><td rowspan="1" colspan="1"><p>1930</p></td><td rowspan="1" colspan="1"><p>CENTRO UNIVERSITARIO ESTACIO DE RIBEIRAO PRETO - ESTACIO RIBEIRAO PRE</p></td><td rowspan="1" colspan="1"><p>SOCIEDADE DE ENSINO SUPERIOR ESTACIO RIBEIRAO PRETO LTDA</p></td></tr><tr><td rowspan="1" colspan="1"><p>304</p></td><td rowspan="1" colspan="1"><p>202510701</p></td><td rowspan="1" colspan="1"><p>Licenciatura</p></td><td rowspan="1" colspan="1"><p>ARTES VISUAIS</p></td><td rowspan="1" colspan="1"><p>940</p></td><td rowspan="1" colspan="1"><p>CENTRO UNIVERSITARIO ESTACIO DE SANTA CATARINA - ESTACIO DE SANTA CATARINA -</p></td><td rowspan="1" colspan="1"><p>SOCIEDADE DE ENSINO SUPERIOR ESTACIO DE SA LTDA</p></td></tr><tr><td rowspan="1" colspan="1"><p>305</p></td><td rowspan="1" colspan="1"><p>202509096</p></td><td rowspan="1" colspan="1"><p>Tecnológico</p></td><td rowspan="1" colspan="1"><p>AUTOMAÇÃO INDUSTRIAL</p></td><td rowspan="1" colspan="1"><p>2525</p></td><td rowspan="1" colspan="1"><p>CENTRO UNIVERSITARIO ESTACIO DE SANTA CATARINA - ESTACIO DE SANTA CATARINA -</p></td><td rowspan="1" colspan="1"><p>SOCIEDADE DE ENSINO SUPERIOR ESTACIO DE SA LTDA</p></td></tr><tr><td rowspan="1" colspan="1"><p>306</p></td><td rowspan="1" colspan="1"><p>202508382</p></td><td rowspan="1" colspan="1"><p>Bacharelado</p></td><td rowspan="1" colspan="1"><p>BIOMEDICINA</p></td><td rowspan="1" colspan="1"><p>50</p></td><td rowspan="1" colspan="1"><p>CENTRO UNIVERSITARIO ESTACIO DE SANTA CATARINA - ESTACIO DE SANTA CATARINA -</p></td><td rowspan="1" colspan="1"><p>SOCIEDADE DE ENSINO SUPERIOR ESTACIO DE SA LTDA</p></td></tr><tr><td rowspan="1" colspan="1"><p>307</p></td><td rowspan="1" colspan="1"><p>202507824</p></td><td rowspan="1" colspan="1"><p>Bacharelado</p></td><td rowspan="1" colspan="1"><p>CIÊNCIAS BIOLÓGICAS</p></td><td rowspan="1" colspan="1"><p>25</p></td><td rowspan="1" colspan="1"><p>CENTRO UNIVERSITARIO ESTACIO DE SANTA CATARINA - ESTACIO DE SANTA CATARINA -</p></td><td rowspan="1" colspan="1"><p>SOCIEDADE DE ENSINO SUPERIOR ESTACIO DE SA LTDA</p></td></tr><tr><td rowspan="1" colspan="1"><p>308</p></td><td rowspan="1" colspan="1"><p>202510709</p></td><td rowspan="1" colspan="1"><p>Licenciatura</p></td><td rowspan="1" colspan="1"><p>CIÊNCIAS BIOLÓGICAS</p></td><td rowspan="1" colspan="1"><p>2220</p></td><td rowspan="1" colspan="1"><p>CENTRO UNIVERSITARIO ESTACIO DE SANTA CATARINA - ESTACIO DE SANTA CATARINA -</p></td><td rowspan="1" colspan="1"><p>SOCIEDADE DE ENSINO SUPERIOR ESTACIO DE SA LTDA</p></td></tr><tr><td rowspan="1" colspan="1"><p>309</p></td><td rowspan="1" colspan="1"><p>202507825</p></td><td rowspan="1" colspan="1"><p>Bacharelado</p></td><td rowspan="1" colspan="1"><p>CIÊNCIAS DA NATUREZA</p></td><td rowspan="1" colspan="1"><p>940</p></td><td rowspan="1" colspan="1"><p>CENTRO UNIVERSITARIO ESTACIO DE SANTA CATARINA - ESTACIO DE SANTA CATARINA -</p></td><td rowspan="1" colspan="1"><p>SOCIEDADE DE ENSINO SUPERIOR ESTACIO DE SA LTDA</p></td></tr><tr><td rowspan="1" colspan="1"><p>310</p></td><td rowspan="1" colspan="1"><p>202507826</p></td><td rowspan="1" colspan="1"><p>Bacharelado</p></td><td rowspan="1" colspan="1"><p>CIÊNCIAS EXATAS</p></td><td rowspan="1" colspan="1"><p>709</p></td><td rowspan="1" colspan="1"><p>CENTRO UNIVERSITARIO ESTACIO DE SANTA CATARINA - ESTACIO DE SANTA CATARINA -</p></td><td rowspan="1" colspan="1"><p>SOCIEDADE DE ENSINO SUPERIOR ESTACIO DE SA LTDA</p></td></tr><tr><td rowspan="1" colspan="1"><p>311</p></td><td rowspan="1" colspan="1"><p>202510704</p></td><td rowspan="1" colspan="1"><p>Licenciatura</p></td><td rowspan="1" colspan="1"><p>COMPUTAÇÃO</p></td><td rowspan="1" colspan="1"><p>10</p></td><td rowspan="1" colspan="1"><p>CENTRO UNIVERSITARIO ESTACIO DE SANTA CATARINA - ESTACIO DE SANTA CATARINA -</p></td><td rowspan="1" colspan="1"><p>SOCIEDADE DE ENSINO SUPERIOR ESTACIO DE SA LTDA</p></td></tr><tr><td rowspan="1" colspan="1"><p>312</p></td><td rowspan="1" colspan="1"><p>202508384</p></td><td rowspan="1" colspan="1"><p>Bacharelado</p></td><td rowspan="1" colspan="1"><p>EDUCAÇÃO FÍSICA</p></td><td rowspan="1" colspan="1"><p>50</p></td><td rowspan="1" colspan="1"><p>CENTRO UNIVERSITARIO ESTACIO DE SANTA CATARINA - ESTACIO DE SANTA CATARINA -</p></td><td rowspan="1" colspan="1"><p>SOCIEDADE DE ENSINO SUPERIOR ESTACIO DE SA LTDA</p></td></tr><tr><td rowspan="1" colspan="1"><p>313</p></td><td rowspan="1" colspan="1"><p>202510716</p></td><td rowspan="1" colspan="1"><p>Licenciatura</p></td><td rowspan="1" colspan="1"><p>EDUCAÇÃO FÍSICA</p></td><td rowspan="1" colspan="1"><p>40</p></td><td rowspan="1" colspan="1"><p>CENTRO UNIVERSITARIO ESTACIO DE SANTA CATARINA - ESTACIO DE SANTA CATARINA -</p></td><td rowspan="1" colspan="1"><p>SOCIEDADE DE ENSINO SUPERIOR ESTACIO DE SA LTDA</p></td></tr><tr><td rowspan="1" colspan="1"><p>314</p></td><td rowspan="1" colspan="1"><p>202509097</p></td><td rowspan="1" colspan="1"><p>Bacharelado</p></td><td rowspan="1" colspan="1"><p>ENGENHARIA CIVIL</p></td><td rowspan="1" colspan="1"><p>100</p></td><td rowspan="1" colspan="1"><p>CENTRO UNIVERSITARIO ESTACIO DE SANTA CATARINA - ESTACIO DE SANTA CATARINA -</p></td><td rowspan="1" colspan="1"><p>SOCIEDADE DE ENSINO SUPERIOR ESTACIO DE SA LTDA</p></td></tr></table>]]></Texto>
  </body>
  <Midias />
</article></xml>