﻿<xml><article id="45406314" name="PORTARIA NA 607 - 11.09.2025_001" idOficio="11278735" pubName="DO1" artType="Portaria" pubDate="12/09/2025" artClass="00025:00046:00000:00000:00000:00000:00000:00000:00000:00000:00054:00000" artCategory="Ministério da Educação/Secretaria de Regulação e Supervisão da Educação Superior" artSize="24" artNotes="" numberPage="49" pdfPage="http://pesquisa.in.gov.br/imprensa/jsp/visualiza/index.jsp?data=12/09/2025&amp;jornal=515&amp;pagina=49" editionNumber="174" highlightType="" highlightPriority="" highlight="" highlightimage="" highlightimagename="" idMateria="23098714">
  <body>
    <Identifica><![CDATA[ PORTARIA SERES/MEC Nº 607, DE 11 DE SETEMBRO DE 2025]]></Identifica>
    <Data><![CDATA[]]></Data>
    <Ementa />
    <Titulo />
    <SubTitulo />
    <Texto><![CDATA[<p class="identifica">PORTARIA SERES/MEC Nº 607, DE 11 DE SETEMBRO DE 2025</p><p>A SECRETÁRIA DE REGULAÇÃO E SUPERVISÃO DA EDUCAÇÃO SUPERIOR, no uso das atribuições que lhe confere o Decreto nº 11.691, de 5 de setembro de 2023, e tendo em vista os Decretos nº 9.235, de 15 de dezembro de 2017, e nº 12.456, de 19 de maio de 2025; as Portarias Normativas MEC nºs 20 e 23, de 21 de dezembro de 2017; a Portaria MEC nº 381, de 20 de maio de 2025; conforme consta dos processos e-MEC listados na planilha anexa e do processo SEI nº 23000.021707/2025-11, resolve:</p><p>Art. 1º Fica(m) autorizado(s) o(s) curso(s) superior(es) no formato semipresencial, relacionado(s) no Anexo desta Portaria, com as vagas totais anuais nele estabelecidas, nos termos do art. 10, do Decreto nº 9.235, de 2017.</p><p>Art. 2º Os endereços utilizados para as atividades presenciais dos cursos de graduação, ofertados no formato semipresencial, são, exclusivamente, aqueles constantes do Cadastro e-MEC, em conformidade com o art. 30 do Decreto nº 12.456, de 2025.</p><p>Art. 3º A(s) instituição(ões) deverá(ão) solicitar o reconhecimento do(s) curso(s), neste ato autorizado(s), nos termos do art. 46 do Decreto nº 9.235, de 2017.</p><p>Art. 4º Esta portaria entra em vigor na data de sua publicação.</p><p class="assina">MARTA ABRAMO</p><p>ANEXO</p><p /><p></p><table><tr /><tr><td rowspan="1" colspan="1"><p>Nº de Ordem</p></td><td rowspan="1" colspan="1"><p>Nº do Processo</p></td><td rowspan="1" colspan="1"><p>Grau</p></td><td rowspan="1" colspan="1"><p>Curso</p></td><td rowspan="1" colspan="1"><p>Nº de Vagas Totais Anuais</p></td><td rowspan="1" colspan="1"><p>Mantida</p></td><td rowspan="1" colspan="1"><p>Mantenedora</p></td></tr><tr><td rowspan="1" colspan="1"><p>1</p></td><td rowspan="1" colspan="1"><p>202509314</p></td><td rowspan="1" colspan="1"><p>Tecnológico</p></td><td rowspan="1" colspan="1"><p>ELETRÔNICA INDUSTRIAL</p></td><td rowspan="1" colspan="1"><p>500</p></td><td rowspan="1" colspan="1"><p>CENTRO UNIVERSITARIO DE TECNOLOGIA DE CURITIBA - UNIFATEC</p></td><td rowspan="1" colspan="1"><p>ESCOLA TECNOLOGICA DE CURITIBA LTDA - EPP</p></td></tr><tr><td rowspan="1" colspan="1"><p>2</p></td><td rowspan="1" colspan="1"><p>202515802</p></td><td rowspan="1" colspan="1"><p>Bacharelado</p></td><td rowspan="1" colspan="1"><p>ENGENHARIA CIVIL</p></td><td rowspan="1" colspan="1"><p>5000</p></td><td rowspan="1" colspan="1"><p>CENTRO UNIVERSITARIO DE TECNOLOGIA DE CURITIBA - UNIFATEC</p></td><td rowspan="1" colspan="1"><p>ESCOLA TECNOLOGICA DE CURITIBA LTDA - EPP</p></td></tr><tr><td rowspan="1" colspan="1"><p>3</p></td><td rowspan="1" colspan="1"><p>202515800</p></td><td rowspan="1" colspan="1"><p>Bacharelado</p></td><td rowspan="1" colspan="1"><p>ENGENHARIA DE COMPUTAÇÃO</p></td><td rowspan="1" colspan="1"><p>5000</p></td><td rowspan="1" colspan="1"><p>CENTRO UNIVERSITARIO DE TECNOLOGIA DE CURITIBA - UNIFATEC</p></td><td rowspan="1" colspan="1"><p>ESCOLA TECNOLOGICA DE CURITIBA LTDA - EPP</p></td></tr><tr><td rowspan="1" colspan="1"><p>4</p></td><td rowspan="1" colspan="1"><p>202515797</p></td><td rowspan="1" colspan="1"><p>Bacharelado</p></td><td rowspan="1" colspan="1"><p>ENGENHARIA DE PRODUÇÃO</p></td><td rowspan="1" colspan="1"><p>5000</p></td><td rowspan="1" colspan="1"><p>CENTRO UNIVERSITARIO DE TECNOLOGIA DE CURITIBA - UNIFATEC</p></td><td rowspan="1" colspan="1"><p>ESCOLA TECNOLOGICA DE CURITIBA LTDA - EPP</p></td></tr><tr><td rowspan="1" colspan="1"><p>5</p></td><td rowspan="1" colspan="1"><p>202515796</p></td><td rowspan="1" colspan="1"><p>Bacharelado</p></td><td rowspan="1" colspan="1"><p>ENGENHARIA ELÉTRICA</p></td><td rowspan="1" colspan="1"><p>5000</p></td><td rowspan="1" colspan="1"><p>CENTRO UNIVERSITARIO DE TECNOLOGIA DE CURITIBA - UNIFATEC</p></td><td rowspan="1" colspan="1"><p>ESCOLA TECNOLOGICA DE CURITIBA LTDA - EPP</p></td></tr><tr><td rowspan="1" colspan="1"><p>6</p></td><td rowspan="1" colspan="1"><p>202515798</p></td><td rowspan="1" colspan="1"><p>Bacharelado</p></td><td rowspan="1" colspan="1"><p>ENGENHARIA MECÂNICA</p></td><td rowspan="1" colspan="1"><p>5000</p></td><td rowspan="1" colspan="1"><p>CENTRO UNIVERSITARIO DE TECNOLOGIA DE CURITIBA - UNIFATEC</p></td><td rowspan="1" colspan="1"><p>ESCOLA TECNOLOGICA DE CURITIBA LTDA - EPP</p></td></tr><tr><td rowspan="1" colspan="1"><p>7</p></td><td rowspan="1" colspan="1"><p>202515799</p></td><td rowspan="1" colspan="1"><p>Bacharelado</p></td><td rowspan="1" colspan="1"><p>ENGENHARIA QUÍMICA</p></td><td rowspan="1" colspan="1"><p>5000</p></td><td rowspan="1" colspan="1"><p>CENTRO UNIVERSITARIO DE TECNOLOGIA DE CURITIBA - UNIFATEC</p></td><td rowspan="1" colspan="1"><p>ESCOLA TECNOLOGICA DE CURITIBA LTDA - EPP</p></td></tr><tr><td rowspan="1" colspan="1"><p>8</p></td><td rowspan="1" colspan="1"><p>202511105</p></td><td rowspan="1" colspan="1"><p>Licenciatura</p></td><td rowspan="1" colspan="1"><p>PEDAGOGIA</p></td><td rowspan="1" colspan="1"><p>500</p></td><td rowspan="1" colspan="1"><p>CENTRO UNIVERSITARIO DE TECNOLOGIA DE CURITIBA - UNIFATEC</p></td><td rowspan="1" colspan="1"><p>ESCOLA TECNOLOGICA DE CURITIBA LTDA - EPP</p></td></tr><tr><td rowspan="1" colspan="1"><p>9</p></td><td rowspan="1" colspan="1"><p>202509313</p></td><td rowspan="1" colspan="1"><p>Tecnológico</p></td><td rowspan="1" colspan="1"><p>SISTEMAS DE TELECOMUNICAÇÕES</p></td><td rowspan="1" colspan="1"><p>500</p></td><td rowspan="1" colspan="1"><p>CENTRO UNIVERSITARIO DE TECNOLOGIA DE CURITIBA - UNIFATEC</p></td><td rowspan="1" colspan="1"><p>ESCOLA TECNOLOGICA DE CURITIBA LTDA - EPP</p></td></tr><tr><td rowspan="1" colspan="1"><p>10</p></td><td rowspan="1" colspan="1"><p>202517035</p></td><td rowspan="1" colspan="1"><p>Tecnológico</p></td><td rowspan="1" colspan="1"><p>ESTÉTICA E COSMÉTICA</p></td><td rowspan="1" colspan="1"><p>800</p></td><td rowspan="1" colspan="1"><p>CENTRO UNIVERSITARIO DE TECNOLOGIA E NEGOCIOS CARLOS DRUMMOND DE ANDRADE - UNITEN CDA</p></td><td rowspan="1" colspan="1"><p>SOCIEDADE EDUCACIONAL SOIBRA S/S LTDA</p></td></tr><tr><td rowspan="1" colspan="1"><p>11</p></td><td rowspan="1" colspan="1"><p>202517034</p></td><td rowspan="1" colspan="1"><p>Tecnológico</p></td><td rowspan="1" colspan="1"><p>GESTÃO HOSPITALAR</p></td><td rowspan="1" colspan="1"><p>1200</p></td><td rowspan="1" colspan="1"><p>CENTRO UNIVERSITARIO DE TECNOLOGIA E NEGOCIOS CARLOS DRUMMOND DE ANDRADE - UNITEN CDA</p></td><td rowspan="1" colspan="1"><p>SOCIEDADE EDUCACIONAL SOIBRA S/S LTDA</p></td></tr><tr><td rowspan="1" colspan="1"><p>12</p></td><td rowspan="1" colspan="1"><p>202516435</p></td><td rowspan="1" colspan="1"><p>Licenciatura</p></td><td rowspan="1" colspan="1"><p>PEDAGOGIA</p></td><td rowspan="1" colspan="1"><p>1600</p></td><td rowspan="1" colspan="1"><p>CENTRO UNIVERSITARIO DE TECNOLOGIA E NEGOCIOS CARLOS DRUMMOND DE ANDRADE - UNITEN CDA</p></td><td rowspan="1" colspan="1"><p>SOCIEDADE EDUCACIONAL SOIBRA S/S LTDA</p></td></tr><tr><td rowspan="1" colspan="1"><p>13</p></td><td rowspan="1" colspan="1"><p>202515692</p></td><td rowspan="1" colspan="1"><p>Tecnológico</p></td><td rowspan="1" colspan="1"><p>SISTEMAS BIOMÉDICOS</p></td><td rowspan="1" colspan="1"><p>1200</p></td><td rowspan="1" colspan="1"><p>CENTRO UNIVERSITARIO DE TECNOLOGIA E NEGOCIOS CARLOS DRUMMOND DE ANDRADE - UNITEN CDA</p></td><td rowspan="1" colspan="1"><p>SOCIEDADE EDUCACIONAL SOIBRA S/S LTDA</p></td></tr><tr><td rowspan="1" colspan="1"><p>14</p></td><td rowspan="1" colspan="1"><p>202515139</p></td><td rowspan="1" colspan="1"><p>Bacharelado</p></td><td rowspan="1" colspan="1"><p>EDUCAÇÃO FÍSICA</p></td><td rowspan="1" colspan="1"><p>480</p></td><td rowspan="1" colspan="1"><p>CENTRO UNIVERSITARIO DE UNIAO DA VITORIA - UNIUV</p></td><td rowspan="1" colspan="1"><p>FUNDACAO MUNICIPAL CENTRO UNIVERSITARIO DA CIDADE DE UNIAO DA VITORIA - UNIUV</p></td></tr><tr><td rowspan="1" colspan="1"><p>15</p></td><td rowspan="1" colspan="1"><p>202516204</p></td><td rowspan="1" colspan="1"><p>Licenciatura</p></td><td rowspan="1" colspan="1"><p>EDUCAÇÃO FÍSICA</p></td><td rowspan="1" colspan="1"><p>480</p></td><td rowspan="1" colspan="1"><p>CENTRO UNIVERSITARIO DE UNIAO DA VITORIA - UNIUV</p></td><td rowspan="1" colspan="1"><p>FUNDACAO MUNICIPAL CENTRO UNIVERSITARIO DA CIDADE DE UNIAO DA VITORIA - UNIUV</p></td></tr><tr><td rowspan="1" colspan="1"><p>16</p></td><td rowspan="1" colspan="1"><p>202515576</p></td><td rowspan="1" colspan="1"><p>Bacharelado</p></td><td rowspan="1" colspan="1"><p>ENGENHARIA CIVIL</p></td><td rowspan="1" colspan="1"><p>500</p></td><td rowspan="1" colspan="1"><p>CENTRO UNIVERSITARIO DE UNIAO DA VITORIA - UNIUV</p></td><td rowspan="1" colspan="1"><p>FUNDACAO MUNICIPAL CENTRO UNIVERSITARIO DA CIDADE DE UNIAO DA VITORIA - UNIUV</p></td></tr><tr><td rowspan="1" colspan="1"><p>17</p></td><td rowspan="1" colspan="1"><p>202515599</p></td><td rowspan="1" colspan="1"><p>Bacharelado</p></td><td rowspan="1" colspan="1"><p>ARQUITETURA E URBANISMO</p></td><td rowspan="1" colspan="1"><p>2000</p></td><td rowspan="1" colspan="1"><p>CENTRO UNIVERSITARIO DE VARZEA GRANDE - UNIVAG</p></td><td rowspan="1" colspan="1"><p>IEMAT SOCIEDADE EDUCACIONAL LTDA</p></td></tr><tr><td rowspan="1" colspan="1"><p>18</p></td><td rowspan="1" colspan="1"><p>202515156</p></td><td rowspan="1" colspan="1"><p>Bacharelado</p></td><td rowspan="1" colspan="1"><p>BIOMEDICINA</p></td><td rowspan="1" colspan="1"><p>2400</p></td><td rowspan="1" colspan="1"><p>CENTRO UNIVERSITARIO DE VARZEA GRANDE - UNIVAG</p></td><td rowspan="1" colspan="1"><p>IEMAT SOCIEDADE EDUCACIONAL LTDA</p></td></tr><tr><td rowspan="1" colspan="1"><p>19</p></td><td rowspan="1" colspan="1"><p>202515158</p></td><td rowspan="1" colspan="1"><p>Bacharelado</p></td><td rowspan="1" colspan="1"><p>EDUCAÇÃO FÍSICA</p></td><td rowspan="1" colspan="1"><p>1600</p></td><td rowspan="1" colspan="1"><p>CENTRO UNIVERSITARIO DE VARZEA GRANDE - UNIVAG</p></td><td rowspan="1" colspan="1"><p>IEMAT SOCIEDADE EDUCACIONAL LTDA</p></td></tr><tr><td rowspan="1" colspan="1"><p>20</p></td><td rowspan="1" colspan="1"><p>202516251</p></td><td rowspan="1" colspan="1"><p>Licenciatura</p></td><td rowspan="1" colspan="1"><p>EDUCAÇÃO FÍSICA</p></td><td rowspan="1" colspan="1"><p>1200</p></td><td rowspan="1" colspan="1"><p>CENTRO UNIVERSITARIO DE VARZEA GRANDE - UNIVAG</p></td><td rowspan="1" colspan="1"><p>IEMAT SOCIEDADE EDUCACIONAL LTDA</p></td></tr><tr><td rowspan="1" colspan="1"><p>21</p></td><td rowspan="1" colspan="1"><p>202515600</p></td><td rowspan="1" colspan="1"><p>Bacharelado</p></td><td rowspan="1" colspan="1"><p>ENGENHARIA AMBIENTAL E SANITÁRIA</p></td><td rowspan="1" colspan="1"><p>2000</p></td><td rowspan="1" colspan="1"><p>CENTRO UNIVERSITARIO DE VARZEA GRANDE - UNIVAG</p></td><td rowspan="1" colspan="1"><p>IEMAT SOCIEDADE EDUCACIONAL LTDA</p></td></tr><tr><td rowspan="1" colspan="1"><p>22</p></td><td rowspan="1" colspan="1"><p>202515604</p></td><td rowspan="1" colspan="1"><p>Bacharelado</p></td><td rowspan="1" colspan="1"><p>ENGENHARIA CIVIL</p></td><td rowspan="1" colspan="1"><p>3000</p></td><td rowspan="1" colspan="1"><p>CENTRO UNIVERSITARIO DE VARZEA GRANDE - UNIVAG</p></td><td rowspan="1" colspan="1"><p>IEMAT SOCIEDADE EDUCACIONAL LTDA</p></td></tr><tr><td rowspan="1" colspan="1"><p>23</p></td><td rowspan="1" colspan="1"><p>202515603</p></td><td rowspan="1" colspan="1"><p>Bacharelado</p></td><td rowspan="1" colspan="1"><p>ENGENHARIA DE ALIMENTOS</p></td><td rowspan="1" colspan="1"><p>1000</p></td><td rowspan="1" colspan="1"><p>CENTRO UNIVERSITARIO DE VARZEA GRANDE - UNIVAG</p></td><td rowspan="1" colspan="1"><p>IEMAT SOCIEDADE EDUCACIONAL LTDA</p></td></tr><tr><td rowspan="1" colspan="1"><p>24</p></td><td rowspan="1" colspan="1"><p>202515602</p></td><td rowspan="1" colspan="1"><p>Bacharelado</p></td><td rowspan="1" colspan="1"><p>ENGENHARIA DE PRODUÇÃO</p></td><td rowspan="1" colspan="1"><p>2000</p></td><td rowspan="1" colspan="1"><p>CENTRO UNIVERSITARIO DE VARZEA GRANDE - UNIVAG</p></td><td rowspan="1" colspan="1"><p>IEMAT SOCIEDADE EDUCACIONAL LTDA</p></td></tr><tr><td rowspan="1" colspan="1"><p>25</p></td><td rowspan="1" colspan="1"><p>202515601</p></td><td rowspan="1" colspan="1"><p>Bacharelado</p></td><td rowspan="1" colspan="1"><p>ENGENHARIA ELÉTRICA</p></td><td rowspan="1" colspan="1"><p>3000</p></td><td rowspan="1" colspan="1"><p>CENTRO UNIVERSITARIO DE VARZEA GRANDE - UNIVAG</p></td><td rowspan="1" colspan="1"><p>IEMAT SOCIEDADE EDUCACIONAL LTDA</p></td></tr><tr><td rowspan="1" colspan="1"><p>26</p></td><td rowspan="1" colspan="1"><p>202511769</p></td><td rowspan="1" colspan="1"><p>Tecnológico</p></td><td rowspan="1" colspan="1"><p>ESTÉTICA E COSMÉTICA</p></td><td rowspan="1" colspan="1"><p>200</p></td><td rowspan="1" colspan="1"><p>CENTRO UNIVERSITARIO DE VARZEA GRANDE - UNIVAG</p></td><td rowspan="1" colspan="1"><p>IEMAT SOCIEDADE EDUCACIONAL LTDA</p></td></tr><tr><td rowspan="1" colspan="1"><p>27</p></td><td rowspan="1" colspan="1"><p>202515154</p></td><td rowspan="1" colspan="1"><p>Bacharelado</p></td><td rowspan="1" colspan="1"><p>FARMÁCIA</p></td><td rowspan="1" colspan="1"><p>3000</p></td><td rowspan="1" colspan="1"><p>CENTRO UNIVERSITARIO DE VARZEA GRANDE - UNIVAG</p></td><td rowspan="1" colspan="1"><p>IEMAT SOCIEDADE EDUCACIONAL LTDA</p></td></tr><tr><td rowspan="1" colspan="1"><p>28</p></td><td rowspan="1" colspan="1"><p>202515157</p></td><td rowspan="1" colspan="1"><p>Bacharelado</p></td><td rowspan="1" colspan="1"><p>FISIOTERAPIA</p></td><td rowspan="1" colspan="1"><p>2400</p></td><td rowspan="1" colspan="1"><p>CENTRO UNIVERSITARIO DE VARZEA GRANDE - UNIVAG</p></td><td rowspan="1" colspan="1"><p>IEMAT SOCIEDADE EDUCACIONAL LTDA</p></td></tr><tr><td rowspan="1" colspan="1"><p>29</p></td><td rowspan="1" colspan="1"><p>202515155</p></td><td rowspan="1" colspan="1"><p>Bacharelado</p></td><td rowspan="1" colspan="1"><p>FONOAUDIOLOGIA</p></td><td rowspan="1" colspan="1"><p>2400</p></td><td rowspan="1" colspan="1"><p>CENTRO UNIVERSITARIO DE VARZEA GRANDE - UNIVAG</p></td><td rowspan="1" colspan="1"><p>IEMAT SOCIEDADE EDUCACIONAL LTDA</p></td></tr><tr><td rowspan="1" colspan="1"><p>30</p></td><td rowspan="1" colspan="1"><p>202516252</p></td><td rowspan="1" colspan="1"><p>Licenciatura</p></td><td rowspan="1" colspan="1"><p>LETRAS - PORTUGUÊS E INGLÊS</p></td><td rowspan="1" colspan="1"><p>2400</p></td><td rowspan="1" colspan="1"><p>CENTRO UNIVERSITARIO DE VARZEA GRANDE - UNIVAG</p></td><td rowspan="1" colspan="1"><p>IEMAT SOCIEDADE EDUCACIONAL LTDA</p></td></tr><tr><td rowspan="1" colspan="1"><p>31</p></td><td rowspan="1" colspan="1"><p>202515152</p></td><td rowspan="1" colspan="1"><p>Bacharelado</p></td><td rowspan="1" colspan="1"><p>NUTRIÇÃO</p></td><td rowspan="1" colspan="1"><p>2400</p></td><td rowspan="1" colspan="1"><p>CENTRO UNIVERSITARIO DE VARZEA GRANDE - UNIVAG</p></td><td rowspan="1" colspan="1"><p>IEMAT SOCIEDADE EDUCACIONAL LTDA</p></td></tr><tr><td rowspan="1" colspan="1"><p>32</p></td><td rowspan="1" colspan="1"><p>202516253</p></td><td rowspan="1" colspan="1"><p>Licenciatura</p></td><td rowspan="1" colspan="1"><p>PEDAGOGIA</p></td><td rowspan="1" colspan="1"><p>2400</p></td><td rowspan="1" colspan="1"><p>CENTRO UNIVERSITARIO DE VARZEA GRANDE - UNIVAG</p></td><td rowspan="1" colspan="1"><p>IEMAT SOCIEDADE EDUCACIONAL LTDA</p></td></tr><tr><td rowspan="1" colspan="1"><p>33</p></td><td rowspan="1" colspan="1"><p>202515899</p></td><td rowspan="1" colspan="1"><p>Tecnológico</p></td><td rowspan="1" colspan="1"><p>PRODUÇÃO DE GRÃOS</p></td><td rowspan="1" colspan="1"><p>1200</p></td><td rowspan="1" colspan="1"><p>CENTRO UNIVERSITARIO DE VARZEA GRANDE - UNIVAG</p></td><td rowspan="1" colspan="1"><p>IEMAT SOCIEDADE EDUCACIONAL LTDA</p></td></tr><tr><td rowspan="1" colspan="1"><p>34</p></td><td rowspan="1" colspan="1"><p>202515159</p></td><td rowspan="1" colspan="1"><p>Tecnológico</p></td><td rowspan="1" colspan="1"><p>RADIOLOGIA</p></td><td rowspan="1" colspan="1"><p>600</p></td><td rowspan="1" colspan="1"><p>CENTRO UNIVERSITARIO DE VARZEA GRANDE - UNIVAG</p></td><td rowspan="1" colspan="1"><p>IEMAT SOCIEDADE EDUCACIONAL LTDA</p></td></tr><tr><td rowspan="1" colspan="1"><p>35</p></td><td rowspan="1" colspan="1"><p>202515153</p></td><td rowspan="1" colspan="1"><p>Bacharelado</p></td><td rowspan="1" colspan="1"><p>SERVIÇO SOCIAL</p></td><td rowspan="1" colspan="1"><p>1600</p></td><td rowspan="1" colspan="1"><p>CENTRO UNIVERSITARIO DE VARZEA GRANDE - UNIVAG</p></td><td rowspan="1" colspan="1"><p>IEMAT SOCIEDADE EDUCACIONAL LTDA</p></td></tr><tr><td rowspan="1" colspan="1"><p>36</p></td><td rowspan="1" colspan="1"><p>202515160</p></td><td rowspan="1" colspan="1"><p>Bacharelado</p></td><td rowspan="1" colspan="1"><p>TERAPIA OCUPACIONAL</p></td><td rowspan="1" colspan="1"><p>2400</p></td><td rowspan="1" colspan="1"><p>CENTRO UNIVERSITARIO DE VARZEA GRANDE - UNIVAG</p></td><td rowspan="1" colspan="1"><p>IEMAT SOCIEDADE EDUCACIONAL LTDA</p></td></tr><tr><td rowspan="1" colspan="1"><p>37</p></td><td rowspan="1" colspan="1"><p>202515549</p></td><td rowspan="1" colspan="1"><p>Bacharelado</p></td><td rowspan="1" colspan="1"><p>ENGENHARIA CIVIL</p></td><td rowspan="1" colspan="1"><p>3000</p></td><td rowspan="1" colspan="1"><p>CENTRO UNIVERSITARIO DE VOLTA REDONDA - UNIFOA</p></td><td rowspan="1" colspan="1"><p>FUNDACAO OSWALDO ARANHA</p></td></tr><tr><td rowspan="1" colspan="1"><p>38</p></td><td rowspan="1" colspan="1"><p>202515548</p></td><td rowspan="1" colspan="1"><p>Bacharelado</p></td><td rowspan="1" colspan="1"><p>ENGENHARIA DE COMPUTAÇÃO</p></td><td rowspan="1" colspan="1"><p>3000</p></td><td rowspan="1" colspan="1"><p>CENTRO UNIVERSITARIO DE VOLTA REDONDA - UNIFOA</p></td><td rowspan="1" colspan="1"><p>FUNDACAO OSWALDO ARANHA</p></td></tr><tr><td rowspan="1" colspan="1"><p>39</p></td><td rowspan="1" colspan="1"><p>202515547</p></td><td rowspan="1" colspan="1"><p>Bacharelado</p></td><td rowspan="1" colspan="1"><p>ENGENHARIA DE PRODUÇÃO</p></td><td rowspan="1" colspan="1"><p>3000</p></td><td rowspan="1" colspan="1"><p>CENTRO UNIVERSITARIO DE VOLTA REDONDA - UNIFOA</p></td><td rowspan="1" colspan="1"><p>FUNDACAO OSWALDO ARANHA</p></td></tr><tr><td rowspan="1" colspan="1"><p>40</p></td><td rowspan="1" colspan="1"><p>202509746</p></td><td rowspan="1" colspan="1"><p>Licenciatura</p></td><td rowspan="1" colspan="1"><p>LETRAS - PORTUGUÊS E INGLÊS</p></td><td rowspan="1" colspan="1"><p>500</p></td><td rowspan="1" colspan="1"><p>CENTRO UNIVERSITARIO DE VOTUPORANGA - UNIFEV</p></td><td rowspan="1" colspan="1"><p>FUNDACAO EDUCACIONAL DE VOTUPORANGA</p></td></tr><tr><td rowspan="1" colspan="1"><p>41</p></td><td rowspan="1" colspan="1"><p>202509747</p></td><td rowspan="1" colspan="1"><p>Licenciatura</p></td><td rowspan="1" colspan="1"><p>PEDAGOGIA</p></td><td rowspan="1" colspan="1"><p>500</p></td><td rowspan="1" colspan="1"><p>CENTRO UNIVERSITARIO DE VOTUPORANGA - UNIFEV</p></td><td rowspan="1" colspan="1"><p>FUNDACAO EDUCACIONAL DE VOTUPORANGA</p></td></tr><tr><td rowspan="1" colspan="1"><p>42</p></td><td rowspan="1" colspan="1"><p>202510601</p></td><td rowspan="1" colspan="1"><p>Licenciatura</p></td><td rowspan="1" colspan="1"><p>PEDAGOGIA</p></td><td rowspan="1" colspan="1"><p>1000</p></td><td rowspan="1" colspan="1"><p>CENTRO UNIVERSITARIO DINAMICA DAS CATARATAS - UDC</p></td><td rowspan="1" colspan="1"><p>UNIAO DINAMICA DE FACULDADES CATARATAS UDC LTDA</p></td></tr><tr><td rowspan="1" colspan="1"><p>43</p></td><td rowspan="1" colspan="1"><p>202508402</p></td><td rowspan="1" colspan="1"><p>Bacharelado</p></td><td rowspan="1" colspan="1"><p>BIOMEDICINA</p></td><td rowspan="1" colspan="1"><p>100</p></td><td rowspan="1" colspan="1"><p>CENTRO UNIVERSITARIO DO ESPIRITO SANTO UNESC - UNESC</p></td><td rowspan="1" colspan="1"><p>UNIAO DE EDUCACAO E CULTURA GILDASIO AMADO LTDA</p></td></tr><tr><td rowspan="1" colspan="1"><p>44</p></td><td rowspan="1" colspan="1"><p>202515008</p></td><td rowspan="1" colspan="1"><p>Bacharelado</p></td><td rowspan="1" colspan="1"><p>CIÊNCIAS BIOLÓGICAS</p></td><td rowspan="1" colspan="1"><p>800</p></td><td rowspan="1" colspan="1"><p>CENTRO UNIVERSITARIO DO ESPIRITO SANTO UNESC - UNESC</p></td><td rowspan="1" colspan="1"><p>UNIAO DE EDUCACAO E CULTURA GILDASIO AMADO LTDA</p></td></tr><tr><td rowspan="1" colspan="1"><p>45</p></td><td rowspan="1" colspan="1"><p>202508400</p></td><td rowspan="1" colspan="1"><p>Bacharelado</p></td><td rowspan="1" colspan="1"><p>FONOAUDIOLOGIA</p></td><td rowspan="1" colspan="1"><p>100</p></td><td rowspan="1" colspan="1"><p>CENTRO UNIVERSITARIO DO ESPIRITO SANTO UNESC - UNESC</p></td><td rowspan="1" colspan="1"><p>UNIAO DE EDUCACAO E CULTURA GILDASIO AMADO LTDA</p></td></tr><tr><td rowspan="1" colspan="1"><p>46</p></td><td rowspan="1" colspan="1"><p>202515913</p></td><td rowspan="1" colspan="1"><p>Bacharelado</p></td><td rowspan="1" colspan="1"><p>MEDICINA VETERINÁRIA</p></td><td rowspan="1" colspan="1"><p>6000</p></td><td rowspan="1" colspan="1"><p>CENTRO UNIVERSITARIO DO ESPIRITO SANTO UNESC - UNESC</p></td><td rowspan="1" colspan="1"><p>UNIAO DE EDUCACAO E CULTURA GILDASIO AMADO LTDA</p></td></tr><tr><td rowspan="1" colspan="1"><p>47</p></td><td rowspan="1" colspan="1"><p>202516382</p></td><td rowspan="1" colspan="1"><p>Licenciatura</p></td><td rowspan="1" colspan="1"><p>PEDAGOGIA</p></td><td rowspan="1" colspan="1"><p>1600</p></td><td rowspan="1" colspan="1"><p>CENTRO UNIVERSITARIO DO ESPIRITO SANTO UNESC - UNESC</p></td><td rowspan="1" colspan="1"><p>UNIAO DE EDUCACAO E CULTURA GILDASIO AMADO LTDA</p></td></tr><tr><td rowspan="1" colspan="1"><p>48</p></td><td rowspan="1" colspan="1"><p>202515234</p></td><td rowspan="1" colspan="1"><p>Bacharelado</p></td><td rowspan="1" colspan="1"><p>SERVIÇO SOCIAL</p></td><td rowspan="1" colspan="1"><p>1600</p></td><td rowspan="1" colspan="1"><p>CENTRO UNIVERSITARIO DO ESPIRITO SANTO UNESC - UNESC</p></td><td rowspan="1" colspan="1"><p>UNIAO DE EDUCACAO E CULTURA GILDASIO AMADO LTDA</p></td></tr><tr><td rowspan="1" colspan="1"><p>49</p></td><td rowspan="1" colspan="1"><p>202508401</p></td><td rowspan="1" colspan="1"><p>Bacharelado</p></td><td rowspan="1" colspan="1"><p>TERAPIA OCUPACIONAL</p></td><td rowspan="1" colspan="1"><p>100</p></td><td rowspan="1" colspan="1"><p>CENTRO UNIVERSITARIO DO ESPIRITO SANTO UNESC - UNESC</p></td><td rowspan="1" colspan="1"><p>UNIAO DE EDUCACAO E CULTURA GILDASIO AMADO LTDA</p></td></tr></table>]]></Texto>
  </body>
  <Midias />
</article></xml>