﻿<xml><article id="45405360" name="888_PRONAS" idOficio="11278678" pubName="DO1" artType="Portaria" pubDate="12/09/2025" artClass="00047:00002:00000:00000:00000:00000:00000:00000:00000:00000:00054:00000" artCategory="Ministério da Saúde/Secretaria Executiva" artSize="12" artNotes="" numberPage="187" pdfPage="http://pesquisa.in.gov.br/imprensa/jsp/visualiza/index.jsp?data=12/09/2025&amp;jornal=515&amp;pagina=187" editionNumber="174" highlightType="" highlightPriority="" highlight="" highlightimage="" highlightimagename="" idMateria="23098597">
  <body>
    <Identifica><![CDATA[ PORTARIA SE/MS Nº 888, DE 10 DE SETEMBRO DE 2025]]></Identifica>
    <Data><![CDATA[]]></Data>
    <Ementa><![CDATA[ Dá publicidade ao resultado da análise de prestação de contas anual de projeto executado no âmbito do Programa Nacional de Apoio à Atenção da Saúde da Pessoa com Deficiência (Pronas/PCD).]]></Ementa>
    <Titulo />
    <SubTitulo />
    <Texto><![CDATA[<p class="identifica">PORTARIA SE/MS Nº 888, DE 10 DE SETEMBRO DE 2025</p><p class="ementa">Dá publicidade ao resultado da análise de prestação de contas anual de projeto executado no âmbito do Programa Nacional de Apoio à Atenção da Saúde da Pessoa com Deficiência (Pronas/PCD).</p><p>O SECRETÁRIO-EXECUTIVO DO MINISTÉRIO DA SAÚDE, no uso das atribuições legais que lhe confere o art. 13 do Anexo I do Decreto nº 11.798, de 28 de novembro de 2023; considerando os arts. 1º ao 14 da Lei nº 12.715, de 17 de setembro de 2012, que institui o Programa Nacional de Apoio à Atenção Oncológica (Pronon) e o Programa Nacional de Apoio à Atenção da Saúde da Pessoa com Deficiência (Pronas/PCD); considerando a regulamentação estabelecida pelo Decreto nº 7.988, de 17 de abril de 2013, e considerando o disposto no art. 100 do Anexo LXXXVI à Portaria de Consolidação nº 5/GM/MS, de 28 de setembro de 2017, resolve:</p><p>Art. 1º Publicar o seguinte resultado da análise de prestação de contas anual de projeto executado no âmbito do Programa Nacional de Apoio à Atenção da Saúde da Pessoa com Deficiência (Pronas/PCD).</p><p>Razão Social: Associação de Pais e Amigos dos Excepcionais - APAE de São Miguel do Oeste.</p><p>CNPJ: 83.691.055/0001-12.</p><p>Município/UF: São Miguel do Oeste/SC.</p><p>Título do projeto: "Ludoterapia na APAE São Miguel do Oeste (SC)".</p><p>Órgão responsável pela análise: Secretaria de Atenção Especializada à Saúde (SAES/MS).</p><p>Tipo de análise: Execução física.</p><p>Processo NUP:25000.124765/2023-60.</p><p>Período analisado: Exercício 2024.</p><p>Embasamento: Parecer de Mérito nº 181/2025-CGSPD/DAET/SAES/MS (0049362499) e Despacho SAES/CGPROJ/SAES/MS (0050025674).</p><p>Resultado: Aprovada com ressalvas.</p><p>Art. 2º Esta Portaria entra em vigor na data de sua publicação.</p><p class="assina">ADRIANO MASSUDA</p>]]></Texto>
  </body>
  <Midias />
</article></xml>