﻿<xml><article id="45406365" name="PORTARIA NA 608 - 11.09.2025_008" idOficio="11278735" pubName="DO1" artType="Portaria" pubDate="12/09/2025" artClass="00025:00046:00000:00000:00000:00000:00000:00000:00000:00000:00054:00000" artCategory="Ministério da Educação/Secretaria de Regulação e Supervisão da Educação Superior" artSize="24" artNotes="" numberPage="66" pdfPage="http://pesquisa.in.gov.br/imprensa/jsp/visualiza/index.jsp?data=12/09/2025&amp;jornal=515&amp;pagina=66" editionNumber="174" highlightType="" highlightPriority="" highlight="" highlightimage="" highlightimagename="" idMateria="23098715">
  <body>
    <Identifica />
    <Data><![CDATA[]]></Data>
    <Ementa />
    <Titulo />
    <SubTitulo />
    <Texto><![CDATA[<p /><p></p><table><tr /><tr><td rowspan="1" colspan="1"><p>336</p></td><td rowspan="1" colspan="1"><p>202517820</p></td><td rowspan="1" colspan="1"><p>Bacharelado</p></td><td rowspan="1" colspan="1"><p>ENGENHARIA ELÉTRICA</p></td><td rowspan="1" colspan="1"><p>600</p></td><td rowspan="1" colspan="1"><p>CENTRO UNIVERSITARIO ICESP - UNICESP</p></td><td rowspan="1" colspan="1"><p>UNICA EDUCACIONAL LTDA</p></td></tr><tr><td rowspan="1" colspan="1"><p>337</p></td><td rowspan="1" colspan="1"><p>202517416</p></td><td rowspan="1" colspan="1"><p>Bacharelado</p></td><td rowspan="1" colspan="1"><p>ENGENHARIA MECÂNICA</p></td><td rowspan="1" colspan="1"><p>600</p></td><td rowspan="1" colspan="1"><p>CENTRO UNIVERSITARIO ICESP - UNICESP</p></td><td rowspan="1" colspan="1"><p>UNICA EDUCACIONAL LTDA</p></td></tr><tr><td rowspan="1" colspan="1"><p>338</p></td><td rowspan="1" colspan="1"><p>202517671</p></td><td rowspan="1" colspan="1"><p>Bacharelado</p></td><td rowspan="1" colspan="1"><p>FARMÁCIA</p></td><td rowspan="1" colspan="1"><p>400</p></td><td rowspan="1" colspan="1"><p>CENTRO UNIVERSITARIO ICESP - UNICESP</p></td><td rowspan="1" colspan="1"><p>UNICA EDUCACIONAL LTDA</p></td></tr><tr><td rowspan="1" colspan="1"><p>339</p></td><td rowspan="1" colspan="1"><p>202517765</p></td><td rowspan="1" colspan="1"><p>Bacharelado</p></td><td rowspan="1" colspan="1"><p>MEDICINA VETERINÁRIA</p></td><td rowspan="1" colspan="1"><p>400</p></td><td rowspan="1" colspan="1"><p>CENTRO UNIVERSITARIO ICESP - UNICESP</p></td><td rowspan="1" colspan="1"><p>UNICA EDUCACIONAL LTDA</p></td></tr><tr><td rowspan="1" colspan="1"><p>340</p></td><td rowspan="1" colspan="1"><p>202515927</p></td><td rowspan="1" colspan="1"><p>Bacharelado</p></td><td rowspan="1" colspan="1"><p>AGRONOMIA</p></td><td rowspan="1" colspan="1"><p>3000</p></td><td rowspan="1" colspan="1"><p>CENTRO UNIVERSITARIO IDEAU -</p></td><td rowspan="1" colspan="1"><p>INSTITUTO DE DESENVOLVIMENTO EDUCACIONAL DO ALTO URUGUAI LTDA</p></td></tr><tr><td rowspan="1" colspan="1"><p>341</p></td><td rowspan="1" colspan="1"><p>202515770</p></td><td rowspan="1" colspan="1"><p>Bacharelado</p></td><td rowspan="1" colspan="1"><p>ARQUITETURA E URBANISMO</p></td><td rowspan="1" colspan="1"><p>3000</p></td><td rowspan="1" colspan="1"><p>CENTRO UNIVERSITARIO IDEAU -</p></td><td rowspan="1" colspan="1"><p>INSTITUTO DE DESENVOLVIMENTO EDUCACIONAL DO ALTO URUGUAI LTDA</p></td></tr><tr><td rowspan="1" colspan="1"><p>342</p></td><td rowspan="1" colspan="1"><p>202516597</p></td><td rowspan="1" colspan="1"><p>Licenciatura</p></td><td rowspan="1" colspan="1"><p>ARTES</p></td><td rowspan="1" colspan="1"><p>2400</p></td><td rowspan="1" colspan="1"><p>CENTRO UNIVERSITARIO IDEAU -</p></td><td rowspan="1" colspan="1"><p>INSTITUTO DE DESENVOLVIMENTO EDUCACIONAL DO ALTO URUGUAI LTDA</p></td></tr><tr><td rowspan="1" colspan="1"><p>343</p></td><td rowspan="1" colspan="1"><p>202515343</p></td><td rowspan="1" colspan="1"><p>Bacharelado</p></td><td rowspan="1" colspan="1"><p>BIOMEDICINA</p></td><td rowspan="1" colspan="1"><p>400</p></td><td rowspan="1" colspan="1"><p>CENTRO UNIVERSITARIO IDEAU -</p></td><td rowspan="1" colspan="1"><p>INSTITUTO DE DESENVOLVIMENTO EDUCACIONAL DO ALTO URUGUAI LTDA</p></td></tr><tr><td rowspan="1" colspan="1"><p>344</p></td><td rowspan="1" colspan="1"><p>202516600</p></td><td rowspan="1" colspan="1"><p>Licenciatura</p></td><td rowspan="1" colspan="1"><p>CIÊNCIAS BIOLÓGICAS</p></td><td rowspan="1" colspan="1"><p>2400</p></td><td rowspan="1" colspan="1"><p>CENTRO UNIVERSITARIO IDEAU -</p></td><td rowspan="1" colspan="1"><p>INSTITUTO DE DESENVOLVIMENTO EDUCACIONAL DO ALTO URUGUAI LTDA</p></td></tr><tr><td rowspan="1" colspan="1"><p>345</p></td><td rowspan="1" colspan="1"><p>202516596</p></td><td rowspan="1" colspan="1"><p>Licenciatura</p></td><td rowspan="1" colspan="1"><p>CIÊNCIAS SOCIAIS</p></td><td rowspan="1" colspan="1"><p>2400</p></td><td rowspan="1" colspan="1"><p>CENTRO UNIVERSITARIO IDEAU -</p></td><td rowspan="1" colspan="1"><p>INSTITUTO DE DESENVOLVIMENTO EDUCACIONAL DO ALTO URUGUAI LTDA</p></td></tr><tr><td rowspan="1" colspan="1"><p>346</p></td><td rowspan="1" colspan="1"><p>202515346</p></td><td rowspan="1" colspan="1"><p>Bacharelado</p></td><td rowspan="1" colspan="1"><p>EDUCAÇÃO FÍSICA</p></td><td rowspan="1" colspan="1"><p>2400</p></td><td rowspan="1" colspan="1"><p>CENTRO UNIVERSITARIO IDEAU -</p></td><td rowspan="1" colspan="1"><p>INSTITUTO DE DESENVOLVIMENTO EDUCACIONAL DO ALTO URUGUAI LTDA</p></td></tr><tr><td rowspan="1" colspan="1"><p>347</p></td><td rowspan="1" colspan="1"><p>202516598</p></td><td rowspan="1" colspan="1"><p>Licenciatura</p></td><td rowspan="1" colspan="1"><p>EDUCAÇÃO FÍSICA</p></td><td rowspan="1" colspan="1"><p>2400</p></td><td rowspan="1" colspan="1"><p>CENTRO UNIVERSITARIO IDEAU -</p></td><td rowspan="1" colspan="1"><p>INSTITUTO DE DESENVOLVIMENTO EDUCACIONAL DO ALTO URUGUAI LTDA</p></td></tr><tr><td rowspan="1" colspan="1"><p>348</p></td><td rowspan="1" colspan="1"><p>202515768</p></td><td rowspan="1" colspan="1"><p>Bacharelado</p></td><td rowspan="1" colspan="1"><p>ENGENHARIA CIVIL</p></td><td rowspan="1" colspan="1"><p>3000</p></td><td rowspan="1" colspan="1"><p>CENTRO UNIVERSITARIO IDEAU -</p></td><td rowspan="1" colspan="1"><p>INSTITUTO DE DESENVOLVIMENTO EDUCACIONAL DO ALTO URUGUAI LTDA</p></td></tr><tr><td rowspan="1" colspan="1"><p>349</p></td><td rowspan="1" colspan="1"><p>202515769</p></td><td rowspan="1" colspan="1"><p>Bacharelado</p></td><td rowspan="1" colspan="1"><p>ENGENHARIA DE PRODUÇÃO</p></td><td rowspan="1" colspan="1"><p>3000</p></td><td rowspan="1" colspan="1"><p>CENTRO UNIVERSITARIO IDEAU -</p></td><td rowspan="1" colspan="1"><p>INSTITUTO DE DESENVOLVIMENTO EDUCACIONAL DO ALTO URUGUAI LTDA</p></td></tr><tr><td rowspan="1" colspan="1"><p>350</p></td><td rowspan="1" colspan="1"><p>202515771</p></td><td rowspan="1" colspan="1"><p>Bacharelado</p></td><td rowspan="1" colspan="1"><p>ENGENHARIA ELÉTRICA</p></td><td rowspan="1" colspan="1"><p>3000</p></td><td rowspan="1" colspan="1"><p>CENTRO UNIVERSITARIO IDEAU -</p></td><td rowspan="1" colspan="1"><p>INSTITUTO DE DESENVOLVIMENTO EDUCACIONAL DO ALTO URUGUAI LTDA</p></td></tr><tr><td rowspan="1" colspan="1"><p>351</p></td><td rowspan="1" colspan="1"><p>202515772</p></td><td rowspan="1" colspan="1"><p>Bacharelado</p></td><td rowspan="1" colspan="1"><p>ENGENHARIA MECÂNICA</p></td><td rowspan="1" colspan="1"><p>3000</p></td><td rowspan="1" colspan="1"><p>CENTRO UNIVERSITARIO IDEAU -</p></td><td rowspan="1" colspan="1"><p>INSTITUTO DE DESENVOLVIMENTO EDUCACIONAL DO ALTO URUGUAI LTDA</p></td></tr><tr><td rowspan="1" colspan="1"><p>352</p></td><td rowspan="1" colspan="1"><p>202517066</p></td><td rowspan="1" colspan="1"><p>Tecnológico</p></td><td rowspan="1" colspan="1"><p>ESTÉTICA E COSMÉTICA</p></td><td rowspan="1" colspan="1"><p>1800</p></td><td rowspan="1" colspan="1"><p>CENTRO UNIVERSITARIO IDEAU -</p></td><td rowspan="1" colspan="1"><p>INSTITUTO DE DESENVOLVIMENTO EDUCACIONAL DO ALTO URUGUAI LTDA</p></td></tr><tr><td rowspan="1" colspan="1"><p>353</p></td><td rowspan="1" colspan="1"><p>202516601</p></td><td rowspan="1" colspan="1"><p>Licenciatura</p></td><td rowspan="1" colspan="1"><p>FILOSOFIA</p></td><td rowspan="1" colspan="1"><p>2400</p></td><td rowspan="1" colspan="1"><p>CENTRO UNIVERSITARIO IDEAU -</p></td><td rowspan="1" colspan="1"><p>INSTITUTO DE DESENVOLVIMENTO EDUCACIONAL DO ALTO URUGUAI LTDA</p></td></tr><tr><td rowspan="1" colspan="1"><p>354</p></td><td rowspan="1" colspan="1"><p>202516602</p></td><td rowspan="1" colspan="1"><p>Licenciatura</p></td><td rowspan="1" colspan="1"><p>FÍSICA</p></td><td rowspan="1" colspan="1"><p>2400</p></td><td rowspan="1" colspan="1"><p>CENTRO UNIVERSITARIO IDEAU -</p></td><td rowspan="1" colspan="1"><p>INSTITUTO DE DESENVOLVIMENTO EDUCACIONAL DO ALTO URUGUAI LTDA</p></td></tr><tr><td rowspan="1" colspan="1"><p>355</p></td><td rowspan="1" colspan="1"><p>202515345</p></td><td rowspan="1" colspan="1"><p>Bacharelado</p></td><td rowspan="1" colspan="1"><p>FISIOTERAPIA</p></td><td rowspan="1" colspan="1"><p>3000</p></td><td rowspan="1" colspan="1"><p>CENTRO UNIVERSITARIO IDEAU -</p></td><td rowspan="1" colspan="1"><p>INSTITUTO DE DESENVOLVIMENTO EDUCACIONAL DO ALTO URUGUAI LTDA</p></td></tr><tr><td rowspan="1" colspan="1"><p>356</p></td><td rowspan="1" colspan="1"><p>202516604</p></td><td rowspan="1" colspan="1"><p>Licenciatura</p></td><td rowspan="1" colspan="1"><p>GEOGRAFIA</p></td><td rowspan="1" colspan="1"><p>2400</p></td><td rowspan="1" colspan="1"><p>CENTRO UNIVERSITARIO IDEAU -</p></td><td rowspan="1" colspan="1"><p>INSTITUTO DE DESENVOLVIMENTO EDUCACIONAL DO ALTO URUGUAI LTDA</p></td></tr><tr><td rowspan="1" colspan="1"><p>357</p></td><td rowspan="1" colspan="1"><p>202516599</p></td><td rowspan="1" colspan="1"><p>Licenciatura</p></td><td rowspan="1" colspan="1"><p>HISTÓRIA</p></td><td rowspan="1" colspan="1"><p>2400</p></td><td rowspan="1" colspan="1"><p>CENTRO UNIVERSITARIO IDEAU -</p></td><td rowspan="1" colspan="1"><p>INSTITUTO DE DESENVOLVIMENTO EDUCACIONAL DO ALTO URUGUAI LTDA</p></td></tr><tr><td rowspan="1" colspan="1"><p>358</p></td><td rowspan="1" colspan="1"><p>202516603</p></td><td rowspan="1" colspan="1"><p>Licenciatura</p></td><td rowspan="1" colspan="1"><p>LETRAS</p></td><td rowspan="1" colspan="1"><p>2400</p></td><td rowspan="1" colspan="1"><p>CENTRO UNIVERSITARIO IDEAU -</p></td><td rowspan="1" colspan="1"><p>INSTITUTO DE DESENVOLVIMENTO EDUCACIONAL DO ALTO URUGUAI LTDA</p></td></tr><tr><td rowspan="1" colspan="1"><p>359</p></td><td rowspan="1" colspan="1"><p>202516595</p></td><td rowspan="1" colspan="1"><p>Licenciatura</p></td><td rowspan="1" colspan="1"><p>MATEMÁTICA</p></td><td rowspan="1" colspan="1"><p>2400</p></td><td rowspan="1" colspan="1"><p>CENTRO UNIVERSITARIO IDEAU -</p></td><td rowspan="1" colspan="1"><p>INSTITUTO DE DESENVOLVIMENTO EDUCACIONAL DO ALTO URUGUAI LTDA</p></td></tr><tr><td rowspan="1" colspan="1"><p>360</p></td><td rowspan="1" colspan="1"><p>202515926</p></td><td rowspan="1" colspan="1"><p>Bacharelado</p></td><td rowspan="1" colspan="1"><p>MEDICINA VETERINÁRIA</p></td><td rowspan="1" colspan="1"><p>3000</p></td><td rowspan="1" colspan="1"><p>CENTRO UNIVERSITARIO IDEAU -</p></td><td rowspan="1" colspan="1"><p>INSTITUTO DE DESENVOLVIMENTO EDUCACIONAL DO ALTO URUGUAI LTDA</p></td></tr><tr><td rowspan="1" colspan="1"><p>361</p></td><td rowspan="1" colspan="1"><p>202515344</p></td><td rowspan="1" colspan="1"><p>Bacharelado</p></td><td rowspan="1" colspan="1"><p>NUTRIÇÃO</p></td><td rowspan="1" colspan="1"><p>2400</p></td><td rowspan="1" colspan="1"><p>CENTRO UNIVERSITARIO IDEAU -</p></td><td rowspan="1" colspan="1"><p>INSTITUTO DE DESENVOLVIMENTO EDUCACIONAL DO ALTO URUGUAI LTDA</p></td></tr><tr><td rowspan="1" colspan="1"><p>362</p></td><td rowspan="1" colspan="1"><p>202516594</p></td><td rowspan="1" colspan="1"><p>Licenciatura</p></td><td rowspan="1" colspan="1"><p>PEDAGOGIA</p></td><td rowspan="1" colspan="1"><p>2400</p></td><td rowspan="1" colspan="1"><p>CENTRO UNIVERSITARIO IDEAU -</p></td><td rowspan="1" colspan="1"><p>INSTITUTO DE DESENVOLVIMENTO EDUCACIONAL DO ALTO URUGUAI LTDA</p></td></tr><tr><td rowspan="1" colspan="1"><p>363</p></td><td rowspan="1" colspan="1"><p>202516605</p></td><td rowspan="1" colspan="1"><p>Licenciatura</p></td><td rowspan="1" colspan="1"><p>QUÍMICA</p></td><td rowspan="1" colspan="1"><p>2400</p></td><td rowspan="1" colspan="1"><p>CENTRO UNIVERSITARIO IDEAU -</p></td><td rowspan="1" colspan="1"><p>INSTITUTO DE DESENVOLVIMENTO EDUCACIONAL DO ALTO URUGUAI LTDA</p></td></tr><tr><td rowspan="1" colspan="1"><p>364</p></td><td rowspan="1" colspan="1"><p>202516606</p></td><td rowspan="1" colspan="1"><p>Licenciatura</p></td><td rowspan="1" colspan="1"><p>SOCIOLOGIA</p></td><td rowspan="1" colspan="1"><p>2400</p></td><td rowspan="1" colspan="1"><p>CENTRO UNIVERSITARIO IDEAU -</p></td><td rowspan="1" colspan="1"><p>INSTITUTO DE DESENVOLVIMENTO EDUCACIONAL DO ALTO URUGUAI LTDA</p></td></tr><tr><td rowspan="1" colspan="1"><p>365</p></td><td rowspan="1" colspan="1"><p>202509053</p></td><td rowspan="1" colspan="1"><p>Tecnológico</p></td><td rowspan="1" colspan="1"><p>AGRIMENSURA</p></td><td rowspan="1" colspan="1"><p>1200</p></td><td rowspan="1" colspan="1"><p>CENTRO UNIVERSITARIO INGA -</p></td><td rowspan="1" colspan="1"><p>UNIDADE DE ENSINO SUPERIOR INGA LTDA</p></td></tr><tr><td rowspan="1" colspan="1"><p>366</p></td><td rowspan="1" colspan="1"><p>202509418</p></td><td rowspan="1" colspan="1"><p>Bacharelado</p></td><td rowspan="1" colspan="1"><p>AGRONOMIA</p></td><td rowspan="1" colspan="1"><p>1500</p></td><td rowspan="1" colspan="1"><p>CENTRO UNIVERSITARIO INGA -</p></td><td rowspan="1" colspan="1"><p>UNIDADE DE ENSINO SUPERIOR INGA LTDA</p></td></tr><tr><td rowspan="1" colspan="1"><p>367</p></td><td rowspan="1" colspan="1"><p>202509058</p></td><td rowspan="1" colspan="1"><p>Bacharelado</p></td><td rowspan="1" colspan="1"><p>ARQUITETURA E URBANISMO</p></td><td rowspan="1" colspan="1"><p>300</p></td><td rowspan="1" colspan="1"><p>CENTRO UNIVERSITARIO INGA -</p></td><td rowspan="1" colspan="1"><p>UNIDADE DE ENSINO SUPERIOR INGA LTDA</p></td></tr><tr><td rowspan="1" colspan="1"><p>368</p></td><td rowspan="1" colspan="1"><p>202507816</p></td><td rowspan="1" colspan="1"><p>Bacharelado</p></td><td rowspan="1" colspan="1"><p>BIOLOGIA</p></td><td rowspan="1" colspan="1"><p>1200</p></td><td rowspan="1" colspan="1"><p>CENTRO UNIVERSITARIO INGA -</p></td><td rowspan="1" colspan="1"><p>UNIDADE DE ENSINO SUPERIOR INGA LTDA</p></td></tr><tr><td rowspan="1" colspan="1"><p>369</p></td><td rowspan="1" colspan="1"><p>202508319</p></td><td rowspan="1" colspan="1"><p>Bacharelado</p></td><td rowspan="1" colspan="1"><p>BIOMEDICINA</p></td><td rowspan="1" colspan="1"><p>1200</p></td><td rowspan="1" colspan="1"><p>CENTRO UNIVERSITARIO INGA -</p></td><td rowspan="1" colspan="1"><p>UNIDADE DE ENSINO SUPERIOR INGA LTDA</p></td></tr><tr><td rowspan="1" colspan="1"><p>370</p></td><td rowspan="1" colspan="1"><p>202508315</p></td><td rowspan="1" colspan="1"><p>Bacharelado</p></td><td rowspan="1" colspan="1"><p>EDUCAÇÃO FÍSICA</p></td><td rowspan="1" colspan="1"><p>1200</p></td><td rowspan="1" colspan="1"><p>CENTRO UNIVERSITARIO INGA -</p></td><td rowspan="1" colspan="1"><p>UNIDADE DE ENSINO SUPERIOR INGA LTDA</p></td></tr><tr><td rowspan="1" colspan="1"><p>371</p></td><td rowspan="1" colspan="1"><p>202510630</p></td><td rowspan="1" colspan="1"><p>Licenciatura</p></td><td rowspan="1" colspan="1"><p>EDUCAÇÃO FÍSICA</p></td><td rowspan="1" colspan="1"><p>1200</p></td><td rowspan="1" colspan="1"><p>CENTRO UNIVERSITARIO INGA -</p></td><td rowspan="1" colspan="1"><p>UNIDADE DE ENSINO SUPERIOR INGA LTDA</p></td></tr><tr><td rowspan="1" colspan="1"><p>372</p></td><td rowspan="1" colspan="1"><p>202509054</p></td><td rowspan="1" colspan="1"><p>Bacharelado</p></td><td rowspan="1" colspan="1"><p>ENGENHARIA CIVIL</p></td><td rowspan="1" colspan="1"><p>800</p></td><td rowspan="1" colspan="1"><p>CENTRO UNIVERSITARIO INGA -</p></td><td rowspan="1" colspan="1"><p>UNIDADE DE ENSINO SUPERIOR INGA LTDA</p></td></tr></table>]]></Texto>
  </body>
  <Midias />
</article></xml>