﻿<xml><article id="45416225" name="ADE7DECEXRJO181" idOficio="11280835" pubName="DO1" artType="Ato Declaratório" pubDate="12/09/2025" artClass="00028:00032:00435:00099:00006:00000:00000:00000:00000:00000:00007:00000" artCategory="Ministério da Fazenda/Secretaria Especial da Receita Federal do Brasil/Secretaria-Adjunta/Superintendência Regional da Receita Federal do Brasil 7ª Região Fiscal/Delegacia de Fiscalização de Comércio Exterior da Receita Federal do Brasil no Rio de Janeiro" artSize="24" artNotes="" numberPage="138" pdfPage="http://pesquisa.in.gov.br/imprensa/jsp/visualiza/index.jsp?data=12/09/2025&amp;jornal=515&amp;pagina=138" editionNumber="174" highlightType="" highlightPriority="" highlight="" highlightimage="" highlightimagename="" idMateria="23102073">
  <body>
    <Identifica><![CDATA[ ATO DECLARATÓRIO EXECUTIVO DECEX/RJO Nº 181, DE 10 DE SETEMBRO DE 2025]]></Identifica>
    <Data><![CDATA[]]></Data>
    <Ementa><![CDATA[ Declara habilitada ao regime aduaneiro especial de utilização econômica destinado a bens a serem utilizados nas atividades de exploração, desenvolvimento e produção de petróleo e de gás natural (Repetro), na modalidade Repetro-Sped, a pessoa jurídica que menciona.]]></Ementa>
    <Titulo />
    <SubTitulo />
    <Texto><![CDATA[<p class="identifica">ATO DECLARATÓRIO EXECUTIVO DECEX/RJO Nº 181, DE 10 DE SETEMBRO DE 2025</p><p class="ementa">Declara habilitada ao regime aduaneiro especial de utilização econômica destinado a bens a serem utilizados nas atividades de exploração, desenvolvimento e produção de petróleo e de gás natural (Repetro), na modalidade Repetro-Sped, a pessoa jurídica que menciona.</p><p>O DELEGADO-ADJUNTO DE FISCALIZAÇÃO DE COMÉRCIO EXTERIOR DA RECEITA FEDERAL DO BRASIL NO RIO DE JANEIRO - DECEX/RJO, no uso da competência prevista no art. 6º, caput, da Instrução Normativa RFB nº 1.781, de 29 de dezembro de 2017, DECLARA:</p><p>Art. 1º Com base no dossiê de atendimento (DDA) nº 13113.284567/2025-60, fica habilitada ao regime aduaneiro especial de utilização econômica destinado a bens a serem utilizados nas atividades de exploração, desenvolvimento e produção de petróleo e de gás natural, Repetro - instituído pelo Decreto nº 3.161/99, com base no § único do artigo 79 da Lei nº 9.430/96 e regulamentado pelos artigos 458 a 462 do Decreto nº 6.759/09 - na modalidade Repetro-Sped, com fulcro no artigo 2º, incisos III, IV e VI, artigo 4º, § 1º, inciso I, artigo 5º e artigo 6º, caput, e §§ 5º e 6º, da IN RFB nº 1.781/2017, a pessoa jurídica BP ENERGY DO BRASIL LTDA, CNPJ (matriz) nº 02.873.528/0001-09 e os estabelecimentos/depósitos de CNPJ nº 02.873.528/0013-34, 02.873.528/0014-15, 02.873.528/0015-04, 02.873.528/0016-87, 02.873.528/0017-68, 02.873.528/0018-49 e 02.873.528/0019-20 para atuar como operadora, até o termo final, consignado no Anexo, devendo ser observado o disposto na citada Instrução Normativa, em especial em seus artigos 1º e 3º.</p><p>Art. 2º No caso de descumprimento do regime aplica-se o disposto no art. 311 do Decreto nº 6.759/09 e a multa prevista no art. 72, inciso I, da Lei nº 10.833/03, sem prejuízo de outras penalidades cabíveis.</p><p>Art.3º Revogue-se o Ato Declaratório Executivo Decex/RJO nº 174, de 01 de setembro de 2025, publicado no Diário Oficial da União de 03 de setembro de 2025.</p><p>Art. 4º Este Ato Declaratório Executivo entra em vigor na data de sua publicação no Diário Oficial da União.</p><p class="assina">MARCUS ANTONIO BRUNO DE ALBUQUERQUE</p><p class="anexo">ANEXO</p><p /><p></p><table><tr /><tr><td rowspan="1" colspan="1"><p>NOME DO BLOCO OU CAMPO</p></td><td rowspan="1" colspan="1"><p>LOCALIZAÇÃO</p></td><td rowspan="1" colspan="1"><p>DATA DE VALIDADE CONCEDIDA PELA ANP</p></td></tr><tr><td rowspan="1" colspan="1"><p>TUPINAMBÁ</p><p>(Contrato de Partilha nº 48610.239990/2023-17</p></td><td rowspan="1" colspan="1"><p>BACIA DE SANTOS</p></td><td rowspan="1" colspan="1"><p>31/12/2040</p></td></tr><tr><td rowspan="1" colspan="1"><p>PAU BRASIL - P5</p><p>(Contrato de Partilha nº 48610.011229/2018-55)</p></td><td rowspan="1" colspan="1"><p>PRÉ-SAL BACIA DE SANTOS</p></td><td rowspan="1" colspan="1"><p>31/12/2040</p></td></tr><tr><td rowspan="1" colspan="1"><p>BUMERANGUE</p><p>(Contrato de Partilha nº 48610.232917/2022-33)</p></td><td rowspan="1" colspan="1"><p>BACIA DE SANTOS</p></td><td rowspan="1" colspan="1"><p>31/12/2040</p></td></tr></table>]]></Texto>
  </body>
  <Midias />
</article></xml>