﻿<xml><article id="45408949" name="20250908-Extr-ato-mult-andreia__" idOficio="11279621" pubName="DO1" artType="Ato" pubDate="12/09/2025" artClass="00014:00019:00014:00155:00000:00000:00000:00000:00000:00000:00006:00000" artCategory="Ministério das Comunicações/Agência Nacional de Telecomunicações/Superintendência de Fiscalização/Gerência Regional no Estado de Minas Gerais" artSize="12" artNotes="" numberPage="18" pdfPage="http://pesquisa.in.gov.br/imprensa/jsp/visualiza/index.jsp?data=12/09/2025&amp;jornal=515&amp;pagina=18" editionNumber="174" highlightType="" highlightPriority="" highlight="" highlightimage="" highlightimagename="" idMateria="23099832">
  <body>
    <Identifica><![CDATA[ ATOS DE 8 DE SETEMBRO DE 2025]]></Identifica>
    <Data><![CDATA[]]></Data>
    <Ementa />
    <Titulo />
    <SubTitulo />
    <Texto><![CDATA[<p class="identifica">ATOS DE 8 DE SETEMBRO DE 2025</p><p>Nº 12.195 - Expede autorização a ROBERTO VAGNER DE OLIVEIRA SANTOS, CPF nº ***.397.826-**, para explorar Serviços de Telecomunicações de Interesse Restrito, por prazo indeterminado, sem caráter de exclusividade, e tendo como área de prestação de serviço todo o território nacional.</p><p>Nº 12.244 - Outorga autorização para uso de Radiofrequências a RADIO ZERO FM LTDA, executante do serviço Radiodifusão Sonora em Frequência Modulada, CNPJ nº 03.741.705/0001-58, no município de Areado/MG, até 28/08/2033, visando execução do Serviço Auxiliar de Radiodifusão e Correlatos de Ligação para Transmissão de Programas, na referida cidade.</p><p>Nº 12.249 - Expede autorização a RADIO BARBACENA LTDA, CNPJ nº 17.087.545/0001-80, para explorar Serviços de Telecomunicações de Interesse Restrito, por prazo indeterminado, sem caráter de exclusividade, e tendo como área de prestação de serviço todo o território nacional.</p><p>Nº 12.267 - Expede autorização a GABRIEL DE LIMA FREITAS, CPF nº ***.773.056-**, para explorar Serviços de Telecomunicações de Interesse Restrito, por prazo indeterminado, sem caráter de exclusividade, e tendo como área de prestação de serviço todo o território nacional.</p><p>Nº 12.270 - Expede autorização a RADIO DE GUARANI NOVIDADES FM LTDA, CNPJ nº 04.929.372/0001-58, para explorar Serviços de Telecomunicações de Interesse Restrito, por prazo indeterminado, sem caráter de exclusividade, e tendo como área de prestação de serviço todo o território nacional.</p><p>Nº 12.271 - Expede autorização a SIDNEY FERNANDES GODINHO, CPF nº ***.251.216-**, para explorar Serviços de Telecomunicações de Interesse Restrito, por prazo indeterminado, sem caráter de exclusividade, e tendo como área de prestação de serviço todo o território nacional.</p><p class="assina">Andréia Cristina Costa</p><p class="cargo">Gerente Substituta</p>]]></Texto>
  </body>
  <Midias />
</article></xml>