﻿<xml><article id="45406371" name="PORTARIA NA 608 - 11.09.2025_010" idOficio="11278735" pubName="DO1" artType="Portaria" pubDate="12/09/2025" artClass="00025:00046:00000:00000:00000:00000:00000:00000:00000:00000:00054:00000" artCategory="Ministério da Educação/Secretaria de Regulação e Supervisão da Educação Superior" artSize="24" artNotes="" numberPage="68" pdfPage="http://pesquisa.in.gov.br/imprensa/jsp/visualiza/index.jsp?data=12/09/2025&amp;jornal=515&amp;pagina=68" editionNumber="174" highlightType="" highlightPriority="" highlight="" highlightimage="" highlightimagename="" idMateria="23098715">
  <body>
    <Identifica />
    <Data><![CDATA[]]></Data>
    <Ementa />
    <Titulo />
    <SubTitulo />
    <Texto><![CDATA[<p /><p></p><table><tr /><tr><td rowspan="1" colspan="1"><p>440</p></td><td rowspan="1" colspan="1"><p>202509087</p></td><td rowspan="1" colspan="1"><p>Bacharelado</p></td><td rowspan="1" colspan="1"><p>ENGENHARIA DE COMPUTAÇÃO</p></td><td rowspan="1" colspan="1"><p>1000</p></td><td rowspan="1" colspan="1"><p>CENTRO UNIVERSITARIO INTERNACIONAL - UNINTER</p></td><td rowspan="1" colspan="1"><p>UNINTER EDUCACIONAL S/A</p></td></tr><tr><td rowspan="1" colspan="1"><p>441</p></td><td rowspan="1" colspan="1"><p>202509080</p></td><td rowspan="1" colspan="1"><p>Bacharelado</p></td><td rowspan="1" colspan="1"><p>ENGENHARIA DE PRODUÇÃO</p></td><td rowspan="1" colspan="1"><p>2500</p></td><td rowspan="1" colspan="1"><p>CENTRO UNIVERSITARIO INTERNACIONAL - UNINTER</p></td><td rowspan="1" colspan="1"><p>UNINTER EDUCACIONAL S/A</p></td></tr><tr><td rowspan="1" colspan="1"><p>442</p></td><td rowspan="1" colspan="1"><p>202509081</p></td><td rowspan="1" colspan="1"><p>Bacharelado</p></td><td rowspan="1" colspan="1"><p>ENGENHARIA ELÉTRICA</p></td><td rowspan="1" colspan="1"><p>3000</p></td><td rowspan="1" colspan="1"><p>CENTRO UNIVERSITARIO INTERNACIONAL - UNINTER</p></td><td rowspan="1" colspan="1"><p>UNINTER EDUCACIONAL S/A</p></td></tr><tr><td rowspan="1" colspan="1"><p>443</p></td><td rowspan="1" colspan="1"><p>202509083</p></td><td rowspan="1" colspan="1"><p>Bacharelado</p></td><td rowspan="1" colspan="1"><p>ENGENHARIA MECÂNICA</p></td><td rowspan="1" colspan="1"><p>1500</p></td><td rowspan="1" colspan="1"><p>CENTRO UNIVERSITARIO INTERNACIONAL - UNINTER</p></td><td rowspan="1" colspan="1"><p>UNINTER EDUCACIONAL S/A</p></td></tr><tr><td rowspan="1" colspan="1"><p>444</p></td><td rowspan="1" colspan="1"><p>202511876</p></td><td rowspan="1" colspan="1"><p>Tecnológico</p></td><td rowspan="1" colspan="1"><p>ESTÉTICA E COSMÉTICA</p></td><td rowspan="1" colspan="1"><p>1500</p></td><td rowspan="1" colspan="1"><p>CENTRO UNIVERSITARIO INTERNACIONAL - UNINTER</p></td><td rowspan="1" colspan="1"><p>UNINTER EDUCACIONAL S/A</p></td></tr><tr><td rowspan="1" colspan="1"><p>445</p></td><td rowspan="1" colspan="1"><p>202508353</p></td><td rowspan="1" colspan="1"><p>Bacharelado</p></td><td rowspan="1" colspan="1"><p>FARMÁCIA</p></td><td rowspan="1" colspan="1"><p>1500</p></td><td rowspan="1" colspan="1"><p>CENTRO UNIVERSITARIO INTERNACIONAL - UNINTER</p></td><td rowspan="1" colspan="1"><p>UNINTER EDUCACIONAL S/A</p></td></tr><tr><td rowspan="1" colspan="1"><p>446</p></td><td rowspan="1" colspan="1"><p>202510694</p></td><td rowspan="1" colspan="1"><p>Licenciatura</p></td><td rowspan="1" colspan="1"><p>FILOSOFIA</p></td><td rowspan="1" colspan="1"><p>1200</p></td><td rowspan="1" colspan="1"><p>CENTRO UNIVERSITARIO INTERNACIONAL - UNINTER</p></td><td rowspan="1" colspan="1"><p>UNINTER EDUCACIONAL S/A</p></td></tr><tr><td rowspan="1" colspan="1"><p>447</p></td><td rowspan="1" colspan="1"><p>202507820</p></td><td rowspan="1" colspan="1"><p>Bacharelado</p></td><td rowspan="1" colspan="1"><p>FÍSICA</p></td><td rowspan="1" colspan="1"><p>700</p></td><td rowspan="1" colspan="1"><p>CENTRO UNIVERSITARIO INTERNACIONAL - UNINTER</p></td><td rowspan="1" colspan="1"><p>UNINTER EDUCACIONAL S/A</p></td></tr><tr><td rowspan="1" colspan="1"><p>448</p></td><td rowspan="1" colspan="1"><p>202510683</p></td><td rowspan="1" colspan="1"><p>Licenciatura</p></td><td rowspan="1" colspan="1"><p>FÍSICA</p></td><td rowspan="1" colspan="1"><p>500</p></td><td rowspan="1" colspan="1"><p>CENTRO UNIVERSITARIO INTERNACIONAL - UNINTER</p></td><td rowspan="1" colspan="1"><p>UNINTER EDUCACIONAL S/A</p></td></tr><tr><td rowspan="1" colspan="1"><p>449</p></td><td rowspan="1" colspan="1"><p>202508352</p></td><td rowspan="1" colspan="1"><p>Bacharelado</p></td><td rowspan="1" colspan="1"><p>FISIOTERAPIA</p></td><td rowspan="1" colspan="1"><p>1500</p></td><td rowspan="1" colspan="1"><p>CENTRO UNIVERSITARIO INTERNACIONAL - UNINTER</p></td><td rowspan="1" colspan="1"><p>UNINTER EDUCACIONAL S/A</p></td></tr><tr><td rowspan="1" colspan="1"><p>450</p></td><td rowspan="1" colspan="1"><p>202508369</p></td><td rowspan="1" colspan="1"><p>Bacharelado</p></td><td rowspan="1" colspan="1"><p>FONOAUDIOLOGIA</p></td><td rowspan="1" colspan="1"><p>7000</p></td><td rowspan="1" colspan="1"><p>CENTRO UNIVERSITARIO INTERNACIONAL - UNINTER</p></td><td rowspan="1" colspan="1"><p>UNINTER EDUCACIONAL S/A</p></td></tr><tr><td rowspan="1" colspan="1"><p>451</p></td><td rowspan="1" colspan="1"><p>202510680</p></td><td rowspan="1" colspan="1"><p>Licenciatura</p></td><td rowspan="1" colspan="1"><p>GEOGRAFIA</p></td><td rowspan="1" colspan="1"><p>1500</p></td><td rowspan="1" colspan="1"><p>CENTRO UNIVERSITARIO INTERNACIONAL - UNINTER</p></td><td rowspan="1" colspan="1"><p>UNINTER EDUCACIONAL S/A</p></td></tr><tr><td rowspan="1" colspan="1"><p>452</p></td><td rowspan="1" colspan="1"><p>202508360</p></td><td rowspan="1" colspan="1"><p>Bacharelado</p></td><td rowspan="1" colspan="1"><p>GERONTOLOGIA</p></td><td rowspan="1" colspan="1"><p>2000</p></td><td rowspan="1" colspan="1"><p>CENTRO UNIVERSITARIO INTERNACIONAL - UNINTER</p></td><td rowspan="1" colspan="1"><p>UNINTER EDUCACIONAL S/A</p></td></tr><tr><td rowspan="1" colspan="1"><p>453</p></td><td rowspan="1" colspan="1"><p>202509078</p></td><td rowspan="1" colspan="1"><p>Tecnológico</p></td><td rowspan="1" colspan="1"><p>GESTÃO AMBIENTAL</p></td><td rowspan="1" colspan="1"><p>3000</p></td><td rowspan="1" colspan="1"><p>CENTRO UNIVERSITARIO INTERNACIONAL - UNINTER</p></td><td rowspan="1" colspan="1"><p>UNINTER EDUCACIONAL S/A</p></td></tr><tr><td rowspan="1" colspan="1"><p>454</p></td><td rowspan="1" colspan="1"><p>202511875</p></td><td rowspan="1" colspan="1"><p>Tecnológico</p></td><td rowspan="1" colspan="1"><p>GESTÃO HOSPITALAR</p></td><td rowspan="1" colspan="1"><p>1500</p></td><td rowspan="1" colspan="1"><p>CENTRO UNIVERSITARIO INTERNACIONAL - UNINTER</p></td><td rowspan="1" colspan="1"><p>UNINTER EDUCACIONAL S/A</p></td></tr><tr><td rowspan="1" colspan="1"><p>455</p></td><td rowspan="1" colspan="1"><p>202510676</p></td><td rowspan="1" colspan="1"><p>Licenciatura</p></td><td rowspan="1" colspan="1"><p>HISTÓRIA</p></td><td rowspan="1" colspan="1"><p>2500</p></td><td rowspan="1" colspan="1"><p>CENTRO UNIVERSITARIO INTERNACIONAL - UNINTER</p></td><td rowspan="1" colspan="1"><p>UNINTER EDUCACIONAL S/A</p></td></tr><tr><td rowspan="1" colspan="1"><p>456</p></td><td rowspan="1" colspan="1"><p>202510692</p></td><td rowspan="1" colspan="1"><p>Licenciatura</p></td><td rowspan="1" colspan="1"><p>LETRAS - INGLÊS</p></td><td rowspan="1" colspan="1"><p>1500</p></td><td rowspan="1" colspan="1"><p>CENTRO UNIVERSITARIO INTERNACIONAL - UNINTER</p></td><td rowspan="1" colspan="1"><p>UNINTER EDUCACIONAL S/A</p></td></tr><tr><td rowspan="1" colspan="1"><p>457</p></td><td rowspan="1" colspan="1"><p>202510677</p></td><td rowspan="1" colspan="1"><p>Licenciatura</p></td><td rowspan="1" colspan="1"><p>LETRAS - LIBRAS</p></td><td rowspan="1" colspan="1"><p>1000</p></td><td rowspan="1" colspan="1"><p>CENTRO UNIVERSITARIO INTERNACIONAL - UNINTER</p></td><td rowspan="1" colspan="1"><p>UNINTER EDUCACIONAL S/A</p></td></tr><tr><td rowspan="1" colspan="1"><p>458</p></td><td rowspan="1" colspan="1"><p>202510691</p></td><td rowspan="1" colspan="1"><p>Licenciatura</p></td><td rowspan="1" colspan="1"><p>LETRAS - LÍNGUA PORTUGUESA</p></td><td rowspan="1" colspan="1"><p>2500</p></td><td rowspan="1" colspan="1"><p>CENTRO UNIVERSITARIO INTERNACIONAL - UNINTER</p></td><td rowspan="1" colspan="1"><p>UNINTER EDUCACIONAL S/A</p></td></tr><tr><td rowspan="1" colspan="1"><p>459</p></td><td rowspan="1" colspan="1"><p>202508364</p></td><td rowspan="1" colspan="1"><p>Tecnológico</p></td><td rowspan="1" colspan="1"><p>MASSOTERAPIA</p></td><td rowspan="1" colspan="1"><p>1500</p></td><td rowspan="1" colspan="1"><p>CENTRO UNIVERSITARIO INTERNACIONAL - UNINTER</p></td><td rowspan="1" colspan="1"><p>UNINTER EDUCACIONAL S/A</p></td></tr><tr><td rowspan="1" colspan="1"><p>460</p></td><td rowspan="1" colspan="1"><p>202507819</p></td><td rowspan="1" colspan="1"><p>Bacharelado</p></td><td rowspan="1" colspan="1"><p>MATEMÁTICA</p></td><td rowspan="1" colspan="1"><p>600</p></td><td rowspan="1" colspan="1"><p>CENTRO UNIVERSITARIO INTERNACIONAL - UNINTER</p></td><td rowspan="1" colspan="1"><p>UNINTER EDUCACIONAL S/A</p></td></tr><tr><td rowspan="1" colspan="1"><p>461</p></td><td rowspan="1" colspan="1"><p>202510690</p></td><td rowspan="1" colspan="1"><p>Licenciatura</p></td><td rowspan="1" colspan="1"><p>MATEMÁTICA</p></td><td rowspan="1" colspan="1"><p>2600</p></td><td rowspan="1" colspan="1"><p>CENTRO UNIVERSITARIO INTERNACIONAL - UNINTER</p></td><td rowspan="1" colspan="1"><p>UNINTER EDUCACIONAL S/A</p></td></tr><tr><td rowspan="1" colspan="1"><p>462</p></td><td rowspan="1" colspan="1"><p>202509077</p></td><td rowspan="1" colspan="1"><p>Tecnológico</p></td><td rowspan="1" colspan="1"><p>MECATRÔNICA AUTOMOTIVA</p></td><td rowspan="1" colspan="1"><p>1000</p></td><td rowspan="1" colspan="1"><p>CENTRO UNIVERSITARIO INTERNACIONAL - UNINTER</p></td><td rowspan="1" colspan="1"><p>UNINTER EDUCACIONAL S/A</p></td></tr><tr><td rowspan="1" colspan="1"><p>463</p></td><td rowspan="1" colspan="1"><p>202509427</p></td><td rowspan="1" colspan="1"><p>Bacharelado</p></td><td rowspan="1" colspan="1"><p>MEDICINA VETERINÁRIA</p></td><td rowspan="1" colspan="1"><p>2000</p></td><td rowspan="1" colspan="1"><p>CENTRO UNIVERSITARIO INTERNACIONAL - UNINTER</p></td><td rowspan="1" colspan="1"><p>UNINTER EDUCACIONAL S/A</p></td></tr><tr><td rowspan="1" colspan="1"><p>464</p></td><td rowspan="1" colspan="1"><p>202510693</p></td><td rowspan="1" colspan="1"><p>Licenciatura</p></td><td rowspan="1" colspan="1"><p>MÚSICA</p></td><td rowspan="1" colspan="1"><p>1700</p></td><td rowspan="1" colspan="1"><p>CENTRO UNIVERSITARIO INTERNACIONAL - UNINTER</p></td><td rowspan="1" colspan="1"><p>UNINTER EDUCACIONAL S/A</p></td></tr><tr><td rowspan="1" colspan="1"><p>465</p></td><td rowspan="1" colspan="1"><p>202508367</p></td><td rowspan="1" colspan="1"><p>Bacharelado</p></td><td rowspan="1" colspan="1"><p>NUTRIÇÃO</p></td><td rowspan="1" colspan="1"><p>1500</p></td><td rowspan="1" colspan="1"><p>CENTRO UNIVERSITARIO INTERNACIONAL - UNINTER</p></td><td rowspan="1" colspan="1"><p>UNINTER EDUCACIONAL S/A</p></td></tr><tr><td rowspan="1" colspan="1"><p>466</p></td><td rowspan="1" colspan="1"><p>202509079</p></td><td rowspan="1" colspan="1"><p>Tecnológico</p></td><td rowspan="1" colspan="1"><p>PAISAGISMO E JARDINAGEM</p></td><td rowspan="1" colspan="1"><p>1000</p></td><td rowspan="1" colspan="1"><p>CENTRO UNIVERSITARIO INTERNACIONAL - UNINTER</p></td><td rowspan="1" colspan="1"><p>UNINTER EDUCACIONAL S/A</p></td></tr><tr><td rowspan="1" colspan="1"><p>467</p></td><td rowspan="1" colspan="1"><p>202509424</p></td><td rowspan="1" colspan="1"><p>Tecnológico</p></td><td rowspan="1" colspan="1"><p>PECUÁRIA</p></td><td rowspan="1" colspan="1"><p>1000</p></td><td rowspan="1" colspan="1"><p>CENTRO UNIVERSITARIO INTERNACIONAL - UNINTER</p></td><td rowspan="1" colspan="1"><p>UNINTER EDUCACIONAL S/A</p></td></tr><tr><td rowspan="1" colspan="1"><p>468</p></td><td rowspan="1" colspan="1"><p>202510684</p></td><td rowspan="1" colspan="1"><p>Licenciatura</p></td><td rowspan="1" colspan="1"><p>PEDAGOGIA</p></td><td rowspan="1" colspan="1"><p>16000</p></td><td rowspan="1" colspan="1"><p>CENTRO UNIVERSITARIO INTERNACIONAL - UNINTER</p></td><td rowspan="1" colspan="1"><p>UNINTER EDUCACIONAL S/A</p></td></tr><tr><td rowspan="1" colspan="1"><p>469</p></td><td rowspan="1" colspan="1"><p>202508351</p></td><td rowspan="1" colspan="1"><p>Tecnológico</p></td><td rowspan="1" colspan="1"><p>PODOLOGIA</p></td><td rowspan="1" colspan="1"><p>1500</p></td><td rowspan="1" colspan="1"><p>CENTRO UNIVERSITARIO INTERNACIONAL - UNINTER</p></td><td rowspan="1" colspan="1"><p>UNINTER EDUCACIONAL S/A</p></td></tr><tr><td rowspan="1" colspan="1"><p>470</p></td><td rowspan="1" colspan="1"><p>202508363</p></td><td rowspan="1" colspan="1"><p>Tecnológico</p></td><td rowspan="1" colspan="1"><p>PRÁTICAS INTEGRATIVAS E COMPLEMENTARES</p></td><td rowspan="1" colspan="1"><p>1500</p></td><td rowspan="1" colspan="1"><p>CENTRO UNIVERSITARIO INTERNACIONAL - UNINTER</p></td><td rowspan="1" colspan="1"><p>UNINTER EDUCACIONAL S/A</p></td></tr><tr><td rowspan="1" colspan="1"><p>471</p></td><td rowspan="1" colspan="1"><p>202507822</p></td><td rowspan="1" colspan="1"><p>Tecnológico</p></td><td rowspan="1" colspan="1"><p>PROCESSOS QUÍMICOS</p></td><td rowspan="1" colspan="1"><p>1000</p></td><td rowspan="1" colspan="1"><p>CENTRO UNIVERSITARIO INTERNACIONAL - UNINTER</p></td><td rowspan="1" colspan="1"><p>UNINTER EDUCACIONAL S/A</p></td></tr><tr><td rowspan="1" colspan="1"><p>472</p></td><td rowspan="1" colspan="1"><p>202508350</p></td><td rowspan="1" colspan="1"><p>Tecnológico</p></td><td rowspan="1" colspan="1"><p>PSICOMOTRICIDADE</p></td><td rowspan="1" colspan="1"><p>1500</p></td><td rowspan="1" colspan="1"><p>CENTRO UNIVERSITARIO INTERNACIONAL - UNINTER</p></td><td rowspan="1" colspan="1"><p>UNINTER EDUCACIONAL S/A</p></td></tr><tr><td rowspan="1" colspan="1"><p>473</p></td><td rowspan="1" colspan="1"><p>202510679</p></td><td rowspan="1" colspan="1"><p>Bacharelado</p></td><td rowspan="1" colspan="1"><p>PSICOPEDAGOGIA</p></td><td rowspan="1" colspan="1"><p>1200</p></td><td rowspan="1" colspan="1"><p>CENTRO UNIVERSITARIO INTERNACIONAL - UNINTER</p></td><td rowspan="1" colspan="1"><p>UNINTER EDUCACIONAL S/A</p></td></tr><tr><td rowspan="1" colspan="1"><p>474</p></td><td rowspan="1" colspan="1"><p>202510685</p></td><td rowspan="1" colspan="1"><p>Licenciatura</p></td><td rowspan="1" colspan="1"><p>PSICOPEDAGOGIA</p></td><td rowspan="1" colspan="1"><p>1000</p></td><td rowspan="1" colspan="1"><p>CENTRO UNIVERSITARIO INTERNACIONAL - UNINTER</p></td><td rowspan="1" colspan="1"><p>UNINTER EDUCACIONAL S/A</p></td></tr><tr><td rowspan="1" colspan="1"><p>475</p></td><td rowspan="1" colspan="1"><p>202507818</p></td><td rowspan="1" colspan="1"><p>Bacharelado</p></td><td rowspan="1" colspan="1"><p>QUÍMICA</p></td><td rowspan="1" colspan="1"><p>1400</p></td><td rowspan="1" colspan="1"><p>CENTRO UNIVERSITARIO INTERNACIONAL - UNINTER</p></td><td rowspan="1" colspan="1"><p>UNINTER EDUCACIONAL S/A</p></td></tr><tr><td rowspan="1" colspan="1"><p>476</p></td><td rowspan="1" colspan="1"><p>202510688</p></td><td rowspan="1" colspan="1"><p>Licenciatura</p></td><td rowspan="1" colspan="1"><p>QUÍMICA</p></td><td rowspan="1" colspan="1"><p>500</p></td><td rowspan="1" colspan="1"><p>CENTRO UNIVERSITARIO INTERNACIONAL - UNINTER</p></td><td rowspan="1" colspan="1"><p>UNINTER EDUCACIONAL S/A</p></td></tr><tr><td rowspan="1" colspan="1"><p>477</p></td><td rowspan="1" colspan="1"><p>202508355</p></td><td rowspan="1" colspan="1"><p>Tecnológico</p></td><td rowspan="1" colspan="1"><p>QUIROPRAXIA</p></td><td rowspan="1" colspan="1"><p>1500</p></td><td rowspan="1" colspan="1"><p>CENTRO UNIVERSITARIO INTERNACIONAL - UNINTER</p></td><td rowspan="1" colspan="1"><p>UNINTER EDUCACIONAL S/A</p></td></tr><tr><td rowspan="1" colspan="1"><p>478</p></td><td rowspan="1" colspan="1"><p>202508359</p></td><td rowspan="1" colspan="1"><p>Tecnológico</p></td><td rowspan="1" colspan="1"><p>RADIOLOGIA</p></td><td rowspan="1" colspan="1"><p>2000</p></td><td rowspan="1" colspan="1"><p>CENTRO UNIVERSITARIO INTERNACIONAL - UNINTER</p></td><td rowspan="1" colspan="1"><p>UNINTER EDUCACIONAL S/A</p></td></tr><tr><td rowspan="1" colspan="1"><p>479</p></td><td rowspan="1" colspan="1"><p>202518185</p></td><td rowspan="1" colspan="1"><p>Tecnológico</p></td><td rowspan="1" colspan="1"><p>SANEAMENTO AMBIENTAL</p></td><td rowspan="1" colspan="1"><p>1000</p></td><td rowspan="1" colspan="1"><p>CENTRO UNIVERSITARIO INTERNACIONAL - UNINTER</p></td><td rowspan="1" colspan="1"><p>UNINTER EDUCACIONAL S/A</p></td></tr><tr><td rowspan="1" colspan="1"><p>480</p></td><td rowspan="1" colspan="1"><p>202517766</p></td><td rowspan="1" colspan="1"><p>Bacharelado</p></td><td rowspan="1" colspan="1"><p>SERVIÇO SOCIAL</p></td><td rowspan="1" colspan="1"><p>3000</p></td><td rowspan="1" colspan="1"><p>CENTRO UNIVERSITARIO INTERNACIONAL - UNINTER</p></td><td rowspan="1" colspan="1"><p>UNINTER EDUCACIONAL S/A</p></td></tr><tr><td rowspan="1" colspan="1"><p>481</p></td><td rowspan="1" colspan="1"><p>202510678</p></td><td rowspan="1" colspan="1"><p>Licenciatura</p></td><td rowspan="1" colspan="1"><p>SOCIOLOGIA</p></td><td rowspan="1" colspan="1"><p>700</p></td><td rowspan="1" colspan="1"><p>CENTRO UNIVERSITARIO INTERNACIONAL - UNINTER</p></td><td rowspan="1" colspan="1"><p>UNINTER EDUCACIONAL S/A</p></td></tr><tr><td rowspan="1" colspan="1"><p>482</p></td><td rowspan="1" colspan="1"><p>202508368</p></td><td rowspan="1" colspan="1"><p>Bacharelado</p></td><td rowspan="1" colspan="1"><p>TERAPIA OCUPACIONAL</p></td><td rowspan="1" colspan="1"><p>5000</p></td><td rowspan="1" colspan="1"><p>CENTRO UNIVERSITARIO INTERNACIONAL - UNINTER</p></td><td rowspan="1" colspan="1"><p>UNINTER EDUCACIONAL S/A</p></td></tr></table>]]></Texto>
  </body>
  <Midias />
</article></xml>