﻿<xml><article id="45406854" name="PORTARIA NA 614 - 11.09.2025_002" idOficio="11278735" pubName="DO1" artType="Portaria" pubDate="12/09/2025" artClass="00025:00046:00000:00000:00000:00000:00000:00000:00000:00000:00054:00000" artCategory="Ministério da Educação/Secretaria de Regulação e Supervisão da Educação Superior" artSize="24" artNotes="" numberPage="116" pdfPage="http://pesquisa.in.gov.br/imprensa/jsp/visualiza/index.jsp?data=12/09/2025&amp;jornal=515&amp;pagina=116" editionNumber="174" highlightType="" highlightPriority="" highlight="" highlightimage="" highlightimagename="" idMateria="23098711">
  <body>
    <Identifica />
    <Data><![CDATA[]]></Data>
    <Ementa />
    <Titulo />
    <SubTitulo />
    <Texto><![CDATA[<p /><p></p><table><tr /><tr><td rowspan="1" colspan="1"><p>78</p></td><td rowspan="1" colspan="1"><p>202516082</p></td><td rowspan="1" colspan="1"><p>Licenciatura</p></td><td rowspan="1" colspan="1"><p>LETRAS - INGLÊS</p></td><td rowspan="1" colspan="1"><p>1600</p></td><td rowspan="1" colspan="1"><p>UNIVERSIDADE ESTADUAL DE MONTES CLAROS - UNIMONTES</p></td><td rowspan="1" colspan="1"><p>UNIVERSIDADE ESTADUAL DE MONTES CLAROS</p></td></tr><tr><td rowspan="1" colspan="1"><p>79</p></td><td rowspan="1" colspan="1"><p>202516083</p></td><td rowspan="1" colspan="1"><p>Licenciatura</p></td><td rowspan="1" colspan="1"><p>LETRAS - LÍNGUA PORTUGUESA</p></td><td rowspan="1" colspan="1"><p>400</p></td><td rowspan="1" colspan="1"><p>UNIVERSIDADE ESTADUAL DE MONTES CLAROS - UNIMONTES</p></td><td rowspan="1" colspan="1"><p>UNIVERSIDADE ESTADUAL DE MONTES CLAROS</p></td></tr><tr><td rowspan="1" colspan="1"><p>80</p></td><td rowspan="1" colspan="1"><p>202516084</p></td><td rowspan="1" colspan="1"><p>Licenciatura</p></td><td rowspan="1" colspan="1"><p>MATEMÁTICA</p></td><td rowspan="1" colspan="1"><p>1512</p></td><td rowspan="1" colspan="1"><p>UNIVERSIDADE ESTADUAL DE MONTES CLAROS - UNIMONTES</p></td><td rowspan="1" colspan="1"><p>UNIVERSIDADE ESTADUAL DE MONTES CLAROS</p></td></tr><tr><td rowspan="1" colspan="1"><p>81</p></td><td rowspan="1" colspan="1"><p>202516080</p></td><td rowspan="1" colspan="1"><p>Licenciatura</p></td><td rowspan="1" colspan="1"><p>PEDAGOGIA</p></td><td rowspan="1" colspan="1"><p>400</p></td><td rowspan="1" colspan="1"><p>UNIVERSIDADE ESTADUAL DE MONTES CLAROS - UNIMONTES</p></td><td rowspan="1" colspan="1"><p>UNIVERSIDADE ESTADUAL DE MONTES CLAROS</p></td></tr><tr><td rowspan="1" colspan="1"><p>82</p></td><td rowspan="1" colspan="1"><p>202516237</p></td><td rowspan="1" colspan="1"><p>Licenciatura</p></td><td rowspan="1" colspan="1"><p>EDUCAÇÃO FÍSICA</p></td><td rowspan="1" colspan="1"><p>1200</p></td><td rowspan="1" colspan="1"><p>UNIVERSIDADE ESTADUAL DE PONTA GROSSA - UEPG</p></td><td rowspan="1" colspan="1"><p>SECRETARIA DE ESTADO DA CIENCIA, TECNOLOGIA E ENSINO SUPERIOR - SETI</p></td></tr><tr><td rowspan="1" colspan="1"><p>83</p></td><td rowspan="1" colspan="1"><p>202517716</p></td><td rowspan="1" colspan="1"><p>Licenciatura</p></td><td rowspan="1" colspan="1"><p>GEOGRAFIA</p></td><td rowspan="1" colspan="1"><p>500</p></td><td rowspan="1" colspan="1"><p>UNIVERSIDADE ESTADUAL DE PONTA GROSSA - UEPG</p></td><td rowspan="1" colspan="1"><p>SECRETARIA DE ESTADO DA CIENCIA, TECNOLOGIA E ENSINO SUPERIOR - SETI</p></td></tr><tr><td rowspan="1" colspan="1"><p>84</p></td><td rowspan="1" colspan="1"><p>202516986</p></td><td rowspan="1" colspan="1"><p>Tecnológico</p></td><td rowspan="1" colspan="1"><p>GESTÃO HOSPITALAR</p></td><td rowspan="1" colspan="1"><p>450</p></td><td rowspan="1" colspan="1"><p>UNIVERSIDADE ESTADUAL DE PONTA GROSSA - UEPG</p></td><td rowspan="1" colspan="1"><p>SECRETARIA DE ESTADO DA CIENCIA, TECNOLOGIA E ENSINO SUPERIOR - SETI</p></td></tr><tr><td rowspan="1" colspan="1"><p>85</p></td><td rowspan="1" colspan="1"><p>202516240</p></td><td rowspan="1" colspan="1"><p>Licenciatura</p></td><td rowspan="1" colspan="1"><p>LETRAS - ESPANHOL</p></td><td rowspan="1" colspan="1"><p>2800</p></td><td rowspan="1" colspan="1"><p>UNIVERSIDADE ESTADUAL DE PONTA GROSSA - UEPG</p></td><td rowspan="1" colspan="1"><p>SECRETARIA DE ESTADO DA CIENCIA, TECNOLOGIA E ENSINO SUPERIOR - SETI</p></td></tr><tr><td rowspan="1" colspan="1"><p>86</p></td><td rowspan="1" colspan="1"><p>202516241</p></td><td rowspan="1" colspan="1"><p>Licenciatura</p></td><td rowspan="1" colspan="1"><p>MATEMÁTICA</p></td><td rowspan="1" colspan="1"><p>4800</p></td><td rowspan="1" colspan="1"><p>UNIVERSIDADE ESTADUAL DE PONTA GROSSA - UEPG</p></td><td rowspan="1" colspan="1"><p>SECRETARIA DE ESTADO DA CIENCIA, TECNOLOGIA E ENSINO SUPERIOR - SETI</p></td></tr><tr><td rowspan="1" colspan="1"><p>87</p></td><td rowspan="1" colspan="1"><p>202515597</p></td><td rowspan="1" colspan="1"><p>Tecnológico</p></td><td rowspan="1" colspan="1"><p>MINERAÇÃO</p></td><td rowspan="1" colspan="1"><p>300</p></td><td rowspan="1" colspan="1"><p>UNIVERSIDADE ESTADUAL DE PONTA GROSSA - UEPG</p></td><td rowspan="1" colspan="1"><p>SECRETARIA DE ESTADO DA CIENCIA, TECNOLOGIA E ENSINO SUPERIOR - SETI</p></td></tr><tr><td rowspan="1" colspan="1"><p>88</p></td><td rowspan="1" colspan="1"><p>202517316</p></td><td rowspan="1" colspan="1"><p>Licenciatura</p></td><td rowspan="1" colspan="1"><p>PEDAGOGIA</p></td><td rowspan="1" colspan="1"><p>650</p></td><td rowspan="1" colspan="1"><p>UNIVERSIDADE ESTADUAL DE PONTA GROSSA - UEPG</p></td><td rowspan="1" colspan="1"><p>SECRETARIA DE ESTADO DA CIENCIA, TECNOLOGIA E ENSINO SUPERIOR - SETI</p></td></tr><tr><td rowspan="1" colspan="1"><p>89</p></td><td rowspan="1" colspan="1"><p>202517508</p></td><td rowspan="1" colspan="1"><p>Licenciatura</p></td><td rowspan="1" colspan="1"><p>CIÊNCIAS HUMANAS</p></td><td rowspan="1" colspan="1"><p>90</p></td><td rowspan="1" colspan="1"><p>UNIVERSIDADE ESTADUAL DE RORAIMA - UERR</p></td><td rowspan="1" colspan="1"><p>UNIVERSIDADE ESTADUAL DE RORAIMA</p></td></tr><tr><td rowspan="1" colspan="1"><p>90</p></td><td rowspan="1" colspan="1"><p>202517720</p></td><td rowspan="1" colspan="1"><p>Licenciatura</p></td><td rowspan="1" colspan="1"><p>FILOSOFIA</p></td><td rowspan="1" colspan="1"><p>90</p></td><td rowspan="1" colspan="1"><p>UNIVERSIDADE ESTADUAL DE RORAIMA - UERR</p></td><td rowspan="1" colspan="1"><p>UNIVERSIDADE ESTADUAL DE RORAIMA</p></td></tr><tr><td rowspan="1" colspan="1"><p>91</p></td><td rowspan="1" colspan="1"><p>202517335</p></td><td rowspan="1" colspan="1"><p>Licenciatura</p></td><td rowspan="1" colspan="1"><p>FÍSICA</p></td><td rowspan="1" colspan="1"><p>90</p></td><td rowspan="1" colspan="1"><p>UNIVERSIDADE ESTADUAL DE RORAIMA - UERR</p></td><td rowspan="1" colspan="1"><p>UNIVERSIDADE ESTADUAL DE RORAIMA</p></td></tr><tr><td rowspan="1" colspan="1"><p>92</p></td><td rowspan="1" colspan="1"><p>202517687</p></td><td rowspan="1" colspan="1"><p>Licenciatura</p></td><td rowspan="1" colspan="1"><p>GEOGRAFIA</p></td><td rowspan="1" colspan="1"><p>90</p></td><td rowspan="1" colspan="1"><p>UNIVERSIDADE ESTADUAL DE RORAIMA - UERR</p></td><td rowspan="1" colspan="1"><p>UNIVERSIDADE ESTADUAL DE RORAIMA</p></td></tr><tr><td rowspan="1" colspan="1"><p>93</p></td><td rowspan="1" colspan="1"><p>202517776</p></td><td rowspan="1" colspan="1"><p>Licenciatura</p></td><td rowspan="1" colspan="1"><p>MATEMÁTICA</p></td><td rowspan="1" colspan="1"><p>90</p></td><td rowspan="1" colspan="1"><p>UNIVERSIDADE ESTADUAL DE RORAIMA - UERR</p></td><td rowspan="1" colspan="1"><p>UNIVERSIDADE ESTADUAL DE RORAIMA</p></td></tr><tr><td rowspan="1" colspan="1"><p>94</p></td><td rowspan="1" colspan="1"><p>202515984</p></td><td rowspan="1" colspan="1"><p>Licenciatura</p></td><td rowspan="1" colspan="1"><p>ARTES VISUAIS</p></td><td rowspan="1" colspan="1"><p>400</p></td><td rowspan="1" colspan="1"><p>UNIVERSIDADE ESTADUAL DO CEARA - UECE</p></td><td rowspan="1" colspan="1"><p>FUNDACAO UNIVERSIDADE ESTADUAL DO CEARA FUNECE</p></td></tr><tr><td rowspan="1" colspan="1"><p>95</p></td><td rowspan="1" colspan="1"><p>202515983</p></td><td rowspan="1" colspan="1"><p>Licenciatura</p></td><td rowspan="1" colspan="1"><p>CIÊNCIA DA COMPUTAÇÃO</p></td><td rowspan="1" colspan="1"><p>960</p></td><td rowspan="1" colspan="1"><p>UNIVERSIDADE ESTADUAL DO CEARA - UECE</p></td><td rowspan="1" colspan="1"><p>FUNDACAO UNIVERSIDADE ESTADUAL DO CEARA FUNECE</p></td></tr><tr><td rowspan="1" colspan="1"><p>96</p></td><td rowspan="1" colspan="1"><p>202515979</p></td><td rowspan="1" colspan="1"><p>Licenciatura</p></td><td rowspan="1" colspan="1"><p>CIÊNCIAS BIOLÓGICAS</p></td><td rowspan="1" colspan="1"><p>576</p></td><td rowspan="1" colspan="1"><p>UNIVERSIDADE ESTADUAL DO CEARA - UECE</p></td><td rowspan="1" colspan="1"><p>FUNDACAO UNIVERSIDADE ESTADUAL DO CEARA FUNECE</p></td></tr><tr><td rowspan="1" colspan="1"><p>97</p></td><td rowspan="1" colspan="1"><p>202515985</p></td><td rowspan="1" colspan="1"><p>Licenciatura</p></td><td rowspan="1" colspan="1"><p>EDUCAÇÃO FÍSICA</p></td><td rowspan="1" colspan="1"><p>320</p></td><td rowspan="1" colspan="1"><p>UNIVERSIDADE ESTADUAL DO CEARA - UECE</p></td><td rowspan="1" colspan="1"><p>FUNDACAO UNIVERSIDADE ESTADUAL DO CEARA FUNECE</p></td></tr><tr><td rowspan="1" colspan="1"><p>98</p></td><td rowspan="1" colspan="1"><p>202515978</p></td><td rowspan="1" colspan="1"><p>Licenciatura</p></td><td rowspan="1" colspan="1"><p>FÍSICA</p></td><td rowspan="1" colspan="1"><p>576</p></td><td rowspan="1" colspan="1"><p>UNIVERSIDADE ESTADUAL DO CEARA - UECE</p></td><td rowspan="1" colspan="1"><p>FUNDACAO UNIVERSIDADE ESTADUAL DO CEARA FUNECE</p></td></tr><tr><td rowspan="1" colspan="1"><p>99</p></td><td rowspan="1" colspan="1"><p>202515977</p></td><td rowspan="1" colspan="1"><p>Licenciatura</p></td><td rowspan="1" colspan="1"><p>HISTÓRIA</p></td><td rowspan="1" colspan="1"><p>320</p></td><td rowspan="1" colspan="1"><p>UNIVERSIDADE ESTADUAL DO CEARA - UECE</p></td><td rowspan="1" colspan="1"><p>FUNDACAO UNIVERSIDADE ESTADUAL DO CEARA FUNECE</p></td></tr><tr><td rowspan="1" colspan="1"><p>100</p></td><td rowspan="1" colspan="1"><p>202518219</p></td><td rowspan="1" colspan="1"><p>Licenciatura</p></td><td rowspan="1" colspan="1"><p>INFORMÁTICA</p></td><td rowspan="1" colspan="1"><p>120</p></td><td rowspan="1" colspan="1"><p>UNIVERSIDADE ESTADUAL DO CEARA - UECE</p></td><td rowspan="1" colspan="1"><p>FUNDACAO UNIVERSIDADE ESTADUAL DO CEARA FUNECE</p></td></tr><tr><td rowspan="1" colspan="1"><p>101</p></td><td rowspan="1" colspan="1"><p>202515981</p></td><td rowspan="1" colspan="1"><p>Licenciatura</p></td><td rowspan="1" colspan="1"><p>MATEMÁTICA</p></td><td rowspan="1" colspan="1"><p>400</p></td><td rowspan="1" colspan="1"><p>UNIVERSIDADE ESTADUAL DO CEARA - UECE</p></td><td rowspan="1" colspan="1"><p>FUNDACAO UNIVERSIDADE ESTADUAL DO CEARA FUNECE</p></td></tr><tr><td rowspan="1" colspan="1"><p>102</p></td><td rowspan="1" colspan="1"><p>202515982</p></td><td rowspan="1" colspan="1"><p>Licenciatura</p></td><td rowspan="1" colspan="1"><p>PEDAGOGIA</p></td><td rowspan="1" colspan="1"><p>3200</p></td><td rowspan="1" colspan="1"><p>UNIVERSIDADE ESTADUAL DO CEARA - UECE</p></td><td rowspan="1" colspan="1"><p>FUNDACAO UNIVERSIDADE ESTADUAL DO CEARA FUNECE</p></td></tr><tr><td rowspan="1" colspan="1"><p>103</p></td><td rowspan="1" colspan="1"><p>202515986</p></td><td rowspan="1" colspan="1"><p>Licenciatura</p></td><td rowspan="1" colspan="1"><p>QUÍMICA</p></td><td rowspan="1" colspan="1"><p>560</p></td><td rowspan="1" colspan="1"><p>UNIVERSIDADE ESTADUAL DO CEARA - UECE</p></td><td rowspan="1" colspan="1"><p>FUNDACAO UNIVERSIDADE ESTADUAL DO CEARA FUNECE</p></td></tr><tr><td rowspan="1" colspan="1"><p>104</p></td><td rowspan="1" colspan="1"><p>202518049</p></td><td rowspan="1" colspan="1"><p>Licenciatura</p></td><td rowspan="1" colspan="1"><p>ARTES</p></td><td rowspan="1" colspan="1"><p>375</p></td><td rowspan="1" colspan="1"><p>UNIVERSIDADE ESTADUAL DO CENTRO OESTE - UNICENTRO</p></td><td rowspan="1" colspan="1"><p>SECRETARIA DE ESTADO DA CIENCIA, TECNOLOGIA E ENSINO SUPERIOR - SETI</p></td></tr><tr><td rowspan="1" colspan="1"><p>105</p></td><td rowspan="1" colspan="1"><p>202517369</p></td><td rowspan="1" colspan="1"><p>Licenciatura</p></td><td rowspan="1" colspan="1"><p>LETRAS - PORTUGUÊS</p></td><td rowspan="1" colspan="1"><p>350</p></td><td rowspan="1" colspan="1"><p>UNIVERSIDADE ESTADUAL DO CENTRO OESTE - UNICENTRO</p></td><td rowspan="1" colspan="1"><p>SECRETARIA DE ESTADO DA CIENCIA, TECNOLOGIA E ENSINO SUPERIOR - SETI</p></td></tr><tr><td rowspan="1" colspan="1"><p>106</p></td><td rowspan="1" colspan="1"><p>202517527</p></td><td rowspan="1" colspan="1"><p>Licenciatura</p></td><td rowspan="1" colspan="1"><p>PEDAGOGIA</p></td><td rowspan="1" colspan="1"><p>400</p></td><td rowspan="1" colspan="1"><p>UNIVERSIDADE ESTADUAL DO CENTRO OESTE - UNICENTRO</p></td><td rowspan="1" colspan="1"><p>SECRETARIA DE ESTADO DA CIENCIA, TECNOLOGIA E ENSINO SUPERIOR - SETI</p></td></tr><tr><td rowspan="1" colspan="1"><p>107</p></td><td rowspan="1" colspan="1"><p>202515570</p></td><td rowspan="1" colspan="1"><p>Tecnológico</p></td><td rowspan="1" colspan="1"><p>ALIMENTOS</p></td><td rowspan="1" colspan="1"><p>306</p></td><td rowspan="1" colspan="1"><p>UNIVERSIDADE ESTADUAL DO MARANHAO - UEMA</p></td><td rowspan="1" colspan="1"><p>UNIVERSIDADE ESTADUAL DO MARANHAO</p></td></tr><tr><td rowspan="1" colspan="1"><p>108</p></td><td rowspan="1" colspan="1"><p>202516175</p></td><td rowspan="1" colspan="1"><p>Licenciatura</p></td><td rowspan="1" colspan="1"><p>FILOSOFIA</p></td><td rowspan="1" colspan="1"><p>12400</p></td><td rowspan="1" colspan="1"><p>UNIVERSIDADE ESTADUAL DO MARANHAO - UEMA</p></td><td rowspan="1" colspan="1"><p>UNIVERSIDADE ESTADUAL DO MARANHAO</p></td></tr><tr><td rowspan="1" colspan="1"><p>109</p></td><td rowspan="1" colspan="1"><p>202516177</p></td><td rowspan="1" colspan="1"><p>Licenciatura</p></td><td rowspan="1" colspan="1"><p>FÍSICA</p></td><td rowspan="1" colspan="1"><p>360</p></td><td rowspan="1" colspan="1"><p>UNIVERSIDADE ESTADUAL DO MARANHAO - UEMA</p></td><td rowspan="1" colspan="1"><p>UNIVERSIDADE ESTADUAL DO MARANHAO</p></td></tr><tr><td rowspan="1" colspan="1"><p>110</p></td><td rowspan="1" colspan="1"><p>202516179</p></td><td rowspan="1" colspan="1"><p>Licenciatura</p></td><td rowspan="1" colspan="1"><p>LETRAS - LÍNGUA PORTUGUESA</p></td><td rowspan="1" colspan="1"><p>360</p></td><td rowspan="1" colspan="1"><p>UNIVERSIDADE ESTADUAL DO MARANHAO - UEMA</p></td><td rowspan="1" colspan="1"><p>UNIVERSIDADE ESTADUAL DO MARANHAO</p></td></tr><tr><td rowspan="1" colspan="1"><p>111</p></td><td rowspan="1" colspan="1"><p>202516174</p></td><td rowspan="1" colspan="1"><p>Licenciatura</p></td><td rowspan="1" colspan="1"><p>PEDAGOGIA</p></td><td rowspan="1" colspan="1"><p>12400</p></td><td rowspan="1" colspan="1"><p>UNIVERSIDADE ESTADUAL DO MARANHAO - UEMA</p></td><td rowspan="1" colspan="1"><p>UNIVERSIDADE ESTADUAL DO MARANHAO</p></td></tr><tr><td rowspan="1" colspan="1"><p>112</p></td><td rowspan="1" colspan="1"><p>202516263</p></td><td rowspan="1" colspan="1"><p>Licenciatura</p></td><td rowspan="1" colspan="1"><p>PEDAGOGIA</p></td><td rowspan="1" colspan="1"><p>960</p></td><td rowspan="1" colspan="1"><p>UNIVERSIDADE ESTADUAL DO NORTE FLUMINENSE DARCY RIBEIRO - UENF</p></td><td rowspan="1" colspan="1"><p>UNIVERSIDADE ESTADUAL DO NORTE FLUMINENSE DARCY RIBEIRO - UENF</p></td></tr><tr><td rowspan="1" colspan="1"><p>113</p></td><td rowspan="1" colspan="1"><p>202516261</p></td><td rowspan="1" colspan="1"><p>Licenciatura</p></td><td rowspan="1" colspan="1"><p>QUÍMICA</p></td><td rowspan="1" colspan="1"><p>1080</p></td><td rowspan="1" colspan="1"><p>UNIVERSIDADE ESTADUAL DO NORTE FLUMINENSE DARCY RIBEIRO - UENF</p></td><td rowspan="1" colspan="1"><p>UNIVERSIDADE ESTADUAL DO NORTE FLUMINENSE DARCY RIBEIRO - UENF</p></td></tr><tr><td rowspan="1" colspan="1"><p>114</p></td><td rowspan="1" colspan="1"><p>202516247</p></td><td rowspan="1" colspan="1"><p>Licenciatura</p></td><td rowspan="1" colspan="1"><p>CIÊNCIAS BIOLÓGICAS</p></td><td rowspan="1" colspan="1"><p>2400</p></td><td rowspan="1" colspan="1"><p>UNIVERSIDADE ESTADUAL DO PIAUI - UESPI</p></td><td rowspan="1" colspan="1"><p>FUNDACAO UNIVERSIDADE ESTADUAL DO PIAUI FUESPI</p></td></tr><tr><td rowspan="1" colspan="1"><p>115</p></td><td rowspan="1" colspan="1"><p>202515598</p></td><td rowspan="1" colspan="1"><p>Tecnológico</p></td><td rowspan="1" colspan="1"><p>ENERGIAS RENOVÁVEIS</p></td><td rowspan="1" colspan="1"><p>1200</p></td><td rowspan="1" colspan="1"><p>UNIVERSIDADE ESTADUAL DO PIAUI - UESPI</p></td><td rowspan="1" colspan="1"><p>FUNDACAO UNIVERSIDADE ESTADUAL DO PIAUI FUESPI</p></td></tr><tr><td rowspan="1" colspan="1"><p>116</p></td><td rowspan="1" colspan="1"><p>202516249</p></td><td rowspan="1" colspan="1"><p>Licenciatura</p></td><td rowspan="1" colspan="1"><p>HISTÓRIA</p></td><td rowspan="1" colspan="1"><p>200</p></td><td rowspan="1" colspan="1"><p>UNIVERSIDADE ESTADUAL DO PIAUI - UESPI</p></td><td rowspan="1" colspan="1"><p>FUNDACAO UNIVERSIDADE ESTADUAL DO PIAUI FUESPI</p></td></tr><tr><td rowspan="1" colspan="1"><p>117</p></td><td rowspan="1" colspan="1"><p>202516246</p></td><td rowspan="1" colspan="1"><p>Licenciatura</p></td><td rowspan="1" colspan="1"><p>LETRAS - ESPANHOL</p></td><td rowspan="1" colspan="1"><p>400</p></td><td rowspan="1" colspan="1"><p>UNIVERSIDADE ESTADUAL DO PIAUI - UESPI</p></td><td rowspan="1" colspan="1"><p>FUNDACAO UNIVERSIDADE ESTADUAL DO PIAUI FUESPI</p></td></tr><tr><td rowspan="1" colspan="1"><p>118</p></td><td rowspan="1" colspan="1"><p>202516248</p></td><td rowspan="1" colspan="1"><p>Licenciatura</p></td><td rowspan="1" colspan="1"><p>LETRAS - INGLÊS</p></td><td rowspan="1" colspan="1"><p>800</p></td><td rowspan="1" colspan="1"><p>UNIVERSIDADE ESTADUAL DO PIAUI - UESPI</p></td><td rowspan="1" colspan="1"><p>FUNDACAO UNIVERSIDADE ESTADUAL DO PIAUI FUESPI</p></td></tr><tr><td rowspan="1" colspan="1"><p>119</p></td><td rowspan="1" colspan="1"><p>202516243</p></td><td rowspan="1" colspan="1"><p>Licenciatura</p></td><td rowspan="1" colspan="1"><p>LETRAS - PORTUGUÊS</p></td><td rowspan="1" colspan="1"><p>3200</p></td><td rowspan="1" colspan="1"><p>UNIVERSIDADE ESTADUAL DO PIAUI - UESPI</p></td><td rowspan="1" colspan="1"><p>FUNDACAO UNIVERSIDADE ESTADUAL DO PIAUI FUESPI</p></td></tr><tr><td rowspan="1" colspan="1"><p>120</p></td><td rowspan="1" colspan="1"><p>202516244</p></td><td rowspan="1" colspan="1"><p>Licenciatura</p></td><td rowspan="1" colspan="1"><p>MATEMÁTICA</p></td><td rowspan="1" colspan="1"><p>400</p></td><td rowspan="1" colspan="1"><p>UNIVERSIDADE ESTADUAL DO PIAUI - UESPI</p></td><td rowspan="1" colspan="1"><p>FUNDACAO UNIVERSIDADE ESTADUAL DO PIAUI FUESPI</p></td></tr><tr><td rowspan="1" colspan="1"><p>121</p></td><td rowspan="1" colspan="1"><p>202516245</p></td><td rowspan="1" colspan="1"><p>Licenciatura</p></td><td rowspan="1" colspan="1"><p>PEDAGOGIA</p></td><td rowspan="1" colspan="1"><p>400</p></td><td rowspan="1" colspan="1"><p>UNIVERSIDADE ESTADUAL DO PIAUI - UESPI</p></td><td rowspan="1" colspan="1"><p>FUNDACAO UNIVERSIDADE ESTADUAL DO PIAUI FUESPI</p></td></tr><tr><td rowspan="1" colspan="1"><p>122</p></td><td rowspan="1" colspan="1"><p>202517976</p></td><td rowspan="1" colspan="1"><p>Licenciatura</p></td><td rowspan="1" colspan="1"><p>MATEMÁTICA</p></td><td rowspan="1" colspan="1"><p>180</p></td><td rowspan="1" colspan="1"><p>UNIVERSIDADE ESTADUAL DO SUDOESTE DA BAHIA - UESB</p></td><td rowspan="1" colspan="1"><p>AUTARQUIA UNIVERSIDADE DO SUDOESTE</p></td></tr><tr><td rowspan="1" colspan="1"><p>123</p></td><td rowspan="1" colspan="1"><p>202516257</p></td><td rowspan="1" colspan="1"><p>Licenciatura</p></td><td rowspan="1" colspan="1"><p>LETRAS - PORTUGUÊS E ESPANHOL</p></td><td rowspan="1" colspan="1"><p>800</p></td><td rowspan="1" colspan="1"><p>UNIVERSIDADE ESTADUAL DO TOCANTINS - UNITINS</p></td><td rowspan="1" colspan="1"><p>FUNDACAO UNIVERSIDADE DO TOCANTINS - UNITINS</p></td></tr><tr><td rowspan="1" colspan="1"><p>124</p></td><td rowspan="1" colspan="1"><p>202516256</p></td><td rowspan="1" colspan="1"><p>Licenciatura</p></td><td rowspan="1" colspan="1"><p>PEDAGOGIA</p></td><td rowspan="1" colspan="1"><p>800</p></td><td rowspan="1" colspan="1"><p>UNIVERSIDADE ESTADUAL DO TOCANTINS - UNITINS</p></td><td rowspan="1" colspan="1"><p>FUNDACAO UNIVERSIDADE DO TOCANTINS - UNITINS</p></td></tr><tr><td rowspan="1" colspan="1"><p>125</p></td><td rowspan="1" colspan="1"><p>202517323</p></td><td rowspan="1" colspan="1"><p>Licenciatura</p></td><td rowspan="1" colspan="1"><p>PEDAGOGIA</p></td><td rowspan="1" colspan="1"><p>900</p></td><td rowspan="1" colspan="1"><p>UNIVERSIDADE ESTADUAL PAULISTA JULIO DE MESQUITA FILHO - UNESP</p></td><td rowspan="1" colspan="1"><p>UNIVERSIDADE ESTADUAL PAULISTA JULIO DE MESQUITA FILHO</p></td></tr><tr><td rowspan="1" colspan="1"><p>126</p></td><td rowspan="1" colspan="1"><p>202509619</p></td><td rowspan="1" colspan="1"><p>Licenciatura</p></td><td rowspan="1" colspan="1"><p>EDUCAÇÃO FÍSICA</p></td><td rowspan="1" colspan="1"><p>180</p></td><td rowspan="1" colspan="1"><p>UNIVERSIDADE ESTADUAL VALE DO ACARAU - UVA</p></td><td rowspan="1" colspan="1"><p>UNIVERSIDADE ESTADUAL VALE DO ACARAU</p></td></tr><tr><td rowspan="1" colspan="1"><p>127</p></td><td rowspan="1" colspan="1"><p>202509618</p></td><td rowspan="1" colspan="1"><p>Licenciatura</p></td><td rowspan="1" colspan="1"><p>LETRAS - LÍNGUA PORTUGUESA</p></td><td rowspan="1" colspan="1"><p>180</p></td><td rowspan="1" colspan="1"><p>UNIVERSIDADE ESTADUAL VALE DO ACARAU - UVA</p></td><td rowspan="1" colspan="1"><p>UNIVERSIDADE ESTADUAL VALE DO ACARAU</p></td></tr><tr><td rowspan="1" colspan="1"><p>128</p></td><td rowspan="1" colspan="1"><p>202516034</p></td><td rowspan="1" colspan="1"><p>Licenciatura</p></td><td rowspan="1" colspan="1"><p>PEDAGOGIA</p></td><td rowspan="1" colspan="1"><p>4000</p></td><td rowspan="1" colspan="1"><p>UNIVERSIDADE ESTADUAL VALE DO ACARAU - UVA</p></td><td rowspan="1" colspan="1"><p>UNIVERSIDADE ESTADUAL VALE DO ACARAU</p></td></tr><tr><td rowspan="1" colspan="1"><p>129</p></td><td rowspan="1" colspan="1"><p>202507997</p></td><td rowspan="1" colspan="1"><p>Bacharelado</p></td><td rowspan="1" colspan="1"><p>BIOMEDICINA</p></td><td rowspan="1" colspan="1"><p>300</p></td><td rowspan="1" colspan="1"><p>UNIVERSIDADE EVANGELICA DE GOIAS - UNIEVANGÉLICA</p></td><td rowspan="1" colspan="1"><p>ASSOCIACAO EDUCATIVA EVANGELICA</p></td></tr><tr><td rowspan="1" colspan="1"><p>130</p></td><td rowspan="1" colspan="1"><p>202511657</p></td><td rowspan="1" colspan="1"><p>Tecnológico</p></td><td rowspan="1" colspan="1"><p>GESTÃO HOSPITALAR</p></td><td rowspan="1" colspan="1"><p>300</p></td><td rowspan="1" colspan="1"><p>UNIVERSIDADE EVANGELICA DE GOIAS - UNIEVANGÉLICA</p></td><td rowspan="1" colspan="1"><p>ASSOCIACAO EDUCATIVA EVANGELICA</p></td></tr><tr><td rowspan="1" colspan="1"><p>131</p></td><td rowspan="1" colspan="1"><p>202509882</p></td><td rowspan="1" colspan="1"><p>Licenciatura</p></td><td rowspan="1" colspan="1"><p>PEDAGOGIA</p></td><td rowspan="1" colspan="1"><p>300</p></td><td rowspan="1" colspan="1"><p>UNIVERSIDADE EVANGELICA DE GOIAS - UNIEVANGÉLICA</p></td><td rowspan="1" colspan="1"><p>ASSOCIACAO EDUCATIVA EVANGELICA</p></td></tr><tr><td rowspan="1" colspan="1"><p>132</p></td><td rowspan="1" colspan="1"><p>202507774</p></td><td rowspan="1" colspan="1"><p>Tecnológico</p></td><td rowspan="1" colspan="1"><p>PROCESSOS QUÍMICOS</p></td><td rowspan="1" colspan="1"><p>300</p></td><td rowspan="1" colspan="1"><p>UNIVERSIDADE EVANGELICA DE GOIAS - UNIEVANGÉLICA</p></td><td rowspan="1" colspan="1"><p>ASSOCIACAO EDUCATIVA EVANGELICA</p></td></tr><tr><td rowspan="1" colspan="1"><p>133</p></td><td rowspan="1" colspan="1"><p>202507998</p></td><td rowspan="1" colspan="1"><p>Bacharelado</p></td><td rowspan="1" colspan="1"><p>SERVIÇO SOCIAL</p></td><td rowspan="1" colspan="1"><p>300</p></td><td rowspan="1" colspan="1"><p>UNIVERSIDADE EVANGELICA DE GOIAS - UNIEVANGÉLICA</p></td><td rowspan="1" colspan="1"><p>ASSOCIACAO EDUCATIVA EVANGELICA</p></td></tr><tr><td rowspan="1" colspan="1"><p>134</p></td><td rowspan="1" colspan="1"><p>202510153</p></td><td rowspan="1" colspan="1"><p>Licenciatura</p></td><td rowspan="1" colspan="1"><p>DANÇA</p></td><td rowspan="1" colspan="1"><p>158</p></td><td rowspan="1" colspan="1"><p>UNIVERSIDADE FEDERAL DA BAHIA - UFBA</p></td><td rowspan="1" colspan="1"><p>UNIVERSIDADE FEDERAL DA BAHIA</p></td></tr><tr><td rowspan="1" colspan="1"><p>135</p></td><td rowspan="1" colspan="1"><p>202510154</p></td><td rowspan="1" colspan="1"><p>Licenciatura</p></td><td rowspan="1" colspan="1"><p>MATEMÁTICA</p></td><td rowspan="1" colspan="1"><p>500</p></td><td rowspan="1" colspan="1"><p>UNIVERSIDADE FEDERAL DA BAHIA - UFBA</p></td><td rowspan="1" colspan="1"><p>UNIVERSIDADE FEDERAL DA BAHIA</p></td></tr><tr><td rowspan="1" colspan="1"><p>136</p></td><td rowspan="1" colspan="1"><p>202510155</p></td><td rowspan="1" colspan="1"><p>Licenciatura</p></td><td rowspan="1" colspan="1"><p>MÚSICA</p></td><td rowspan="1" colspan="1"><p>210</p></td><td rowspan="1" colspan="1"><p>UNIVERSIDADE FEDERAL DA BAHIA - UFBA</p></td><td rowspan="1" colspan="1"><p>UNIVERSIDADE FEDERAL DA BAHIA</p></td></tr><tr><td rowspan="1" colspan="1"><p>137</p></td><td rowspan="1" colspan="1"><p>202510156</p></td><td rowspan="1" colspan="1"><p>Licenciatura</p></td><td rowspan="1" colspan="1"><p>PEDAGOGIA</p></td><td rowspan="1" colspan="1"><p>500</p></td><td rowspan="1" colspan="1"><p>UNIVERSIDADE FEDERAL DA BAHIA - UFBA</p></td><td rowspan="1" colspan="1"><p>UNIVERSIDADE FEDERAL DA BAHIA</p></td></tr><tr><td rowspan="1" colspan="1"><p>138</p></td><td rowspan="1" colspan="1"><p>202510157</p></td><td rowspan="1" colspan="1"><p>Licenciatura</p></td><td rowspan="1" colspan="1"><p>TEATRO</p></td><td rowspan="1" colspan="1"><p>200</p></td><td rowspan="1" colspan="1"><p>UNIVERSIDADE FEDERAL DA BAHIA - UFBA</p></td><td rowspan="1" colspan="1"><p>UNIVERSIDADE FEDERAL DA BAHIA</p></td></tr><tr><td rowspan="1" colspan="1"><p>139</p></td><td rowspan="1" colspan="1"><p>202517460</p></td><td rowspan="1" colspan="1"><p>Licenciatura</p></td><td rowspan="1" colspan="1"><p>CIÊNCIAS AGRÁRIAS</p></td><td rowspan="1" colspan="1"><p>430</p></td><td rowspan="1" colspan="1"><p>UNIVERSIDADE FEDERAL DA PARAIBA - UFPB</p></td><td rowspan="1" colspan="1"><p>UNIVERSIDADE FEDERAL DA PARAIBA</p></td></tr><tr><td rowspan="1" colspan="1"><p>140</p></td><td rowspan="1" colspan="1"><p>202510159</p></td><td rowspan="1" colspan="1"><p>Licenciatura</p></td><td rowspan="1" colspan="1"><p>CIÊNCIAS BIOLÓGICAS</p></td><td rowspan="1" colspan="1"><p>40</p></td><td rowspan="1" colspan="1"><p>UNIVERSIDADE FEDERAL DA PARAIBA - UFPB</p></td><td rowspan="1" colspan="1"><p>UNIVERSIDADE FEDERAL DA PARAIBA</p></td></tr><tr><td rowspan="1" colspan="1"><p>141</p></td><td rowspan="1" colspan="1"><p>202510161</p></td><td rowspan="1" colspan="1"><p>Licenciatura</p></td><td rowspan="1" colspan="1"><p>COMPUTAÇÃO</p></td><td rowspan="1" colspan="1"><p>600</p></td><td rowspan="1" colspan="1"><p>UNIVERSIDADE FEDERAL DA PARAIBA - UFPB</p></td><td rowspan="1" colspan="1"><p>UNIVERSIDADE FEDERAL DA PARAIBA</p></td></tr><tr><td rowspan="1" colspan="1"><p>142</p></td><td rowspan="1" colspan="1"><p>202517585</p></td><td rowspan="1" colspan="1"><p>Licenciatura</p></td><td rowspan="1" colspan="1"><p>LETRAS - ESPANHOL</p></td><td rowspan="1" colspan="1"><p>600</p></td><td rowspan="1" colspan="1"><p>UNIVERSIDADE FEDERAL DA PARAIBA - UFPB</p></td><td rowspan="1" colspan="1"><p>UNIVERSIDADE FEDERAL DA PARAIBA</p></td></tr><tr><td rowspan="1" colspan="1"><p>143</p></td><td rowspan="1" colspan="1"><p>202510160</p></td><td rowspan="1" colspan="1"><p>Licenciatura</p></td><td rowspan="1" colspan="1"><p>LETRAS - INGLÊS</p></td><td rowspan="1" colspan="1"><p>600</p></td><td rowspan="1" colspan="1"><p>UNIVERSIDADE FEDERAL DA PARAIBA - UFPB</p></td><td rowspan="1" colspan="1"><p>UNIVERSIDADE FEDERAL DA PARAIBA</p></td></tr><tr><td rowspan="1" colspan="1"><p>144</p></td><td rowspan="1" colspan="1"><p>202510163</p></td><td rowspan="1" colspan="1"><p>Licenciatura</p></td><td rowspan="1" colspan="1"><p>LETRAS - LÍNGUA PORTUGUESA</p></td><td rowspan="1" colspan="1"><p>700</p></td><td rowspan="1" colspan="1"><p>UNIVERSIDADE FEDERAL DA PARAIBA - UFPB</p></td><td rowspan="1" colspan="1"><p>UNIVERSIDADE FEDERAL DA PARAIBA</p></td></tr><tr><td rowspan="1" colspan="1"><p>145</p></td><td rowspan="1" colspan="1"><p>202517566</p></td><td rowspan="1" colspan="1"><p>Licenciatura</p></td><td rowspan="1" colspan="1"><p>LETRAS - LÍNGUA PORTUGUESA E LIBRAS</p></td><td rowspan="1" colspan="1"><p>210</p></td><td rowspan="1" colspan="1"><p>UNIVERSIDADE FEDERAL DA PARAIBA - UFPB</p></td><td rowspan="1" colspan="1"><p>UNIVERSIDADE FEDERAL DA PARAIBA</p></td></tr><tr><td rowspan="1" colspan="1"><p>146</p></td><td rowspan="1" colspan="1"><p>202510162</p></td><td rowspan="1" colspan="1"><p>Licenciatura</p></td><td rowspan="1" colspan="1"><p>MATEMÁTICA</p></td><td rowspan="1" colspan="1"><p>400</p></td><td rowspan="1" colspan="1"><p>UNIVERSIDADE FEDERAL DA PARAIBA - UFPB</p></td><td rowspan="1" colspan="1"><p>UNIVERSIDADE FEDERAL DA PARAIBA</p></td></tr><tr><td rowspan="1" colspan="1"><p>147</p></td><td rowspan="1" colspan="1"><p>202510166</p></td><td rowspan="1" colspan="1"><p>Licenciatura</p></td><td rowspan="1" colspan="1"><p>PEDAGOGIA</p></td><td rowspan="1" colspan="1"><p>420</p></td><td rowspan="1" colspan="1"><p>UNIVERSIDADE FEDERAL DA PARAIBA - UFPB</p></td><td rowspan="1" colspan="1"><p>UNIVERSIDADE FEDERAL DA PARAIBA</p></td></tr><tr><td rowspan="1" colspan="1"><p>148</p></td><td rowspan="1" colspan="1"><p>202510152</p></td><td rowspan="1" colspan="1"><p>Licenciatura</p></td><td rowspan="1" colspan="1"><p>CIÊNCIAS SOCIAIS</p></td><td rowspan="1" colspan="1"><p>125</p></td><td rowspan="1" colspan="1"><p>UNIVERSIDADE FEDERAL DE ALAGOAS - UFAL</p></td><td rowspan="1" colspan="1"><p>UNIVERSIDADE FEDERAL DE ALAGOAS</p></td></tr><tr><td rowspan="1" colspan="1"><p>149</p></td><td rowspan="1" colspan="1"><p>202517505</p></td><td rowspan="1" colspan="1"><p>Licenciatura</p></td><td rowspan="1" colspan="1"><p>LETRAS - ESPANHOL</p></td><td rowspan="1" colspan="1"><p>150</p></td><td rowspan="1" colspan="1"><p>UNIVERSIDADE FEDERAL DE ALAGOAS - UFAL</p></td><td rowspan="1" colspan="1"><p>UNIVERSIDADE FEDERAL DE ALAGOAS</p></td></tr><tr><td rowspan="1" colspan="1"><p>150</p></td><td rowspan="1" colspan="1"><p>202518064</p></td><td rowspan="1" colspan="1"><p>Licenciatura</p></td><td rowspan="1" colspan="1"><p>LETRAS - INGLÊS</p></td><td rowspan="1" colspan="1"><p>150</p></td><td rowspan="1" colspan="1"><p>UNIVERSIDADE FEDERAL DE ALAGOAS - UFAL</p></td><td rowspan="1" colspan="1"><p>UNIVERSIDADE FEDERAL DE ALAGOAS</p></td></tr><tr><td rowspan="1" colspan="1"><p>151</p></td><td rowspan="1" colspan="1"><p>202517969</p></td><td rowspan="1" colspan="1"><p>Licenciatura</p></td><td rowspan="1" colspan="1"><p>LETRAS - PORTUGUÊS</p></td><td rowspan="1" colspan="1"><p>250</p></td><td rowspan="1" colspan="1"><p>UNIVERSIDADE FEDERAL DE ALAGOAS - UFAL</p></td><td rowspan="1" colspan="1"><p>UNIVERSIDADE FEDERAL DE ALAGOAS</p></td></tr><tr><td rowspan="1" colspan="1"><p>152</p></td><td rowspan="1" colspan="1"><p>202510150</p></td><td rowspan="1" colspan="1"><p>Licenciatura</p></td><td rowspan="1" colspan="1"><p>MATEMÁTICA</p></td><td rowspan="1" colspan="1"><p>220</p></td><td rowspan="1" colspan="1"><p>UNIVERSIDADE FEDERAL DE ALAGOAS - UFAL</p></td><td rowspan="1" colspan="1"><p>UNIVERSIDADE FEDERAL DE ALAGOAS</p></td></tr><tr><td rowspan="1" colspan="1"><p>153</p></td><td rowspan="1" colspan="1"><p>202510149</p></td><td rowspan="1" colspan="1"><p>Licenciatura</p></td><td rowspan="1" colspan="1"><p>PEDAGOGIA</p></td><td rowspan="1" colspan="1"><p>170</p></td><td rowspan="1" colspan="1"><p>UNIVERSIDADE FEDERAL DE ALAGOAS - UFAL</p></td><td rowspan="1" colspan="1"><p>UNIVERSIDADE FEDERAL DE ALAGOAS</p></td></tr><tr><td rowspan="1" colspan="1"><p>154</p></td><td rowspan="1" colspan="1"><p>202510146</p></td><td rowspan="1" colspan="1"><p>Licenciatura</p></td><td rowspan="1" colspan="1"><p>QUÍMICA</p></td><td rowspan="1" colspan="1"><p>75</p></td><td rowspan="1" colspan="1"><p>UNIVERSIDADE FEDERAL DE ALAGOAS - UFAL</p></td><td rowspan="1" colspan="1"><p>UNIVERSIDADE FEDERAL DE ALAGOAS</p></td></tr><tr><td rowspan="1" colspan="1"><p>155</p></td><td rowspan="1" colspan="1"><p>202507693</p></td><td rowspan="1" colspan="1"><p>Licenciatura</p></td><td rowspan="1" colspan="1"><p>CIÊNCIAS BIOLÓGICAS</p></td><td rowspan="1" colspan="1"><p>35</p></td><td rowspan="1" colspan="1"><p>UNIVERSIDADE FEDERAL DE ALFENAS - UNIFAL-MG</p></td><td rowspan="1" colspan="1"><p>UNIVERSIDADE FEDERAL DE ALFENAS - UNIFAL-MG</p></td></tr><tr><td rowspan="1" colspan="1"><p>156</p></td><td rowspan="1" colspan="1"><p>202515571</p></td><td rowspan="1" colspan="1"><p>Bacharelado</p></td><td rowspan="1" colspan="1"><p>GESTÃO AMBIENTAL</p></td><td rowspan="1" colspan="1"><p>800</p></td><td rowspan="1" colspan="1"><p>UNIVERSIDADE FEDERAL DE ALFENAS - UNIFAL-MG</p></td><td rowspan="1" colspan="1"><p>UNIVERSIDADE FEDERAL DE ALFENAS - UNIFAL-MG</p></td></tr><tr><td rowspan="1" colspan="1"><p>157</p></td><td rowspan="1" colspan="1"><p>202508883</p></td><td rowspan="1" colspan="1"><p>Bacharelado</p></td><td rowspan="1" colspan="1"><p>GESTÃO AMBIENTAL E SUSTENTABILIDADE</p></td><td rowspan="1" colspan="1"><p>100</p></td><td rowspan="1" colspan="1"><p>UNIVERSIDADE FEDERAL DE ALFENAS - UNIFAL-MG</p></td><td rowspan="1" colspan="1"><p>UNIVERSIDADE FEDERAL DE ALFENAS - UNIFAL-MG</p></td></tr><tr><td rowspan="1" colspan="1"><p>158</p></td><td rowspan="1" colspan="1"><p>202507694</p></td><td rowspan="1" colspan="1"><p>Licenciatura</p></td><td rowspan="1" colspan="1"><p>PEDAGOGIA</p></td><td rowspan="1" colspan="1"><p>65</p></td><td rowspan="1" colspan="1"><p>UNIVERSIDADE FEDERAL DE ALFENAS - UNIFAL-MG</p></td><td rowspan="1" colspan="1"><p>UNIVERSIDADE FEDERAL DE ALFENAS - UNIFAL-MG</p></td></tr><tr><td rowspan="1" colspan="1"><p>159</p></td><td rowspan="1" colspan="1"><p>202507695</p></td><td rowspan="1" colspan="1"><p>Licenciatura</p></td><td rowspan="1" colspan="1"><p>QUÍMICA</p></td><td rowspan="1" colspan="1"><p>35</p></td><td rowspan="1" colspan="1"><p>UNIVERSIDADE FEDERAL DE ALFENAS - UNIFAL-MG</p></td><td rowspan="1" colspan="1"><p>UNIVERSIDADE FEDERAL DE ALFENAS - UNIFAL-MG</p></td></tr><tr><td rowspan="1" colspan="1"><p>160</p></td><td rowspan="1" colspan="1"><p>202511369</p></td><td rowspan="1" colspan="1"><p>Licenciatura</p></td><td rowspan="1" colspan="1"><p>MATEMÁTICA</p></td><td rowspan="1" colspan="1"><p>250</p></td><td rowspan="1" colspan="1"><p>UNIVERSIDADE FEDERAL DE CATALAO - UFCAT</p></td><td rowspan="1" colspan="1"><p>UNIVERSIDADE FEDERAL DE CATALAO</p></td></tr><tr><td rowspan="1" colspan="1"><p>161</p></td><td rowspan="1" colspan="1"><p>202510202</p></td><td rowspan="1" colspan="1"><p>Licenciatura</p></td><td rowspan="1" colspan="1"><p>ARTES CÊNICAS</p></td><td rowspan="1" colspan="1"><p>160</p></td><td rowspan="1" colspan="1"><p>UNIVERSIDADE FEDERAL DE GOIAS - UFG</p></td><td rowspan="1" colspan="1"><p>UNIVERSIDADE FEDERAL DE GOIAS</p></td></tr><tr><td rowspan="1" colspan="1"><p>162</p></td><td rowspan="1" colspan="1"><p>202516189</p></td><td rowspan="1" colspan="1"><p>Licenciatura</p></td><td rowspan="1" colspan="1"><p>ARTES CÊNICAS</p></td><td rowspan="1" colspan="1"><p>400</p></td><td rowspan="1" colspan="1"><p>UNIVERSIDADE FEDERAL DE GOIAS - UFG</p></td><td rowspan="1" colspan="1"><p>UNIVERSIDADE FEDERAL DE GOIAS</p></td></tr><tr><td rowspan="1" colspan="1"><p>163</p></td><td rowspan="1" colspan="1"><p>202510199</p></td><td rowspan="1" colspan="1"><p>Licenciatura</p></td><td rowspan="1" colspan="1"><p>ARTES VISUAIS</p></td><td rowspan="1" colspan="1"><p>250</p></td><td rowspan="1" colspan="1"><p>UNIVERSIDADE FEDERAL DE GOIAS - UFG</p></td><td rowspan="1" colspan="1"><p>UNIVERSIDADE FEDERAL DE GOIAS</p></td></tr><tr><td rowspan="1" colspan="1"><p>164</p></td><td rowspan="1" colspan="1"><p>202516184</p></td><td rowspan="1" colspan="1"><p>Licenciatura</p></td><td rowspan="1" colspan="1"><p>ARTES VISUAIS</p></td><td rowspan="1" colspan="1"><p>2400</p></td><td rowspan="1" colspan="1"><p>UNIVERSIDADE FEDERAL DE GOIAS - UFG</p></td><td rowspan="1" colspan="1"><p>UNIVERSIDADE FEDERAL DE GOIAS</p></td></tr><tr><td rowspan="1" colspan="1"><p>165</p></td><td rowspan="1" colspan="1"><p>202516187</p></td><td rowspan="1" colspan="1"><p>Licenciatura</p></td><td rowspan="1" colspan="1"><p>ARTES VISUAIS</p></td><td rowspan="1" colspan="1"><p>240</p></td><td rowspan="1" colspan="1"><p>UNIVERSIDADE FEDERAL DE GOIAS - UFG</p></td><td rowspan="1" colspan="1"><p>UNIVERSIDADE FEDERAL DE GOIAS</p></td></tr><tr><td rowspan="1" colspan="1"><p>166</p></td><td rowspan="1" colspan="1"><p>202518128</p></td><td rowspan="1" colspan="1"><p>Licenciatura</p></td><td rowspan="1" colspan="1"><p>ARTES VISUAIS</p></td><td rowspan="1" colspan="1"><p>35</p></td><td rowspan="1" colspan="1"><p>UNIVERSIDADE FEDERAL DE GOIAS - UFG</p></td><td rowspan="1" colspan="1"><p>UNIVERSIDADE FEDERAL DE GOIAS</p></td></tr><tr><td rowspan="1" colspan="1"><p>167</p></td><td rowspan="1" colspan="1"><p>202510200</p></td><td rowspan="1" colspan="1"><p>Licenciatura</p></td><td rowspan="1" colspan="1"><p>CIÊNCIAS BIOLÓGICAS</p></td><td rowspan="1" colspan="1"><p>250</p></td><td rowspan="1" colspan="1"><p>UNIVERSIDADE FEDERAL DE GOIAS - UFG</p></td><td rowspan="1" colspan="1"><p>UNIVERSIDADE FEDERAL DE GOIAS</p></td></tr><tr><td rowspan="1" colspan="1"><p>168</p></td><td rowspan="1" colspan="1"><p>202510203</p></td><td rowspan="1" colspan="1"><p>Licenciatura</p></td><td rowspan="1" colspan="1"><p>CIÊNCIAS BIOLÓGICAS</p></td><td rowspan="1" colspan="1"><p>135</p></td><td rowspan="1" colspan="1"><p>UNIVERSIDADE FEDERAL DE GOIAS - UFG</p></td><td rowspan="1" colspan="1"><p>UNIVERSIDADE FEDERAL DE GOIAS</p></td></tr><tr><td rowspan="1" colspan="1"><p>169</p></td><td rowspan="1" colspan="1"><p>202510197</p></td><td rowspan="1" colspan="1"><p>Licenciatura</p></td><td rowspan="1" colspan="1"><p>EDUCAÇÃO FÍSICA</p></td><td rowspan="1" colspan="1"><p>315</p></td><td rowspan="1" colspan="1"><p>UNIVERSIDADE FEDERAL DE GOIAS - UFG</p></td><td rowspan="1" colspan="1"><p>UNIVERSIDADE FEDERAL DE GOIAS</p></td></tr><tr><td rowspan="1" colspan="1"><p>170</p></td><td rowspan="1" colspan="1"><p>202516185</p></td><td rowspan="1" colspan="1"><p>Licenciatura</p></td><td rowspan="1" colspan="1"><p>EDUCAÇÃO FÍSICA</p></td><td rowspan="1" colspan="1"><p>2400</p></td><td rowspan="1" colspan="1"><p>UNIVERSIDADE FEDERAL DE GOIAS - UFG</p></td><td rowspan="1" colspan="1"><p>UNIVERSIDADE FEDERAL DE GOIAS</p></td></tr><tr><td rowspan="1" colspan="1"><p>171</p></td><td rowspan="1" colspan="1"><p>202510204</p></td><td rowspan="1" colspan="1"><p>Licenciatura</p></td><td rowspan="1" colspan="1"><p>FÍSICA</p></td><td rowspan="1" colspan="1"><p>330</p></td><td rowspan="1" colspan="1"><p>UNIVERSIDADE FEDERAL DE GOIAS - UFG</p></td><td rowspan="1" colspan="1"><p>UNIVERSIDADE FEDERAL DE GOIAS</p></td></tr><tr><td rowspan="1" colspan="1"><p>172</p></td><td rowspan="1" colspan="1"><p>202516190</p></td><td rowspan="1" colspan="1"><p>Licenciatura</p></td><td rowspan="1" colspan="1"><p>MATEMÁTICA</p></td><td rowspan="1" colspan="1"><p>1200</p></td><td rowspan="1" colspan="1"><p>UNIVERSIDADE FEDERAL DE GOIAS - UFG</p></td><td rowspan="1" colspan="1"><p>UNIVERSIDADE FEDERAL DE GOIAS</p></td></tr><tr><td rowspan="1" colspan="1"><p>173</p></td><td rowspan="1" colspan="1"><p>202515001</p></td><td rowspan="1" colspan="1"><p>Bacharelado</p></td><td rowspan="1" colspan="1"><p>CIêNCIA E TECNOLOGIA</p></td><td rowspan="1" colspan="1"><p>1620</p></td><td rowspan="1" colspan="1"><p>UNIVERSIDADE FEDERAL DE ITAJUBA - UNIFEI - UNIFEI</p></td><td rowspan="1" colspan="1"><p>UNIVERSIDADE FEDERAL DE ITAJUBA</p></td></tr><tr><td rowspan="1" colspan="1"><p>174</p></td><td rowspan="1" colspan="1"><p>202510234</p></td><td rowspan="1" colspan="1"><p>Licenciatura</p></td><td rowspan="1" colspan="1"><p>FÍSICA</p></td><td rowspan="1" colspan="1"><p>200</p></td><td rowspan="1" colspan="1"><p>UNIVERSIDADE FEDERAL DE ITAJUBA - UNIFEI - UNIFEI</p></td><td rowspan="1" colspan="1"><p>UNIVERSIDADE FEDERAL DE ITAJUBA</p></td></tr><tr><td rowspan="1" colspan="1"><p>175</p></td><td rowspan="1" colspan="1"><p>202510140</p></td><td rowspan="1" colspan="1"><p>Licenciatura</p></td><td rowspan="1" colspan="1"><p>COMPUTAÇÃO</p></td><td rowspan="1" colspan="1"><p>100</p></td><td rowspan="1" colspan="1"><p>UNIVERSIDADE FEDERAL DE JUIZ DE FORA - UFJF</p></td><td rowspan="1" colspan="1"><p>UNIVERSIDADE FEDERAL DE JUIZ DE FORA UFJF</p></td></tr></table>]]></Texto>
  </body>
  <Midias />
</article></xml>