﻿<xml><article id="45415526" name="PORTARIA 995 -GTA-CANC" idOficio="11280759" pubName="DO1" artType="Portaria" pubDate="12/09/2025" artClass="00008:00002:00017:00008:00000:00000:00000:00000:00000:00000:00054:00000" artCategory="Ministério da Agricultura e Pecuária/Secretaria Executiva/Superintendência de Agricultura e Pecuária do Estado de Santa Catarina/Divisão de Defesa Agropecuária" artSize="12" artNotes="" numberPage="7" pdfPage="http://pesquisa.in.gov.br/imprensa/jsp/visualiza/index.jsp?data=12/09/2025&amp;jornal=515&amp;pagina=7" editionNumber="174" highlightType="" highlightPriority="" highlight="" highlightimage="" highlightimagename="" idMateria="23101953">
  <body>
    <Identifica><![CDATA[ Portaria nº 995, de 9 de setembro de 2025]]></Identifica>
    <Data><![CDATA[]]></Data>
    <Ementa />
    <Titulo />
    <SubTitulo />
    <Texto><![CDATA[<p class="identifica">Portaria nº 995, de 9 de setembro de 2025</p><p>O SUPERINTENDENTE FEDERAL DE AGRICULTURA E PECUÁRIA NO ESTADO DE SANTA CATARINA, no uso das atribuições que lhe confere o art. 262 do Regimento Interno da Secretaria Executiva do Ministério da Agricultura e Pecuária, aprovado pela Portaria Ministerial nº 561, de 11 de abril de 2018, nos arts. 41 e 50 do Anexo I ao Decreto nº 11.332, de 1º de janeiro de 2023, e tendo em vista o disposto no Regulamento do Serviço de Defesa Sanitária Animal, aprovado pelo Decreto nº 24.548, de 3 de julho de 1934, na Instrução Normativa nº 22, de 20 de junho de 2013, e o que consta do processo nº 21000.063204/2025-98, resolve:</p><p>Art. 1º Cancelar, a pedido, a habilitação concedida ao médico veterinário, RAUL CHIOCCA, inscrito no CRMV-SC sob o nº 6245, não vinculado ao Serviço Oficial de Defesa Sanitária Animal, para a emissão de Guia de Trânsito Animal - GTA, referente à movimentação de Suínos, nos municípios de Campos Novos, Capinzal, Concórdia, Erval Velho, Herval d'Oeste, Iomerê, Jaborá, Joaçaba, Lacerdópolis, Ouro, Presidente Castello Branco e Videira, situados no estado de Santa Catarina, devendo o habilitado observar as normas e dispositivos legais em vigor.</p><p>Art. 2º Fica revogada a Portaria nº 07, de 19 de Janeiro de 2015.</p><p>Art. 3º Esta Portaria entra em vigor na data da sua publicação.</p><p class="assina">IVANOR BOING</p>]]></Texto>
  </body>
  <Midias />
</article></xml>