﻿<xml><article id="45410710" name="retificacao_3182_2025 COAFE" idOficio="11279965" pubName="DO1" artType="Retificação" pubDate="12/09/2025" artClass="00047:00048:00016:00006:00002:00000:00000:00000:00000:00000:00064:00013" artCategory="Ministério da Saúde/Agência Nacional de Vigilância Sanitária/4ª Diretoria/Gerência-Geral de Inspeção e Fiscalização Sanitária/Coordenação de Autorização de Funcionamento de Empresas" artSize="12" artNotes="" numberPage="201" pdfPage="http://pesquisa.in.gov.br/imprensa/jsp/visualiza/index.jsp?data=12/09/2025&amp;jornal=515&amp;pagina=201" editionNumber="174" highlightType="" highlightPriority="" highlight="" highlightimage="" highlightimagename="" idMateria="23100292">
  <body>
    <Identifica><![CDATA[ ReTIFICAÇÃO]]></Identifica>
    <Data><![CDATA[]]></Data>
    <Ementa />
    <Titulo />
    <SubTitulo />
    <Texto><![CDATA[<p class="identifica">ReTIFICAÇÃO</p><p>Na Resolução - RE n° 3.182, de 21 de agosto de 2025, publicada no Diário Oficial da União n° 159, de 22 de agosto de 2025, Seção 1, pág. 84 e 87.</p><p>Onde se lê:</p><p>BOXCARE DISTRIBUIDORA LTDA / 26.631.541/0001-01</p><p>25351.128917/2025-85 / 2111085</p><p>ARMAZENAR: COSMÉTICOS / PERFUMES / PRODUTOS DE HIGIENE</p><p>DISTRIBUIR: COSMÉTICOS / PERFUMES</p><p>EXPEDIR: COSMÉTICOS / PERFUMES / PRODUTOS DE HIGIENE</p><p>723 - AFE - CONCESSÃO - COSMÉTICOS, PERFUMES E PRODUTOS DE HIGIENE -</p><p>DISTRIBUIR (SOMENTE MATRIZ) / 0973783257</p><p>Leia-se:</p><p>BOXCARE DISTRIBUIDORA LTDA / 26.631.541/0001-01</p><p>25351.128917/2025-85 / 2111085</p><p>ARMAZENAR: COSMÉTICOS / PERFUMES / PRODUTOS DE HIGIENE</p><p>DISTRIBUIR: COSMÉTICOS / PERFUMES / PRODUTOS DE HIGIENE</p><p>EXPEDIR: COSMÉTICOS / PERFUMES / PRODUTOS DE HIGIENE</p><p>723 - AFE - CONCESSÃO - COSMÉTICOS, PERFUMES E PRODUTOS DE HIGIENE -</p><p>DISTRIBUIR (SOMENTE MATRIZ) / 0973783257</p>]]></Texto>
  </body>
  <Midias />
</article></xml>