﻿<xml><article id="45414892" name="Res_REA_16.423_2025_SCE" idOficio="11280625" pubName="DO1" artType="Resolução" pubDate="12/09/2025" artClass="00035:00043:00021:00000:00000:00000:00000:00000:00000:00000:00024:00001" artCategory="Ministério de Minas e Energia/Agência Nacional de Energia Elétrica/Diretoria Colegiada" artSize="12" artNotes="" numberPage="168" pdfPage="http://pesquisa.in.gov.br/imprensa/jsp/visualiza/index.jsp?data=12/09/2025&amp;jornal=515&amp;pagina=168" editionNumber="174" highlightType="" highlightPriority="" highlight="" highlightimage="" highlightimagename="" idMateria="23101794">
  <body>
    <Identifica><![CDATA[ RESOLUÇÃO AUTORIZATIVA Nº 16.423, DE 9 DE SETEMBRO DE 2025]]></Identifica>
    <Data><![CDATA[]]></Data>
    <Ementa />
    <Titulo />
    <SubTitulo />
    <Texto><![CDATA[<p class="identifica">RESOLUÇÃO AUTORIZATIVA Nº 16.423, DE 9 DE SETEMBRO DE 2025</p><p>O DIRETOR-GERAL DA AGÊNCIA NACIONAL DE ENERGIA ELÉTRICA - ANEEL, com base no art. 16, IV, do Regimento Interno da ANEEL, resolve:</p><p>Processo nº: 48500.025513/2025-85. Interessado: SE Narandiba S.A., CNPJ nº 10.337.920/0001-53. Objeto: Declarar de utilidade pública, para desapropriação, em favor da interessada, a área de terra que perfaz uma superfície de aproximadamente 3.150,00 (três mil, cento e cinquenta) metros quadrados, necessária à ampliação da Subestação 230/138 kV Brumado II, localizada no município de Brumado, estado da Bahia. A íntegra desta Resolução consta dos autos e encontra-se disponível no endereço eletrônico http://biblioteca.aneel.gov.br.</p><p class="assina">SANDOVAL DE ARAÚJO FEITOSA</p>]]></Texto>
  </body>
  <Midias />
</article></xml>