﻿<xml><article id="45406716" name="PORTARIA NA 612 - 11.09.2025_007" idOficio="11278735" pubName="DO1" artType="Portaria" pubDate="12/09/2025" artClass="00025:00046:00000:00000:00000:00000:00000:00000:00000:00000:00054:00000" artCategory="Ministério da Educação/Secretaria de Regulação e Supervisão da Educação Superior" artSize="24" artNotes="" numberPage="101" pdfPage="http://pesquisa.in.gov.br/imprensa/jsp/visualiza/index.jsp?data=12/09/2025&amp;jornal=515&amp;pagina=101" editionNumber="174" highlightType="" highlightPriority="" highlight="" highlightimage="" highlightimagename="" idMateria="23098719">
  <body>
    <Identifica />
    <Data><![CDATA[]]></Data>
    <Ementa />
    <Titulo />
    <SubTitulo />
    <Texto><![CDATA[<p /><p></p><table><tr /><tr><td rowspan="1" colspan="1"><p>272</p></td><td rowspan="1" colspan="1"><p>202512006</p></td><td rowspan="1" colspan="1"><p>Tecnológico</p></td><td rowspan="1" colspan="1"><p>ESTÉTICA E COSMÉTICA</p></td><td rowspan="1" colspan="1"><p>10000</p></td><td rowspan="1" colspan="1"><p>UNEF CENTRO UNIVERSITARIO - UNEF</p></td><td rowspan="1" colspan="1"><p>UNEF UNIDADE DE ENSINO SUPERIOR DE FEIRA DE SANTANA LTDA</p></td></tr><tr><td rowspan="1" colspan="1"><p>273</p></td><td rowspan="1" colspan="1"><p>202508521</p></td><td rowspan="1" colspan="1"><p>Bacharelado</p></td><td rowspan="1" colspan="1"><p>FARMÁCIA</p></td><td rowspan="1" colspan="1"><p>2000</p></td><td rowspan="1" colspan="1"><p>UNEF CENTRO UNIVERSITARIO - UNEF</p></td><td rowspan="1" colspan="1"><p>UNEF UNIDADE DE ENSINO SUPERIOR DE FEIRA DE SANTANA LTDA</p></td></tr><tr><td rowspan="1" colspan="1"><p>274</p></td><td rowspan="1" colspan="1"><p>202508523</p></td><td rowspan="1" colspan="1"><p>Bacharelado</p></td><td rowspan="1" colspan="1"><p>FISIOTERAPIA</p></td><td rowspan="1" colspan="1"><p>600</p></td><td rowspan="1" colspan="1"><p>UNEF CENTRO UNIVERSITARIO - UNEF</p></td><td rowspan="1" colspan="1"><p>UNEF UNIDADE DE ENSINO SUPERIOR DE FEIRA DE SANTANA LTDA</p></td></tr><tr><td rowspan="1" colspan="1"><p>275</p></td><td rowspan="1" colspan="1"><p>202509227</p></td><td rowspan="1" colspan="1"><p>Tecnológico</p></td><td rowspan="1" colspan="1"><p>GESTÃO AMBIENTAL</p></td><td rowspan="1" colspan="1"><p>15800</p></td><td rowspan="1" colspan="1"><p>UNEF CENTRO UNIVERSITARIO - UNEF</p></td><td rowspan="1" colspan="1"><p>UNEF UNIDADE DE ENSINO SUPERIOR DE FEIRA DE SANTANA LTDA</p></td></tr><tr><td rowspan="1" colspan="1"><p>276</p></td><td rowspan="1" colspan="1"><p>202517945</p></td><td rowspan="1" colspan="1"><p>Licenciatura</p></td><td rowspan="1" colspan="1"><p>HISTÓRIA</p></td><td rowspan="1" colspan="1"><p>2000</p></td><td rowspan="1" colspan="1"><p>UNEF CENTRO UNIVERSITARIO - UNEF</p></td><td rowspan="1" colspan="1"><p>UNEF UNIDADE DE ENSINO SUPERIOR DE FEIRA DE SANTANA LTDA</p></td></tr><tr><td rowspan="1" colspan="1"><p>277</p></td><td rowspan="1" colspan="1"><p>202510909</p></td><td rowspan="1" colspan="1"><p>Licenciatura</p></td><td rowspan="1" colspan="1"><p>PEDAGOGIA</p></td><td rowspan="1" colspan="1"><p>2500</p></td><td rowspan="1" colspan="1"><p>UNEF CENTRO UNIVERSITARIO - UNEF</p></td><td rowspan="1" colspan="1"><p>UNEF UNIDADE DE ENSINO SUPERIOR DE FEIRA DE SANTANA LTDA</p></td></tr><tr><td rowspan="1" colspan="1"><p>278</p></td><td rowspan="1" colspan="1"><p>202508519</p></td><td rowspan="1" colspan="1"><p>Bacharelado</p></td><td rowspan="1" colspan="1"><p>SERVIÇO SOCIAL</p></td><td rowspan="1" colspan="1"><p>2500</p></td><td rowspan="1" colspan="1"><p>UNEF CENTRO UNIVERSITARIO - UNEF</p></td><td rowspan="1" colspan="1"><p>UNEF UNIDADE DE ENSINO SUPERIOR DE FEIRA DE SANTANA LTDA</p></td></tr><tr><td rowspan="1" colspan="1"><p>279</p></td><td rowspan="1" colspan="1"><p>202509322</p></td><td rowspan="1" colspan="1"><p>Tecnológico</p></td><td rowspan="1" colspan="1"><p>GESTÃO AMBIENTAL</p></td><td rowspan="1" colspan="1"><p>400</p></td><td rowspan="1" colspan="1"><p>UNIBF CENTRO UNIVERSITARIO -</p></td><td rowspan="1" colspan="1"><p>UNIAO BRASILEIRA DE FACULDADES - UNIBF</p></td></tr><tr><td rowspan="1" colspan="1"><p>280</p></td><td rowspan="1" colspan="1"><p>202512105</p></td><td rowspan="1" colspan="1"><p>Tecnológico</p></td><td rowspan="1" colspan="1"><p>GESTÃO HOSPITALAR</p></td><td rowspan="1" colspan="1"><p>400</p></td><td rowspan="1" colspan="1"><p>UNIBF CENTRO UNIVERSITARIO -</p></td><td rowspan="1" colspan="1"><p>UNIAO BRASILEIRA DE FACULDADES - UNIBF</p></td></tr><tr><td rowspan="1" colspan="1"><p>281</p></td><td rowspan="1" colspan="1"><p>202518202</p></td><td rowspan="1" colspan="1"><p>Licenciatura</p></td><td rowspan="1" colspan="1"><p>PEDAGOGIA</p></td><td rowspan="1" colspan="1"><p>450</p></td><td rowspan="1" colspan="1"><p>UNIBF CENTRO UNIVERSITARIO -</p></td><td rowspan="1" colspan="1"><p>UNIAO BRASILEIRA DE FACULDADES - UNIBF</p></td></tr><tr><td rowspan="1" colspan="1"><p>282</p></td><td rowspan="1" colspan="1"><p>202509413</p></td><td rowspan="1" colspan="1"><p>Bacharelado</p></td><td rowspan="1" colspan="1"><p>AGRONOMIA</p></td><td rowspan="1" colspan="1"><p>1000</p></td><td rowspan="1" colspan="1"><p>UNIVERSIDADE ANHANGUERA - UNIDERP</p></td><td rowspan="1" colspan="1"><p>PITAGORAS SISTEMA DE EDUCACAO SUPERIOR SOCIEDADE S.A.</p></td></tr><tr><td rowspan="1" colspan="1"><p>283</p></td><td rowspan="1" colspan="1"><p>202508901</p></td><td rowspan="1" colspan="1"><p>Bacharelado</p></td><td rowspan="1" colspan="1"><p>ARQUITETURA E URBANISMO</p></td><td rowspan="1" colspan="1"><p>2000</p></td><td rowspan="1" colspan="1"><p>UNIVERSIDADE ANHANGUERA - UNIDERP</p></td><td rowspan="1" colspan="1"><p>PITAGORAS SISTEMA DE EDUCACAO SUPERIOR SOCIEDADE S.A.</p></td></tr><tr><td rowspan="1" colspan="1"><p>284</p></td><td rowspan="1" colspan="1"><p>202517694</p></td><td rowspan="1" colspan="1"><p>Licenciatura</p></td><td rowspan="1" colspan="1"><p>ARTES VISUAIS</p></td><td rowspan="1" colspan="1"><p>1000</p></td><td rowspan="1" colspan="1"><p>UNIVERSIDADE ANHANGUERA - UNIDERP</p></td><td rowspan="1" colspan="1"><p>PITAGORAS SISTEMA DE EDUCACAO SUPERIOR SOCIEDADE S.A.</p></td></tr><tr><td rowspan="1" colspan="1"><p>285</p></td><td rowspan="1" colspan="1"><p>202508152</p></td><td rowspan="1" colspan="1"><p>Bacharelado</p></td><td rowspan="1" colspan="1"><p>BIOMEDICINA</p></td><td rowspan="1" colspan="1"><p>60</p></td><td rowspan="1" colspan="1"><p>UNIVERSIDADE ANHANGUERA - UNIDERP</p></td><td rowspan="1" colspan="1"><p>PITAGORAS SISTEMA DE EDUCACAO SUPERIOR SOCIEDADE S.A.</p></td></tr><tr><td rowspan="1" colspan="1"><p>286</p></td><td rowspan="1" colspan="1"><p>202510304</p></td><td rowspan="1" colspan="1"><p>Licenciatura</p></td><td rowspan="1" colspan="1"><p>CIÊNCIAS BIOLÓGICAS</p></td><td rowspan="1" colspan="1"><p>1000</p></td><td rowspan="1" colspan="1"><p>UNIVERSIDADE ANHANGUERA - UNIDERP</p></td><td rowspan="1" colspan="1"><p>PITAGORAS SISTEMA DE EDUCACAO SUPERIOR SOCIEDADE S.A.</p></td></tr><tr><td rowspan="1" colspan="1"><p>287</p></td><td rowspan="1" colspan="1"><p>202510299</p></td><td rowspan="1" colspan="1"><p>Licenciatura</p></td><td rowspan="1" colspan="1"><p>EDUCAÇÃO ESPECIAL</p></td><td rowspan="1" colspan="1"><p>2000</p></td><td rowspan="1" colspan="1"><p>UNIVERSIDADE ANHANGUERA - UNIDERP</p></td><td rowspan="1" colspan="1"><p>PITAGORAS SISTEMA DE EDUCACAO SUPERIOR SOCIEDADE S.A.</p></td></tr><tr><td rowspan="1" colspan="1"><p>288</p></td><td rowspan="1" colspan="1"><p>202508149</p></td><td rowspan="1" colspan="1"><p>Bacharelado</p></td><td rowspan="1" colspan="1"><p>EDUCAÇÃO FÍSICA</p></td><td rowspan="1" colspan="1"><p>2000</p></td><td rowspan="1" colspan="1"><p>UNIVERSIDADE ANHANGUERA - UNIDERP</p></td><td rowspan="1" colspan="1"><p>PITAGORAS SISTEMA DE EDUCACAO SUPERIOR SOCIEDADE S.A.</p></td></tr><tr><td rowspan="1" colspan="1"><p>289</p></td><td rowspan="1" colspan="1"><p>202510303</p></td><td rowspan="1" colspan="1"><p>Licenciatura</p></td><td rowspan="1" colspan="1"><p>EDUCAÇÃO FÍSICA</p></td><td rowspan="1" colspan="1"><p>2800</p></td><td rowspan="1" colspan="1"><p>UNIVERSIDADE ANHANGUERA - UNIDERP</p></td><td rowspan="1" colspan="1"><p>PITAGORAS SISTEMA DE EDUCACAO SUPERIOR SOCIEDADE S.A.</p></td></tr><tr><td rowspan="1" colspan="1"><p>290</p></td><td rowspan="1" colspan="1"><p>202517740</p></td><td rowspan="1" colspan="1"><p>Bacharelado</p></td><td rowspan="1" colspan="1"><p>ENGENHARIA AMBIENTAL</p></td><td rowspan="1" colspan="1"><p>5000</p></td><td rowspan="1" colspan="1"><p>UNIVERSIDADE ANHANGUERA - UNIDERP</p></td><td rowspan="1" colspan="1"><p>PITAGORAS SISTEMA DE EDUCACAO SUPERIOR SOCIEDADE S.A.</p></td></tr><tr><td rowspan="1" colspan="1"><p>291</p></td><td rowspan="1" colspan="1"><p>202517294</p></td><td rowspan="1" colspan="1"><p>Bacharelado</p></td><td rowspan="1" colspan="1"><p>ENGENHARIA AMBIENTAL E SANITÁRIA</p></td><td rowspan="1" colspan="1"><p>5000</p></td><td rowspan="1" colspan="1"><p>UNIVERSIDADE ANHANGUERA - UNIDERP</p></td><td rowspan="1" colspan="1"><p>PITAGORAS SISTEMA DE EDUCACAO SUPERIOR SOCIEDADE S.A.</p></td></tr><tr><td rowspan="1" colspan="1"><p>292</p></td><td rowspan="1" colspan="1"><p>202508902</p></td><td rowspan="1" colspan="1"><p>Bacharelado</p></td><td rowspan="1" colspan="1"><p>ENGENHARIA CIVIL</p></td><td rowspan="1" colspan="1"><p>4000</p></td><td rowspan="1" colspan="1"><p>UNIVERSIDADE ANHANGUERA - UNIDERP</p></td><td rowspan="1" colspan="1"><p>PITAGORAS SISTEMA DE EDUCACAO SUPERIOR SOCIEDADE S.A.</p></td></tr><tr><td rowspan="1" colspan="1"><p>293</p></td><td rowspan="1" colspan="1"><p>202508900</p></td><td rowspan="1" colspan="1"><p>Bacharelado</p></td><td rowspan="1" colspan="1"><p>ENGENHARIA DE COMPUTAÇÃO</p></td><td rowspan="1" colspan="1"><p>5000</p></td><td rowspan="1" colspan="1"><p>UNIVERSIDADE ANHANGUERA - UNIDERP</p></td><td rowspan="1" colspan="1"><p>PITAGORAS SISTEMA DE EDUCACAO SUPERIOR SOCIEDADE S.A.</p></td></tr><tr><td rowspan="1" colspan="1"><p>294</p></td><td rowspan="1" colspan="1"><p>202517752</p></td><td rowspan="1" colspan="1"><p>Bacharelado</p></td><td rowspan="1" colspan="1"><p>ENGENHARIA DE CONTROLE E AUTOMAÇÃO</p></td><td rowspan="1" colspan="1"><p>5000</p></td><td rowspan="1" colspan="1"><p>UNIVERSIDADE ANHANGUERA - UNIDERP</p></td><td rowspan="1" colspan="1"><p>PITAGORAS SISTEMA DE EDUCACAO SUPERIOR SOCIEDADE S.A.</p></td></tr><tr><td rowspan="1" colspan="1"><p>295</p></td><td rowspan="1" colspan="1"><p>202508899</p></td><td rowspan="1" colspan="1"><p>Bacharelado</p></td><td rowspan="1" colspan="1"><p>ENGENHARIA DE PRODUÇÃO</p></td><td rowspan="1" colspan="1"><p>3000</p></td><td rowspan="1" colspan="1"><p>UNIVERSIDADE ANHANGUERA - UNIDERP</p></td><td rowspan="1" colspan="1"><p>PITAGORAS SISTEMA DE EDUCACAO SUPERIOR SOCIEDADE S.A.</p></td></tr><tr><td rowspan="1" colspan="1"><p>296</p></td><td rowspan="1" colspan="1"><p>202508898</p></td><td rowspan="1" colspan="1"><p>Bacharelado</p></td><td rowspan="1" colspan="1"><p>ENGENHARIA ELÉTRICA</p></td><td rowspan="1" colspan="1"><p>500</p></td><td rowspan="1" colspan="1"><p>UNIVERSIDADE ANHANGUERA - UNIDERP</p></td><td rowspan="1" colspan="1"><p>PITAGORAS SISTEMA DE EDUCACAO SUPERIOR SOCIEDADE S.A.</p></td></tr><tr><td rowspan="1" colspan="1"><p>297</p></td><td rowspan="1" colspan="1"><p>202517532</p></td><td rowspan="1" colspan="1"><p>Bacharelado</p></td><td rowspan="1" colspan="1"><p>ENGENHARIA MECÂNICA</p></td><td rowspan="1" colspan="1"><p>3000</p></td><td rowspan="1" colspan="1"><p>UNIVERSIDADE ANHANGUERA - UNIDERP</p></td><td rowspan="1" colspan="1"><p>PITAGORAS SISTEMA DE EDUCACAO SUPERIOR SOCIEDADE S.A.</p></td></tr><tr><td rowspan="1" colspan="1"><p>298</p></td><td rowspan="1" colspan="1"><p>202517444</p></td><td rowspan="1" colspan="1"><p>Tecnológico</p></td><td rowspan="1" colspan="1"><p>ESTÉTICA E COSMÉTICA</p></td><td rowspan="1" colspan="1"><p>1000</p></td><td rowspan="1" colspan="1"><p>UNIVERSIDADE ANHANGUERA - UNIDERP</p></td><td rowspan="1" colspan="1"><p>PITAGORAS SISTEMA DE EDUCACAO SUPERIOR SOCIEDADE S.A.</p></td></tr><tr><td rowspan="1" colspan="1"><p>299</p></td><td rowspan="1" colspan="1"><p>202508155</p></td><td rowspan="1" colspan="1"><p>Bacharelado</p></td><td rowspan="1" colspan="1"><p>FARMÁCIA</p></td><td rowspan="1" colspan="1"><p>60</p></td><td rowspan="1" colspan="1"><p>UNIVERSIDADE ANHANGUERA - UNIDERP</p></td><td rowspan="1" colspan="1"><p>PITAGORAS SISTEMA DE EDUCACAO SUPERIOR SOCIEDADE S.A.</p></td></tr><tr><td rowspan="1" colspan="1"><p>300</p></td><td rowspan="1" colspan="1"><p>202510301</p></td><td rowspan="1" colspan="1"><p>Licenciatura</p></td><td rowspan="1" colspan="1"><p>FILOSOFIA</p></td><td rowspan="1" colspan="1"><p>60</p></td><td rowspan="1" colspan="1"><p>UNIVERSIDADE ANHANGUERA - UNIDERP</p></td><td rowspan="1" colspan="1"><p>PITAGORAS SISTEMA DE EDUCACAO SUPERIOR SOCIEDADE S.A.</p></td></tr><tr><td rowspan="1" colspan="1"><p>301</p></td><td rowspan="1" colspan="1"><p>202507696</p></td><td rowspan="1" colspan="1"><p>Licenciatura</p></td><td rowspan="1" colspan="1"><p>FÍSICA</p></td><td rowspan="1" colspan="1"><p>1000</p></td><td rowspan="1" colspan="1"><p>UNIVERSIDADE ANHANGUERA - UNIDERP</p></td><td rowspan="1" colspan="1"><p>PITAGORAS SISTEMA DE EDUCACAO SUPERIOR SOCIEDADE S.A.</p></td></tr><tr><td rowspan="1" colspan="1"><p>302</p></td><td rowspan="1" colspan="1"><p>202508148</p></td><td rowspan="1" colspan="1"><p>Bacharelado</p></td><td rowspan="1" colspan="1"><p>FISIOTERAPIA</p></td><td rowspan="1" colspan="1"><p>1000</p></td><td rowspan="1" colspan="1"><p>UNIVERSIDADE ANHANGUERA - UNIDERP</p></td><td rowspan="1" colspan="1"><p>PITAGORAS SISTEMA DE EDUCACAO SUPERIOR SOCIEDADE S.A.</p></td></tr><tr><td rowspan="1" colspan="1"><p>303</p></td><td rowspan="1" colspan="1"><p>202510307</p></td><td rowspan="1" colspan="1"><p>Licenciatura</p></td><td rowspan="1" colspan="1"><p>GEOGRAFIA</p></td><td rowspan="1" colspan="1"><p>1000</p></td><td rowspan="1" colspan="1"><p>UNIVERSIDADE ANHANGUERA - UNIDERP</p></td><td rowspan="1" colspan="1"><p>PITAGORAS SISTEMA DE EDUCACAO SUPERIOR SOCIEDADE S.A.</p></td></tr><tr><td rowspan="1" colspan="1"><p>304</p></td><td rowspan="1" colspan="1"><p>202508154</p></td><td rowspan="1" colspan="1"><p>Tecnológico</p></td><td rowspan="1" colspan="1"><p>GERONTOLOGIA</p></td><td rowspan="1" colspan="1"><p>3000</p></td><td rowspan="1" colspan="1"><p>UNIVERSIDADE ANHANGUERA - UNIDERP</p></td><td rowspan="1" colspan="1"><p>PITAGORAS SISTEMA DE EDUCACAO SUPERIOR SOCIEDADE S.A.</p></td></tr><tr><td rowspan="1" colspan="1"><p>305</p></td><td rowspan="1" colspan="1"><p>202508896</p></td><td rowspan="1" colspan="1"><p>Tecnológico</p></td><td rowspan="1" colspan="1"><p>GESTÃO AMBIENTAL</p></td><td rowspan="1" colspan="1"><p>1500</p></td><td rowspan="1" colspan="1"><p>UNIVERSIDADE ANHANGUERA - UNIDERP</p></td><td rowspan="1" colspan="1"><p>PITAGORAS SISTEMA DE EDUCACAO SUPERIOR SOCIEDADE S.A.</p></td></tr><tr><td rowspan="1" colspan="1"><p>306</p></td><td rowspan="1" colspan="1"><p>202511744</p></td><td rowspan="1" colspan="1"><p>Tecnológico</p></td><td rowspan="1" colspan="1"><p>GESTÃO HOSPITALAR</p></td><td rowspan="1" colspan="1"><p>1000</p></td><td rowspan="1" colspan="1"><p>UNIVERSIDADE ANHANGUERA - UNIDERP</p></td><td rowspan="1" colspan="1"><p>PITAGORAS SISTEMA DE EDUCACAO SUPERIOR SOCIEDADE S.A.</p></td></tr><tr><td rowspan="1" colspan="1"><p>307</p></td><td rowspan="1" colspan="1"><p>202510300</p></td><td rowspan="1" colspan="1"><p>Licenciatura</p></td><td rowspan="1" colspan="1"><p>HISTÓRIA</p></td><td rowspan="1" colspan="1"><p>1000</p></td><td rowspan="1" colspan="1"><p>UNIVERSIDADE ANHANGUERA - UNIDERP</p></td><td rowspan="1" colspan="1"><p>PITAGORAS SISTEMA DE EDUCACAO SUPERIOR SOCIEDADE S.A.</p></td></tr><tr><td rowspan="1" colspan="1"><p>308</p></td><td rowspan="1" colspan="1"><p>202510297</p></td><td rowspan="1" colspan="1"><p>Licenciatura</p></td><td rowspan="1" colspan="1"><p>LETRAS - LÍNGUA PORTUGUESA E LÍNGUA INGLESA</p></td><td rowspan="1" colspan="1"><p>16800</p></td><td rowspan="1" colspan="1"><p>UNIVERSIDADE ANHANGUERA - UNIDERP</p></td><td rowspan="1" colspan="1"><p>PITAGORAS SISTEMA DE EDUCACAO SUPERIOR SOCIEDADE S.A.</p></td></tr><tr><td rowspan="1" colspan="1"><p>309</p></td><td rowspan="1" colspan="1"><p>202517722</p></td><td rowspan="1" colspan="1"><p>Licenciatura</p></td><td rowspan="1" colspan="1"><p>LETRAS - PORTUGUÊS</p></td><td rowspan="1" colspan="1"><p>1000</p></td><td rowspan="1" colspan="1"><p>UNIVERSIDADE ANHANGUERA - UNIDERP</p></td><td rowspan="1" colspan="1"><p>PITAGORAS SISTEMA DE EDUCACAO SUPERIOR SOCIEDADE S.A.</p></td></tr><tr><td rowspan="1" colspan="1"><p>310</p></td><td rowspan="1" colspan="1"><p>202510310</p></td><td rowspan="1" colspan="1"><p>Licenciatura</p></td><td rowspan="1" colspan="1"><p>LETRAS - PORTUGUÊS E ESPANHOL</p></td><td rowspan="1" colspan="1"><p>1000</p></td><td rowspan="1" colspan="1"><p>UNIVERSIDADE ANHANGUERA - UNIDERP</p></td><td rowspan="1" colspan="1"><p>PITAGORAS SISTEMA DE EDUCACAO SUPERIOR SOCIEDADE S.A.</p></td></tr><tr><td rowspan="1" colspan="1"><p>311</p></td><td rowspan="1" colspan="1"><p>202510306</p></td><td rowspan="1" colspan="1"><p>Licenciatura</p></td><td rowspan="1" colspan="1"><p>MATEMÁTICA</p></td><td rowspan="1" colspan="1"><p>1000</p></td><td rowspan="1" colspan="1"><p>UNIVERSIDADE ANHANGUERA - UNIDERP</p></td><td rowspan="1" colspan="1"><p>PITAGORAS SISTEMA DE EDUCACAO SUPERIOR SOCIEDADE S.A.</p></td></tr><tr><td rowspan="1" colspan="1"><p>312</p></td><td rowspan="1" colspan="1"><p>202508151</p></td><td rowspan="1" colspan="1"><p>Bacharelado</p></td><td rowspan="1" colspan="1"><p>NUTRIÇÃO</p></td><td rowspan="1" colspan="1"><p>3000</p></td><td rowspan="1" colspan="1"><p>UNIVERSIDADE ANHANGUERA - UNIDERP</p></td><td rowspan="1" colspan="1"><p>PITAGORAS SISTEMA DE EDUCACAO SUPERIOR SOCIEDADE S.A.</p></td></tr><tr><td rowspan="1" colspan="1"><p>313</p></td><td rowspan="1" colspan="1"><p>202510298</p></td><td rowspan="1" colspan="1"><p>Licenciatura</p></td><td rowspan="1" colspan="1"><p>PEDAGOGIA</p></td><td rowspan="1" colspan="1"><p>16000</p></td><td rowspan="1" colspan="1"><p>UNIVERSIDADE ANHANGUERA - UNIDERP</p></td><td rowspan="1" colspan="1"><p>PITAGORAS SISTEMA DE EDUCACAO SUPERIOR SOCIEDADE S.A.</p></td></tr></table>]]></Texto>
  </body>
  <Midias />
</article></xml>