﻿<xml><article id="45414424" name="8085 Exclui proposta do Anexo da" idOficio="11280592" pubName="DO1" artType="Portaria" pubDate="12/09/2025" artClass="00047:00001:00000:00000:00000:00000:00000:00000:00000:00000:00024:00005" artCategory="Ministério da Saúde/Gabinete do Ministro" artSize="24" artNotes="" numberPage="183" pdfPage="http://pesquisa.in.gov.br/imprensa/jsp/visualiza/index.jsp?data=12/09/2025&amp;jornal=515&amp;pagina=183" editionNumber="174" highlightType="" highlightPriority="" highlight="" highlightimage="" highlightimagename="" idMateria="23101729">
  <body>
    <Identifica><![CDATA[ PORTARIA GM/MS Nº 8.085, DE 10 DE setembro DE 2025]]></Identifica>
    <Data><![CDATA[]]></Data>
    <Ementa><![CDATA[ Exclui proposta do Anexo da Portaria GM/MS nº 7.706, de 25 de julho de 2025, que autoriza municípios a receberem recursos financeiros destinados à execução de obras de reforma de Unidade Básica de Saúde - USB.]]></Ementa>
    <Titulo />
    <SubTitulo />
    <Texto><![CDATA[<p class="identifica">PORTARIA GM/MS Nº 8.085, DE 10 DE setembro DE 2025</p><p class="ementa">Exclui proposta do Anexo da Portaria GM/MS nº 7.706, de 25 de julho de 2025, que autoriza municípios a receberem recursos financeiros destinados à execução de obras de reforma de Unidade Básica de Saúde - USB.</p><p>O MINISTRO DE ESTADO DA SAÚDE, no uso das atribuições que lhe conferem os incisos I e II do parágrafo único do art. 87 da Constituição Federal, em observância a Lei nº 14.535, de 17 de janeiro de 2023, Lei Complementar nº 141, de 13 de janeiro de 2012, Lei nº 8.080, de 19 de setembro de 1990, e Portaria GM/MS nº 449, de 05 de abril de 2023, resolve:</p><p>Art. 1º Fica excluída do Anexo da Portaria GM/MS nº 7.706, de 25 de julho de 2025, publicada no Diário Oficial da União nº 140, Seção 1, Pág. 151, em 28 de julho de 2025, a qual autoriza municípios a receberem recursos financeiros destinados à execução de obras de reforma de Unidade Básica de Saúde - UBS, a proposta do município descrita no anexo desta portaria.</p><p>Art. 2º Esta portaria entra em vigor na data de sua publicação.</p><p class="assina">ALEXANDRE ROCHA SANTOS PADILHA</p><p>ANEXO</p><p /><p></p><table><tr /><tr><td rowspan="1" colspan="1"><p>UF</p></td><td rowspan="1" colspan="1"><p>MUNICÍPIO</p></td><td rowspan="1" colspan="1"><p>ENTIDADE</p></td><td rowspan="1" colspan="1"><p>Nº DA PROPOSTA</p></td><td rowspan="1" colspan="1"><p>CÓD. EMENDA</p></td><td rowspan="1" colspan="1"><p>VALOR POR PARLAMENTAR (R$)</p></td><td rowspan="1" colspan="1"><p>VALOR TOTAL DA PROPOSTA (R$)</p></td><td rowspan="1" colspan="1"><p>FUNCIONAL PROGRAMÁTICA</p></td></tr><tr><td rowspan="1" colspan="1"><p>AP</p></td><td rowspan="1" colspan="1"><p>MACAPÁ</p></td><td rowspan="1" colspan="1"><p>FUNDO MUNICIPAL DE SAÚDE DO MUNICÍPIO DE MACAPÁ</p></td><td rowspan="1" colspan="1"><p>18604334000125001</p></td><td rowspan="1" colspan="1"><p>44000002</p></td><td rowspan="1" colspan="1"><p>999.990,00</p></td><td rowspan="1" colspan="1"><p>999.990,00</p></td><td rowspan="1" colspan="1"><p>10301511985810016</p></td></tr></table>]]></Texto>
  </body>
  <Midias />
</article></xml>