﻿<xml><article id="45417745" name="ATO PORTARIA GM 1469" idOficio="11281087" pubName="DO1" artType="Portaria" pubDate="12/09/2025" artClass="00034:00001:00000:00000:00000:00000:00000:00000:00000:00000:00054:00000" artCategory="Ministério do Meio Ambiente e Mudança do Clima/Gabinete da Ministra" artSize="24" artNotes="" numberPage="166" pdfPage="http://pesquisa.in.gov.br/imprensa/jsp/visualiza/index.jsp?data=12/09/2025&amp;jornal=515&amp;pagina=166" editionNumber="174" highlightType="" highlightPriority="" highlight="" highlightimage="" highlightimagename="" idMateria="23102451">
  <body>
    <Identifica><![CDATA[ PORTARIA GM/MMA Nº 1.469, DE 11 DE SETEMBRO DE 2025]]></Identifica>
    <Data><![CDATA[]]></Data>
    <Ementa><![CDATA[ Habilita o INSTITUTO RECICLEIROS como entidade gestora de sistemas de logística reversa de embalagens em geral.]]></Ementa>
    <Titulo />
    <SubTitulo />
    <Texto><![CDATA[<p class="identifica">PORTARIA GM/MMA Nº 1.469, DE 11 DE SETEMBRO DE 2025</p><p class="ementa">Habilita o INSTITUTO RECICLEIROS como entidade gestora de sistemas de logística reversa de embalagens em geral.</p><p>A MINISTRA DE ESTADO DO MEIO AMBIENTE E MUDANÇA DO CLIMA, no uso da atribuição que lhe confere o art. 87, inciso IV, da Constituição, e tendo em vista o disposto na Portaria GM/MMA nº 1.102, de 12 de julho de 2024, e no Processo Administrativo nº 02000.004595/2025-64, resolve:</p><p>Art. 1º Fica habilitada a pessoa jurídica discriminada no Anexo desta Portaria como entidade gestora de sistemas de logística reversa de embalagens em geral, em âmbito nacional.</p><p>Art. 2º Esta Portaria entra em vigor na data de sua publicação.</p><p class="assina">MARINA SILVA</p><p class="anexo">ANEXO</p><p /><p></p><table><tr /><tr><td rowspan="1" colspan="1"><p>Nº da Habilitação</p></td><td rowspan="1" colspan="1"><p>Razão Social</p></td><td rowspan="1" colspan="1"><p>CNPJ</p></td><td rowspan="1" colspan="1"><p>Processo</p></td></tr><tr><td rowspan="1" colspan="1"><p>013</p></td><td rowspan="1" colspan="1"><p>INSTITUTO RECICLEIROS</p></td><td rowspan="1" colspan="1"><p>14.845.914/0001-68</p></td><td rowspan="1" colspan="1"><p>02000.004595/2025-64</p></td></tr></table>]]></Texto>
  </body>
  <Midias />
</article></xml>