﻿<xml><article id="45415874" name="PIN RET 130220250917e18 (Extraor" idOficio="11280808" pubName="DO1" artType="Retificação" pubDate="12/09/2025" artClass="00028:00015:00001:00006:00003:00000:00000:00000:00000:00000:00066:00000" artCategory="Ministério da Fazenda/Conselho Administrativo de Recursos Fiscais/1ª Seção/3ª Câmara/2ª Turma Ordinária" artSize="12" artNotes="" numberPage="133" pdfPage="http://pesquisa.in.gov.br/imprensa/jsp/visualiza/index.jsp?data=12/09/2025&amp;jornal=515&amp;pagina=133" editionNumber="174" highlightType="" highlightPriority="" highlight="" highlightimage="" highlightimagename="" idMateria="23102017">
  <body>
    <Identifica><![CDATA[ RETIFICAÇÃO]]></Identifica>
    <Data><![CDATA[]]></Data>
    <Ementa />
    <Titulo />
    <SubTitulo />
    <Texto><![CDATA[<p class="identifica">RETIFICAÇÃO</p><p>Na pauta de julgamento da 2ª Turma Ordinária da 3ª Câmara da 1ª Seção do CARF, publicada no DOU nº 168 de 04/09/2025, Seção 1, pág. 22, faltou a seguinte observação:</p><p>6) Será submetida ao colegiado, proposta da Presidente de Turma para retificação da ata da reunião extraordinária de agosto de 2025, relativa ao processo nº 10880.971339/2011-49, recorrente: Opens Labs S.A.</p><p class="assina">SERGIO MAGALHÃES LIMA</p><p class="cargo">Presidente da 2ª Turma Ordinária</p>]]></Texto>
  </body>
  <Midias />
</article></xml>