﻿<xml><article id="45407419" name="PORTARIA nr 128 SISA-GO 2025 SEI" idOficio="11279178" pubName="DO1" artType="Portaria" pubDate="12/09/2025" artClass="00008:00002:00013:00000:00000:00000:00000:00000:00000:00000:00054:00000" artCategory="Ministério da Agricultura e Pecuária/Secretaria Executiva/Superintendência de Agricultura e Pecuária do Estado de Goiás" artSize="12" artNotes="" numberPage="7" pdfPage="http://pesquisa.in.gov.br/imprensa/jsp/visualiza/index.jsp?data=12/09/2025&amp;jornal=515&amp;pagina=7" editionNumber="174" highlightType="" highlightPriority="" highlight="" highlightimage="" highlightimagename="" idMateria="23099252">
  <body>
    <Identifica><![CDATA[ PORTARIA MAPA Nº 128, DE 9 DE SETEMBRO DE 2025]]></Identifica>
    <Data><![CDATA[]]></Data>
    <Ementa />
    <Titulo />
    <SubTitulo />
    <Texto><![CDATA[<p class="identifica">PORTARIA MAPA Nº 128, DE 9 DE SETEMBRO DE 2025</p><p>O Superintendente de Agricultura e Pecuária do Estado de Goiás, no uso das atribuições que lhe foram conferidas pelo Regimento Interno da Secretaria Executiva, aprovado da Portaria nº 561, de 11 de abril de 2018, publicada no DOU de 13 de abril de 2018, e com base na Instrução Normativa nº 22, de 20 de junho de 2013, publicada no DOU de 21 de junho de 2013, resolve:</p><p>Art. 1º - Habilitar a médica veterinária ISABELLE DOMINGOS, inscrita no CRMV-GO sob o nº 12.875-VS, para emitir Guia de Trânsito Animal - GTA para trânsito intra e interestadual de AVES e OVOS FÉRTEIS nos municípios autorizados pelo SISA/DDA/SFA-GO, observando as normas e dispositivos legais em vigor. Processo SEI nº 21020.002259/2025-93.</p><p>Art. 2º - Esta Portaria entra em vigor na data de sua publicação.</p><p class="assina">JOSÉ EDUARDO DE FRANÇA</p>]]></Texto>
  </body>
  <Midias />
</article></xml>