﻿<xml><article id="45405354" name="889_PRONAS" idOficio="11278678" pubName="DO1" artType="Portaria" pubDate="12/09/2025" artClass="00047:00002:00000:00000:00000:00000:00000:00000:00000:00000:00054:00000" artCategory="Ministério da Saúde/Secretaria Executiva" artSize="12" artNotes="" numberPage="187" pdfPage="http://pesquisa.in.gov.br/imprensa/jsp/visualiza/index.jsp?data=12/09/2025&amp;jornal=515&amp;pagina=187" editionNumber="174" highlightType="" highlightPriority="" highlight="" highlightimage="" highlightimagename="" idMateria="23098598">
  <body>
    <Identifica><![CDATA[ PORTARIA SE/MS Nº 889, DE 10 DE SETEMBRO DE 2025]]></Identifica>
    <Data><![CDATA[]]></Data>
    <Ementa><![CDATA[ Dá publicidade aos resultados das análises de prestações de contas anuais de projeto executado no âmbito do Programa Nacional de Apoio à Atenção Oncológica (Pronon).]]></Ementa>
    <Titulo />
    <SubTitulo />
    <Texto><![CDATA[<p class="identifica">PORTARIA SE/MS Nº 889, DE 10 DE SETEMBRO DE 2025</p><p class="ementa">Dá publicidade aos resultados das análises de prestações de contas anuais de projeto executado no âmbito do Programa Nacional de Apoio à Atenção Oncológica (Pronon).</p><p>O SECRETÁRIO-EXECUTIVO DO MINISTÉRIO DA SAÚDE, no uso das atribuições legais que lhe confere o art. 13 do Anexo I do Decreto nº 11.798, de 28 de novembro de 2023; considerando os arts. 1º ao 14 da Lei nº 12.715, de 17 de setembro de 2012, que institui o Programa Nacional de Apoio à Atenção Oncológica (Pronon) e o Programa Nacional de Apoio à Atenção da Saúde da Pessoa com Deficiência (Pronas/PCD); considerando a regulamentação estabelecida pelo Decreto nº 7.988, de 17 de abril de 2013, e considerando o disposto no art. 100 do Anexo LXXXVI à Portaria de Consolidação nº 5/GM/MS, de 28 de setembro de 2017, resolve:</p><p>Art. 1º Publicar os seguintes resultados das análises de prestações de contas anuais de projeto executado no âmbito do Programa Nacional de Apoio à Atenção Oncológica (Pronon).</p><p>I - Razão Social: Fundação Faculdade de Medicina.</p><p>CNPJ: 56.577.059/0006-06.</p><p>Município/UF: São Paulo/SP.</p><p>Título do projeto: "Capacitação em Atenção ao Paciente Oncológico Crítico e Diagnóstico por Imagem na Oncologia".</p><p>Órgão responsável pela análise: Secretaria de Gestão do Trabalho e da Educação na Saúde (SGTES/MS).</p><p>Tipo de análise: Execução física.</p><p>Processo NUP: 25000.057433/2015-52.</p><p>Período analisado: Exercício 2023.</p><p>Embasamento: Parecer Técnico nº 229/2024-CORES/CGESC/DEGES/SGTES/MS (0040861802) e Despacho SGTES/CGPROJ/SGTES/MS (0050013113).</p><p>Resultado: Aprovada.</p><p>II - Razão Social: Fundação Faculdade de Medicina</p><p>CNPJ: 56.577.059/0006-06.</p><p>Município/UF: São Paulo/SP.</p><p>Título do projeto: "Capacitação em Atenção ao Paciente Oncológico Crítico e Diagnóstico por Imagem na Oncologia".</p><p>Órgão responsável pela análise: Secretaria de Gestão do Trabalho e da Educação na Saúde (SGTES/MS).</p><p>Tipo de análise: Execução física.</p><p>Processo NUP: 25000.057433/2015-52</p><p>Período analisado: Exercício 2024.</p><p>Embasamento: Parecer Técnico nº 88/2025-CGAES/DEGES/SGTES/MS (0047850502) e Despacho SGTES/CGPROJ/SGTES/MS (0049394596).</p><p>Resultado: Aprovada.</p><p>Art. 2º Esta Portaria entra em vigor na data de sua publicação.</p><p class="assina">ADRIANO MASSUDA</p>]]></Texto>
  </body>
  <Midias />
</article></xml>