﻿<xml><article id="45425293" name="1109_MSG_PR_1291_A_1294_S1_OK" idOficio="11281173" pubName="DO1" artType="Mensagem" pubDate="12/09/2025" artClass="00006:00002:00000:00000:00000:00000:00000:00000:00000:00000:00045:00000" artCategory="Presidência da República/Despachos do Presidente da República" artSize="12" artNotes="" numberPage="3" pdfPage="http://pesquisa.in.gov.br/imprensa/jsp/visualiza/index.jsp?data=12/09/2025&amp;jornal=515&amp;pagina=3" editionNumber="174" highlightType="" highlightPriority="" highlight="" highlightimage="" highlightimagename="" idMateria="23102579">
  <body>
    <Identifica><![CDATA[ DESPACHOS DO PRESIDENTE DA REPÚBLICA]]></Identifica>
    <Data><![CDATA[]]></Data>
    <Ementa />
    <Titulo />
    <SubTitulo />
    <Texto><![CDATA[<p class="identifica">DESPACHOS D<strong>O PRESIDENTE DA REPÚBLICA</strong></p><p><strong>MENSAGEM</strong></p><p>Nº 1.291, de 11 de setembro de 2025. Restituição ao Congresso Nacional de autógrafo do projeto de lei que, sancionado, se transforma na Lei nº 15.202, de 11 de setembro de 2025.</p><p>Nº 1.292, de 11 de setembro de 2025. Restituição ao Congresso Nacional de autógrafo do projeto de lei que, sancionado, se transforma na Lei nº 15.203, de 11 de setembro de 2025.</p><p>Nº 1.293, de 11 de setembro de 2025. Restituição ao Congresso Nacional de autógrafo do projeto de lei que, sancionado, se transforma na Lei nº 15.204, de 11 de setembro de 2025.</p><p>Nº 1.294, de 11 de setembro de 2025. Encaminhamento ao Congresso Nacional do texto do projeto de lei que "Dispõe sobre as diretrizes para o desenvolvimento do futebol feminino na República Federativa do Brasil e dá outras providências.".</p>]]></Texto>
  </body>
  <Midias />
</article></xml>