﻿<xml><article id="45409918" name="Portaria nA 2782 - NORDESTE" idOficio="11279806" pubName="DO1" artType="Portaria" pubDate="12/09/2025" artClass="00032:00031:00000:00000:00000:00000:00000:00000:00000:00000:00054:00006" artCategory="Ministério da Integração e do Desenvolvimento Regional/Secretaria Nacional de Proteção e Defesa Civil" artSize="12" artNotes="" numberPage="145" pdfPage="http://pesquisa.in.gov.br/imprensa/jsp/visualiza/index.jsp?data=12/09/2025&amp;jornal=515&amp;pagina=145" editionNumber="174" highlightType="" highlightPriority="" highlight="" highlightimage="" highlightimagename="" idMateria="23100059">
  <body>
    <Identifica><![CDATA[ PORTARIA Nº 2782, DE 10 DE SETEMBRO DE 2025]]></Identifica>
    <Data><![CDATA[]]></Data>
    <Ementa />
    <Titulo />
    <SubTitulo />
    <Texto><![CDATA[<p class="identifica">PORTARIA Nº 2782, DE 10 DE SETEMBRO DE 2025</p><p>O SECRETÁRIO NACIONAL DE PROTEÇÃO E DEFESA CIVIL, no uso da competência que lhe foi delegada pela Portaria Ministerial nº 2.212, de 04 de julho de 2023, publicada no Diário Oficial da União, Seção 1, de 05 de julho de 2023, resolve:</p><p>Art. 1º Reconhecer a situação de emergência nas áreas descritas no Formulário de Informações do Desastre - FIDE, conforme as informações relacionadas abaixo.</p><p /><p></p><table><tr /><tr><td rowspan="1" colspan="1"><p>UF</p></td><td rowspan="1" colspan="1"><p>Município</p></td><td rowspan="1" colspan="1"><p>Desastre</p></td><td rowspan="1" colspan="1"><p>Decreto</p></td><td rowspan="1" colspan="1"><p>Data</p></td><td rowspan="1" colspan="1"><p>Processo</p></td></tr><tr><td rowspan="1" colspan="1"><p>BA</p></td><td rowspan="1" colspan="1"><p>Cansanção</p></td><td rowspan="1" colspan="1"><p>Estiagem - 1.4.1.1.0</p></td><td rowspan="1" colspan="1"><p>046</p></td><td rowspan="1" colspan="1"><p>01/09/2025</p></td><td rowspan="1" colspan="1"><p>59051.044129/2025-33</p></td></tr><tr><td rowspan="1" colspan="1"><p>BA</p></td><td rowspan="1" colspan="1"><p>Poções</p></td><td rowspan="1" colspan="1"><p>Estiagem - 1.4.1.1.0</p></td><td rowspan="1" colspan="1"><p>575</p></td><td rowspan="1" colspan="1"><p>03/09/2025</p></td><td rowspan="1" colspan="1"><p>59051.044120/2025-22</p></td></tr><tr><td rowspan="1" colspan="1"><p>CE</p></td><td rowspan="1" colspan="1"><p>Quixadá</p></td><td rowspan="1" colspan="1"><p>Seca - 1.4.1.2.0</p></td><td rowspan="1" colspan="1"><p>046</p></td><td rowspan="1" colspan="1"><p>03/09/2025</p></td><td rowspan="1" colspan="1"><p>59051.044126/2025-08</p></td></tr><tr><td rowspan="1" colspan="1"><p>PB</p></td><td rowspan="1" colspan="1"><p>Mogeiro</p></td><td rowspan="1" colspan="1"><p>Estiagem - 1.4.1.1.0</p></td><td rowspan="1" colspan="1"><p>0119</p></td><td rowspan="1" colspan="1"><p>26/08/2025</p></td><td rowspan="1" colspan="1"><p>59051.044132/2025-57</p></td></tr></table><p>Art. 2º Esta portaria entra em vigor na data de sua publicação.</p><p class="assina">WOLNEI WOLFF BARREIROS</p>]]></Texto>
  </body>
  <Midias />
</article></xml>