﻿<xml><article id="45408472" name="2025-09-11/11279488/ANMWS_230996" idOficio="11279488" pubName="DO1" artType="Despacho" pubDate="12/09/2025" artClass="00035:00044:00026:00000:00000:00000:00000:00000:00000:00000:00024:00211" artCategory="Ministério de Minas e Energia/Agência Nacional de Mineração/Gerência Regional da ANM no Estado de Santa Catarina" artSize="12" artNotes="" numberPage="170" pdfPage="http://pesquisa.in.gov.br/imprensa/jsp/visualiza/index.jsp?data=12/09/2025&amp;jornal=515&amp;pagina=170" editionNumber="174" highlightType="" highlightPriority="" highlight="" highlightimage="" highlightimagename="" idMateria="23099647">
  <body>
    <Identifica><![CDATA[Despacho]]></Identifica>
    <Data><![CDATA[]]></Data>
    <Ementa />
    <Titulo />
    <SubTitulo />
    <Texto><![CDATA[<p class="identifica">Despacho</p><p>Relação nº 211/2025</p><p>Fase de Autorização de Pesquisa</p><p>Concede anuência e autoriza averbação da cessão parcial de direitos(175)</p><p>815.231/2021-VW MINERACAO LTDA- Alvará n°8159/2023 - Cessionario:815.117/2025-Terra Brava Mineração e Locação Ltda- CPF ou CNPJ 59.698.362/0001-40</p><p>Fase de Concessão de Lavra</p><p>Determina cumprimento de exigência - Prazo 60 dias(470)</p><p>815.748/2005-TECMICER - MINERAÇÃO COMÉRCIO E TRANSPORTE DE MINÉRIOS CERÂMICOS LTDA-OF. N°34738/2025/DIVFIS-SC/ANM</p><p>Fase de Licenciamento</p><p>Autoriza averbação da Prorrogação do Registro de Licença(742)</p><p>815.442/2003-UNIPLAN TERRAPLENAGEM E COMERCIO DE AREIA LTDA.- Registro de Licença N° 1071 - Vencimento em 2003</p><p>Fase de Requerimento de Lavra</p><p>Determina cumprimento de exigência - Prazo 60 dias(361)</p><p>815.289/2009-COOPERATIVA DE EXPLORACAO MINERAL DE SOMBRIO - CEMISO-OF. N°35376/2025/COROUT-SC/ANM</p><p>815.113/2002-RIBEIRAO MINERADORA LTDA-OF. N°35711/2025/CAREAS-SC/ANM</p><p>Concede anuência e autoriza averbação da cessão parcial do requerimento de lavra(566)</p><p>815.406/2004-GEOELY GEOLOGIA E SERVICOS LTDA- Alvará n°9966/2004 - Cessionario:815.055/2024-Mz Comércio, Mineração e Beneficiamento de Minérios Ltda- CNPJ 45.485.874/0001-14</p><p>Fase de Requerimento de Lavra Garimpeira</p><p>Determina cumprimento de exigência - Prazo 60 dias(344)</p><p>815.320/2025-YURI LUIZ JUNIOR DE FREITAS SANTOS - Ofício N° 35684/2025/COROUT-SC/ANM</p><p>Fase de Requerimento de Licenciamento</p><p>Determina o cumprimento de exigência - Prazo 30 dias(1155)</p><p>Processo nº: 815.368/2025</p><p>Titular: DIOGO MULLER</p><p>Ofício nº: 35711/2025/CAREAS-SC/ANM</p><p>Fase de Requerimento de Pesquisa</p><p>Determina cumprimento de exigência - Prazo 60 dias(131)</p><p>815.309/2025-AREIAS LAGUNA LTDA-OF. N°35440/2025/COROUT-SC/ANM</p><p>Fase de Requerimento de Registro de Extração</p><p>Determina cumprimento de exigência - Prazo 30 dias(825)</p><p>815.326/2025-MUNICIPIO DE LUIZ ALVES-OF. N°35367/2025/COROUT-SC/ANM</p><p>815.191/2025-MUNICIPIO DE CELSO RAMOS-OF. N°34869/2025/COROUT-SC/ANM</p><p>815.353/2025-PREFEITURA MUNICIPAL DE NOVA VENEZA-OF. N°35677/2025/COROUT-SC/ANM</p><p class="assina">JOSE AUGUSTO SIMOES NETO</p><p class="cargo">Gerente</p>]]></Texto>
  </body>
  <Midias />
</article></xml>