﻿<xml><article id="45402708" name="Int_Desp_2.716_2025_DIR" idOficio="11278305" pubName="DO1" artType="Despacho" pubDate="12/09/2025" artClass="00035:00043:00021:00000:00000:00000:00000:00000:00000:00000:00024:00013" artCategory="Ministério de Minas e Energia/Agência Nacional de Energia Elétrica/Diretoria Colegiada" artSize="12" artNotes="" numberPage="169" pdfPage="http://pesquisa.in.gov.br/imprensa/jsp/visualiza/index.jsp?data=12/09/2025&amp;jornal=515&amp;pagina=169" editionNumber="174" highlightType="" highlightPriority="" highlight="" highlightimage="" highlightimagename="" idMateria="23098101">
  <body>
    <Identifica><![CDATA[ DESPACHO Nº 2.716, DE 9 DE SETEMBRO DE 2025]]></Identifica>
    <Data><![CDATA[]]></Data>
    <Ementa />
    <Titulo />
    <SubTitulo />
    <Texto><![CDATA[<p class="identifica">DESPACHO Nº 2.716, DE 9 DE SETEMBRO DE 2025</p><p>O DIRETOR-GERAL DA AGÊNCIA NACIONAL DE ENERGIA ELÉTRICA - ANEEL, no uso de suas atribuições regimentais, de acordo com deliberação da Diretoria, e o que consta do Processo nº 48500.018871/2025-31, decide:</p><p>manter o Termo de Intimação nº 22/2025 lavrado pela Superintendência de Fiscalização Econômica, Financeira e de Mercado - SFF, de modo a revogar a outorga da autorização da Gold Comercializadora de Energia Ltda. (CNPJ nº 30.483.222/0001-73), objeto do Despacho nº 2.063, de 29 de julho de 2019, posteriormente alterado pelo Despacho nº 471, de 19 de fevereiro de 2024.</p><p class="assina">SANDOVAL DE ARAÚJO FEITOSA</p>]]></Texto>
  </body>
  <Midias />
</article></xml>