﻿<xml><article id="45417685" name="2Atos05set" idOficio="11281057" pubName="DO1" artType="Ato" pubDate="12/09/2025" artClass="00014:00019:00016:00057:00000:00000:00000:00000:00000:00000:00006:00000" artCategory="Ministério das Comunicações/Agência Nacional de Telecomunicações/Superintendência de Outorga e Recursos à Prestação/Gerência de Outorga e Licenciamento de Estações" artSize="12" artNotes="" numberPage="20" pdfPage="http://pesquisa.in.gov.br/imprensa/jsp/visualiza/index.jsp?data=12/09/2025&amp;jornal=515&amp;pagina=20" editionNumber="174" highlightType="" highlightPriority="" highlight="" highlightimage="" highlightimagename="" idMateria="23102403">
  <body>
    <Identifica><![CDATA[ ATO Nº 12.064, DE 5 DE SETEMBRO DE 2025]]></Identifica>
    <Data><![CDATA[]]></Data>
    <Ementa />
    <Titulo />
    <SubTitulo />
    <Texto><![CDATA[<p class="identifica">ATO Nº 12.064, DE 5 DE SETEMBRO DE 2025</p><p>Processo nº 53500.071691/2025-18. Outorga Autorização de Uso de Radiofrequência à REDE VITORIOSA DE COMUNICACOES LTDA, CNPJ 03.521.447/0001-02, executante do Serviço de Retransmissão de Radiodifusão de Sons e Imagens - Digital, na localidade de Conquista/MG.</p><p class="assina">Renato Sales Bizerra Aguiar</p><p class="cargo">Gerente</p>]]></Texto>
  </body>
  <Midias />
</article></xml>