﻿<xml><article id="45418273" name="ADE8SOR1138" idOficio="11281098" pubName="DO1" artType="Ato Declaratório" pubDate="12/09/2025" artClass="00028:00032:00435:00100:00025:00000:00000:00000:00000:00000:00007:00005" artCategory="Ministério da Fazenda/Secretaria Especial da Receita Federal do Brasil/Secretaria-Adjunta/Superintendência Regional da Receita Federal do Brasil 8ª Região Fiscal/Delegacia da Receita Federal do Brasil em Sorocaba" artSize="12" artNotes="" numberPage="141" pdfPage="http://pesquisa.in.gov.br/imprensa/jsp/visualiza/index.jsp?data=12/09/2025&amp;jornal=515&amp;pagina=141" editionNumber="174" highlightType="" highlightPriority="" highlight="" highlightimage="" highlightimagename="" idMateria="23102465">
  <body>
    <Identifica><![CDATA[ ATO DECLARATÓRIO EXECUTIVO EQBEN/DELEBEN/SRRF08ª/RFB Nº 1.138, ]]></Identifica>
    <Data><![CDATA[]]></Data>
    <Ementa><![CDATA[ Declara a habilitação definitiva no Programa Mais Leite Saudável, instituído pelo Decreto nº 8.533, de 30 de setembro de 2015.]]></Ementa>
    <Titulo />
    <SubTitulo />
    <Texto><![CDATA[<p class="identifica">ATO DECLARATÓRIO EXECUTIVO EQBEN/DELEBEN/SRRF08ª/RFB Nº 1.138,</p><p class="identifica">DE 11 DE SETEMBRO DE 2025</p><p class="ementa">Declara a habilitação definitiva no Programa Mais Leite Saudável, instituído pelo Decreto nº 8.533, de 30 de setembro de 2015.</p><p>A AUDITORA-FISCAL DA RECEITA FEDERAL DO BRASIL signatária, no uso das atribuições que lhe conferem a alínea "b" do inciso I do art. 6º da Lei nº 10.593, de 6 de dezembro de 2002 (Redação dada pela Lei nº 11.457, de 2007), o art. 8º da Portaria RFB nº 372, de 26 de outubro de 2023, e os art. 2º e 4º da Portaria RFB nº 114, de 27 de janeiro de 2022, com base nas competências do inciso IV do art. 303 do Regimento Interno da Secretaria Especial da Receita Federal do Brasil, aprovado pela Portaria ME nº 284, de 27 de julho de 2020, tendo em vista o disposto nos art. 690 a 722 da IN RFB nº 2.121, de 15 de dezembro de 2022 e, considerando o que consta no dossiê nº 13031.019319/2025-50, DECLARA:</p><p>Art. 1º Concedida a Habilitação Definitiva no âmbito do Programa Mais Leite Saudável, instituído pelo Decreto nº 8.533, de 30 de setembro de 2015, à pessoa jurídica GOIASMINAS INDUSTRIA DE LATICINIOS LTDA, inscrita no CNPJ sob o nº 01.257.995/0001-33, titular de projeto de realização de investimentos destinados a auxiliar produtores rurais de leite no desenvolvimento da qualidade e da produtividade de sua atividade, aprovado pelo Ministério da Agricultura, Pecuária e Abastecimento, com período de vigência de 01/04/2024 a 31/03/2026 com base nas análises técnicas constantes nos autos do Processo nº 308793.4208585/2024.</p><p>Art. 2º Caso se apure que a beneficiária não satisfazia ou deixou de satisfazer, ou não cumpria ou deixou de cumprir os requisitos para a habilitação ao Programa e fruição de seus benefícios, fica sujeita ao cancelamento de ofício da presente habilitação, nos termos do Decreto nº 8.533/15, do art.9º-A, da Lei nº 10.925/2004 e do art. 716 da IN RFB nº 2.121/2022.</p><p>Art. 3º Este Ato Declaratório Executivo entra em vigor na data de sua publicação no Diário Oficial da União - DOU.</p><p class="assina">SILVANA MARIA SOLIS GONÇALVES</p>]]></Texto>
  </body>
  <Midias />
</article></xml>