﻿<xml><article id="45408493" name="2025-09-11/11279507/ANMWS_230996" idOficio="11279507" pubName="DO1" artType="Despacho" pubDate="12/09/2025" artClass="00035:00044:00021:00000:00000:00000:00000:00000:00000:00000:00024:00439" artCategory="Ministério de Minas e Energia/Agência Nacional de Mineração/Gerência Regional da ANM no Estado de Minas Gerais" artSize="12" artNotes="" numberPage="170" pdfPage="http://pesquisa.in.gov.br/imprensa/jsp/visualiza/index.jsp?data=12/09/2025&amp;jornal=515&amp;pagina=170" editionNumber="174" highlightType="" highlightPriority="" highlight="" highlightimage="" highlightimagename="" idMateria="23099688">
  <body>
    <Identifica><![CDATA[Despacho]]></Identifica>
    <Data><![CDATA[]]></Data>
    <Ementa />
    <Titulo />
    <SubTitulo />
    <Texto><![CDATA[<p class="identifica">Despacho</p><p>Relação nº 439/2025</p><p>Fase de Autorização de Pesquisa</p><p>Determina cumprimento de exigência - Prazo 60 dias(250)</p><p>830.878/2014-STONE GOLD MINERAÇÃO EIRELI-OF. N°35634/2025/UAMC-MG/ANM</p><p>830.407/2018-NOVAMINAS PARTICIPACOES S.A.-OF. N°36029/2025/UAMC-MG/ANM</p><p>831.170/2016-JLX MINERACAO S/A-OF. N°35913/2025/UAMC-MG/ANM</p><p>834.096/2010-BRASIL MINERAL LTDA-OF. N°35882/2025/UAMC-MG/ANM</p><p>Homologa renúncia da Autorização de Pesquisa(294)</p><p>832.452/2010-VICENZA MINERAÇÃO E PARTICIPAÇÕES S A. -Alvará N°13972/2010</p><p>Fase de Requerimento de Licenciamento</p><p>Indefere requerimento de Licenciamento- área sem oneração(2096)</p><p>830.773/2025-IVONE ROSA ALVES</p><p>Fase de Requerimento de Pesquisa</p><p>Indefere requerimento de pesquisa por interferência total(121)</p><p>831.169/2025-MINERACAO SERRA DO LOPES LTDA</p><p>831.142/2025-VALDEIR SANTOS COIMBRA</p><p>831.135/2025-SOLUCOES EMPRESARIAIS INTEGRADAS LTDA</p><p>Determina cumprimento de exigência - Prazo 60 dias(131)</p><p>831.515/2020-LOBO GUARA MINERACAO E REPRESENTACAO EIRELI-OF. N°35344/2025/CAREAS-MG/ANM</p><p class="assina">LUCIANA CABRAL DANESE</p><p class="cargo">Gerente</p>]]></Texto>
  </body>
  <Midias />
</article></xml>