﻿<xml><article id="45415529" name="PORTARIA 997 -GTA-CANC" idOficio="11280759" pubName="DO1" artType="Portaria" pubDate="12/09/2025" artClass="00008:00002:00017:00008:00000:00000:00000:00000:00000:00000:00054:00000" artCategory="Ministério da Agricultura e Pecuária/Secretaria Executiva/Superintendência de Agricultura e Pecuária do Estado de Santa Catarina/Divisão de Defesa Agropecuária" artSize="12" artNotes="" numberPage="7" pdfPage="http://pesquisa.in.gov.br/imprensa/jsp/visualiza/index.jsp?data=12/09/2025&amp;jornal=515&amp;pagina=7" editionNumber="174" highlightType="" highlightPriority="" highlight="" highlightimage="" highlightimagename="" idMateria="23101951">
  <body>
    <Identifica><![CDATA[ Portaria nº 997, de 9 de setembro de 2025]]></Identifica>
    <Data><![CDATA[]]></Data>
    <Ementa />
    <Titulo />
    <SubTitulo />
    <Texto><![CDATA[<p class="identifica">Portaria nº 997, de 9 de setembro de 2025</p><p>O SUPERINTENDENTE FEDERAL DE AGRICULTURA E PECUÁRIA NO ESTADO DE SANTA CATARINA, no uso das atribuições que lhe confere o artigo 292 do Regimento Interno da Secretaria Executiva do Ministério da Agricultura e Pecuária, aprovado pela Portaria nº 561, de 11 de abril de 2018, nos arts. 41 e 50 do Anexo I ao Decreto nº 11.332, de 1º de janeiro de 2023, e tendo em vista o disposto no artigo 9º da Instrução Normativa nº 22, de 20 de junho de 2013, e o que consta do processo nº 21050.005431/2018-84, resolve:</p><p>Art. 1º Cancelar, a pedido, a habilitação concedida ao médico veterinário FÁBIO ROSSATO, inscrito no CRMV-SC sob o nº 7265-VP, para fins de execução de atividades previstas no Regulamento Técnico do Programa Nacional de Controle e Erradicação de Brucelose e Tuberculose Animal, referentes à realização de testes de diagnóstico de brucelose e tuberculose e participação no processo de certificação de estabelecimentos de criação livres para brucelose e tuberculose bovina e bubalina, no estado de Santa Catarina.</p><p>Art. 2º Fica revogada a Portaria nº 339, de 12 de Setembro de 2018.</p><p>Art. 3º Esta Portaria entra em vigor na data da sua publicação.</p><p class="assina">IVANOR BOING</p>]]></Texto>
  </body>
  <Midias />
</article></xml>