﻿<xml><article id="45408514" name="2025-09-11/11279513/ANMWS_230996" idOficio="11279513" pubName="DO1" artType="Retificação" pubDate="12/09/2025" artClass="00035:00044:00024:00000:00000:00000:00000:00000:00000:00000:00066:00212" artCategory="Ministério de Minas e Energia/Agência Nacional de Mineração/Gerência Regional da ANM no Estado de Rondônia" artSize="12" artNotes="" numberPage="170" pdfPage="http://pesquisa.in.gov.br/imprensa/jsp/visualiza/index.jsp?data=12/09/2025&amp;jornal=515&amp;pagina=170" editionNumber="174" highlightType="" highlightPriority="" highlight="" highlightimage="" highlightimagename="" idMateria="23099694">
  <body>
    <Identifica><![CDATA[Despacho]]></Identifica>
    <Data><![CDATA[]]></Data>
    <Ementa />
    <Titulo />
    <SubTitulo />
    <Texto><![CDATA[<p class="identifica">Despacho</p><p>Relação nº 212/2025</p><p>Fase de Requerimento de Pesquisa</p><p>Torna sem efeito despacho publicado.(2874)</p><p>886.264/2021-COOPERATIVA GARIMPEIRA E MINERADORA NACIONAL - COOPERMINE- DOU de 29/08/2025</p><p class="assina">ANTÔNIO TEOTÔNIO DE SOUZA NETO</p><p class="cargo">Gerente</p>]]></Texto>
  </body>
  <Midias />
</article></xml>