﻿<xml><article id="45406326" name="PORTARIA NA 607 - 11.09.2025_005" idOficio="11278735" pubName="DO1" artType="Portaria" pubDate="12/09/2025" artClass="00025:00046:00000:00000:00000:00000:00000:00000:00000:00000:00054:00000" artCategory="Ministério da Educação/Secretaria de Regulação e Supervisão da Educação Superior" artSize="24" artNotes="" numberPage="53" pdfPage="http://pesquisa.in.gov.br/imprensa/jsp/visualiza/index.jsp?data=12/09/2025&amp;jornal=515&amp;pagina=53" editionNumber="174" highlightType="" highlightPriority="" highlight="" highlightimage="" highlightimagename="" idMateria="23098714">
  <body>
    <Identifica />
    <Data><![CDATA[]]></Data>
    <Ementa />
    <Titulo />
    <SubTitulo />
    <Texto><![CDATA[<p /><p></p><table><tr /><tr><td rowspan="1" colspan="1"><p>160</p></td><td rowspan="1" colspan="1"><p>202508637</p></td><td rowspan="1" colspan="1"><p>Bacharelado</p></td><td rowspan="1" colspan="1"><p>BIOMEDICINA</p></td><td rowspan="1" colspan="1"><p>350</p></td><td rowspan="1" colspan="1"><p>CENTRO UNIVERSITARIO DOCTUM DE TEOFILO OTONI - UNIDOCTUM</p></td><td rowspan="1" colspan="1"><p>INSTITUTO ENSINAR BRASIL</p></td></tr><tr><td rowspan="1" colspan="1"><p>161</p></td><td rowspan="1" colspan="1"><p>202508634</p></td><td rowspan="1" colspan="1"><p>Bacharelado</p></td><td rowspan="1" colspan="1"><p>EDUCAÇÃO FÍSICA</p></td><td rowspan="1" colspan="1"><p>150</p></td><td rowspan="1" colspan="1"><p>CENTRO UNIVERSITARIO DOCTUM DE TEOFILO OTONI - UNIDOCTUM</p></td><td rowspan="1" colspan="1"><p>INSTITUTO ENSINAR BRASIL</p></td></tr><tr><td rowspan="1" colspan="1"><p>162</p></td><td rowspan="1" colspan="1"><p>202511190</p></td><td rowspan="1" colspan="1"><p>Licenciatura</p></td><td rowspan="1" colspan="1"><p>EDUCAÇÃO FÍSICA</p></td><td rowspan="1" colspan="1"><p>500</p></td><td rowspan="1" colspan="1"><p>CENTRO UNIVERSITARIO DOCTUM DE TEOFILO OTONI - UNIDOCTUM</p></td><td rowspan="1" colspan="1"><p>INSTITUTO ENSINAR BRASIL</p></td></tr><tr><td rowspan="1" colspan="1"><p>163</p></td><td rowspan="1" colspan="1"><p>202509345</p></td><td rowspan="1" colspan="1"><p>Tecnológico</p></td><td rowspan="1" colspan="1"><p>ELETROTÉCNICA INDUSTRIAL</p></td><td rowspan="1" colspan="1"><p>150</p></td><td rowspan="1" colspan="1"><p>CENTRO UNIVERSITARIO DOCTUM DE TEOFILO OTONI - UNIDOCTUM</p></td><td rowspan="1" colspan="1"><p>INSTITUTO ENSINAR BRASIL</p></td></tr><tr><td rowspan="1" colspan="1"><p>164</p></td><td rowspan="1" colspan="1"><p>202509344</p></td><td rowspan="1" colspan="1"><p>Bacharelado</p></td><td rowspan="1" colspan="1"><p>ENGENHARIA CIVIL</p></td><td rowspan="1" colspan="1"><p>150</p></td><td rowspan="1" colspan="1"><p>CENTRO UNIVERSITARIO DOCTUM DE TEOFILO OTONI - UNIDOCTUM</p></td><td rowspan="1" colspan="1"><p>INSTITUTO ENSINAR BRASIL</p></td></tr><tr><td rowspan="1" colspan="1"><p>165</p></td><td rowspan="1" colspan="1"><p>202509342</p></td><td rowspan="1" colspan="1"><p>Bacharelado</p></td><td rowspan="1" colspan="1"><p>ENGENHARIA DE PRODUÇÃO</p></td><td rowspan="1" colspan="1"><p>250</p></td><td rowspan="1" colspan="1"><p>CENTRO UNIVERSITARIO DOCTUM DE TEOFILO OTONI - UNIDOCTUM</p></td><td rowspan="1" colspan="1"><p>INSTITUTO ENSINAR BRASIL</p></td></tr><tr><td rowspan="1" colspan="1"><p>166</p></td><td rowspan="1" colspan="1"><p>202509346</p></td><td rowspan="1" colspan="1"><p>Bacharelado</p></td><td rowspan="1" colspan="1"><p>ENGENHARIA ELÉTRICA</p></td><td rowspan="1" colspan="1"><p>300</p></td><td rowspan="1" colspan="1"><p>CENTRO UNIVERSITARIO DOCTUM DE TEOFILO OTONI - UNIDOCTUM</p></td><td rowspan="1" colspan="1"><p>INSTITUTO ENSINAR BRASIL</p></td></tr><tr><td rowspan="1" colspan="1"><p>167</p></td><td rowspan="1" colspan="1"><p>202512123</p></td><td rowspan="1" colspan="1"><p>Tecnológico</p></td><td rowspan="1" colspan="1"><p>ESTÉTICA E COSMÉTICA</p></td><td rowspan="1" colspan="1"><p>150</p></td><td rowspan="1" colspan="1"><p>CENTRO UNIVERSITARIO DOCTUM DE TEOFILO OTONI - UNIDOCTUM</p></td><td rowspan="1" colspan="1"><p>INSTITUTO ENSINAR BRASIL</p></td></tr><tr><td rowspan="1" colspan="1"><p>168</p></td><td rowspan="1" colspan="1"><p>202508638</p></td><td rowspan="1" colspan="1"><p>Bacharelado</p></td><td rowspan="1" colspan="1"><p>FARMÁCIA</p></td><td rowspan="1" colspan="1"><p>250</p></td><td rowspan="1" colspan="1"><p>CENTRO UNIVERSITARIO DOCTUM DE TEOFILO OTONI - UNIDOCTUM</p></td><td rowspan="1" colspan="1"><p>INSTITUTO ENSINAR BRASIL</p></td></tr><tr><td rowspan="1" colspan="1"><p>169</p></td><td rowspan="1" colspan="1"><p>202508636</p></td><td rowspan="1" colspan="1"><p>Bacharelado</p></td><td rowspan="1" colspan="1"><p>FISIOTERAPIA</p></td><td rowspan="1" colspan="1"><p>600</p></td><td rowspan="1" colspan="1"><p>CENTRO UNIVERSITARIO DOCTUM DE TEOFILO OTONI - UNIDOCTUM</p></td><td rowspan="1" colspan="1"><p>INSTITUTO ENSINAR BRASIL</p></td></tr><tr><td rowspan="1" colspan="1"><p>170</p></td><td rowspan="1" colspan="1"><p>202511187</p></td><td rowspan="1" colspan="1"><p>Licenciatura</p></td><td rowspan="1" colspan="1"><p>GEOGRAFIA</p></td><td rowspan="1" colspan="1"><p>150</p></td><td rowspan="1" colspan="1"><p>CENTRO UNIVERSITARIO DOCTUM DE TEOFILO OTONI - UNIDOCTUM</p></td><td rowspan="1" colspan="1"><p>INSTITUTO ENSINAR BRASIL</p></td></tr><tr><td rowspan="1" colspan="1"><p>171</p></td><td rowspan="1" colspan="1"><p>202512122</p></td><td rowspan="1" colspan="1"><p>Tecnológico</p></td><td rowspan="1" colspan="1"><p>GESTÃO HOSPITALAR</p></td><td rowspan="1" colspan="1"><p>150</p></td><td rowspan="1" colspan="1"><p>CENTRO UNIVERSITARIO DOCTUM DE TEOFILO OTONI - UNIDOCTUM</p></td><td rowspan="1" colspan="1"><p>INSTITUTO ENSINAR BRASIL</p></td></tr><tr><td rowspan="1" colspan="1"><p>172</p></td><td rowspan="1" colspan="1"><p>202511192</p></td><td rowspan="1" colspan="1"><p>Licenciatura</p></td><td rowspan="1" colspan="1"><p>HISTÓRIA</p></td><td rowspan="1" colspan="1"><p>150</p></td><td rowspan="1" colspan="1"><p>CENTRO UNIVERSITARIO DOCTUM DE TEOFILO OTONI - UNIDOCTUM</p></td><td rowspan="1" colspan="1"><p>INSTITUTO ENSINAR BRASIL</p></td></tr><tr><td rowspan="1" colspan="1"><p>173</p></td><td rowspan="1" colspan="1"><p>202511191</p></td><td rowspan="1" colspan="1"><p>Licenciatura</p></td><td rowspan="1" colspan="1"><p>LETRAS</p></td><td rowspan="1" colspan="1"><p>150</p></td><td rowspan="1" colspan="1"><p>CENTRO UNIVERSITARIO DOCTUM DE TEOFILO OTONI - UNIDOCTUM</p></td><td rowspan="1" colspan="1"><p>INSTITUTO ENSINAR BRASIL</p></td></tr><tr><td rowspan="1" colspan="1"><p>174</p></td><td rowspan="1" colspan="1"><p>202511189</p></td><td rowspan="1" colspan="1"><p>Licenciatura</p></td><td rowspan="1" colspan="1"><p>MATEMÁTICA</p></td><td rowspan="1" colspan="1"><p>150</p></td><td rowspan="1" colspan="1"><p>CENTRO UNIVERSITARIO DOCTUM DE TEOFILO OTONI - UNIDOCTUM</p></td><td rowspan="1" colspan="1"><p>INSTITUTO ENSINAR BRASIL</p></td></tr><tr><td rowspan="1" colspan="1"><p>175</p></td><td rowspan="1" colspan="1"><p>202511188</p></td><td rowspan="1" colspan="1"><p>Licenciatura</p></td><td rowspan="1" colspan="1"><p>PEDAGOGIA</p></td><td rowspan="1" colspan="1"><p>1000</p></td><td rowspan="1" colspan="1"><p>CENTRO UNIVERSITARIO DOCTUM DE TEOFILO OTONI - UNIDOCTUM</p></td><td rowspan="1" colspan="1"><p>INSTITUTO ENSINAR BRASIL</p></td></tr><tr><td rowspan="1" colspan="1"><p>176</p></td><td rowspan="1" colspan="1"><p>202508635</p></td><td rowspan="1" colspan="1"><p>Bacharelado</p></td><td rowspan="1" colspan="1"><p>SERVIÇO SOCIAL</p></td><td rowspan="1" colspan="1"><p>350</p></td><td rowspan="1" colspan="1"><p>CENTRO UNIVERSITARIO DOCTUM DE TEOFILO OTONI - UNIDOCTUM</p></td><td rowspan="1" colspan="1"><p>INSTITUTO ENSINAR BRASIL</p></td></tr><tr><td rowspan="1" colspan="1"><p>177</p></td><td rowspan="1" colspan="1"><p>202509282</p></td><td rowspan="1" colspan="1"><p>Bacharelado</p></td><td rowspan="1" colspan="1"><p>ARQUITETURA E URBANISMO</p></td><td rowspan="1" colspan="1"><p>100</p></td><td rowspan="1" colspan="1"><p>CENTRO UNIVERSITARIO DOM PEDRO II -</p></td><td rowspan="1" colspan="1"><p>INSTITUICAO BAIANA DE ENSINO SUPERIOR LTDA</p></td></tr><tr><td rowspan="1" colspan="1"><p>178</p></td><td rowspan="1" colspan="1"><p>202511021</p></td><td rowspan="1" colspan="1"><p>Licenciatura</p></td><td rowspan="1" colspan="1"><p>BIOLOGIA</p></td><td rowspan="1" colspan="1"><p>130</p></td><td rowspan="1" colspan="1"><p>CENTRO UNIVERSITARIO DOM PEDRO II -</p></td><td rowspan="1" colspan="1"><p>INSTITUICAO BAIANA DE ENSINO SUPERIOR LTDA</p></td></tr><tr><td rowspan="1" colspan="1"><p>179</p></td><td rowspan="1" colspan="1"><p>202518197</p></td><td rowspan="1" colspan="1"><p>Bacharelado</p></td><td rowspan="1" colspan="1"><p>BIOMEDICINA</p></td><td rowspan="1" colspan="1"><p>800</p></td><td rowspan="1" colspan="1"><p>CENTRO UNIVERSITARIO DOM PEDRO II -</p></td><td rowspan="1" colspan="1"><p>INSTITUICAO BAIANA DE ENSINO SUPERIOR LTDA</p></td></tr><tr><td rowspan="1" colspan="1"><p>180</p></td><td rowspan="1" colspan="1"><p>202508560</p></td><td rowspan="1" colspan="1"><p>Bacharelado</p></td><td rowspan="1" colspan="1"><p>EDUCAÇÃO FÍSICA</p></td><td rowspan="1" colspan="1"><p>1600</p></td><td rowspan="1" colspan="1"><p>CENTRO UNIVERSITARIO DOM PEDRO II -</p></td><td rowspan="1" colspan="1"><p>INSTITUICAO BAIANA DE ENSINO SUPERIOR LTDA</p></td></tr><tr><td rowspan="1" colspan="1"><p>181</p></td><td rowspan="1" colspan="1"><p>202511016</p></td><td rowspan="1" colspan="1"><p>Licenciatura</p></td><td rowspan="1" colspan="1"><p>EDUCAÇÃO FÍSICA</p></td><td rowspan="1" colspan="1"><p>1600</p></td><td rowspan="1" colspan="1"><p>CENTRO UNIVERSITARIO DOM PEDRO II -</p></td><td rowspan="1" colspan="1"><p>INSTITUICAO BAIANA DE ENSINO SUPERIOR LTDA</p></td></tr><tr><td rowspan="1" colspan="1"><p>182</p></td><td rowspan="1" colspan="1"><p>202509279</p></td><td rowspan="1" colspan="1"><p>Bacharelado</p></td><td rowspan="1" colspan="1"><p>ENGENHARIA CIVIL</p></td><td rowspan="1" colspan="1"><p>1600</p></td><td rowspan="1" colspan="1"><p>CENTRO UNIVERSITARIO DOM PEDRO II -</p></td><td rowspan="1" colspan="1"><p>INSTITUICAO BAIANA DE ENSINO SUPERIOR LTDA</p></td></tr><tr><td rowspan="1" colspan="1"><p>183</p></td><td rowspan="1" colspan="1"><p>202509280</p></td><td rowspan="1" colspan="1"><p>Bacharelado</p></td><td rowspan="1" colspan="1"><p>ENGENHARIA DE PRODUÇÃO</p></td><td rowspan="1" colspan="1"><p>130</p></td><td rowspan="1" colspan="1"><p>CENTRO UNIVERSITARIO DOM PEDRO II -</p></td><td rowspan="1" colspan="1"><p>INSTITUICAO BAIANA DE ENSINO SUPERIOR LTDA</p></td></tr><tr><td rowspan="1" colspan="1"><p>184</p></td><td rowspan="1" colspan="1"><p>202517727</p></td><td rowspan="1" colspan="1"><p>Bacharelado</p></td><td rowspan="1" colspan="1"><p>ENGENHARIA ELÉTRICA</p></td><td rowspan="1" colspan="1"><p>800</p></td><td rowspan="1" colspan="1"><p>CENTRO UNIVERSITARIO DOM PEDRO II -</p></td><td rowspan="1" colspan="1"><p>INSTITUICAO BAIANA DE ENSINO SUPERIOR LTDA</p></td></tr><tr><td rowspan="1" colspan="1"><p>185</p></td><td rowspan="1" colspan="1"><p>202517586</p></td><td rowspan="1" colspan="1"><p>Bacharelado</p></td><td rowspan="1" colspan="1"><p>ENGENHARIA MECÂNICA</p></td><td rowspan="1" colspan="1"><p>800</p></td><td rowspan="1" colspan="1"><p>CENTRO UNIVERSITARIO DOM PEDRO II -</p></td><td rowspan="1" colspan="1"><p>INSTITUICAO BAIANA DE ENSINO SUPERIOR LTDA</p></td></tr><tr><td rowspan="1" colspan="1"><p>186</p></td><td rowspan="1" colspan="1"><p>202512054</p></td><td rowspan="1" colspan="1"><p>Tecnológico</p></td><td rowspan="1" colspan="1"><p>ESTÉTICA E COSMÉTICA</p></td><td rowspan="1" colspan="1"><p>1600</p></td><td rowspan="1" colspan="1"><p>CENTRO UNIVERSITARIO DOM PEDRO II -</p></td><td rowspan="1" colspan="1"><p>INSTITUICAO BAIANA DE ENSINO SUPERIOR LTDA</p></td></tr><tr><td rowspan="1" colspan="1"><p>187</p></td><td rowspan="1" colspan="1"><p>202508562</p></td><td rowspan="1" colspan="1"><p>Bacharelado</p></td><td rowspan="1" colspan="1"><p>FARMÁCIA</p></td><td rowspan="1" colspan="1"><p>1600</p></td><td rowspan="1" colspan="1"><p>CENTRO UNIVERSITARIO DOM PEDRO II -</p></td><td rowspan="1" colspan="1"><p>INSTITUICAO BAIANA DE ENSINO SUPERIOR LTDA</p></td></tr><tr><td rowspan="1" colspan="1"><p>188</p></td><td rowspan="1" colspan="1"><p>202508559</p></td><td rowspan="1" colspan="1"><p>Bacharelado</p></td><td rowspan="1" colspan="1"><p>FISIOTERAPIA</p></td><td rowspan="1" colspan="1"><p>1600</p></td><td rowspan="1" colspan="1"><p>CENTRO UNIVERSITARIO DOM PEDRO II -</p></td><td rowspan="1" colspan="1"><p>INSTITUICAO BAIANA DE ENSINO SUPERIOR LTDA</p></td></tr><tr><td rowspan="1" colspan="1"><p>189</p></td><td rowspan="1" colspan="1"><p>202511018</p></td><td rowspan="1" colspan="1"><p>Licenciatura</p></td><td rowspan="1" colspan="1"><p>GEOGRAFIA</p></td><td rowspan="1" colspan="1"><p>1600</p></td><td rowspan="1" colspan="1"><p>CENTRO UNIVERSITARIO DOM PEDRO II -</p></td><td rowspan="1" colspan="1"><p>INSTITUICAO BAIANA DE ENSINO SUPERIOR LTDA</p></td></tr><tr><td rowspan="1" colspan="1"><p>190</p></td><td rowspan="1" colspan="1"><p>202509281</p></td><td rowspan="1" colspan="1"><p>Tecnológico</p></td><td rowspan="1" colspan="1"><p>GESTÃO AMBIENTAL</p></td><td rowspan="1" colspan="1"><p>130</p></td><td rowspan="1" colspan="1"><p>CENTRO UNIVERSITARIO DOM PEDRO II -</p></td><td rowspan="1" colspan="1"><p>INSTITUICAO BAIANA DE ENSINO SUPERIOR LTDA</p></td></tr><tr><td rowspan="1" colspan="1"><p>191</p></td><td rowspan="1" colspan="1"><p>202511020</p></td><td rowspan="1" colspan="1"><p>Licenciatura</p></td><td rowspan="1" colspan="1"><p>HISTÓRIA</p></td><td rowspan="1" colspan="1"><p>100</p></td><td rowspan="1" colspan="1"><p>CENTRO UNIVERSITARIO DOM PEDRO II -</p></td><td rowspan="1" colspan="1"><p>INSTITUICAO BAIANA DE ENSINO SUPERIOR LTDA</p></td></tr><tr><td rowspan="1" colspan="1"><p>192</p></td><td rowspan="1" colspan="1"><p>202511019</p></td><td rowspan="1" colspan="1"><p>Licenciatura</p></td><td rowspan="1" colspan="1"><p>LETRAS</p></td><td rowspan="1" colspan="1"><p>130</p></td><td rowspan="1" colspan="1"><p>CENTRO UNIVERSITARIO DOM PEDRO II -</p></td><td rowspan="1" colspan="1"><p>INSTITUICAO BAIANA DE ENSINO SUPERIOR LTDA</p></td></tr><tr><td rowspan="1" colspan="1"><p>193</p></td><td rowspan="1" colspan="1"><p>202511015</p></td><td rowspan="1" colspan="1"><p>Licenciatura</p></td><td rowspan="1" colspan="1"><p>MATEMÁTICA</p></td><td rowspan="1" colspan="1"><p>130</p></td><td rowspan="1" colspan="1"><p>CENTRO UNIVERSITARIO DOM PEDRO II -</p></td><td rowspan="1" colspan="1"><p>INSTITUICAO BAIANA DE ENSINO SUPERIOR LTDA</p></td></tr><tr><td rowspan="1" colspan="1"><p>194</p></td><td rowspan="1" colspan="1"><p>202517463</p></td><td rowspan="1" colspan="1"><p>Bacharelado</p></td><td rowspan="1" colspan="1"><p>MEDICINA VETERINÁRIA</p></td><td rowspan="1" colspan="1"><p>800</p></td><td rowspan="1" colspan="1"><p>CENTRO UNIVERSITARIO DOM PEDRO II -</p></td><td rowspan="1" colspan="1"><p>INSTITUICAO BAIANA DE ENSINO SUPERIOR LTDA</p></td></tr><tr><td rowspan="1" colspan="1"><p>195</p></td><td rowspan="1" colspan="1"><p>202517329</p></td><td rowspan="1" colspan="1"><p>Bacharelado</p></td><td rowspan="1" colspan="1"><p>NUTRIÇÃO</p></td><td rowspan="1" colspan="1"><p>800</p></td><td rowspan="1" colspan="1"><p>CENTRO UNIVERSITARIO DOM PEDRO II -</p></td><td rowspan="1" colspan="1"><p>INSTITUICAO BAIANA DE ENSINO SUPERIOR LTDA</p></td></tr><tr><td rowspan="1" colspan="1"><p>196</p></td><td rowspan="1" colspan="1"><p>202511017</p></td><td rowspan="1" colspan="1"><p>Licenciatura</p></td><td rowspan="1" colspan="1"><p>PEDAGOGIA</p></td><td rowspan="1" colspan="1"><p>150</p></td><td rowspan="1" colspan="1"><p>CENTRO UNIVERSITARIO DOM PEDRO II -</p></td><td rowspan="1" colspan="1"><p>INSTITUICAO BAIANA DE ENSINO SUPERIOR LTDA</p></td></tr><tr><td rowspan="1" colspan="1"><p>197</p></td><td rowspan="1" colspan="1"><p>202508561</p></td><td rowspan="1" colspan="1"><p>Bacharelado</p></td><td rowspan="1" colspan="1"><p>SERVIÇO SOCIAL</p></td><td rowspan="1" colspan="1"><p>1600</p></td><td rowspan="1" colspan="1"><p>CENTRO UNIVERSITARIO DOM PEDRO II -</p></td><td rowspan="1" colspan="1"><p>INSTITUICAO BAIANA DE ENSINO SUPERIOR LTDA</p></td></tr><tr><td rowspan="1" colspan="1"><p>198</p></td><td rowspan="1" colspan="1"><p>202517305</p></td><td rowspan="1" colspan="1"><p>Licenciatura</p></td><td rowspan="1" colspan="1"><p>LETRAS - PORTUGUÊS E INGLÊS</p></td><td rowspan="1" colspan="1"><p>600</p></td><td rowspan="1" colspan="1"><p>CENTRO UNIVERSITARIO DON DOMENICO - UNIDON</p></td><td rowspan="1" colspan="1"><p>ASSOCIACAO AMPARO AOS PRAIANOS DO GUARUJA</p></td></tr><tr><td rowspan="1" colspan="1"><p>199</p></td><td rowspan="1" colspan="1"><p>202510018</p></td><td rowspan="1" colspan="1"><p>Licenciatura</p></td><td rowspan="1" colspan="1"><p>PEDAGOGIA</p></td><td rowspan="1" colspan="1"><p>600</p></td><td rowspan="1" colspan="1"><p>CENTRO UNIVERSITARIO DON DOMENICO - UNIDON</p></td><td rowspan="1" colspan="1"><p>ASSOCIACAO AMPARO AOS PRAIANOS DO GUARUJA</p></td></tr><tr><td rowspan="1" colspan="1"><p>200</p></td><td rowspan="1" colspan="1"><p>202508454</p></td><td rowspan="1" colspan="1"><p>Bacharelado</p></td><td rowspan="1" colspan="1"><p>BIOMEDICINA</p></td><td rowspan="1" colspan="1"><p>60</p></td><td rowspan="1" colspan="1"><p>CENTRO UNIVERSITARIO DOS GUARARAPES - UNIFG</p></td><td rowspan="1" colspan="1"><p>SOCEC- SOCIEDADE CAPIBARIBE DE EDUCACAO E CULTURA LTDA</p></td></tr><tr><td rowspan="1" colspan="1"><p>201</p></td><td rowspan="1" colspan="1"><p>202516452</p></td><td rowspan="1" colspan="1"><p>Licenciatura</p></td><td rowspan="1" colspan="1"><p>CIÊNCIAS SOCIAIS</p></td><td rowspan="1" colspan="1"><p>400</p></td><td rowspan="1" colspan="1"><p>CENTRO UNIVERSITARIO DOS GUARARAPES - UNIFG</p></td><td rowspan="1" colspan="1"><p>SOCEC- SOCIEDADE CAPIBARIBE DE EDUCACAO E CULTURA LTDA</p></td></tr><tr><td rowspan="1" colspan="1"><p>202</p></td><td rowspan="1" colspan="1"><p>202508449</p></td><td rowspan="1" colspan="1"><p>Bacharelado</p></td><td rowspan="1" colspan="1"><p>EDUCAÇÃO FÍSICA</p></td><td rowspan="1" colspan="1"><p>50</p></td><td rowspan="1" colspan="1"><p>CENTRO UNIVERSITARIO DOS GUARARAPES - UNIFG</p></td><td rowspan="1" colspan="1"><p>SOCEC- SOCIEDADE CAPIBARIBE DE EDUCACAO E CULTURA LTDA</p></td></tr><tr><td rowspan="1" colspan="1"><p>203</p></td><td rowspan="1" colspan="1"><p>202509142</p></td><td rowspan="1" colspan="1"><p>Bacharelado</p></td><td rowspan="1" colspan="1"><p>ENGENHARIA CIVIL</p></td><td rowspan="1" colspan="1"><p>200</p></td><td rowspan="1" colspan="1"><p>CENTRO UNIVERSITARIO DOS GUARARAPES - UNIFG</p></td><td rowspan="1" colspan="1"><p>SOCEC- SOCIEDADE CAPIBARIBE DE EDUCACAO E CULTURA LTDA</p></td></tr><tr><td rowspan="1" colspan="1"><p>204</p></td><td rowspan="1" colspan="1"><p>202509138</p></td><td rowspan="1" colspan="1"><p>Bacharelado</p></td><td rowspan="1" colspan="1"><p>ENGENHARIA DE COMPUTAÇÃO</p></td><td rowspan="1" colspan="1"><p>200</p></td><td rowspan="1" colspan="1"><p>CENTRO UNIVERSITARIO DOS GUARARAPES - UNIFG</p></td><td rowspan="1" colspan="1"><p>SOCEC- SOCIEDADE CAPIBARIBE DE EDUCACAO E CULTURA LTDA</p></td></tr><tr><td rowspan="1" colspan="1"><p>205</p></td><td rowspan="1" colspan="1"><p>202509144</p></td><td rowspan="1" colspan="1"><p>Bacharelado</p></td><td rowspan="1" colspan="1"><p>ENGENHARIA DE PRODUÇÃO</p></td><td rowspan="1" colspan="1"><p>200</p></td><td rowspan="1" colspan="1"><p>CENTRO UNIVERSITARIO DOS GUARARAPES - UNIFG</p></td><td rowspan="1" colspan="1"><p>SOCEC- SOCIEDADE CAPIBARIBE DE EDUCACAO E CULTURA LTDA</p></td></tr><tr><td rowspan="1" colspan="1"><p>206</p></td><td rowspan="1" colspan="1"><p>202509141</p></td><td rowspan="1" colspan="1"><p>Bacharelado</p></td><td rowspan="1" colspan="1"><p>ENGENHARIA ELÉTRICA</p></td><td rowspan="1" colspan="1"><p>200</p></td><td rowspan="1" colspan="1"><p>CENTRO UNIVERSITARIO DOS GUARARAPES - UNIFG</p></td><td rowspan="1" colspan="1"><p>SOCEC- SOCIEDADE CAPIBARIBE DE EDUCACAO E CULTURA LTDA</p></td></tr><tr><td rowspan="1" colspan="1"><p>207</p></td><td rowspan="1" colspan="1"><p>202509140</p></td><td rowspan="1" colspan="1"><p>Bacharelado</p></td><td rowspan="1" colspan="1"><p>ENGENHARIA MECÂNICA</p></td><td rowspan="1" colspan="1"><p>200</p></td><td rowspan="1" colspan="1"><p>CENTRO UNIVERSITARIO DOS GUARARAPES - UNIFG</p></td><td rowspan="1" colspan="1"><p>SOCEC- SOCIEDADE CAPIBARIBE DE EDUCACAO E CULTURA LTDA</p></td></tr><tr><td rowspan="1" colspan="1"><p>208</p></td><td rowspan="1" colspan="1"><p>202511928</p></td><td rowspan="1" colspan="1"><p>Tecnológico</p></td><td rowspan="1" colspan="1"><p>ESTÉTICA E COSMÉTICA</p></td><td rowspan="1" colspan="1"><p>50</p></td><td rowspan="1" colspan="1"><p>CENTRO UNIVERSITARIO DOS GUARARAPES - UNIFG</p></td><td rowspan="1" colspan="1"><p>SOCEC- SOCIEDADE CAPIBARIBE DE EDUCACAO E CULTURA LTDA</p></td></tr><tr><td rowspan="1" colspan="1"><p>209</p></td><td rowspan="1" colspan="1"><p>202508451</p></td><td rowspan="1" colspan="1"><p>Bacharelado</p></td><td rowspan="1" colspan="1"><p>FARMÁCIA</p></td><td rowspan="1" colspan="1"><p>100</p></td><td rowspan="1" colspan="1"><p>CENTRO UNIVERSITARIO DOS GUARARAPES - UNIFG</p></td><td rowspan="1" colspan="1"><p>SOCEC- SOCIEDADE CAPIBARIBE DE EDUCACAO E CULTURA LTDA</p></td></tr><tr><td rowspan="1" colspan="1"><p>210</p></td><td rowspan="1" colspan="1"><p>202508455</p></td><td rowspan="1" colspan="1"><p>Bacharelado</p></td><td rowspan="1" colspan="1"><p>FISIOTERAPIA</p></td><td rowspan="1" colspan="1"><p>80</p></td><td rowspan="1" colspan="1"><p>CENTRO UNIVERSITARIO DOS GUARARAPES - UNIFG</p></td><td rowspan="1" colspan="1"><p>SOCEC- SOCIEDADE CAPIBARIBE DE EDUCACAO E CULTURA LTDA</p></td></tr><tr><td rowspan="1" colspan="1"><p>211</p></td><td rowspan="1" colspan="1"><p>202516453</p></td><td rowspan="1" colspan="1"><p>Licenciatura</p></td><td rowspan="1" colspan="1"><p>LETRAS - PORTUGUÊS E INGLÊS</p></td><td rowspan="1" colspan="1"><p>528</p></td><td rowspan="1" colspan="1"><p>CENTRO UNIVERSITARIO DOS GUARARAPES - UNIFG</p></td><td rowspan="1" colspan="1"><p>SOCEC- SOCIEDADE CAPIBARIBE DE EDUCACAO E CULTURA LTDA</p></td></tr><tr><td rowspan="1" colspan="1"><p>212</p></td><td rowspan="1" colspan="1"><p>202508452</p></td><td rowspan="1" colspan="1"><p>Bacharelado</p></td><td rowspan="1" colspan="1"><p>NUTRIÇÃO</p></td><td rowspan="1" colspan="1"><p>80</p></td><td rowspan="1" colspan="1"><p>CENTRO UNIVERSITARIO DOS GUARARAPES - UNIFG</p></td><td rowspan="1" colspan="1"><p>SOCEC- SOCIEDADE CAPIBARIBE DE EDUCACAO E CULTURA LTDA</p></td></tr><tr><td rowspan="1" colspan="1"><p>213</p></td><td rowspan="1" colspan="1"><p>202510790</p></td><td rowspan="1" colspan="1"><p>Licenciatura</p></td><td rowspan="1" colspan="1"><p>PEDAGOGIA</p></td><td rowspan="1" colspan="1"><p>200</p></td><td rowspan="1" colspan="1"><p>CENTRO UNIVERSITARIO DOS GUARARAPES - UNIFG</p></td><td rowspan="1" colspan="1"><p>SOCEC- SOCIEDADE CAPIBARIBE DE EDUCACAO E CULTURA LTDA</p></td></tr><tr><td rowspan="1" colspan="1"><p>214</p></td><td rowspan="1" colspan="1"><p>202518007</p></td><td rowspan="1" colspan="1"><p>Bacharelado</p></td><td rowspan="1" colspan="1"><p>AGRONOMIA</p></td><td rowspan="1" colspan="1"><p>300</p></td><td rowspan="1" colspan="1"><p>CENTRO UNIVERSITARIO ESPIRITO-SANTENSE/FAESA -</p></td><td rowspan="1" colspan="1"><p>FUNDACAO DE ASSISTENCIA E EDUCACAO - FAESA</p></td></tr><tr><td rowspan="1" colspan="1"><p>215</p></td><td rowspan="1" colspan="1"><p>202509764</p></td><td rowspan="1" colspan="1"><p>Bacharelado</p></td><td rowspan="1" colspan="1"><p>PEDAGOGIA</p></td><td rowspan="1" colspan="1"><p>1600</p></td><td rowspan="1" colspan="1"><p>CENTRO UNIVERSITARIO ESPIRITO-SANTENSE/FAESA -</p></td><td rowspan="1" colspan="1"><p>FUNDACAO DE ASSISTENCIA E EDUCACAO - FAESA</p></td></tr><tr><td rowspan="1" colspan="1"><p>216</p></td><td rowspan="1" colspan="1"><p>202515259</p></td><td rowspan="1" colspan="1"><p>Bacharelado</p></td><td rowspan="1" colspan="1"><p>BIOMEDICINA</p></td><td rowspan="1" colspan="1"><p>800</p></td><td rowspan="1" colspan="1"><p>CENTRO UNIVERSITARIO ESTACIO DA AMAZONIA - ESTACIO AMAZONIA</p></td><td rowspan="1" colspan="1"><p>SOCIEDADE EDUCACIONAL ATUAL DA AMAZONIA LTDA</p></td></tr><tr><td rowspan="1" colspan="1"><p>217</p></td><td rowspan="1" colspan="1"><p>202515256</p></td><td rowspan="1" colspan="1"><p>Bacharelado</p></td><td rowspan="1" colspan="1"><p>EDUCAÇÃO FÍSICA</p></td><td rowspan="1" colspan="1"><p>800</p></td><td rowspan="1" colspan="1"><p>CENTRO UNIVERSITARIO ESTACIO DA AMAZONIA - ESTACIO AMAZONIA</p></td><td rowspan="1" colspan="1"><p>SOCIEDADE EDUCACIONAL ATUAL DA AMAZONIA LTDA</p></td></tr><tr><td rowspan="1" colspan="1"><p>218</p></td><td rowspan="1" colspan="1"><p>202515255</p></td><td rowspan="1" colspan="1"><p>Bacharelado</p></td><td rowspan="1" colspan="1"><p>FARMÁCIA</p></td><td rowspan="1" colspan="1"><p>1000</p></td><td rowspan="1" colspan="1"><p>CENTRO UNIVERSITARIO ESTACIO DA AMAZONIA - ESTACIO AMAZONIA</p></td><td rowspan="1" colspan="1"><p>SOCIEDADE EDUCACIONAL ATUAL DA AMAZONIA LTDA</p></td></tr><tr><td rowspan="1" colspan="1"><p>219</p></td><td rowspan="1" colspan="1"><p>202515258</p></td><td rowspan="1" colspan="1"><p>Bacharelado</p></td><td rowspan="1" colspan="1"><p>FISIOTERAPIA</p></td><td rowspan="1" colspan="1"><p>1000</p></td><td rowspan="1" colspan="1"><p>CENTRO UNIVERSITARIO ESTACIO DA AMAZONIA - ESTACIO AMAZONIA</p></td><td rowspan="1" colspan="1"><p>SOCIEDADE EDUCACIONAL ATUAL DA AMAZONIA LTDA</p></td></tr><tr><td rowspan="1" colspan="1"><p>220</p></td><td rowspan="1" colspan="1"><p>202515257</p></td><td rowspan="1" colspan="1"><p>Bacharelado</p></td><td rowspan="1" colspan="1"><p>NUTRIÇÃO</p></td><td rowspan="1" colspan="1"><p>800</p></td><td rowspan="1" colspan="1"><p>CENTRO UNIVERSITARIO ESTACIO DA AMAZONIA - ESTACIO AMAZONIA</p></td><td rowspan="1" colspan="1"><p>SOCIEDADE EDUCACIONAL ATUAL DA AMAZONIA LTDA</p></td></tr><tr><td rowspan="1" colspan="1"><p>221</p></td><td rowspan="1" colspan="1"><p>202510756</p></td><td rowspan="1" colspan="1"><p>Licenciatura</p></td><td rowspan="1" colspan="1"><p>ARTES VISUAIS</p></td><td rowspan="1" colspan="1"><p>1000</p></td><td rowspan="1" colspan="1"><p>CENTRO UNIVERSITARIO ESTACIO DE BRASILIA - ESTACIO BRASILIA - ESTÁCIO BRASÍLIA</p></td><td rowspan="1" colspan="1"><p>IESST - INSTITUTO DE ENSINO SUPERIOR SOCIAL E TECNOLOGICO</p></td></tr><tr><td rowspan="1" colspan="1"><p>222</p></td><td rowspan="1" colspan="1"><p>202509116</p></td><td rowspan="1" colspan="1"><p>Tecnológico</p></td><td rowspan="1" colspan="1"><p>AUTOMAÇÃO INDUSTRIAL</p></td><td rowspan="1" colspan="1"><p>1000</p></td><td rowspan="1" colspan="1"><p>CENTRO UNIVERSITARIO ESTACIO DE BRASILIA - ESTACIO BRASILIA - ESTÁCIO BRASÍLIA</p></td><td rowspan="1" colspan="1"><p>IESST - INSTITUTO DE ENSINO SUPERIOR SOCIAL E TECNOLOGICO</p></td></tr></table>]]></Texto>
  </body>
  <Midias />
</article></xml>