﻿<xml><article id="45413128" name="11.09.2025Portaria Previc NA 780" idOficio="11280441" pubName="DO1" artType="Portaria" pubDate="12/09/2025" artClass="00044:00019:00013:00000:00000:00000:00000:00000:00000:00000:00054:00001" artCategory="Ministério da Previdência Social/Superintendência Nacional de Previdência Complementar/Diretoria de Licenciamento" artSize="12" artNotes="" numberPage="181" pdfPage="http://pesquisa.in.gov.br/imprensa/jsp/visualiza/index.jsp?data=12/09/2025&amp;jornal=515&amp;pagina=181" editionNumber="174" highlightType="" highlightPriority="" highlight="" highlightimage="" highlightimagename="" idMateria="23101331">
  <body>
    <Identifica><![CDATA[ Portaria Previc Nº 780, DE 28 DE agosto DE 2025]]></Identifica>
    <Data><![CDATA[]]></Data>
    <Ementa />
    <Titulo />
    <SubTitulo />
    <Texto><![CDATA[<p class="identifica">Portaria Previc Nº 780, DE 28 DE agosto DE 2025</p><p>O DIRETOR DE LICENCIAMENTO, no uso das atribuições que lhe confere a alínea "d" do inciso I do art. 16 do Decreto nº 11.241, de 18 de outubro de 2022, e considerando as manifestações técnicas exaradas no Processo nº 44011.006077/2025-04, resolve:</p><p>Art. 1º Aprovar a alteração do convênio de adesão celebrado entre a J Malucelli Corretora de Seguros Ltda., CNPJ nº 86.719.853/0001-01, nova denominação da Porto de Cima Corretora de Seguros Ltda., na condição de patrocinadora do Plano de Benefícios JMalucelli, CNPB nº 2005.0008-92, e o Fundo de Previdência Mais Futuro, CNPJ nº 07.136.451/0001-08, na condição de entidade fechada de previdência complementar responsável pela administração do referido plano.</p><p>Art. 2º Esta Portaria entra em vigor na data de sua publicação.</p><p class="assina">Guilherme Capriata Vaccaro Campelo Bezerra</p>]]></Texto>
  </body>
  <Midias />
</article></xml>