﻿<xml><article id="45406875" name="PORTARIA NA 615 - 11.09.2025_002" idOficio="11278735" pubName="DO1" artType="Portaria" pubDate="12/09/2025" artClass="00025:00046:00000:00000:00000:00000:00000:00000:00000:00000:00054:00000" artCategory="Ministério da Educação/Secretaria de Regulação e Supervisão da Educação Superior" artSize="24" artNotes="" numberPage="123" pdfPage="http://pesquisa.in.gov.br/imprensa/jsp/visualiza/index.jsp?data=12/09/2025&amp;jornal=515&amp;pagina=123" editionNumber="174" highlightType="" highlightPriority="" highlight="" highlightimage="" highlightimagename="" idMateria="23098712">
  <body>
    <Identifica />
    <Data><![CDATA[]]></Data>
    <Ementa />
    <Titulo />
    <SubTitulo />
    <Texto><![CDATA[<p /><p></p><table><tr /><tr><td rowspan="1" colspan="1"><p>85</p></td><td rowspan="1" colspan="1"><p>202508044</p></td><td rowspan="1" colspan="1"><p>Bacharelado</p></td><td rowspan="1" colspan="1"><p>FARMÁCIA</p></td><td rowspan="1" colspan="1"><p>500</p></td><td rowspan="1" colspan="1"><p>UNIVERSIDADE PARANAENSE - UNIPAR</p></td><td rowspan="1" colspan="1"><p>UNIPAR - SOCIEDADE EMPRESARIAL LTDA.</p></td></tr><tr><td rowspan="1" colspan="1"><p>86</p></td><td rowspan="1" colspan="1"><p>202517692</p></td><td rowspan="1" colspan="1"><p>Licenciatura</p></td><td rowspan="1" colspan="1"><p>FILOSOFIA</p></td><td rowspan="1" colspan="1"><p>500</p></td><td rowspan="1" colspan="1"><p>UNIVERSIDADE PARANAENSE - UNIPAR</p></td><td rowspan="1" colspan="1"><p>UNIPAR - SOCIEDADE EMPRESARIAL LTDA.</p></td></tr><tr><td rowspan="1" colspan="1"><p>87</p></td><td rowspan="1" colspan="1"><p>202508046</p></td><td rowspan="1" colspan="1"><p>Bacharelado</p></td><td rowspan="1" colspan="1"><p>FISIOTERAPIA</p></td><td rowspan="1" colspan="1"><p>560</p></td><td rowspan="1" colspan="1"><p>UNIVERSIDADE PARANAENSE - UNIPAR</p></td><td rowspan="1" colspan="1"><p>UNIPAR - SOCIEDADE EMPRESARIAL LTDA.</p></td></tr><tr><td rowspan="1" colspan="1"><p>88</p></td><td rowspan="1" colspan="1"><p>202508792</p></td><td rowspan="1" colspan="1"><p>Tecnológico</p></td><td rowspan="1" colspan="1"><p>GESTÃO AMBIENTAL</p></td><td rowspan="1" colspan="1"><p>500</p></td><td rowspan="1" colspan="1"><p>UNIVERSIDADE PARANAENSE - UNIPAR</p></td><td rowspan="1" colspan="1"><p>UNIPAR - SOCIEDADE EMPRESARIAL LTDA.</p></td></tr><tr><td rowspan="1" colspan="1"><p>89</p></td><td rowspan="1" colspan="1"><p>202511681</p></td><td rowspan="1" colspan="1"><p>Tecnológico</p></td><td rowspan="1" colspan="1"><p>GESTÃO HOSPITALAR</p></td><td rowspan="1" colspan="1"><p>500</p></td><td rowspan="1" colspan="1"><p>UNIVERSIDADE PARANAENSE - UNIPAR</p></td><td rowspan="1" colspan="1"><p>UNIPAR - SOCIEDADE EMPRESARIAL LTDA.</p></td></tr><tr><td rowspan="1" colspan="1"><p>90</p></td><td rowspan="1" colspan="1"><p>202509951</p></td><td rowspan="1" colspan="1"><p>Licenciatura</p></td><td rowspan="1" colspan="1"><p>HISTÓRIA</p></td><td rowspan="1" colspan="1"><p>500</p></td><td rowspan="1" colspan="1"><p>UNIVERSIDADE PARANAENSE - UNIPAR</p></td><td rowspan="1" colspan="1"><p>UNIPAR - SOCIEDADE EMPRESARIAL LTDA.</p></td></tr><tr><td rowspan="1" colspan="1"><p>91</p></td><td rowspan="1" colspan="1"><p>202517536</p></td><td rowspan="1" colspan="1"><p>Licenciatura</p></td><td rowspan="1" colspan="1"><p>LETRAS</p></td><td rowspan="1" colspan="1"><p>500</p></td><td rowspan="1" colspan="1"><p>UNIVERSIDADE PARANAENSE - UNIPAR</p></td><td rowspan="1" colspan="1"><p>UNIPAR - SOCIEDADE EMPRESARIAL LTDA.</p></td></tr><tr><td rowspan="1" colspan="1"><p>92</p></td><td rowspan="1" colspan="1"><p>202509949</p></td><td rowspan="1" colspan="1"><p>Licenciatura</p></td><td rowspan="1" colspan="1"><p>MATEMÁTICA</p></td><td rowspan="1" colspan="1"><p>500</p></td><td rowspan="1" colspan="1"><p>UNIVERSIDADE PARANAENSE - UNIPAR</p></td><td rowspan="1" colspan="1"><p>UNIPAR - SOCIEDADE EMPRESARIAL LTDA.</p></td></tr><tr><td rowspan="1" colspan="1"><p>93</p></td><td rowspan="1" colspan="1"><p>202508041</p></td><td rowspan="1" colspan="1"><p>Bacharelado</p></td><td rowspan="1" colspan="1"><p>NUTRIÇÃO</p></td><td rowspan="1" colspan="1"><p>560</p></td><td rowspan="1" colspan="1"><p>UNIVERSIDADE PARANAENSE - UNIPAR</p></td><td rowspan="1" colspan="1"><p>UNIPAR - SOCIEDADE EMPRESARIAL LTDA.</p></td></tr><tr><td rowspan="1" colspan="1"><p>94</p></td><td rowspan="1" colspan="1"><p>202509948</p></td><td rowspan="1" colspan="1"><p>Licenciatura</p></td><td rowspan="1" colspan="1"><p>PEDAGOGIA</p></td><td rowspan="1" colspan="1"><p>500</p></td><td rowspan="1" colspan="1"><p>UNIVERSIDADE PARANAENSE - UNIPAR</p></td><td rowspan="1" colspan="1"><p>UNIPAR - SOCIEDADE EMPRESARIAL LTDA.</p></td></tr><tr><td rowspan="1" colspan="1"><p>95</p></td><td rowspan="1" colspan="1"><p>202509947</p></td><td rowspan="1" colspan="1"><p>Bacharelado</p></td><td rowspan="1" colspan="1"><p>PSICOPEDAGOGIA</p></td><td rowspan="1" colspan="1"><p>500</p></td><td rowspan="1" colspan="1"><p>UNIVERSIDADE PARANAENSE - UNIPAR</p></td><td rowspan="1" colspan="1"><p>UNIPAR - SOCIEDADE EMPRESARIAL LTDA.</p></td></tr><tr><td rowspan="1" colspan="1"><p>96</p></td><td rowspan="1" colspan="1"><p>202507782</p></td><td rowspan="1" colspan="1"><p>Bacharelado</p></td><td rowspan="1" colspan="1"><p>QUÍMICA INDUSTRIAL</p></td><td rowspan="1" colspan="1"><p>560</p></td><td rowspan="1" colspan="1"><p>UNIVERSIDADE PARANAENSE - UNIPAR</p></td><td rowspan="1" colspan="1"><p>UNIPAR - SOCIEDADE EMPRESARIAL LTDA.</p></td></tr><tr><td rowspan="1" colspan="1"><p>97</p></td><td rowspan="1" colspan="1"><p>202508794</p></td><td rowspan="1" colspan="1"><p>Tecnológico</p></td><td rowspan="1" colspan="1"><p>SISTEMAS ELÉTRICOS</p></td><td rowspan="1" colspan="1"><p>500</p></td><td rowspan="1" colspan="1"><p>UNIVERSIDADE PARANAENSE - UNIPAR</p></td><td rowspan="1" colspan="1"><p>UNIPAR - SOCIEDADE EMPRESARIAL LTDA.</p></td></tr><tr><td rowspan="1" colspan="1"><p>98</p></td><td rowspan="1" colspan="1"><p>202508045</p></td><td rowspan="1" colspan="1"><p>Bacharelado</p></td><td rowspan="1" colspan="1"><p>TERAPIA OCUPACIONAL</p></td><td rowspan="1" colspan="1"><p>500</p></td><td rowspan="1" colspan="1"><p>UNIVERSIDADE PARANAENSE - UNIPAR</p></td><td rowspan="1" colspan="1"><p>UNIPAR - SOCIEDADE EMPRESARIAL LTDA.</p></td></tr><tr><td rowspan="1" colspan="1"><p>99</p></td><td rowspan="1" colspan="1"><p>202509819</p></td><td rowspan="1" colspan="1"><p>Licenciatura</p></td><td rowspan="1" colspan="1"><p>ARTES VISUAIS</p></td><td rowspan="1" colspan="1"><p>47880</p></td><td rowspan="1" colspan="1"><p>UNIVERSIDADE PAULISTA - UNIP</p></td><td rowspan="1" colspan="1"><p>ASSUPERO ENSINO SUPERIOR LTDA.</p></td></tr><tr><td rowspan="1" colspan="1"><p>100</p></td><td rowspan="1" colspan="1"><p>202507961</p></td><td rowspan="1" colspan="1"><p>Bacharelado</p></td><td rowspan="1" colspan="1"><p>BIOMEDICINA</p></td><td rowspan="1" colspan="1"><p>60</p></td><td rowspan="1" colspan="1"><p>UNIVERSIDADE PAULISTA - UNIP</p></td><td rowspan="1" colspan="1"><p>ASSUPERO ENSINO SUPERIOR LTDA.</p></td></tr><tr><td rowspan="1" colspan="1"><p>101</p></td><td rowspan="1" colspan="1"><p>202507766</p></td><td rowspan="1" colspan="1"><p>Bacharelado</p></td><td rowspan="1" colspan="1"><p>CIÊNCIAS BIOLÓGICAS</p></td><td rowspan="1" colspan="1"><p>60</p></td><td rowspan="1" colspan="1"><p>UNIVERSIDADE PAULISTA - UNIP</p></td><td rowspan="1" colspan="1"><p>ASSUPERO ENSINO SUPERIOR LTDA.</p></td></tr><tr><td rowspan="1" colspan="1"><p>102</p></td><td rowspan="1" colspan="1"><p>202509817</p></td><td rowspan="1" colspan="1"><p>Licenciatura</p></td><td rowspan="1" colspan="1"><p>CIÊNCIAS BIOLÓGICAS</p></td><td rowspan="1" colspan="1"><p>47880</p></td><td rowspan="1" colspan="1"><p>UNIVERSIDADE PAULISTA - UNIP</p></td><td rowspan="1" colspan="1"><p>ASSUPERO ENSINO SUPERIOR LTDA.</p></td></tr><tr><td rowspan="1" colspan="1"><p>103</p></td><td rowspan="1" colspan="1"><p>202507957</p></td><td rowspan="1" colspan="1"><p>Bacharelado</p></td><td rowspan="1" colspan="1"><p>EDUCAÇÃO FÍSICA</p></td><td rowspan="1" colspan="1"><p>47880</p></td><td rowspan="1" colspan="1"><p>UNIVERSIDADE PAULISTA - UNIP</p></td><td rowspan="1" colspan="1"><p>ASSUPERO ENSINO SUPERIOR LTDA.</p></td></tr><tr><td rowspan="1" colspan="1"><p>104</p></td><td rowspan="1" colspan="1"><p>202508712</p></td><td rowspan="1" colspan="1"><p>Bacharelado</p></td><td rowspan="1" colspan="1"><p>ENGENHARIA CIVIL</p></td><td rowspan="1" colspan="1"><p>47880</p></td><td rowspan="1" colspan="1"><p>UNIVERSIDADE PAULISTA - UNIP</p></td><td rowspan="1" colspan="1"><p>ASSUPERO ENSINO SUPERIOR LTDA.</p></td></tr><tr><td rowspan="1" colspan="1"><p>105</p></td><td rowspan="1" colspan="1"><p>202508711</p></td><td rowspan="1" colspan="1"><p>Bacharelado</p></td><td rowspan="1" colspan="1"><p>ENGENHARIA DE PRODUÇÃO</p></td><td rowspan="1" colspan="1"><p>47880</p></td><td rowspan="1" colspan="1"><p>UNIVERSIDADE PAULISTA - UNIP</p></td><td rowspan="1" colspan="1"><p>ASSUPERO ENSINO SUPERIOR LTDA.</p></td></tr><tr><td rowspan="1" colspan="1"><p>106</p></td><td rowspan="1" colspan="1"><p>202511602</p></td><td rowspan="1" colspan="1"><p>Tecnológico</p></td><td rowspan="1" colspan="1"><p>ESTÉTICA E COSMÉTICA</p></td><td rowspan="1" colspan="1"><p>60</p></td><td rowspan="1" colspan="1"><p>UNIVERSIDADE PAULISTA - UNIP</p></td><td rowspan="1" colspan="1"><p>ASSUPERO ENSINO SUPERIOR LTDA.</p></td></tr><tr><td rowspan="1" colspan="1"><p>107</p></td><td rowspan="1" colspan="1"><p>202507956</p></td><td rowspan="1" colspan="1"><p>Bacharelado</p></td><td rowspan="1" colspan="1"><p>FARMÁCIA</p></td><td rowspan="1" colspan="1"><p>60</p></td><td rowspan="1" colspan="1"><p>UNIVERSIDADE PAULISTA - UNIP</p></td><td rowspan="1" colspan="1"><p>ASSUPERO ENSINO SUPERIOR LTDA.</p></td></tr><tr><td rowspan="1" colspan="1"><p>108</p></td><td rowspan="1" colspan="1"><p>202509822</p></td><td rowspan="1" colspan="1"><p>Licenciatura</p></td><td rowspan="1" colspan="1"><p>FILOSOFIA</p></td><td rowspan="1" colspan="1"><p>47880</p></td><td rowspan="1" colspan="1"><p>UNIVERSIDADE PAULISTA - UNIP</p></td><td rowspan="1" colspan="1"><p>ASSUPERO ENSINO SUPERIOR LTDA.</p></td></tr><tr><td rowspan="1" colspan="1"><p>109</p></td><td rowspan="1" colspan="1"><p>202507962</p></td><td rowspan="1" colspan="1"><p>Bacharelado</p></td><td rowspan="1" colspan="1"><p>FISIOTERAPIA</p></td><td rowspan="1" colspan="1"><p>60</p></td><td rowspan="1" colspan="1"><p>UNIVERSIDADE PAULISTA - UNIP</p></td><td rowspan="1" colspan="1"><p>ASSUPERO ENSINO SUPERIOR LTDA.</p></td></tr><tr><td rowspan="1" colspan="1"><p>110</p></td><td rowspan="1" colspan="1"><p>202509821</p></td><td rowspan="1" colspan="1"><p>Licenciatura</p></td><td rowspan="1" colspan="1"><p>GEOGRAFIA</p></td><td rowspan="1" colspan="1"><p>47880</p></td><td rowspan="1" colspan="1"><p>UNIVERSIDADE PAULISTA - UNIP</p></td><td rowspan="1" colspan="1"><p>ASSUPERO ENSINO SUPERIOR LTDA.</p></td></tr><tr><td rowspan="1" colspan="1"><p>111</p></td><td rowspan="1" colspan="1"><p>202508710</p></td><td rowspan="1" colspan="1"><p>Tecnológico</p></td><td rowspan="1" colspan="1"><p>GESTÃO AMBIENTAL</p></td><td rowspan="1" colspan="1"><p>47880</p></td><td rowspan="1" colspan="1"><p>UNIVERSIDADE PAULISTA - UNIP</p></td><td rowspan="1" colspan="1"><p>ASSUPERO ENSINO SUPERIOR LTDA.</p></td></tr><tr><td rowspan="1" colspan="1"><p>112</p></td><td rowspan="1" colspan="1"><p>202511601</p></td><td rowspan="1" colspan="1"><p>Tecnológico</p></td><td rowspan="1" colspan="1"><p>GESTÃO HOSPITALAR</p></td><td rowspan="1" colspan="1"><p>47880</p></td><td rowspan="1" colspan="1"><p>UNIVERSIDADE PAULISTA - UNIP</p></td><td rowspan="1" colspan="1"><p>ASSUPERO ENSINO SUPERIOR LTDA.</p></td></tr><tr><td rowspan="1" colspan="1"><p>113</p></td><td rowspan="1" colspan="1"><p>202509810</p></td><td rowspan="1" colspan="1"><p>Licenciatura</p></td><td rowspan="1" colspan="1"><p>HISTÓRIA</p></td><td rowspan="1" colspan="1"><p>47880</p></td><td rowspan="1" colspan="1"><p>UNIVERSIDADE PAULISTA - UNIP</p></td><td rowspan="1" colspan="1"><p>ASSUPERO ENSINO SUPERIOR LTDA.</p></td></tr><tr><td rowspan="1" colspan="1"><p>114</p></td><td rowspan="1" colspan="1"><p>202509820</p></td><td rowspan="1" colspan="1"><p>Licenciatura</p></td><td rowspan="1" colspan="1"><p>LETRAS - PORTUGUÊS</p></td><td rowspan="1" colspan="1"><p>47880</p></td><td rowspan="1" colspan="1"><p>UNIVERSIDADE PAULISTA - UNIP</p></td><td rowspan="1" colspan="1"><p>ASSUPERO ENSINO SUPERIOR LTDA.</p></td></tr><tr><td rowspan="1" colspan="1"><p>115</p></td><td rowspan="1" colspan="1"><p>202518175</p></td><td rowspan="1" colspan="1"><p>Licenciatura</p></td><td rowspan="1" colspan="1"><p>LETRAS - PORTUGUÊS E ESPANHOL</p></td><td rowspan="1" colspan="1"><p>47880</p></td><td rowspan="1" colspan="1"><p>UNIVERSIDADE PAULISTA - UNIP</p></td><td rowspan="1" colspan="1"><p>ASSUPERO ENSINO SUPERIOR LTDA.</p></td></tr><tr><td rowspan="1" colspan="1"><p>116</p></td><td rowspan="1" colspan="1"><p>202518129</p></td><td rowspan="1" colspan="1"><p>Licenciatura</p></td><td rowspan="1" colspan="1"><p>LETRAS - PORTUGUÊS E INGLÊS</p></td><td rowspan="1" colspan="1"><p>47880</p></td><td rowspan="1" colspan="1"><p>UNIVERSIDADE PAULISTA - UNIP</p></td><td rowspan="1" colspan="1"><p>ASSUPERO ENSINO SUPERIOR LTDA.</p></td></tr><tr><td rowspan="1" colspan="1"><p>117</p></td><td rowspan="1" colspan="1"><p>202517918</p></td><td rowspan="1" colspan="1"><p>Licenciatura</p></td><td rowspan="1" colspan="1"><p>MATEMÁTICA</p></td><td rowspan="1" colspan="1"><p>47880</p></td><td rowspan="1" colspan="1"><p>UNIVERSIDADE PAULISTA - UNIP</p></td><td rowspan="1" colspan="1"><p>ASSUPERO ENSINO SUPERIOR LTDA.</p></td></tr><tr><td rowspan="1" colspan="1"><p>118</p></td><td rowspan="1" colspan="1"><p>202507960</p></td><td rowspan="1" colspan="1"><p>Bacharelado</p></td><td rowspan="1" colspan="1"><p>NUTRIÇÃO</p></td><td rowspan="1" colspan="1"><p>60</p></td><td rowspan="1" colspan="1"><p>UNIVERSIDADE PAULISTA - UNIP</p></td><td rowspan="1" colspan="1"><p>ASSUPERO ENSINO SUPERIOR LTDA.</p></td></tr><tr><td rowspan="1" colspan="1"><p>119</p></td><td rowspan="1" colspan="1"><p>202517715</p></td><td rowspan="1" colspan="1"><p>Licenciatura</p></td><td rowspan="1" colspan="1"><p>PEDAGOGIA</p></td><td rowspan="1" colspan="1"><p>47880</p></td><td rowspan="1" colspan="1"><p>UNIVERSIDADE PAULISTA - UNIP</p></td><td rowspan="1" colspan="1"><p>ASSUPERO ENSINO SUPERIOR LTDA.</p></td></tr><tr><td rowspan="1" colspan="1"><p>120</p></td><td rowspan="1" colspan="1"><p>202507958</p></td><td rowspan="1" colspan="1"><p>Tecnológico</p></td><td rowspan="1" colspan="1"><p>RADIOLOGIA</p></td><td rowspan="1" colspan="1"><p>60</p></td><td rowspan="1" colspan="1"><p>UNIVERSIDADE PAULISTA - UNIP</p></td><td rowspan="1" colspan="1"><p>ASSUPERO ENSINO SUPERIOR LTDA.</p></td></tr><tr><td rowspan="1" colspan="1"><p>121</p></td><td rowspan="1" colspan="1"><p>202507959</p></td><td rowspan="1" colspan="1"><p>Bacharelado</p></td><td rowspan="1" colspan="1"><p>SERVIÇO SOCIAL</p></td><td rowspan="1" colspan="1"><p>47880</p></td><td rowspan="1" colspan="1"><p>UNIVERSIDADE PAULISTA - UNIP</p></td><td rowspan="1" colspan="1"><p>ASSUPERO ENSINO SUPERIOR LTDA.</p></td></tr><tr><td rowspan="1" colspan="1"><p>122</p></td><td rowspan="1" colspan="1"><p>202509818</p></td><td rowspan="1" colspan="1"><p>Licenciatura</p></td><td rowspan="1" colspan="1"><p>SOCIOLOGIA</p></td><td rowspan="1" colspan="1"><p>47880</p></td><td rowspan="1" colspan="1"><p>UNIVERSIDADE PAULISTA - UNIP</p></td><td rowspan="1" colspan="1"><p>ASSUPERO ENSINO SUPERIOR LTDA.</p></td></tr><tr><td rowspan="1" colspan="1"><p>123</p></td><td rowspan="1" colspan="1"><p>202509406</p></td><td rowspan="1" colspan="1"><p>Bacharelado</p></td><td rowspan="1" colspan="1"><p>AGRONOMIA</p></td><td rowspan="1" colspan="1"><p>9999</p></td><td rowspan="1" colspan="1"><p>UNIVERSIDADE PITAGORAS UNOPAR ANHANGUERA -</p></td><td rowspan="1" colspan="1"><p>EDITORA E DISTRIBUIDORA EDUCACIONAL S/A</p></td></tr><tr><td rowspan="1" colspan="1"><p>124</p></td><td rowspan="1" colspan="1"><p>202508703</p></td><td rowspan="1" colspan="1"><p>Bacharelado</p></td><td rowspan="1" colspan="1"><p>ARQUITETURA E URBANISMO</p></td><td rowspan="1" colspan="1"><p>3200</p></td><td rowspan="1" colspan="1"><p>UNIVERSIDADE PITAGORAS UNOPAR ANHANGUERA -</p></td><td rowspan="1" colspan="1"><p>EDITORA E DISTRIBUIDORA EDUCACIONAL S/A</p></td></tr><tr><td rowspan="1" colspan="1"><p>125</p></td><td rowspan="1" colspan="1"><p>202509791</p></td><td rowspan="1" colspan="1"><p>Licenciatura</p></td><td rowspan="1" colspan="1"><p>ARTES VISUAIS</p></td><td rowspan="1" colspan="1"><p>17000</p></td><td rowspan="1" colspan="1"><p>UNIVERSIDADE PITAGORAS UNOPAR ANHANGUERA -</p></td><td rowspan="1" colspan="1"><p>EDITORA E DISTRIBUIDORA EDUCACIONAL S/A</p></td></tr><tr><td rowspan="1" colspan="1"><p>126</p></td><td rowspan="1" colspan="1"><p>202507947</p></td><td rowspan="1" colspan="1"><p>Bacharelado</p></td><td rowspan="1" colspan="1"><p>BIOMEDICINA</p></td><td rowspan="1" colspan="1"><p>17500</p></td><td rowspan="1" colspan="1"><p>UNIVERSIDADE PITAGORAS UNOPAR ANHANGUERA -</p></td><td rowspan="1" colspan="1"><p>EDITORA E DISTRIBUIDORA EDUCACIONAL S/A</p></td></tr><tr><td rowspan="1" colspan="1"><p>127</p></td><td rowspan="1" colspan="1"><p>202509789</p></td><td rowspan="1" colspan="1"><p>Licenciatura</p></td><td rowspan="1" colspan="1"><p>CIÊNCIAS BIOLÓGICAS</p></td><td rowspan="1" colspan="1"><p>17000</p></td><td rowspan="1" colspan="1"><p>UNIVERSIDADE PITAGORAS UNOPAR ANHANGUERA -</p></td><td rowspan="1" colspan="1"><p>EDITORA E DISTRIBUIDORA EDUCACIONAL S/A</p></td></tr><tr><td rowspan="1" colspan="1"><p>128</p></td><td rowspan="1" colspan="1"><p>202518020</p></td><td rowspan="1" colspan="1"><p>Licenciatura</p></td><td rowspan="1" colspan="1"><p>EDUCAÇÃO ESPECIAL</p></td><td rowspan="1" colspan="1"><p>2000</p></td><td rowspan="1" colspan="1"><p>UNIVERSIDADE PITAGORAS UNOPAR ANHANGUERA -</p></td><td rowspan="1" colspan="1"><p>EDITORA E DISTRIBUIDORA EDUCACIONAL S/A</p></td></tr><tr><td rowspan="1" colspan="1"><p>129</p></td><td rowspan="1" colspan="1"><p>202507942</p></td><td rowspan="1" colspan="1"><p>Bacharelado</p></td><td rowspan="1" colspan="1"><p>EDUCAÇÃO FÍSICA</p></td><td rowspan="1" colspan="1"><p>17000</p></td><td rowspan="1" colspan="1"><p>UNIVERSIDADE PITAGORAS UNOPAR ANHANGUERA -</p></td><td rowspan="1" colspan="1"><p>EDITORA E DISTRIBUIDORA EDUCACIONAL S/A</p></td></tr><tr><td rowspan="1" colspan="1"><p>130</p></td><td rowspan="1" colspan="1"><p>202509783</p></td><td rowspan="1" colspan="1"><p>Licenciatura</p></td><td rowspan="1" colspan="1"><p>EDUCAÇÃO FÍSICA</p></td><td rowspan="1" colspan="1"><p>17000</p></td><td rowspan="1" colspan="1"><p>UNIVERSIDADE PITAGORAS UNOPAR ANHANGUERA -</p></td><td rowspan="1" colspan="1"><p>EDITORA E DISTRIBUIDORA EDUCACIONAL S/A</p></td></tr><tr><td rowspan="1" colspan="1"><p>131</p></td><td rowspan="1" colspan="1"><p>202517837</p></td><td rowspan="1" colspan="1"><p>Bacharelado</p></td><td rowspan="1" colspan="1"><p>ENGENHARIA AMBIENTAL</p></td><td rowspan="1" colspan="1"><p>5000</p></td><td rowspan="1" colspan="1"><p>UNIVERSIDADE PITAGORAS UNOPAR ANHANGUERA -</p></td><td rowspan="1" colspan="1"><p>EDITORA E DISTRIBUIDORA EDUCACIONAL S/A</p></td></tr><tr><td rowspan="1" colspan="1"><p>132</p></td><td rowspan="1" colspan="1"><p>202518215</p></td><td rowspan="1" colspan="1"><p>Bacharelado</p></td><td rowspan="1" colspan="1"><p>ENGENHARIA AMBIENTAL E SANITÁRIA</p></td><td rowspan="1" colspan="1"><p>5000</p></td><td rowspan="1" colspan="1"><p>UNIVERSIDADE PITAGORAS UNOPAR ANHANGUERA -</p></td><td rowspan="1" colspan="1"><p>EDITORA E DISTRIBUIDORA EDUCACIONAL S/A</p></td></tr><tr><td rowspan="1" colspan="1"><p>133</p></td><td rowspan="1" colspan="1"><p>202508702</p></td><td rowspan="1" colspan="1"><p>Bacharelado</p></td><td rowspan="1" colspan="1"><p>ENGENHARIA CIVIL</p></td><td rowspan="1" colspan="1"><p>4000</p></td><td rowspan="1" colspan="1"><p>UNIVERSIDADE PITAGORAS UNOPAR ANHANGUERA -</p></td><td rowspan="1" colspan="1"><p>EDITORA E DISTRIBUIDORA EDUCACIONAL S/A</p></td></tr><tr><td rowspan="1" colspan="1"><p>134</p></td><td rowspan="1" colspan="1"><p>202508697</p></td><td rowspan="1" colspan="1"><p>Bacharelado</p></td><td rowspan="1" colspan="1"><p>ENGENHARIA DE COMPUTAÇÃO</p></td><td rowspan="1" colspan="1"><p>5000</p></td><td rowspan="1" colspan="1"><p>UNIVERSIDADE PITAGORAS UNOPAR ANHANGUERA -</p></td><td rowspan="1" colspan="1"><p>EDITORA E DISTRIBUIDORA EDUCACIONAL S/A</p></td></tr><tr><td rowspan="1" colspan="1"><p>135</p></td><td rowspan="1" colspan="1"><p>202517640</p></td><td rowspan="1" colspan="1"><p>Bacharelado</p></td><td rowspan="1" colspan="1"><p>ENGENHARIA DE CONTROLE E AUTOMAÇÃO</p></td><td rowspan="1" colspan="1"><p>5000</p></td><td rowspan="1" colspan="1"><p>UNIVERSIDADE PITAGORAS UNOPAR ANHANGUERA -</p></td><td rowspan="1" colspan="1"><p>EDITORA E DISTRIBUIDORA EDUCACIONAL S/A</p></td></tr><tr><td rowspan="1" colspan="1"><p>136</p></td><td rowspan="1" colspan="1"><p>202508701</p></td><td rowspan="1" colspan="1"><p>Bacharelado</p></td><td rowspan="1" colspan="1"><p>ENGENHARIA DE PRODUÇÃO</p></td><td rowspan="1" colspan="1"><p>3000</p></td><td rowspan="1" colspan="1"><p>UNIVERSIDADE PITAGORAS UNOPAR ANHANGUERA -</p></td><td rowspan="1" colspan="1"><p>EDITORA E DISTRIBUIDORA EDUCACIONAL S/A</p></td></tr><tr><td rowspan="1" colspan="1"><p>137</p></td><td rowspan="1" colspan="1"><p>202508698</p></td><td rowspan="1" colspan="1"><p>Bacharelado</p></td><td rowspan="1" colspan="1"><p>ENGENHARIA ELÉTRICA</p></td><td rowspan="1" colspan="1"><p>3000</p></td><td rowspan="1" colspan="1"><p>UNIVERSIDADE PITAGORAS UNOPAR ANHANGUERA -</p></td><td rowspan="1" colspan="1"><p>EDITORA E DISTRIBUIDORA EDUCACIONAL S/A</p></td></tr><tr><td rowspan="1" colspan="1"><p>138</p></td><td rowspan="1" colspan="1"><p>202508700</p></td><td rowspan="1" colspan="1"><p>Bacharelado</p></td><td rowspan="1" colspan="1"><p>ENGENHARIA MECÂNICA</p></td><td rowspan="1" colspan="1"><p>3000</p></td><td rowspan="1" colspan="1"><p>UNIVERSIDADE PITAGORAS UNOPAR ANHANGUERA -</p></td><td rowspan="1" colspan="1"><p>EDITORA E DISTRIBUIDORA EDUCACIONAL S/A</p></td></tr><tr><td rowspan="1" colspan="1"><p>139</p></td><td rowspan="1" colspan="1"><p>202511595</p></td><td rowspan="1" colspan="1"><p>Tecnológico</p></td><td rowspan="1" colspan="1"><p>ESTÉTICA E COSMÉTICA</p></td><td rowspan="1" colspan="1"><p>37520</p></td><td rowspan="1" colspan="1"><p>UNIVERSIDADE PITAGORAS UNOPAR ANHANGUERA -</p></td><td rowspan="1" colspan="1"><p>EDITORA E DISTRIBUIDORA EDUCACIONAL S/A</p></td></tr><tr><td rowspan="1" colspan="1"><p>140</p></td><td rowspan="1" colspan="1"><p>202507948</p></td><td rowspan="1" colspan="1"><p>Bacharelado</p></td><td rowspan="1" colspan="1"><p>FARMÁCIA</p></td><td rowspan="1" colspan="1"><p>17500</p></td><td rowspan="1" colspan="1"><p>UNIVERSIDADE PITAGORAS UNOPAR ANHANGUERA -</p></td><td rowspan="1" colspan="1"><p>EDITORA E DISTRIBUIDORA EDUCACIONAL S/A</p></td></tr><tr><td rowspan="1" colspan="1"><p>141</p></td><td rowspan="1" colspan="1"><p>202509782</p></td><td rowspan="1" colspan="1"><p>Licenciatura</p></td><td rowspan="1" colspan="1"><p>FILOSOFIA</p></td><td rowspan="1" colspan="1"><p>2000</p></td><td rowspan="1" colspan="1"><p>UNIVERSIDADE PITAGORAS UNOPAR ANHANGUERA -</p></td><td rowspan="1" colspan="1"><p>EDITORA E DISTRIBUIDORA EDUCACIONAL S/A</p></td></tr><tr><td rowspan="1" colspan="1"><p>142</p></td><td rowspan="1" colspan="1"><p>202507663</p></td><td rowspan="1" colspan="1"><p>Licenciatura</p></td><td rowspan="1" colspan="1"><p>FÍSICA</p></td><td rowspan="1" colspan="1"><p>500</p></td><td rowspan="1" colspan="1"><p>UNIVERSIDADE PITAGORAS UNOPAR ANHANGUERA -</p></td><td rowspan="1" colspan="1"><p>EDITORA E DISTRIBUIDORA EDUCACIONAL S/A</p></td></tr><tr><td rowspan="1" colspan="1"><p>143</p></td><td rowspan="1" colspan="1"><p>202507943</p></td><td rowspan="1" colspan="1"><p>Bacharelado</p></td><td rowspan="1" colspan="1"><p>FISIOTERAPIA</p></td><td rowspan="1" colspan="1"><p>6000</p></td><td rowspan="1" colspan="1"><p>UNIVERSIDADE PITAGORAS UNOPAR ANHANGUERA -</p></td><td rowspan="1" colspan="1"><p>EDITORA E DISTRIBUIDORA EDUCACIONAL S/A</p></td></tr><tr><td rowspan="1" colspan="1"><p>144</p></td><td rowspan="1" colspan="1"><p>202509793</p></td><td rowspan="1" colspan="1"><p>Licenciatura</p></td><td rowspan="1" colspan="1"><p>GEOGRAFIA</p></td><td rowspan="1" colspan="1"><p>17000</p></td><td rowspan="1" colspan="1"><p>UNIVERSIDADE PITAGORAS UNOPAR ANHANGUERA -</p></td><td rowspan="1" colspan="1"><p>EDITORA E DISTRIBUIDORA EDUCACIONAL S/A</p></td></tr><tr><td rowspan="1" colspan="1"><p>145</p></td><td rowspan="1" colspan="1"><p>202507940</p></td><td rowspan="1" colspan="1"><p>Tecnológico</p></td><td rowspan="1" colspan="1"><p>GERONTOLOGIA</p></td><td rowspan="1" colspan="1"><p>2000</p></td><td rowspan="1" colspan="1"><p>UNIVERSIDADE PITAGORAS UNOPAR ANHANGUERA -</p></td><td rowspan="1" colspan="1"><p>EDITORA E DISTRIBUIDORA EDUCACIONAL S/A</p></td></tr><tr><td rowspan="1" colspan="1"><p>146</p></td><td rowspan="1" colspan="1"><p>202508699</p></td><td rowspan="1" colspan="1"><p>Tecnológico</p></td><td rowspan="1" colspan="1"><p>GESTÃO AMBIENTAL</p></td><td rowspan="1" colspan="1"><p>7000</p></td><td rowspan="1" colspan="1"><p>UNIVERSIDADE PITAGORAS UNOPAR ANHANGUERA -</p></td><td rowspan="1" colspan="1"><p>EDITORA E DISTRIBUIDORA EDUCACIONAL S/A</p></td></tr><tr><td rowspan="1" colspan="1"><p>147</p></td><td rowspan="1" colspan="1"><p>202511594</p></td><td rowspan="1" colspan="1"><p>Tecnológico</p></td><td rowspan="1" colspan="1"><p>GESTÃO HOSPITALAR</p></td><td rowspan="1" colspan="1"><p>9999</p></td><td rowspan="1" colspan="1"><p>UNIVERSIDADE PITAGORAS UNOPAR ANHANGUERA -</p></td><td rowspan="1" colspan="1"><p>EDITORA E DISTRIBUIDORA EDUCACIONAL S/A</p></td></tr><tr><td rowspan="1" colspan="1"><p>148</p></td><td rowspan="1" colspan="1"><p>202509794</p></td><td rowspan="1" colspan="1"><p>Licenciatura</p></td><td rowspan="1" colspan="1"><p>HISTÓRIA</p></td><td rowspan="1" colspan="1"><p>17000</p></td><td rowspan="1" colspan="1"><p>UNIVERSIDADE PITAGORAS UNOPAR ANHANGUERA -</p></td><td rowspan="1" colspan="1"><p>EDITORA E DISTRIBUIDORA EDUCACIONAL S/A</p></td></tr><tr><td rowspan="1" colspan="1"><p>149</p></td><td rowspan="1" colspan="1"><p>202509786</p></td><td rowspan="1" colspan="1"><p>Licenciatura</p></td><td rowspan="1" colspan="1"><p>LETRAS - PORTUGUÊS</p></td><td rowspan="1" colspan="1"><p>17000</p></td><td rowspan="1" colspan="1"><p>UNIVERSIDADE PITAGORAS UNOPAR ANHANGUERA -</p></td><td rowspan="1" colspan="1"><p>EDITORA E DISTRIBUIDORA EDUCACIONAL S/A</p></td></tr><tr><td rowspan="1" colspan="1"><p>150</p></td><td rowspan="1" colspan="1"><p>202509788</p></td><td rowspan="1" colspan="1"><p>Licenciatura</p></td><td rowspan="1" colspan="1"><p>LETRAS - PORTUGUÊS E ESPANHOL</p></td><td rowspan="1" colspan="1"><p>500</p></td><td rowspan="1" colspan="1"><p>UNIVERSIDADE PITAGORAS UNOPAR ANHANGUERA -</p></td><td rowspan="1" colspan="1"><p>EDITORA E DISTRIBUIDORA EDUCACIONAL S/A</p></td></tr><tr><td rowspan="1" colspan="1"><p>151</p></td><td rowspan="1" colspan="1"><p>202509792</p></td><td rowspan="1" colspan="1"><p>Licenciatura</p></td><td rowspan="1" colspan="1"><p>LETRAS - PORTUGUÊS E INGLÊS</p></td><td rowspan="1" colspan="1"><p>500</p></td><td rowspan="1" colspan="1"><p>UNIVERSIDADE PITAGORAS UNOPAR ANHANGUERA -</p></td><td rowspan="1" colspan="1"><p>EDITORA E DISTRIBUIDORA EDUCACIONAL S/A</p></td></tr><tr><td rowspan="1" colspan="1"><p>152</p></td><td rowspan="1" colspan="1"><p>202509785</p></td><td rowspan="1" colspan="1"><p>Licenciatura</p></td><td rowspan="1" colspan="1"><p>MATEMÁTICA</p></td><td rowspan="1" colspan="1"><p>17000</p></td><td rowspan="1" colspan="1"><p>UNIVERSIDADE PITAGORAS UNOPAR ANHANGUERA -</p></td><td rowspan="1" colspan="1"><p>EDITORA E DISTRIBUIDORA EDUCACIONAL S/A</p></td></tr><tr><td rowspan="1" colspan="1"><p>153</p></td><td rowspan="1" colspan="1"><p>202507945</p></td><td rowspan="1" colspan="1"><p>Bacharelado</p></td><td rowspan="1" colspan="1"><p>NUTRIÇÃO</p></td><td rowspan="1" colspan="1"><p>3000</p></td><td rowspan="1" colspan="1"><p>UNIVERSIDADE PITAGORAS UNOPAR ANHANGUERA -</p></td><td rowspan="1" colspan="1"><p>EDITORA E DISTRIBUIDORA EDUCACIONAL S/A</p></td></tr><tr><td rowspan="1" colspan="1"><p>154</p></td><td rowspan="1" colspan="1"><p>202509784</p></td><td rowspan="1" colspan="1"><p>Licenciatura</p></td><td rowspan="1" colspan="1"><p>PEDAGOGIA</p></td><td rowspan="1" colspan="1"><p>22250</p></td><td rowspan="1" colspan="1"><p>UNIVERSIDADE PITAGORAS UNOPAR ANHANGUERA -</p></td><td rowspan="1" colspan="1"><p>EDITORA E DISTRIBUIDORA EDUCACIONAL S/A</p></td></tr><tr><td rowspan="1" colspan="1"><p>155</p></td><td rowspan="1" colspan="1"><p>202507946</p></td><td rowspan="1" colspan="1"><p>Tecnológico</p></td><td rowspan="1" colspan="1"><p>PODOLOGIA</p></td><td rowspan="1" colspan="1"><p>3000</p></td><td rowspan="1" colspan="1"><p>UNIVERSIDADE PITAGORAS UNOPAR ANHANGUERA -</p></td><td rowspan="1" colspan="1"><p>EDITORA E DISTRIBUIDORA EDUCACIONAL S/A</p></td></tr><tr><td rowspan="1" colspan="1"><p>156</p></td><td rowspan="1" colspan="1"><p>202508704</p></td><td rowspan="1" colspan="1"><p>Tecnológico</p></td><td rowspan="1" colspan="1"><p>PRODUÇÃO CERVEJEIRA</p></td><td rowspan="1" colspan="1"><p>3000</p></td><td rowspan="1" colspan="1"><p>UNIVERSIDADE PITAGORAS UNOPAR ANHANGUERA -</p></td><td rowspan="1" colspan="1"><p>EDITORA E DISTRIBUIDORA EDUCACIONAL S/A</p></td></tr><tr><td rowspan="1" colspan="1"><p>157</p></td><td rowspan="1" colspan="1"><p>202509787</p></td><td rowspan="1" colspan="1"><p>Bacharelado</p></td><td rowspan="1" colspan="1"><p>PSICOPEDAGOGIA</p></td><td rowspan="1" colspan="1"><p>2000</p></td><td rowspan="1" colspan="1"><p>UNIVERSIDADE PITAGORAS UNOPAR ANHANGUERA -</p></td><td rowspan="1" colspan="1"><p>EDITORA E DISTRIBUIDORA EDUCACIONAL S/A</p></td></tr><tr><td rowspan="1" colspan="1"><p>158</p></td><td rowspan="1" colspan="1"><p>202507662</p></td><td rowspan="1" colspan="1"><p>Licenciatura</p></td><td rowspan="1" colspan="1"><p>QUÍMICA</p></td><td rowspan="1" colspan="1"><p>500</p></td><td rowspan="1" colspan="1"><p>UNIVERSIDADE PITAGORAS UNOPAR ANHANGUERA -</p></td><td rowspan="1" colspan="1"><p>EDITORA E DISTRIBUIDORA EDUCACIONAL S/A</p></td></tr><tr><td rowspan="1" colspan="1"><p>159</p></td><td rowspan="1" colspan="1"><p>202507765</p></td><td rowspan="1" colspan="1"><p>Bacharelado</p></td><td rowspan="1" colspan="1"><p>QUÍMICA</p></td><td rowspan="1" colspan="1"><p>500</p></td><td rowspan="1" colspan="1"><p>UNIVERSIDADE PITAGORAS UNOPAR ANHANGUERA -</p></td><td rowspan="1" colspan="1"><p>EDITORA E DISTRIBUIDORA EDUCACIONAL S/A</p></td></tr><tr><td rowspan="1" colspan="1"><p>160</p></td><td rowspan="1" colspan="1"><p>202517530</p></td><td rowspan="1" colspan="1"><p>Tecnológico</p></td><td rowspan="1" colspan="1"><p>RADIOLOGIA</p></td><td rowspan="1" colspan="1"><p>3000</p></td><td rowspan="1" colspan="1"><p>UNIVERSIDADE PITAGORAS UNOPAR ANHANGUERA -</p></td><td rowspan="1" colspan="1"><p>EDITORA E DISTRIBUIDORA EDUCACIONAL S/A</p></td></tr><tr><td rowspan="1" colspan="1"><p>161</p></td><td rowspan="1" colspan="1"><p>202507941</p></td><td rowspan="1" colspan="1"><p>Bacharelado</p></td><td rowspan="1" colspan="1"><p>SERVIÇO SOCIAL</p></td><td rowspan="1" colspan="1"><p>7000</p></td><td rowspan="1" colspan="1"><p>UNIVERSIDADE PITAGORAS UNOPAR ANHANGUERA -</p></td><td rowspan="1" colspan="1"><p>EDITORA E DISTRIBUIDORA EDUCACIONAL S/A</p></td></tr><tr><td rowspan="1" colspan="1"><p>162</p></td><td rowspan="1" colspan="1"><p>202509795</p></td><td rowspan="1" colspan="1"><p>Licenciatura</p></td><td rowspan="1" colspan="1"><p>SOCIOLOGIA</p></td><td rowspan="1" colspan="1"><p>1000</p></td><td rowspan="1" colspan="1"><p>UNIVERSIDADE PITAGORAS UNOPAR ANHANGUERA -</p></td><td rowspan="1" colspan="1"><p>EDITORA E DISTRIBUIDORA EDUCACIONAL S/A</p></td></tr><tr><td rowspan="1" colspan="1"><p>163</p></td><td rowspan="1" colspan="1"><p>202507939</p></td><td rowspan="1" colspan="1"><p>Tecnológico</p></td><td rowspan="1" colspan="1"><p>TERAPIAS INTEGRATIVAS E COMPLEMENTARES</p></td><td rowspan="1" colspan="1"><p>3000</p></td><td rowspan="1" colspan="1"><p>UNIVERSIDADE PITAGORAS UNOPAR ANHANGUERA -</p></td><td rowspan="1" colspan="1"><p>EDITORA E DISTRIBUIDORA EDUCACIONAL S/A</p></td></tr><tr><td rowspan="1" colspan="1"><p>164</p></td><td rowspan="1" colspan="1"><p>202515901</p></td><td rowspan="1" colspan="1"><p>Bacharelado</p></td><td rowspan="1" colspan="1"><p>AGRONOMIA</p></td><td rowspan="1" colspan="1"><p>5000</p></td><td rowspan="1" colspan="1"><p>UNIVERSIDADE POSITIVO - UP</p></td><td rowspan="1" colspan="1"><p>CENTRO DE ESTUDOS SUPERIORES POSITIVO LTDA</p></td></tr><tr><td rowspan="1" colspan="1"><p>165</p></td><td rowspan="1" colspan="1"><p>202508942</p></td><td rowspan="1" colspan="1"><p>Bacharelado</p></td><td rowspan="1" colspan="1"><p>ARQUITETURA E URBANISMO</p></td><td rowspan="1" colspan="1"><p>500</p></td><td rowspan="1" colspan="1"><p>UNIVERSIDADE POSITIVO - UP</p></td><td rowspan="1" colspan="1"><p>CENTRO DE ESTUDOS SUPERIORES POSITIVO LTDA</p></td></tr><tr><td rowspan="1" colspan="1"><p>166</p></td><td rowspan="1" colspan="1"><p>202510434</p></td><td rowspan="1" colspan="1"><p>Licenciatura</p></td><td rowspan="1" colspan="1"><p>ARTES VISUAIS</p></td><td rowspan="1" colspan="1"><p>200</p></td><td rowspan="1" colspan="1"><p>UNIVERSIDADE POSITIVO - UP</p></td><td rowspan="1" colspan="1"><p>CENTRO DE ESTUDOS SUPERIORES POSITIVO LTDA</p></td></tr><tr><td rowspan="1" colspan="1"><p>167</p></td><td rowspan="1" colspan="1"><p>202508197</p></td><td rowspan="1" colspan="1"><p>Bacharelado</p></td><td rowspan="1" colspan="1"><p>BIOMEDICINA</p></td><td rowspan="1" colspan="1"><p>480</p></td><td rowspan="1" colspan="1"><p>UNIVERSIDADE POSITIVO - UP</p></td><td rowspan="1" colspan="1"><p>CENTRO DE ESTUDOS SUPERIORES POSITIVO LTDA</p></td></tr><tr><td rowspan="1" colspan="1"><p>168</p></td><td rowspan="1" colspan="1"><p>202507807</p></td><td rowspan="1" colspan="1"><p>Bacharelado</p></td><td rowspan="1" colspan="1"><p>CIÊNCIAS BIOLÓGICAS</p></td><td rowspan="1" colspan="1"><p>100</p></td><td rowspan="1" colspan="1"><p>UNIVERSIDADE POSITIVO - UP</p></td><td rowspan="1" colspan="1"><p>CENTRO DE ESTUDOS SUPERIORES POSITIVO LTDA</p></td></tr><tr><td rowspan="1" colspan="1"><p>169</p></td><td rowspan="1" colspan="1"><p>202510444</p></td><td rowspan="1" colspan="1"><p>Licenciatura</p></td><td rowspan="1" colspan="1"><p>CIÊNCIAS BIOLÓGICAS</p></td><td rowspan="1" colspan="1"><p>200</p></td><td rowspan="1" colspan="1"><p>UNIVERSIDADE POSITIVO - UP</p></td><td rowspan="1" colspan="1"><p>CENTRO DE ESTUDOS SUPERIORES POSITIVO LTDA</p></td></tr><tr><td rowspan="1" colspan="1"><p>170</p></td><td rowspan="1" colspan="1"><p>202510440</p></td><td rowspan="1" colspan="1"><p>Licenciatura</p></td><td rowspan="1" colspan="1"><p>CIÊNCIAS SOCIAIS</p></td><td rowspan="1" colspan="1"><p>100</p></td><td rowspan="1" colspan="1"><p>UNIVERSIDADE POSITIVO - UP</p></td><td rowspan="1" colspan="1"><p>CENTRO DE ESTUDOS SUPERIORES POSITIVO LTDA</p></td></tr><tr><td rowspan="1" colspan="1"><p>171</p></td><td rowspan="1" colspan="1"><p>202510446</p></td><td rowspan="1" colspan="1"><p>Licenciatura</p></td><td rowspan="1" colspan="1"><p>EDUCAÇÃO ESPECIAL</p></td><td rowspan="1" colspan="1"><p>300</p></td><td rowspan="1" colspan="1"><p>UNIVERSIDADE POSITIVO - UP</p></td><td rowspan="1" colspan="1"><p>CENTRO DE ESTUDOS SUPERIORES POSITIVO LTDA</p></td></tr><tr><td rowspan="1" colspan="1"><p>172</p></td><td rowspan="1" colspan="1"><p>202508198</p></td><td rowspan="1" colspan="1"><p>Bacharelado</p></td><td rowspan="1" colspan="1"><p>EDUCAÇÃO FÍSICA</p></td><td rowspan="1" colspan="1"><p>120</p></td><td rowspan="1" colspan="1"><p>UNIVERSIDADE POSITIVO - UP</p></td><td rowspan="1" colspan="1"><p>CENTRO DE ESTUDOS SUPERIORES POSITIVO LTDA</p></td></tr><tr><td rowspan="1" colspan="1"><p>173</p></td><td rowspan="1" colspan="1"><p>202510441</p></td><td rowspan="1" colspan="1"><p>Licenciatura</p></td><td rowspan="1" colspan="1"><p>EDUCAÇÃO FÍSICA</p></td><td rowspan="1" colspan="1"><p>200</p></td><td rowspan="1" colspan="1"><p>UNIVERSIDADE POSITIVO - UP</p></td><td rowspan="1" colspan="1"><p>CENTRO DE ESTUDOS SUPERIORES POSITIVO LTDA</p></td></tr><tr><td rowspan="1" colspan="1"><p>174</p></td><td rowspan="1" colspan="1"><p>202508936</p></td><td rowspan="1" colspan="1"><p>Bacharelado</p></td><td rowspan="1" colspan="1"><p>ENGENHARIA AMBIENTAL</p></td><td rowspan="1" colspan="1"><p>300</p></td><td rowspan="1" colspan="1"><p>UNIVERSIDADE POSITIVO - UP</p></td><td rowspan="1" colspan="1"><p>CENTRO DE ESTUDOS SUPERIORES POSITIVO LTDA</p></td></tr><tr><td rowspan="1" colspan="1"><p>175</p></td><td rowspan="1" colspan="1"><p>202508937</p></td><td rowspan="1" colspan="1"><p>Bacharelado</p></td><td rowspan="1" colspan="1"><p>ENGENHARIA CIVIL</p></td><td rowspan="1" colspan="1"><p>180</p></td><td rowspan="1" colspan="1"><p>UNIVERSIDADE POSITIVO - UP</p></td><td rowspan="1" colspan="1"><p>CENTRO DE ESTUDOS SUPERIORES POSITIVO LTDA</p></td></tr><tr><td rowspan="1" colspan="1"><p>176</p></td><td rowspan="1" colspan="1"><p>202508943</p></td><td rowspan="1" colspan="1"><p>Bacharelado</p></td><td rowspan="1" colspan="1"><p>ENGENHARIA DE COMPUTAÇÃO</p></td><td rowspan="1" colspan="1"><p>300</p></td><td rowspan="1" colspan="1"><p>UNIVERSIDADE POSITIVO - UP</p></td><td rowspan="1" colspan="1"><p>CENTRO DE ESTUDOS SUPERIORES POSITIVO LTDA</p></td></tr><tr><td rowspan="1" colspan="1"><p>177</p></td><td rowspan="1" colspan="1"><p>202508944</p></td><td rowspan="1" colspan="1"><p>Bacharelado</p></td><td rowspan="1" colspan="1"><p>ENGENHARIA DE PRODUÇÃO</p></td><td rowspan="1" colspan="1"><p>50</p></td><td rowspan="1" colspan="1"><p>UNIVERSIDADE POSITIVO - UP</p></td><td rowspan="1" colspan="1"><p>CENTRO DE ESTUDOS SUPERIORES POSITIVO LTDA</p></td></tr><tr><td rowspan="1" colspan="1"><p>178</p></td><td rowspan="1" colspan="1"><p>202508940</p></td><td rowspan="1" colspan="1"><p>Bacharelado</p></td><td rowspan="1" colspan="1"><p>ENGENHARIA ELÉTRICA</p></td><td rowspan="1" colspan="1"><p>180</p></td><td rowspan="1" colspan="1"><p>UNIVERSIDADE POSITIVO - UP</p></td><td rowspan="1" colspan="1"><p>CENTRO DE ESTUDOS SUPERIORES POSITIVO LTDA</p></td></tr><tr><td rowspan="1" colspan="1"><p>179</p></td><td rowspan="1" colspan="1"><p>202508939</p></td><td rowspan="1" colspan="1"><p>Bacharelado</p></td><td rowspan="1" colspan="1"><p>ENGENHARIA MECÂNICA</p></td><td rowspan="1" colspan="1"><p>180</p></td><td rowspan="1" colspan="1"><p>UNIVERSIDADE POSITIVO - UP</p></td><td rowspan="1" colspan="1"><p>CENTRO DE ESTUDOS SUPERIORES POSITIVO LTDA</p></td></tr><tr><td rowspan="1" colspan="1"><p>180</p></td><td rowspan="1" colspan="1"><p>202508938</p></td><td rowspan="1" colspan="1"><p>Bacharelado</p></td><td rowspan="1" colspan="1"><p>ENGENHARIA MECATRÔNICA</p></td><td rowspan="1" colspan="1"><p>500</p></td><td rowspan="1" colspan="1"><p>UNIVERSIDADE POSITIVO - UP</p></td><td rowspan="1" colspan="1"><p>CENTRO DE ESTUDOS SUPERIORES POSITIVO LTDA</p></td></tr><tr><td rowspan="1" colspan="1"><p>181</p></td><td rowspan="1" colspan="1"><p>202511783</p></td><td rowspan="1" colspan="1"><p>Tecnológico</p></td><td rowspan="1" colspan="1"><p>ESTÉTICA E COSMÉTICA</p></td><td rowspan="1" colspan="1"><p>120</p></td><td rowspan="1" colspan="1"><p>UNIVERSIDADE POSITIVO - UP</p></td><td rowspan="1" colspan="1"><p>CENTRO DE ESTUDOS SUPERIORES POSITIVO LTDA</p></td></tr><tr><td rowspan="1" colspan="1"><p>182</p></td><td rowspan="1" colspan="1"><p>202508192</p></td><td rowspan="1" colspan="1"><p>Bacharelado</p></td><td rowspan="1" colspan="1"><p>FARMÁCIA</p></td><td rowspan="1" colspan="1"><p>500</p></td><td rowspan="1" colspan="1"><p>UNIVERSIDADE POSITIVO - UP</p></td><td rowspan="1" colspan="1"><p>CENTRO DE ESTUDOS SUPERIORES POSITIVO LTDA</p></td></tr><tr><td rowspan="1" colspan="1"><p>183</p></td><td rowspan="1" colspan="1"><p>202510439</p></td><td rowspan="1" colspan="1"><p>Licenciatura</p></td><td rowspan="1" colspan="1"><p>FILOSOFIA</p></td><td rowspan="1" colspan="1"><p>100</p></td><td rowspan="1" colspan="1"><p>UNIVERSIDADE POSITIVO - UP</p></td><td rowspan="1" colspan="1"><p>CENTRO DE ESTUDOS SUPERIORES POSITIVO LTDA</p></td></tr><tr><td rowspan="1" colspan="1"><p>184</p></td><td rowspan="1" colspan="1"><p>202507804</p></td><td rowspan="1" colspan="1"><p>Bacharelado</p></td><td rowspan="1" colspan="1"><p>FÍSICA</p></td><td rowspan="1" colspan="1"><p>500</p></td><td rowspan="1" colspan="1"><p>UNIVERSIDADE POSITIVO - UP</p></td><td rowspan="1" colspan="1"><p>CENTRO DE ESTUDOS SUPERIORES POSITIVO LTDA</p></td></tr><tr><td rowspan="1" colspan="1"><p>185</p></td><td rowspan="1" colspan="1"><p>202510435</p></td><td rowspan="1" colspan="1"><p>Licenciatura</p></td><td rowspan="1" colspan="1"><p>FÍSICA</p></td><td rowspan="1" colspan="1"><p>200</p></td><td rowspan="1" colspan="1"><p>UNIVERSIDADE POSITIVO - UP</p></td><td rowspan="1" colspan="1"><p>CENTRO DE ESTUDOS SUPERIORES POSITIVO LTDA</p></td></tr><tr><td rowspan="1" colspan="1"><p>186</p></td><td rowspan="1" colspan="1"><p>202508195</p></td><td rowspan="1" colspan="1"><p>Bacharelado</p></td><td rowspan="1" colspan="1"><p>FISIOTERAPIA</p></td><td rowspan="1" colspan="1"><p>100</p></td><td rowspan="1" colspan="1"><p>UNIVERSIDADE POSITIVO - UP</p></td><td rowspan="1" colspan="1"><p>CENTRO DE ESTUDOS SUPERIORES POSITIVO LTDA</p></td></tr><tr><td rowspan="1" colspan="1"><p>187</p></td><td rowspan="1" colspan="1"><p>202510445</p></td><td rowspan="1" colspan="1"><p>Licenciatura</p></td><td rowspan="1" colspan="1"><p>GEOGRAFIA</p></td><td rowspan="1" colspan="1"><p>100</p></td><td rowspan="1" colspan="1"><p>UNIVERSIDADE POSITIVO - UP</p></td><td rowspan="1" colspan="1"><p>CENTRO DE ESTUDOS SUPERIORES POSITIVO LTDA</p></td></tr></table>]]></Texto>
  </body>
  <Midias />
</article></xml>