﻿<xml><article id="45413173" name="8090 - Altera a habilitacao do H" idOficio="11280447" pubName="DO1" artType="Portaria" pubDate="12/09/2025" artClass="00047:00001:00000:00000:00000:00000:00000:00000:00000:00000:00024:00008" artCategory="Ministério da Saúde/Gabinete do Ministro" artSize="24" artNotes="" numberPage="184" pdfPage="http://pesquisa.in.gov.br/imprensa/jsp/visualiza/index.jsp?data=12/09/2025&amp;jornal=515&amp;pagina=184" editionNumber="174" highlightType="" highlightPriority="" highlight="" highlightimage="" highlightimagename="" idMateria="23101337">
  <body>
    <Identifica><![CDATA[ Portaria GM/ms Nº 8.090, DE 10 DE setembro DE 2025]]></Identifica>
    <Data><![CDATA[]]></Data>
    <Ementa><![CDATA[ Altera a habilitação do Hospital Azambuja para Centro de Referência em Alta Complexidade Cardiovascular - Brusque (SC).]]></Ementa>
    <Titulo />
    <SubTitulo />
    <Texto><![CDATA[<p class="identifica">Portaria GM/ms Nº 8.090, DE 10 DE setembro DE 2025</p><p class="ementa">Altera a habilitação do Hospital Azambuja para Centro de Referência em Alta Complexidade Cardiovascular - Brusque (SC).</p><p>O MINISTRO DE ESTADO DA SAÚDE, no uso das atribuições que lhe conferem os incisos I e II do parágrafo único do art. 87 da Constituição, resolve:</p><p>Art. 1º Fica alterada, de Unidade de Assistência de Alta Complexidade Cardiovascular, para Centro de Referência em Alta Complexidade Cardiovascular, a habilitação do estabelecimento descrito no Anexo a esta Portaria.</p><p>§ 1º A alteração de habilitação não incorre em aporte financeiros adicionais ao Limite Financeiro de Média e Alta Complexidade, conforme descrito no Capítulo II do Anexo V da Portaria de Consolidação nº 1, de 22 de fevereiro de 2022.</p><p>§ 2º Os recursos relativos ao estabelecimento consignado ao programa de trabalho têm como finalidade o custeio de quaisquer ações e serviços de média e alta complexidade para atenção à saúde da população, desde que garantida a manutenção da unidade.</p><p>Art. 2º Esta Portaria entra em vigor na data de sua publicação.</p><p class="assina">ALEXANDRE ROCHA SANTOS PADILHA</p><p class="anexo">ANEXO</p><p /><p></p><table><tr /><tr><td rowspan="1" colspan="1"><p>UF</p></td><td rowspan="1" colspan="1"><p>IBGE</p></td><td rowspan="1" colspan="1"><p>MUNICÍPIO</p></td><td rowspan="1" colspan="1"><p>ESTABELECIMENTO</p></td><td rowspan="1" colspan="1"><p>CNES</p></td><td rowspan="1" colspan="1"><p>GESTÃO</p></td><td rowspan="1" colspan="1"><p>Nº PROPOSTA SAIPS</p></td><td rowspan="1" colspan="1"><p>PORTARIA DE HABILITAÇÃO</p></td><td rowspan="1" colspan="1"><p>CÓDIGO E DESCRIÇÃO DA HABILITAÇÃO (ATUAL)</p></td><td rowspan="1" colspan="1"><p>CÓDIGO E DESCRIÇÃO DA HABILITAÇÃO (NOVA)</p></td><td rowspan="1" colspan="1"><p>NUP/SEI</p></td></tr><tr><td rowspan="1" colspan="1"><p>SC</p></td><td rowspan="1" colspan="1"><p>420290</p></td><td rowspan="1" colspan="1"><p>BRUSQUE</p></td><td rowspan="1" colspan="1"><p>HOSPITAL AZAMBUJA</p></td><td rowspan="1" colspan="1"><p>2522411</p></td><td rowspan="1" colspan="1"><p>MUNICIPAL</p></td><td rowspan="1" colspan="1"><p>207621</p></td><td rowspan="1" colspan="1"><p>PORTARIA GM/MS N.° 3.270, DE 07 DE MARÇO DE 2024</p></td><td rowspan="1" colspan="1"><p>08.01 - UNIDADE DE ASSISTÊNCIA DE ALTA COMPLEXIDADE CARDIOVASCULAR</p></td><td rowspan="1" colspan="1"><p>08.02 - CENTRO DE REFERÊNCIA EM ALTA COMPLEXIDADE CARDIOVASCULAR</p></td><td rowspan="1" colspan="1"><p>25000.120526/2025-01</p></td></tr></table>]]></Texto>
  </body>
  <Midias />
</article></xml>