﻿<xml><article id="45416567" name="resolucao_3510_2025 COAFE_001" idOficio="11280829" pubName="DO1" artType="Resolução" pubDate="12/09/2025" artClass="00047:00048:00016:00006:00002:00000:00000:00000:00000:00000:00064:00002" artCategory="Ministério da Saúde/Agência Nacional de Vigilância Sanitária/4ª Diretoria/Gerência-Geral de Inspeção e Fiscalização Sanitária/Coordenação de Autorização de Funcionamento de Empresas" artSize="12" artNotes="" numberPage="188" pdfPage="http://pesquisa.in.gov.br/imprensa/jsp/visualiza/index.jsp?data=12/09/2025&amp;jornal=515&amp;pagina=188" editionNumber="174" highlightType="" highlightPriority="" highlight="" highlightimage="" highlightimagename="" idMateria="23102038">
  <body>
    <Identifica><![CDATA[ RESOLUÇÃO-RE Nº 3.510, DE 11 DE SETEMBRO DE 2025]]></Identifica>
    <Data><![CDATA[]]></Data>
    <Ementa />
    <Titulo />
    <SubTitulo />
    <Texto><![CDATA[<p class="identifica">RESOLUÇÃO-RE Nº 3.510, DE 11 DE SETEMBRO DE 2025</p><p>O COORDENADOR DE AUTORIZAÇÃO DE FUNCIONAMENTO DE EMPRESAS DA AGÊNCIA NACIONAL DE VIGILÂNCIA SANITÁRIA, no uso das atribuições que lhe confere o art. 144, aliado ao art. 203, I, §1° do Regimento Interno aprovado pela Resolução da Diretoria Colegiada - RDC n° 585, de 10 de dezembro de 2021, resolve:</p><p>Art. 1º. Conceder Autorização de Funcionamento para Empresas constantes no anexo desta Resolução.</p><p>Art. 2º Esta Resolução entra em vigor na data de sua publicação.</p><p class="assina">DANIEL MARCOS PEREIRA DOURADO</p><p class="anexo">ANEXO</p><p>2A DISTRIBUIDORA LTDA / 56.912.569/0001-88</p><p>25351.011627/2025-01 / 1326938</p><p>ARMAZENAR: MEDICAMENTO</p><p>DISTRIBUIR: MEDICAMENTO</p><p>EXPEDIR: MEDICAMENTO</p><p>702 - AFE - CONCESSÃO - MEDICAMENTOS E INSUMOS FARMACÊUTICOS - DISTRIBUIR (SOMENTE MATRIZ) / 0107669251</p><p>--------------------------------------</p><p>NACIONAL SAFETY EQUIPAMENTOS DE SEGURANCA LTDA / 24.402.903/0001-67</p><p>25351.148681/2025-01 / 3145711</p><p>ARMAZENAR: SANEANTE DOMIS.</p><p>DISTRIBUIR: SANEANTE DOMIS.</p><p>EXPEDIR: SANEANTE DOMIS.</p><p>740 - AFE - CONCESSÃO - SANEANTES - DISTRIBUIR (SOMENTE MATRIZ) / 1131034252</p><p>--------------------------------------</p><p>J&amp;T EXPRESS BRAZIL LTDA. / 42.584.754/0009-33</p><p>25351.153621/2025-01 / 8326585</p><p>TRANSPORTAR: PRODUTOS PARA SAÚDE (DISPOSITIVOS MÉDICOS)</p><p>862 - AFE - CONCESSÃO - PRODUTOS PARA SAÚDE - TRANSPORTAR / 1156053251</p><p>--------------------------------------</p><p>DROGARIA GROTTO E BRAZ LTDA / 62.478.288/0001-61</p><p>25351.162108/2025-01 / 5212753</p><p>COMÉRCIO: COSMÉTICOS, PERFUMES, PRODUTOS DE HIGIENE, CORRELATOS, ALIMENTOS E PLANTAS MEDICINAIS (IN Nº 9/2009)</p><p>DISPENSAÇÃO DE MEDICAMENTOS CONTENDO SUBSTÂNCIAS SUJEITAS AO CONTROLE ESPECIAL</p><p>DISPENSAÇÃO DE MEDICAMENTOS NÃO SUJEITOS AO CONTROLE ESPECIAL</p><p>PRESTAÇÃO DE SERVIÇOS FARMACÊUTICOS</p><p>733 - AFE - CONCESSÃO - FARMÁCIAS E DROGARIAS / 1202718256</p><p>--------------------------------------</p><p>MEGA DESCONTAO COMERCIO DE MEDICAMENTOS LTDA / 60.738.571/0001-50</p><p>25351.161496/2025-02 / 5212568</p><p>COMÉRCIO: COSMÉTICOS, PERFUMES, PRODUTOS DE HIGIENE, CORRELATOS, ALIMENTOS E PLANTAS MEDICINAIS (IN Nº 9/2009)</p><p>DISPENSAÇÃO DE MEDICAMENTOS CONTENDO SUBSTÂNCIAS SUJEITAS AO CONTROLE ESPECIAL</p><p>DISPENSAÇÃO DE MEDICAMENTOS NÃO SUJEITOS AO CONTROLE ESPECIAL</p><p>PRESTAÇÃO DE SERVIÇOS FARMACÊUTICOS</p><p>733 - AFE - CONCESSÃO - FARMÁCIAS E DROGARIAS / 1199095257</p><p>--------------------------------------</p><p>COMPLETA TRANSPORTES E LOGISTICA LTDA / 42.242.943/0001-70</p><p>25351.153396/2025-02 / 8325744</p><p>TRANSPORTAR: PRODUTOS PARA SAÚDE (DISPOSITIVOS MÉDICOS)</p><p>862 - AFE - CONCESSÃO - PRODUTOS PARA SAÚDE - TRANSPORTAR / 1155084250</p><p>--------------------------------------</p><p>USINLOG - TRANSPORTES LOGISTICA &amp; USINAGEM LTDA / 36.677.975/0001-04</p><p>25351.153050/2025-04 / 8325684</p><p>TRANSPORTAR: PRODUTOS PARA SAÚDE (DISPOSITIVOS MÉDICOS)</p><p>862 - AFE - CONCESSÃO - PRODUTOS PARA SAÚDE - TRANSPORTAR / 1152710257</p><p>--------------------------------------</p><p>HT TRANSPORTES ESPECIALIZADOS LTDA / 51.859.878/0001-18</p><p>25351.153276/2025-05 / 2112721</p><p>TRANSPORTAR: COSMÉTICOS / PERFUMES / PRODUTOS DE HIGIENE</p><p>728 - AFE - CONCESSÃO - COSMÉTICOS, PERFUMES E PRODUTOS DE HIGIENE - TRANSPORTAR (SOMENTE MATRIZ) / 1154240258</p><p>--------------------------------------</p><p>H.G.B SOLUCOES ADUANEIRAS E TRANSPORTES LTDA / 40.970.678/0001-11</p><p>25351.151737/2025-05 / 1413977</p><p>TRANSPORTAR: INSUMOS FARMACÊUTICOS / MEDICAMENTO</p><p>701 - AFE - CONCESSÃO - MEDICAMENTOS E INSUMOS FARMACÊUTICOS - TRANSPORTAR (SOMENTE MATRIZ) / 1146968256</p><p>--------------------------------------</p><p>SMIDI FARMA LTDA / 51.712.795/0006-06</p><p>25351.162002/2025-07 / 5212705</p><p>COMÉRCIO: COSMÉTICOS, PERFUMES, PRODUTOS DE HIGIENE, CORRELATOS, ALIMENTOS E PLANTAS MEDICINAIS (IN Nº 9/2009)</p><p>DISPENSAÇÃO DE MEDICAMENTOS CONTENDO SUBSTÂNCIAS SUJEITAS AO CONTROLE ESPECIAL</p><p>DISPENSAÇÃO DE MEDICAMENTOS NÃO SUJEITOS AO CONTROLE ESPECIAL</p><p>PRESTAÇÃO DE SERVIÇOS FARMACÊUTICOS</p><p>733 - AFE - CONCESSÃO - FARMÁCIAS E DROGARIAS / 1202410251</p><p>--------------------------------------</p><p>HOSPDROGAS COMERCIAL LTDA / 08.774.906/0005-07</p><p>25351.148603/2025-07 / 8325025</p><p>ARMAZENAR: PRODUTOS PARA SAÚDE (DISPOSITIVOS MÉDICOS)</p><p>DISTRIBUIR: PRODUTOS PARA SAÚDE (DISPOSITIVOS MÉDICOS)</p><p>EXPEDIR: PRODUTOS PARA SAÚDE (DISPOSITIVOS MÉDICOS)</p><p>856 - AFE - CONCESSÃO - PRODUTOS PARA SAÚDE - DISTRIBUIR / 1130755258</p><p>--------------------------------------</p><p>MED UNIQUE DISTRIBUIDORA LTDA / 33.061.091/0001-24</p><p>25351.148441/2025-07 / 2112371</p><p>ARMAZENAR: COSMÉTICOS / PERFUMES / PRODUTOS DE HIGIENE</p><p>DISTRIBUIR: COSMÉTICOS / PERFUMES / PRODUTOS DE HIGIENE</p><p>EXPEDIR: COSMÉTICOS / PERFUMES / PRODUTOS DE HIGIENE</p><p>723 - AFE - CONCESSÃO - COSMÉTICOS, PERFUMES E PRODUTOS DE HIGIENE - DISTRIBUIR (SOMENTE MATRIZ) / 1129709256</p><p>--------------------------------------</p><p>RAIA DROGASIL S/A / 61.585.865/3921-30</p><p>25351.161383/2025-07 / 5212432</p><p>COMÉRCIO: COSMÉTICOS, PERFUMES, PRODUTOS DE HIGIENE, CORRELATOS, ALIMENTOS E PLANTAS MEDICINAIS (IN Nº 9/2009)</p><p>DISPENSAÇÃO DE MEDICAMENTOS CONTENDO SUBSTÂNCIAS SUJEITAS AO CONTROLE ESPECIAL</p><p>DISPENSAÇÃO DE MEDICAMENTOS NÃO SUJEITOS AO CONTROLE ESPECIAL</p><p>PRESTAÇÃO DE SERVIÇOS FARMACÊUTICOS</p><p>733 - AFE - CONCESSÃO - FARMÁCIAS E DROGARIAS / 1198656255</p><p>--------------------------------------</p><p>RAIA DROGASIL S/A / 61.585.865/3933-74</p><p>25351.161252/2025-11 / 5212311</p><p>COMÉRCIO: COSMÉTICOS, PERFUMES, PRODUTOS DE HIGIENE, CORRELATOS, ALIMENTOS E PLANTAS MEDICINAIS (IN Nº 9/2009)</p><p>DISPENSAÇÃO DE MEDICAMENTOS CONTENDO SUBSTÂNCIAS SUJEITAS AO CONTROLE ESPECIAL</p><p>DISPENSAÇÃO DE MEDICAMENTOS NÃO SUJEITOS AO CONTROLE ESPECIAL</p><p>PRESTAÇÃO DE SERVIÇOS FARMACÊUTICOS</p><p>733 - AFE - CONCESSÃO - FARMÁCIAS E DROGARIAS / 1198176253</p><p>--------------------------------------</p><p>RAIA DROGASIL S/A / 61.585.865/3854-36</p><p>25351.161414/2025-11 / 5212477</p><p>COMÉRCIO: COSMÉTICOS, PERFUMES, PRODUTOS DE HIGIENE, CORRELATOS, ALIMENTOS E PLANTAS MEDICINAIS (IN Nº 9/2009)</p><p>DISPENSAÇÃO DE MEDICAMENTOS CONTENDO SUBSTÂNCIAS SUJEITAS AO CONTROLE ESPECIAL</p><p>DISPENSAÇÃO DE MEDICAMENTOS NÃO SUJEITOS AO CONTROLE ESPECIAL</p><p>733 - AFE - CONCESSÃO - FARMÁCIAS E DROGARIAS / 1198726253</p><p>--------------------------------------</p><p>NEVES E PERES FARMACIA LTDA / 62.003.342/0001-12</p><p>25351.154817/2025-12 / 5212160</p><p>COMÉRCIO: COSMÉTICOS, PERFUMES, PRODUTOS DE HIGIENE, CORRELATOS, ALIMENTOS E PLANTAS MEDICINAIS (IN Nº 9/2009)</p><p>DISPENSAÇÃO DE MEDICAMENTOS CONTENDO SUBSTÂNCIAS SUJEITAS AO CONTROLE ESPECIAL</p><p>DISPENSAÇÃO DE MEDICAMENTOS NÃO SUJEITOS AO CONTROLE ESPECIAL</p><p>PRESTAÇÃO DE SERVIÇOS FARMACÊUTICOS</p><p>733 - AFE - CONCESSÃO - FARMÁCIAS E DROGARIAS / 1161833251</p><p>--------------------------------------</p><p>SAGLYK PRODUTOS MEDICOS E HOSPITALARES LTDA / 52.096.144/0001-97</p><p>25351.152873/2025-12 / 8325671</p><p>ARMAZENAR: PRODUTOS PARA SAÚDE (DISPOSITIVOS MÉDICOS)</p><p>DISTRIBUIR: PRODUTOS PARA SAÚDE (DISPOSITIVOS MÉDICOS)</p><p>EXPEDIR: PRODUTOS PARA SAÚDE (DISPOSITIVOS MÉDICOS)</p><p>856 - AFE - CONCESSÃO - PRODUTOS PARA SAÚDE - DISTRIBUIR / 1151908258</p><p>--------------------------------------</p><p>TRANSPORTADORA LETON LTDA / 10.325.270/0001-26</p><p>25351.153297/2025-12 / 1414205</p><p>TRANSPORTAR: INSUMOS FARMACÊUTICOS / MEDICAMENTO</p><p>701 - AFE - CONCESSÃO - MEDICAMENTOS E INSUMOS FARMACÊUTICOS - TRANSPORTAR (SOMENTE MATRIZ) / 1154320251</p><p>--------------------------------------</p><p>vita farma drogarias ltda / 62.196.406/0001-49</p><p>25351.154736/2025-12 / 5212156</p><p>COMÉRCIO: COSMÉTICOS, PERFUMES, PRODUTOS DE HIGIENE, CORRELATOS, ALIMENTOS E PLANTAS MEDICINAIS (IN Nº 9/2009)</p><p>DISPENSAÇÃO DE MEDICAMENTOS CONTENDO SUBSTÂNCIAS SUJEITAS AO CONTROLE ESPECIAL</p><p>DISPENSAÇÃO DE MEDICAMENTOS NÃO SUJEITOS AO CONTROLE ESPECIAL</p><p>PRESTAÇÃO DE SERVIÇOS FARMACÊUTICOS</p><p>733 - AFE - CONCESSÃO - FARMÁCIAS E DROGARIAS / 1161327258</p><p>--------------------------------------</p><p>G M SANT ANNA LTDA / 21.665.318/0001-61</p><p>25351.031218/2025-13 / 2113223</p><p>TRANSPORTAR: PRODUTOS DE HIGIENE</p><p>728 - AFE - CONCESSÃO - COSMÉTICOS, PERFUMES E PRODUTOS DE HIGIENE - TRANSPORTAR (SOMENTE MATRIZ) / 0285674251</p><p>--------------------------------------</p><p>E&amp;M FARMA LTDA / 62.492.441/0001-05</p><p>25351.161303/2025-13 / 5212355</p><p>COMÉRCIO: COSMÉTICOS, PERFUMES, PRODUTOS DE HIGIENE, CORRELATOS, ALIMENTOS E PLANTAS MEDICINAIS (IN Nº 9/2009)</p><p>DISPENSAÇÃO DE MEDICAMENTOS CONTENDO SUBSTÂNCIAS SUJEITAS AO CONTROLE ESPECIAL</p><p>DISPENSAÇÃO DE MEDICAMENTOS NÃO SUJEITOS AO CONTROLE ESPECIAL</p><p>PRESTAÇÃO DE SERVIÇOS FARMACÊUTICOS</p><p>733 - AFE - CONCESSÃO - FARMÁCIAS E DROGARIAS / 1198321253</p><p>--------------------------------------</p><p>HT TRANSPORTES ESPECIALIZADOS LTDA / 51.859.878/0001-18</p><p>25351.153267/2025-14 / 8325713</p><p>TRANSPORTAR: PRODUTOS PARA SAÚDE (DISPOSITIVOS MÉDICOS)</p><p>862 - AFE - CONCESSÃO - PRODUTOS PARA SAÚDE - TRANSPORTAR / 1154206254</p><p>--------------------------------------</p><p>MARIANA DUTRA DA SILVA / 45.219.583/0001-84</p><p>25351.160837/2025-14 / 5212065</p><p>COMÉRCIO: COSMÉTICOS, PERFUMES, PRODUTOS DE HIGIENE, CORRELATOS, ALIMENTOS E PLANTAS MEDICINAIS (IN Nº 9/2009)</p><p>DISPENSAÇÃO DE MEDICAMENTOS CONTENDO SUBSTÂNCIAS SUJEITAS AO CONTROLE ESPECIAL</p><p>DISPENSAÇÃO DE MEDICAMENTOS NÃO SUJEITOS AO CONTROLE ESPECIAL</p><p>PRESTAÇÃO DE SERVIÇOS FARMACÊUTICOS</p><p>733 - AFE - CONCESSÃO - FARMÁCIAS E DROGARIAS / 1194770258</p><p>--------------------------------------</p><p>FARMACIA ULTRA POPULAR DE PIABETA LTDA / 13.564.387/0002-31</p><p>25351.161439/2025-15 / 5212506</p><p>COMÉRCIO: COSMÉTICOS, PERFUMES, PRODUTOS DE HIGIENE, CORRELATOS, ALIMENTOS E PLANTAS MEDICINAIS (IN Nº 9/2009)</p><p>DISPENSAÇÃO DE MEDICAMENTOS CONTENDO SUBSTÂNCIAS SUJEITAS AO CONTROLE ESPECIAL</p><p>DISPENSAÇÃO DE MEDICAMENTOS NÃO SUJEITOS AO CONTROLE ESPECIAL</p><p>PRESTAÇÃO DE SERVIÇOS FARMACÊUTICOS</p><p>733 - AFE - CONCESSÃO - FARMÁCIAS E DROGARIAS / 1198843250</p><p>--------------------------------------</p><p>ERICA VANESSA BRAULIO DE SOUSA / 46.649.594/0002-48</p><p>25351.160890/2025-15 / 5212111</p><p>COMÉRCIO: COSMÉTICOS, PERFUMES, PRODUTOS DE HIGIENE, CORRELATOS, ALIMENTOS E PLANTAS MEDICINAIS (IN Nº 9/2009)</p><p>DISPENSAÇÃO DE MEDICAMENTOS CONTENDO SUBSTÂNCIAS SUJEITAS AO CONTROLE ESPECIAL</p><p>DISPENSAÇÃO DE MEDICAMENTOS NÃO SUJEITOS AO CONTROLE ESPECIAL</p><p>MANIPULAÇÃO DE PRODUTOS MAGISTRAIS</p><p>MANIPULAÇÃO DE PRODUTOS OFICINAIS</p><p>PRESTAÇÃO DE SERVIÇOS FARMACÊUTICOS</p><p>733 - AFE - CONCESSÃO - FARMÁCIAS E DROGARIAS / 1195064250</p><p>--------------------------------------</p><p>POSTO DE MEDICAMENTOS SAO SEBASTIAO LTDA / 19.651.546/0001-30</p><p>25351.156370/2025-16 / 5212264</p><p>COMÉRCIO: COSMÉTICOS, PERFUMES, PRODUTOS DE HIGIENE, CORRELATOS, ALIMENTOS E PLANTAS MEDICINAIS (IN Nº 9/2009)</p><p>DISPENSAÇÃO DE MEDICAMENTOS NÃO SUJEITOS AO CONTROLE ESPECIAL</p><p>PRESTAÇÃO DE SERVIÇOS FARMACÊUTICOS</p><p>733 - AFE - CONCESSÃO - FARMÁCIAS E DROGARIAS / 1170076254</p><p>--------------------------------------</p><p>COMPLETA TRANSPORTES E LOGISTICA LTDA / 42.242.943/0001-70</p><p>25351.153436/2025-16 / 2112734</p><p>TRANSPORTAR: COSMÉTICOS / PERFUMES / PRODUTOS DE HIGIENE</p><p>728 - AFE - CONCESSÃO - COSMÉTICOS, PERFUMES E PRODUTOS DE HIGIENE - TRANSPORTAR (SOMENTE MATRIZ) / 1155178254</p><p>--------------------------------------</p><p>CALISUL INDUSTRIA E COMERCIO DE PRODUTOS QUIMICOS LTDA / 11.141.313/0001-86</p><p>25351.153066/2025-17 / 3146488</p><p>ARMAZENAR: SANEANTE DOMIS.</p><p>DISTRIBUIR: SANEANTE DOMIS.</p><p>EMBALAR: SANEANTE DOMIS.</p><p>EXPEDIR: SANEANTE DOMIS.</p><p>FABRICAR: SANEANTE DOMIS.</p><p>FRACIONAR: SANEANTE DOMIS.</p><p>REEMBALAR: SANEANTE DOMIS.</p><p>712 - AFE - CONCESSÃO - SANEANTES - FABRICAR (SOMENTE MATRIZ) / 1152750259</p><p>--------------------------------------</p><p>FRAZAO ARAUJO COMERCIO VAREJISTA DE MEDICAMENTOS LTDA / 33.788.729/0002-04</p><p>25351.161328/2025-17 / 5212372</p><p>COMÉRCIO: COSMÉTICOS, PERFUMES, PRODUTOS DE HIGIENE, CORRELATOS, ALIMENTOS E PLANTAS MEDICINAIS (IN Nº 9/2009)</p><p>DISPENSAÇÃO DE MEDICAMENTOS CONTENDO SUBSTÂNCIAS SUJEITAS AO CONTROLE ESPECIAL</p><p>DISPENSAÇÃO DE MEDICAMENTOS NÃO SUJEITOS AO CONTROLE ESPECIAL</p><p>PRESTAÇÃO DE SERVIÇOS FARMACÊUTICOS</p><p>733 - AFE - CONCESSÃO - FARMÁCIAS E DROGARIAS / 1198405252</p><p>--------------------------------------</p><p>RAIA DROGASIL S/A / 61.585.865/3906-00</p><p>25351.161365/2025-17 / 5212429</p><p>COMÉRCIO: COSMÉTICOS, PERFUMES, PRODUTOS DE HIGIENE, CORRELATOS, ALIMENTOS E PLANTAS MEDICINAIS (IN Nº 9/2009)</p><p>DISPENSAÇÃO DE MEDICAMENTOS CONTENDO SUBSTÂNCIAS SUJEITAS AO CONTROLE ESPECIAL</p><p>DISPENSAÇÃO DE MEDICAMENTOS NÃO SUJEITOS AO CONTROLE ESPECIAL</p><p>PRESTAÇÃO DE SERVIÇOS FARMACÊUTICOS</p><p>733 - AFE - CONCESSÃO - FARMÁCIAS E DROGARIAS / 1198601256</p><p>--------------------------------------</p><p>jalan express ltda / 58.322.106/0001-91</p><p>25351.151726/2025-17 / 3146409</p><p>TRANSPORTAR: SANEANTE DOMIS.</p><p>737 - AFE - CONCESSÃO - SANEANTES - TRANSPORTAR (SOMENTE MATRIZ) / 1146937253</p><p>--------------------------------------</p><p>ELOHIM DISTRIBUIDORA DE MATERIAL HOSPITALAR LTDA / 61.736.151/0001-05</p><p>25351.148301/2025-21 / 8324979</p><p>ARMAZENAR: PRODUTOS PARA SAÚDE (DISPOSITIVOS MÉDICOS)</p><p>DISTRIBUIR: PRODUTOS PARA SAÚDE (DISPOSITIVOS MÉDICOS)</p><p>EXPEDIR: PRODUTOS PARA SAÚDE (DISPOSITIVOS MÉDICOS)</p><p>856 - AFE - CONCESSÃO - PRODUTOS PARA SAÚDE - DISTRIBUIR / 1128802252</p><p>--------------------------------------</p><p>CAMPOS &amp; MELO COMERCIO E SERVICOS LTDA / 60.491.244/0001-46</p><p>25351.161324/2025-21 / 5212369</p><p>COMÉRCIO: COSMÉTICOS, PERFUMES, PRODUTOS DE HIGIENE, CORRELATOS, ALIMENTOS E PLANTAS MEDICINAIS (IN Nº 9/2009)</p><p>DISPENSAÇÃO DE MEDICAMENTOS NÃO SUJEITOS AO CONTROLE ESPECIAL</p><p>PRESTAÇÃO DE SERVIÇOS FARMACÊUTICOS</p><p>733 - AFE - CONCESSÃO - FARMÁCIAS E DROGARIAS / 1198395257</p><p>--------------------------------------</p><p>FARMACIA SEMPRE VIVA MAIS LTDA / 62.385.272/0001-04</p><p>25351.161395/2025-23 / 5212450</p><p>COMÉRCIO: COSMÉTICOS, PERFUMES, PRODUTOS DE HIGIENE, CORRELATOS, ALIMENTOS E PLANTAS MEDICINAIS (IN Nº 9/2009)</p><p>DISPENSAÇÃO DE MEDICAMENTOS CONTENDO SUBSTÂNCIAS SUJEITAS AO CONTROLE ESPECIAL</p><p>DISPENSAÇÃO DE MEDICAMENTOS NÃO SUJEITOS AO CONTROLE ESPECIAL</p><p>PRESTAÇÃO DE SERVIÇOS FARMACÊUTICOS</p><p>733 - AFE - CONCESSÃO - FARMÁCIAS E DROGARIAS / 1198689251</p><p>--------------------------------------</p>]]></Texto>
  </body>
  <Midias />
</article></xml>