﻿<xml><article id="45418279" name="SCCOSIT165" idOficio="11281098" pubName="DO1" artType="Solução de Consulta" pubDate="12/09/2025" artClass="00028:00032:00435:00021:00004:00000:00000:00000:00000:00000:00067:00000" artCategory="Ministério da Fazenda/Secretaria Especial da Receita Federal do Brasil/Secretaria-Adjunta/Subsecretaria de Tributação e Contencioso/Coordenação-Geral de Tributação" artSize="12" artNotes="" numberPage="137" pdfPage="http://pesquisa.in.gov.br/imprensa/jsp/visualiza/index.jsp?data=12/09/2025&amp;jornal=515&amp;pagina=137" editionNumber="174" highlightType="" highlightPriority="" highlight="" highlightimage="" highlightimagename="" idMateria="23102464">
  <body>
    <Identifica><![CDATA[ SOLUÇÃO DE CONSULTA Nº 165, DE 9 DE SETEMBRO DE 2025]]></Identifica>
    <Data><![CDATA[]]></Data>
    <Ementa />
    <Titulo />
    <SubTitulo />
    <Texto><![CDATA[<p class="identifica">SOLUÇÃO DE CONSULTA Nº 165, DE 9 DE SETEMBRO DE 2025</p><p>Assunto: Contribuição para o PIS/Pasep</p><p>NÃO CUMULATIVIDADE. APURAÇÃO DE CRÉDITOS. INSUMOS POR IMPOSIÇÃO LEGAL. OPERADOR PORTUÁRIO. REPARAÇÃO E CONSERTO DE CONTAINERS. LIMPEZA E MANUTENÇÃO PERIÓDICA DA CAIXA SEPARADORA DE ÁGUA E ÓLEO.</p><p>Desde que atendidos os requisitos da legislação de regência, podem ser considerados insumos, para fins de apuração de créditos básicos da Contribuição para o PIS/Pasep, os bens e serviços adquiridos para utilização na limpeza e manutenção periódica de caixa separadora de água e óleo nos portos de XXXXXXXXXX e YYYYYYYYYY.</p><p>REFORMA PARCIALMENTE A SOLUÇÃO DE CONSULTA COSIT Nº 35, DE 12 DE MARÇO DE 2025.</p><p>Dispositivos Legais: Lei nº 10.637, de 2002, art. 3º, caput, inciso II e § 2º; Parecer Normativo Cosit/RFB nº 5, de 2018; ADI RFB nº 4, de 2023, art. 1º; Licença de Operação nº xx, de aaaa, condicionantes 6.3 a 6.8; Licença de Operação nº yy, de bbbb, condicionantes 7.4 a 7.4.3.</p><p>Assunto: Contribuição para o Financiamento da Seguridade Social - Cofins</p><p>NÃO CUMULATIVIDADE. APURAÇÃO DE CRÉDITOS. INSUMOS POR IMPOSIÇÃO LEGAL. OPERADOR PORTUÁRIO. REPARAÇÃO E CONSERTO DE CONTAINERS. LIMPEZA E MANUTENÇÃO PERIÓDICA DA CAIXA SEPARADORA DE ÁGUA E ÓLEO.</p><p>Desde que atendidos os requisitos da legislação de regência, podem ser considerados insumos, para fins de apuração de créditos básicos da Cofins, os bens e serviços adquiridos para utilização na limpeza e manutenção periódica de caixa separadora de água e óleo nos portos de XXXXXXXXXX e YYYYYYYYYY.</p><p>REFORMA PARCIALMENTE A SOLUÇÃO DE CONSULTA COSIT Nº 35, DE 12 DE MARÇO DE 2025.</p><p>Dispositivos Legais: Lei nº 10.833, de 2003, art. 3º, caput, inciso II e § 2º; Parecer Normativo Cosit/RFB nº 5, de 2018; ADI RFB nº 4, de 2023, art. 1º; Licença de Operação nº xx, de aaaa, condicionantes 6.3 a 6.8; Licença de Operação nº yy, de bbbb, condicionantes 7.4 a 7.4.3.</p><p class="assina">RODRIGO AUGUSTO VERLY DE OLIVEIRA</p><p class="cargo">Coordenador-Geral</p>]]></Texto>
  </body>
  <Midias />
</article></xml>