﻿<xml><article id="45410299" name="Portaria 633" idOficio="11279872" pubName="DO1" artType="Portaria" pubDate="12/09/2025" artClass="00025:00092:00000:00000:00000:00000:00000:00000:00000:00000:00054:00000" artCategory="Ministério da Educação/Instituto Nacional de Estudos e Pesquisas Educacionais Anísio Teixeira" artSize="12" artNotes="" numberPage="131" pdfPage="http://pesquisa.in.gov.br/imprensa/jsp/visualiza/index.jsp?data=12/09/2025&amp;jornal=515&amp;pagina=131" editionNumber="174" highlightType="" highlightPriority="" highlight="" highlightimage="" highlightimagename="" idMateria="23100172">
  <body>
    <Identifica><![CDATA[ PORTARIA Nº 633, DE 11 DE SETEMBRO DE 2025]]></Identifica>
    <Data><![CDATA[]]></Data>
    <Ementa><![CDATA[ Publicação de 2ª via do Certificado de Proficiência em Língua Portuguesa para Estrangeiros - Celpe-Bras.]]></Ementa>
    <Titulo />
    <SubTitulo />
    <Texto><![CDATA[<p class="identifica">PORTARIA Nº 633, DE 11 DE SETEMBRO DE 2025</p><p class="ementa">Publicação de 2ª via do Certificado de Proficiência em Língua Portuguesa para Estrangeiros - Celpe-Bras.</p><p>O PRESIDENTE DO INSTITUTO NACIONAL DE ESTUDOS E PESQUISAS EDUCACIONAIS ANÍSIO TEIXEIRA - INEP, no exercício de suas atribuições, conforme estabelece o inciso V do art. 22 do Anexo I do Decreto nº 11.204, de 21 de setembro de 2022, e tendo em vista o disposto nas Portarias do Ministério da Educação nº 1.350, de 25 de novembro de 2010, e Portaria nº 379, de 8 de junho de 2021, considerando o constante dos autos do processo nº 23036.000308/2024-29, resolve:</p><p>Art. 1º Tornar pública a concessão da 2ª Via do Certificado de Proficiência em Língua Portuguesa para Estrangeiros - Celpe-Bras, à DIANA PATRICIA MEDINA GIMENEZ, em nível AVANÇADO, tendo em vista o resultado publicado no Edital nº 8, de 2 de julho de 2007, à época outorgado pelo Ministério da Educação - MEC.</p><p>Art. 2º Esta Portaria entra em vigor na data de sua publicação.</p><p class="assina">MANUEL FERNANDO PALACIOS DA CUNHA E MELO</p>]]></Texto>
  </body>
  <Midias />
</article></xml>