﻿<xml><article id="45414856" name="Res_Desp_2.730_2025_SCE" idOficio="11280629" pubName="DO1" artType="Despacho" pubDate="12/09/2025" artClass="00035:00043:00032:00000:00000:00000:00000:00000:00000:00000:00024:00000" artCategory="Ministério de Minas e Energia/Agência Nacional de Energia Elétrica/Superintendência de Concessões,  Permissões e Autorizações dos Serviços de Energia Elétrica" artSize="12" artNotes="" numberPage="169" pdfPage="http://pesquisa.in.gov.br/imprensa/jsp/visualiza/index.jsp?data=12/09/2025&amp;jornal=515&amp;pagina=169" editionNumber="174" highlightType="" highlightPriority="" highlight="" highlightimage="" highlightimagename="" idMateria="23101807">
  <body>
    <Identifica><![CDATA[ DESPACHO Nº 2.730, DE 10 DE SETEMBRO DE 2025]]></Identifica>
    <Data><![CDATA[]]></Data>
    <Ementa />
    <Titulo />
    <SubTitulo />
    <Texto><![CDATA[<p class="identifica">DESPACHO Nº 2.730, DE 10 DE SETEMBRO DE 2025</p><p>Processo nº: 48500.903472/2024-95. Interessado: Interligação Elétrica Biguaçu S.A. - IE Biguaçu, inscrita no CNPJ sob o nº 28.218.051/0001-03. Decisão: dar provimento ao Pedido de Reconsideração interposto face ao DSP 1.183, de 17 de abril de 2025. A íntegra deste Despacho (e seu anexo) consta dos autos e estará disponível em biblioteca.aneel.gov.br.</p><p class="assina">THAIS BARBOSA COELHO</p><p class="cargo">Superintendente Adjunta</p>]]></Texto>
  </body>
  <Midias />
</article></xml>