﻿<xml><article id="45413371" name="ExtParecer9801USP" idOficio="11280487" pubName="DO1" artType="Extrato de Parecer Técnico" pubDate="12/09/2025" artClass="00013:00018:00000:00000:00000:00000:00000:00000:00000:00000:00034:00000" artCategory="Ministério da Ciência, Tecnologia e Inovação/Comissão Técnica Nacional de Biossegurança" artSize="12" artNotes="" numberPage="15" pdfPage="http://pesquisa.in.gov.br/imprensa/jsp/visualiza/index.jsp?data=12/09/2025&amp;jornal=515&amp;pagina=15" editionNumber="174" highlightType="" highlightPriority="" highlight="" highlightimage="" highlightimagename="" idMateria="23101380">
  <body>
    <Identifica><![CDATA[ EXTRATO DE PARECER TÉCNICO Nº 9.801/2025]]></Identifica>
    <Data><![CDATA[]]></Data>
    <Ementa />
    <Titulo />
    <SubTitulo />
    <Texto><![CDATA[<p class="identifica">EXTRATO DE PARECER TÉCNICO Nº 9.801/2025</p><p>O Presidente da Comissão Técnica Nacional de Biossegurança - CTNBio, no uso de suas atribuições e de acordo com o artigo 14, inciso XIX, da Lei 11.105/05 e do Art. 5º, inciso XIX do Decreto 5.591/05, torna público que na 284ª Reunião Ordinária da CTNBio, realizada em 04/09/2025, a Comissão apreciou e emitiu parecer técnico para o seguinte processo:</p><p>Processo SEI n <sup>o</sup> : 01245.016372/2025-12</p><p>Requerente: Hospital das Clínicas e da Faculdade de Medicina da Universidade de São Paulo - HCFMUSP</p><p>CQB: 217/06</p><p>Assunto: Solicitação de parecer extensão de Certificado de Qualidade de Biossegurança - CQB da instituição para inclusão de áreas com nível de biossegurança NB1.</p><p>Extrato Prévio: 10.386/2025, publicado no Diário Oficial da União em 21/08/2025.</p><p>Decisão: DEFERIDO</p><p>A Comissão Interna de Biossegurança do Hospital das Clínicas e da Faculdade de Medicina da Universidade de São Paulo - HCFMUSP solicita parecer para extensão de Certificado de Qualidade de Biossegurança da instituição para inclusão das áreas do Laboratório de Células e Tecidos - A CellTis para execução das atividades de detecção, identificação, ensino e desenvolvimento de metodologia com organismos geneticamente modificados (OGM), com Nível de Biossegurança 1. A CTNBio, após apreciação da solicitação de parecer para extensão de Certificado de Qualidade em Biossegurança da instituição, concluiu pelo deferimento, nos termos deste Parecer Técnico. No âmbito das competências dispostas na Lei 11.105/05 e seu decreto 5.591/05, a Comissão concluiu que o presente pedido atende às normas da CTNBio e à legislação pertinente que visam garantir a biossegurança do meio ambiente, agricultura, saúde humana e animal.</p><p>Este processo foi considerado urgente de acordo com o Despacho PRBIO 13062006, tendo como fundamento legal o artigo 23 do Decreto 5.591 de 22/12/2005.</p><p>A CTNBio esclarece que este extrato não exime a requerente do cumprimento das demais legislações vigentes no país, aplicáveis ao objeto do requerimento.</p><p>A íntegra deste Parecer Técnico consta do processo arquivado na CTNBio. Informações complementares ou solicitações de maiores informações sobre o processo, deverão ser encaminhadas, via Sistema FALABR, através da página eletrônica do Ministério da Ciência, Tecnologia e Inovação.</p><p class="assina">Mario Tyago Murakami</p><p class="cargo">Substituto</p>]]></Texto>
  </body>
  <Midias />
</article></xml>