﻿<xml><article id="45406725" name="PORTARIA NA 612 - 11.09.2025_010" idOficio="11278735" pubName="DO1" artType="Portaria" pubDate="12/09/2025" artClass="00025:00046:00000:00000:00000:00000:00000:00000:00000:00000:00054:00000" artCategory="Ministério da Educação/Secretaria de Regulação e Supervisão da Educação Superior" artSize="24" artNotes="" numberPage="104" pdfPage="http://pesquisa.in.gov.br/imprensa/jsp/visualiza/index.jsp?data=12/09/2025&amp;jornal=515&amp;pagina=104" editionNumber="174" highlightType="" highlightPriority="" highlight="" highlightimage="" highlightimagename="" idMateria="23098719">
  <body>
    <Identifica />
    <Data><![CDATA[]]></Data>
    <Ementa />
    <Titulo />
    <SubTitulo />
    <Texto><![CDATA[<p /><p></p><table><tr /><tr><td rowspan="1" colspan="1"><p>436</p></td><td rowspan="1" colspan="1"><p>202508974</p></td><td rowspan="1" colspan="1"><p>Bacharelado</p></td><td rowspan="1" colspan="1"><p>ARQUITETURA E URBANISMO</p></td><td rowspan="1" colspan="1"><p>5000</p></td><td rowspan="1" colspan="1"><p>UNIVERSIDADE CESUMAR - UNICESUMAR</p></td><td rowspan="1" colspan="1"><p>CESUMAR - CENTRO DE ENSINO SUPERIOR DE MARINGA LTDA</p></td></tr><tr><td rowspan="1" colspan="1"><p>437</p></td><td rowspan="1" colspan="1"><p>202510488</p></td><td rowspan="1" colspan="1"><p>Licenciatura</p></td><td rowspan="1" colspan="1"><p>ARTES VISUAIS</p></td><td rowspan="1" colspan="1"><p>7630</p></td><td rowspan="1" colspan="1"><p>UNIVERSIDADE CESUMAR - UNICESUMAR</p></td><td rowspan="1" colspan="1"><p>CESUMAR - CENTRO DE ENSINO SUPERIOR DE MARINGA LTDA</p></td></tr><tr><td rowspan="1" colspan="1"><p>438</p></td><td rowspan="1" colspan="1"><p>202508967</p></td><td rowspan="1" colspan="1"><p>Tecnológico</p></td><td rowspan="1" colspan="1"><p>AUTOMAÇÃO INDUSTRIAL</p></td><td rowspan="1" colspan="1"><p>5000</p></td><td rowspan="1" colspan="1"><p>UNIVERSIDADE CESUMAR - UNICESUMAR</p></td><td rowspan="1" colspan="1"><p>CESUMAR - CENTRO DE ENSINO SUPERIOR DE MARINGA LTDA</p></td></tr><tr><td rowspan="1" colspan="1"><p>439</p></td><td rowspan="1" colspan="1"><p>202515635</p></td><td rowspan="1" colspan="1"><p>Tecnológico</p></td><td rowspan="1" colspan="1"><p>AUTOMAÇÃO RESIDENCIAL E PREDIAL</p></td><td rowspan="1" colspan="1"><p>5000</p></td><td rowspan="1" colspan="1"><p>UNIVERSIDADE CESUMAR - UNICESUMAR</p></td><td rowspan="1" colspan="1"><p>CESUMAR - CENTRO DE ENSINO SUPERIOR DE MARINGA LTDA</p></td></tr><tr><td rowspan="1" colspan="1"><p>440</p></td><td rowspan="1" colspan="1"><p>202515186</p></td><td rowspan="1" colspan="1"><p>Tecnológico</p></td><td rowspan="1" colspan="1"><p>BEM-ESTAR ANIMAL</p></td><td rowspan="1" colspan="1"><p>5000</p></td><td rowspan="1" colspan="1"><p>UNIVERSIDADE CESUMAR - UNICESUMAR</p></td><td rowspan="1" colspan="1"><p>CESUMAR - CENTRO DE ENSINO SUPERIOR DE MARINGA LTDA</p></td></tr><tr><td rowspan="1" colspan="1"><p>441</p></td><td rowspan="1" colspan="1"><p>202508232</p></td><td rowspan="1" colspan="1"><p>Bacharelado</p></td><td rowspan="1" colspan="1"><p>BIOMEDICINA</p></td><td rowspan="1" colspan="1"><p>20000</p></td><td rowspan="1" colspan="1"><p>UNIVERSIDADE CESUMAR - UNICESUMAR</p></td><td rowspan="1" colspan="1"><p>CESUMAR - CENTRO DE ENSINO SUPERIOR DE MARINGA LTDA</p></td></tr><tr><td rowspan="1" colspan="1"><p>442</p></td><td rowspan="1" colspan="1"><p>202508229</p></td><td rowspan="1" colspan="1"><p>Tecnológico</p></td><td rowspan="1" colspan="1"><p>CIÊNCIA DA FELICIDADE</p></td><td rowspan="1" colspan="1"><p>10000</p></td><td rowspan="1" colspan="1"><p>UNIVERSIDADE CESUMAR - UNICESUMAR</p></td><td rowspan="1" colspan="1"><p>CESUMAR - CENTRO DE ENSINO SUPERIOR DE MARINGA LTDA</p></td></tr><tr><td rowspan="1" colspan="1"><p>443</p></td><td rowspan="1" colspan="1"><p>202510495</p></td><td rowspan="1" colspan="1"><p>Licenciatura</p></td><td rowspan="1" colspan="1"><p>CIÊNCIAS BIOLÓGICAS</p></td><td rowspan="1" colspan="1"><p>10000</p></td><td rowspan="1" colspan="1"><p>UNIVERSIDADE CESUMAR - UNICESUMAR</p></td><td rowspan="1" colspan="1"><p>CESUMAR - CENTRO DE ENSINO SUPERIOR DE MARINGA LTDA</p></td></tr><tr><td rowspan="1" colspan="1"><p>444</p></td><td rowspan="1" colspan="1"><p>202515187</p></td><td rowspan="1" colspan="1"><p>Tecnológico</p></td><td rowspan="1" colspan="1"><p>CONSELHEIRO TUTELAR</p></td><td rowspan="1" colspan="1"><p>5000</p></td><td rowspan="1" colspan="1"><p>UNIVERSIDADE CESUMAR - UNICESUMAR</p></td><td rowspan="1" colspan="1"><p>CESUMAR - CENTRO DE ENSINO SUPERIOR DE MARINGA LTDA</p></td></tr><tr><td rowspan="1" colspan="1"><p>445</p></td><td rowspan="1" colspan="1"><p>202510496</p></td><td rowspan="1" colspan="1"><p>Licenciatura</p></td><td rowspan="1" colspan="1"><p>DANÇA</p></td><td rowspan="1" colspan="1"><p>5000</p></td><td rowspan="1" colspan="1"><p>UNIVERSIDADE CESUMAR - UNICESUMAR</p></td><td rowspan="1" colspan="1"><p>CESUMAR - CENTRO DE ENSINO SUPERIOR DE MARINGA LTDA</p></td></tr><tr><td rowspan="1" colspan="1"><p>446</p></td><td rowspan="1" colspan="1"><p>202510491</p></td><td rowspan="1" colspan="1"><p>Licenciatura</p></td><td rowspan="1" colspan="1"><p>EDUCAÇÃO ESPECIAL</p></td><td rowspan="1" colspan="1"><p>5000</p></td><td rowspan="1" colspan="1"><p>UNIVERSIDADE CESUMAR - UNICESUMAR</p></td><td rowspan="1" colspan="1"><p>CESUMAR - CENTRO DE ENSINO SUPERIOR DE MARINGA LTDA</p></td></tr><tr><td rowspan="1" colspan="1"><p>447</p></td><td rowspan="1" colspan="1"><p>202508235</p></td><td rowspan="1" colspan="1"><p>Bacharelado</p></td><td rowspan="1" colspan="1"><p>EDUCAÇÃO FÍSICA</p></td><td rowspan="1" colspan="1"><p>40000</p></td><td rowspan="1" colspan="1"><p>UNIVERSIDADE CESUMAR - UNICESUMAR</p></td><td rowspan="1" colspan="1"><p>CESUMAR - CENTRO DE ENSINO SUPERIOR DE MARINGA LTDA</p></td></tr><tr><td rowspan="1" colspan="1"><p>448</p></td><td rowspan="1" colspan="1"><p>202510504</p></td><td rowspan="1" colspan="1"><p>Licenciatura</p></td><td rowspan="1" colspan="1"><p>EDUCAÇÃO FÍSICA</p></td><td rowspan="1" colspan="1"><p>15000</p></td><td rowspan="1" colspan="1"><p>UNIVERSIDADE CESUMAR - UNICESUMAR</p></td><td rowspan="1" colspan="1"><p>CESUMAR - CENTRO DE ENSINO SUPERIOR DE MARINGA LTDA</p></td></tr><tr><td rowspan="1" colspan="1"><p>449</p></td><td rowspan="1" colspan="1"><p>202508964</p></td><td rowspan="1" colspan="1"><p>Tecnológico</p></td><td rowspan="1" colspan="1"><p>ENERGIAS RENOVÁVEIS</p></td><td rowspan="1" colspan="1"><p>5000</p></td><td rowspan="1" colspan="1"><p>UNIVERSIDADE CESUMAR - UNICESUMAR</p></td><td rowspan="1" colspan="1"><p>CESUMAR - CENTRO DE ENSINO SUPERIOR DE MARINGA LTDA</p></td></tr><tr><td rowspan="1" colspan="1"><p>450</p></td><td rowspan="1" colspan="1"><p>202508975</p></td><td rowspan="1" colspan="1"><p>Bacharelado</p></td><td rowspan="1" colspan="1"><p>ENGENHARIA AMBIENTAL E SANITÁRIA</p></td><td rowspan="1" colspan="1"><p>5000</p></td><td rowspan="1" colspan="1"><p>UNIVERSIDADE CESUMAR - UNICESUMAR</p></td><td rowspan="1" colspan="1"><p>CESUMAR - CENTRO DE ENSINO SUPERIOR DE MARINGA LTDA</p></td></tr><tr><td rowspan="1" colspan="1"><p>451</p></td><td rowspan="1" colspan="1"><p>202508977</p></td><td rowspan="1" colspan="1"><p>Bacharelado</p></td><td rowspan="1" colspan="1"><p>ENGENHARIA CIVIL</p></td><td rowspan="1" colspan="1"><p>10000</p></td><td rowspan="1" colspan="1"><p>UNIVERSIDADE CESUMAR - UNICESUMAR</p></td><td rowspan="1" colspan="1"><p>CESUMAR - CENTRO DE ENSINO SUPERIOR DE MARINGA LTDA</p></td></tr><tr><td rowspan="1" colspan="1"><p>452</p></td><td rowspan="1" colspan="1"><p>202515638</p></td><td rowspan="1" colspan="1"><p>Bacharelado</p></td><td rowspan="1" colspan="1"><p>ENGENHARIA DE ALIMENTOS</p></td><td rowspan="1" colspan="1"><p>5000</p></td><td rowspan="1" colspan="1"><p>UNIVERSIDADE CESUMAR - UNICESUMAR</p></td><td rowspan="1" colspan="1"><p>CESUMAR - CENTRO DE ENSINO SUPERIOR DE MARINGA LTDA</p></td></tr><tr><td rowspan="1" colspan="1"><p>453</p></td><td rowspan="1" colspan="1"><p>202508970</p></td><td rowspan="1" colspan="1"><p>Bacharelado</p></td><td rowspan="1" colspan="1"><p>ENGENHARIA DE PRODUÇÃO</p></td><td rowspan="1" colspan="1"><p>10000</p></td><td rowspan="1" colspan="1"><p>UNIVERSIDADE CESUMAR - UNICESUMAR</p></td><td rowspan="1" colspan="1"><p>CESUMAR - CENTRO DE ENSINO SUPERIOR DE MARINGA LTDA</p></td></tr><tr><td rowspan="1" colspan="1"><p>454</p></td><td rowspan="1" colspan="1"><p>202508971</p></td><td rowspan="1" colspan="1"><p>Bacharelado</p></td><td rowspan="1" colspan="1"><p>ENGENHARIA ELÉTRICA</p></td><td rowspan="1" colspan="1"><p>10000</p></td><td rowspan="1" colspan="1"><p>UNIVERSIDADE CESUMAR - UNICESUMAR</p></td><td rowspan="1" colspan="1"><p>CESUMAR - CENTRO DE ENSINO SUPERIOR DE MARINGA LTDA</p></td></tr><tr><td rowspan="1" colspan="1"><p>455</p></td><td rowspan="1" colspan="1"><p>202508973</p></td><td rowspan="1" colspan="1"><p>Bacharelado</p></td><td rowspan="1" colspan="1"><p>ENGENHARIA MECÂNICA</p></td><td rowspan="1" colspan="1"><p>5000</p></td><td rowspan="1" colspan="1"><p>UNIVERSIDADE CESUMAR - UNICESUMAR</p></td><td rowspan="1" colspan="1"><p>CESUMAR - CENTRO DE ENSINO SUPERIOR DE MARINGA LTDA</p></td></tr><tr><td rowspan="1" colspan="1"><p>456</p></td><td rowspan="1" colspan="1"><p>202508966</p></td><td rowspan="1" colspan="1"><p>Bacharelado</p></td><td rowspan="1" colspan="1"><p>ENGENHARIA MECATRÔNICA</p></td><td rowspan="1" colspan="1"><p>5000</p></td><td rowspan="1" colspan="1"><p>UNIVERSIDADE CESUMAR - UNICESUMAR</p></td><td rowspan="1" colspan="1"><p>CESUMAR - CENTRO DE ENSINO SUPERIOR DE MARINGA LTDA</p></td></tr><tr><td rowspan="1" colspan="1"><p>457</p></td><td rowspan="1" colspan="1"><p>202511815</p></td><td rowspan="1" colspan="1"><p>Tecnológico</p></td><td rowspan="1" colspan="1"><p>ESTÉTICA E COSMÉTICA</p></td><td rowspan="1" colspan="1"><p>1500</p></td><td rowspan="1" colspan="1"><p>UNIVERSIDADE CESUMAR - UNICESUMAR</p></td><td rowspan="1" colspan="1"><p>CESUMAR - CENTRO DE ENSINO SUPERIOR DE MARINGA LTDA</p></td></tr><tr><td rowspan="1" colspan="1"><p>458</p></td><td rowspan="1" colspan="1"><p>202515637</p></td><td rowspan="1" colspan="1"><p>Tecnológico</p></td><td rowspan="1" colspan="1"><p>FABRICAÇÃO MECÂNICA</p></td><td rowspan="1" colspan="1"><p>5000</p></td><td rowspan="1" colspan="1"><p>UNIVERSIDADE CESUMAR - UNICESUMAR</p></td><td rowspan="1" colspan="1"><p>CESUMAR - CENTRO DE ENSINO SUPERIOR DE MARINGA LTDA</p></td></tr><tr><td rowspan="1" colspan="1"><p>459</p></td><td rowspan="1" colspan="1"><p>202508230</p></td><td rowspan="1" colspan="1"><p>Bacharelado</p></td><td rowspan="1" colspan="1"><p>FARMÁCIA</p></td><td rowspan="1" colspan="1"><p>20000</p></td><td rowspan="1" colspan="1"><p>UNIVERSIDADE CESUMAR - UNICESUMAR</p></td><td rowspan="1" colspan="1"><p>CESUMAR - CENTRO DE ENSINO SUPERIOR DE MARINGA LTDA</p></td></tr><tr><td rowspan="1" colspan="1"><p>460</p></td><td rowspan="1" colspan="1"><p>202510497</p></td><td rowspan="1" colspan="1"><p>Licenciatura</p></td><td rowspan="1" colspan="1"><p>FILOSOFIA</p></td><td rowspan="1" colspan="1"><p>7610</p></td><td rowspan="1" colspan="1"><p>UNIVERSIDADE CESUMAR - UNICESUMAR</p></td><td rowspan="1" colspan="1"><p>CESUMAR - CENTRO DE ENSINO SUPERIOR DE MARINGA LTDA</p></td></tr><tr><td rowspan="1" colspan="1"><p>461</p></td><td rowspan="1" colspan="1"><p>202510487</p></td><td rowspan="1" colspan="1"><p>Licenciatura</p></td><td rowspan="1" colspan="1"><p>FÍSICA</p></td><td rowspan="1" colspan="1"><p>7610</p></td><td rowspan="1" colspan="1"><p>UNIVERSIDADE CESUMAR - UNICESUMAR</p></td><td rowspan="1" colspan="1"><p>CESUMAR - CENTRO DE ENSINO SUPERIOR DE MARINGA LTDA</p></td></tr><tr><td rowspan="1" colspan="1"><p>462</p></td><td rowspan="1" colspan="1"><p>202508233</p></td><td rowspan="1" colspan="1"><p>Bacharelado</p></td><td rowspan="1" colspan="1"><p>FISIOTERAPIA</p></td><td rowspan="1" colspan="1"><p>10000</p></td><td rowspan="1" colspan="1"><p>UNIVERSIDADE CESUMAR - UNICESUMAR</p></td><td rowspan="1" colspan="1"><p>CESUMAR - CENTRO DE ENSINO SUPERIOR DE MARINGA LTDA</p></td></tr><tr><td rowspan="1" colspan="1"><p>463</p></td><td rowspan="1" colspan="1"><p>202510501</p></td><td rowspan="1" colspan="1"><p>Licenciatura</p></td><td rowspan="1" colspan="1"><p>GEOGRAFIA</p></td><td rowspan="1" colspan="1"><p>10000</p></td><td rowspan="1" colspan="1"><p>UNIVERSIDADE CESUMAR - UNICESUMAR</p></td><td rowspan="1" colspan="1"><p>CESUMAR - CENTRO DE ENSINO SUPERIOR DE MARINGA LTDA</p></td></tr><tr><td rowspan="1" colspan="1"><p>464</p></td><td rowspan="1" colspan="1"><p>202508226</p></td><td rowspan="1" colspan="1"><p>Tecnológico</p></td><td rowspan="1" colspan="1"><p>GERONTOLOGIA</p></td><td rowspan="1" colspan="1"><p>5000</p></td><td rowspan="1" colspan="1"><p>UNIVERSIDADE CESUMAR - UNICESUMAR</p></td><td rowspan="1" colspan="1"><p>CESUMAR - CENTRO DE ENSINO SUPERIOR DE MARINGA LTDA</p></td></tr><tr><td rowspan="1" colspan="1"><p>465</p></td><td rowspan="1" colspan="1"><p>202508968</p></td><td rowspan="1" colspan="1"><p>Tecnológico</p></td><td rowspan="1" colspan="1"><p>GESTÃO AMBIENTAL</p></td><td rowspan="1" colspan="1"><p>10000</p></td><td rowspan="1" colspan="1"><p>UNIVERSIDADE CESUMAR - UNICESUMAR</p></td><td rowspan="1" colspan="1"><p>CESUMAR - CENTRO DE ENSINO SUPERIOR DE MARINGA LTDA</p></td></tr><tr><td rowspan="1" colspan="1"><p>466</p></td><td rowspan="1" colspan="1"><p>202511814</p></td><td rowspan="1" colspan="1"><p>Tecnológico</p></td><td rowspan="1" colspan="1"><p>GESTÃO HOSPITALAR</p></td><td rowspan="1" colspan="1"><p>1500</p></td><td rowspan="1" colspan="1"><p>UNIVERSIDADE CESUMAR - UNICESUMAR</p></td><td rowspan="1" colspan="1"><p>CESUMAR - CENTRO DE ENSINO SUPERIOR DE MARINGA LTDA</p></td></tr><tr><td rowspan="1" colspan="1"><p>467</p></td><td rowspan="1" colspan="1"><p>202510498</p></td><td rowspan="1" colspan="1"><p>Licenciatura</p></td><td rowspan="1" colspan="1"><p>HISTÓRIA</p></td><td rowspan="1" colspan="1"><p>10000</p></td><td rowspan="1" colspan="1"><p>UNIVERSIDADE CESUMAR - UNICESUMAR</p></td><td rowspan="1" colspan="1"><p>CESUMAR - CENTRO DE ENSINO SUPERIOR DE MARINGA LTDA</p></td></tr><tr><td rowspan="1" colspan="1"><p>468</p></td><td rowspan="1" colspan="1"><p>202510493</p></td><td rowspan="1" colspan="1"><p>Licenciatura</p></td><td rowspan="1" colspan="1"><p>LETRAS - LIBRAS</p></td><td rowspan="1" colspan="1"><p>7650</p></td><td rowspan="1" colspan="1"><p>UNIVERSIDADE CESUMAR - UNICESUMAR</p></td><td rowspan="1" colspan="1"><p>CESUMAR - CENTRO DE ENSINO SUPERIOR DE MARINGA LTDA</p></td></tr><tr><td rowspan="1" colspan="1"><p>469</p></td><td rowspan="1" colspan="1"><p>202510502</p></td><td rowspan="1" colspan="1"><p>Licenciatura</p></td><td rowspan="1" colspan="1"><p>LETRAS - PORTUGUÊS E INGLÊS</p></td><td rowspan="1" colspan="1"><p>10000</p></td><td rowspan="1" colspan="1"><p>UNIVERSIDADE CESUMAR - UNICESUMAR</p></td><td rowspan="1" colspan="1"><p>CESUMAR - CENTRO DE ENSINO SUPERIOR DE MARINGA LTDA</p></td></tr><tr><td rowspan="1" colspan="1"><p>470</p></td><td rowspan="1" colspan="1"><p>202508972</p></td><td rowspan="1" colspan="1"><p>Tecnológico</p></td><td rowspan="1" colspan="1"><p>MANUTENÇÃO INDUSTRIAL</p></td><td rowspan="1" colspan="1"><p>5000</p></td><td rowspan="1" colspan="1"><p>UNIVERSIDADE CESUMAR - UNICESUMAR</p></td><td rowspan="1" colspan="1"><p>CESUMAR - CENTRO DE ENSINO SUPERIOR DE MARINGA LTDA</p></td></tr><tr><td rowspan="1" colspan="1"><p>471</p></td><td rowspan="1" colspan="1"><p>202510503</p></td><td rowspan="1" colspan="1"><p>Licenciatura</p></td><td rowspan="1" colspan="1"><p>MATEMÁTICA</p></td><td rowspan="1" colspan="1"><p>10000</p></td><td rowspan="1" colspan="1"><p>UNIVERSIDADE CESUMAR - UNICESUMAR</p></td><td rowspan="1" colspan="1"><p>CESUMAR - CENTRO DE ENSINO SUPERIOR DE MARINGA LTDA</p></td></tr><tr><td rowspan="1" colspan="1"><p>472</p></td><td rowspan="1" colspan="1"><p>202510494</p></td><td rowspan="1" colspan="1"><p>Licenciatura</p></td><td rowspan="1" colspan="1"><p>MÚSICA</p></td><td rowspan="1" colspan="1"><p>5000</p></td><td rowspan="1" colspan="1"><p>UNIVERSIDADE CESUMAR - UNICESUMAR</p></td><td rowspan="1" colspan="1"><p>CESUMAR - CENTRO DE ENSINO SUPERIOR DE MARINGA LTDA</p></td></tr><tr><td rowspan="1" colspan="1"><p>473</p></td><td rowspan="1" colspan="1"><p>202508234</p></td><td rowspan="1" colspan="1"><p>Bacharelado</p></td><td rowspan="1" colspan="1"><p>NUTRIÇÃO</p></td><td rowspan="1" colspan="1"><p>20000</p></td><td rowspan="1" colspan="1"><p>UNIVERSIDADE CESUMAR - UNICESUMAR</p></td><td rowspan="1" colspan="1"><p>CESUMAR - CENTRO DE ENSINO SUPERIOR DE MARINGA LTDA</p></td></tr><tr><td rowspan="1" colspan="1"><p>474</p></td><td rowspan="1" colspan="1"><p>202515188</p></td><td rowspan="1" colspan="1"><p>Tecnológico</p></td><td rowspan="1" colspan="1"><p>OFTÁLMICA</p></td><td rowspan="1" colspan="1"><p>5000</p></td><td rowspan="1" colspan="1"><p>UNIVERSIDADE CESUMAR - UNICESUMAR</p></td><td rowspan="1" colspan="1"><p>CESUMAR - CENTRO DE ENSINO SUPERIOR DE MARINGA LTDA</p></td></tr><tr><td rowspan="1" colspan="1"><p>475</p></td><td rowspan="1" colspan="1"><p>202515189</p></td><td rowspan="1" colspan="1"><p>Tecnológico</p></td><td rowspan="1" colspan="1"><p>ÓRTESES, PRÓTESES E REABILITAÇÃO</p></td><td rowspan="1" colspan="1"><p>5000</p></td><td rowspan="1" colspan="1"><p>UNIVERSIDADE CESUMAR - UNICESUMAR</p></td><td rowspan="1" colspan="1"><p>CESUMAR - CENTRO DE ENSINO SUPERIOR DE MARINGA LTDA</p></td></tr><tr><td rowspan="1" colspan="1"><p>476</p></td><td rowspan="1" colspan="1"><p>202518033</p></td><td rowspan="1" colspan="1"><p>Licenciatura</p></td><td rowspan="1" colspan="1"><p>PEDAGOGIA</p></td><td rowspan="1" colspan="1"><p>40000</p></td><td rowspan="1" colspan="1"><p>UNIVERSIDADE CESUMAR - UNICESUMAR</p></td><td rowspan="1" colspan="1"><p>CESUMAR - CENTRO DE ENSINO SUPERIOR DE MARINGA LTDA</p></td></tr><tr><td rowspan="1" colspan="1"><p>477</p></td><td rowspan="1" colspan="1"><p>202508228</p></td><td rowspan="1" colspan="1"><p>Tecnológico</p></td><td rowspan="1" colspan="1"><p>PODOLOGIA</p></td><td rowspan="1" colspan="1"><p>10000</p></td><td rowspan="1" colspan="1"><p>UNIVERSIDADE CESUMAR - UNICESUMAR</p></td><td rowspan="1" colspan="1"><p>CESUMAR - CENTRO DE ENSINO SUPERIOR DE MARINGA LTDA</p></td></tr><tr><td rowspan="1" colspan="1"><p>478</p></td><td rowspan="1" colspan="1"><p>202508969</p></td><td rowspan="1" colspan="1"><p>Tecnológico</p></td><td rowspan="1" colspan="1"><p>PRODUÇÃO CERVEJEIRA</p></td><td rowspan="1" colspan="1"><p>5000</p></td><td rowspan="1" colspan="1"><p>UNIVERSIDADE CESUMAR - UNICESUMAR</p></td><td rowspan="1" colspan="1"><p>CESUMAR - CENTRO DE ENSINO SUPERIOR DE MARINGA LTDA</p></td></tr><tr><td rowspan="1" colspan="1"><p>479</p></td><td rowspan="1" colspan="1"><p>202510490</p></td><td rowspan="1" colspan="1"><p>Bacharelado</p></td><td rowspan="1" colspan="1"><p>PSICOPEDAGOGIA</p></td><td rowspan="1" colspan="1"><p>10000</p></td><td rowspan="1" colspan="1"><p>UNIVERSIDADE CESUMAR - UNICESUMAR</p></td><td rowspan="1" colspan="1"><p>CESUMAR - CENTRO DE ENSINO SUPERIOR DE MARINGA LTDA</p></td></tr><tr><td rowspan="1" colspan="1"><p>480</p></td><td rowspan="1" colspan="1"><p>202510500</p></td><td rowspan="1" colspan="1"><p>Licenciatura</p></td><td rowspan="1" colspan="1"><p>QUÍMICA</p></td><td rowspan="1" colspan="1"><p>7620</p></td><td rowspan="1" colspan="1"><p>UNIVERSIDADE CESUMAR - UNICESUMAR</p></td><td rowspan="1" colspan="1"><p>CESUMAR - CENTRO DE ENSINO SUPERIOR DE MARINGA LTDA</p></td></tr><tr><td rowspan="1" colspan="1"><p>481</p></td><td rowspan="1" colspan="1"><p>202508236</p></td><td rowspan="1" colspan="1"><p>Tecnológico</p></td><td rowspan="1" colspan="1"><p>RADIOLOGIA</p></td><td rowspan="1" colspan="1"><p>10000</p></td><td rowspan="1" colspan="1"><p>UNIVERSIDADE CESUMAR - UNICESUMAR</p></td><td rowspan="1" colspan="1"><p>CESUMAR - CENTRO DE ENSINO SUPERIOR DE MARINGA LTDA</p></td></tr><tr><td rowspan="1" colspan="1"><p>482</p></td><td rowspan="1" colspan="1"><p>202508965</p></td><td rowspan="1" colspan="1"><p>Tecnológico</p></td><td rowspan="1" colspan="1"><p>SEGURANÇA ALIMENTAR</p></td><td rowspan="1" colspan="1"><p>5000</p></td><td rowspan="1" colspan="1"><p>UNIVERSIDADE CESUMAR - UNICESUMAR</p></td><td rowspan="1" colspan="1"><p>CESUMAR - CENTRO DE ENSINO SUPERIOR DE MARINGA LTDA</p></td></tr><tr><td rowspan="1" colspan="1"><p>483</p></td><td rowspan="1" colspan="1"><p>202508227</p></td><td rowspan="1" colspan="1"><p>Bacharelado</p></td><td rowspan="1" colspan="1"><p>SERVIÇO SOCIAL</p></td><td rowspan="1" colspan="1"><p>10000</p></td><td rowspan="1" colspan="1"><p>UNIVERSIDADE CESUMAR - UNICESUMAR</p></td><td rowspan="1" colspan="1"><p>CESUMAR - CENTRO DE ENSINO SUPERIOR DE MARINGA LTDA</p></td></tr><tr><td rowspan="1" colspan="1"><p>484</p></td><td rowspan="1" colspan="1"><p>202510499</p></td><td rowspan="1" colspan="1"><p>Licenciatura</p></td><td rowspan="1" colspan="1"><p>SOCIOLOGIA</p></td><td rowspan="1" colspan="1"><p>7610</p></td><td rowspan="1" colspan="1"><p>UNIVERSIDADE CESUMAR - UNICESUMAR</p></td><td rowspan="1" colspan="1"><p>CESUMAR - CENTRO DE ENSINO SUPERIOR DE MARINGA LTDA</p></td></tr><tr><td rowspan="1" colspan="1"><p>485</p></td><td rowspan="1" colspan="1"><p>202510489</p></td><td rowspan="1" colspan="1"><p>Licenciatura</p></td><td rowspan="1" colspan="1"><p>TEATRO</p></td><td rowspan="1" colspan="1"><p>7610</p></td><td rowspan="1" colspan="1"><p>UNIVERSIDADE CESUMAR - UNICESUMAR</p></td><td rowspan="1" colspan="1"><p>CESUMAR - CENTRO DE ENSINO SUPERIOR DE MARINGA LTDA</p></td></tr><tr><td rowspan="1" colspan="1"><p>486</p></td><td rowspan="1" colspan="1"><p>202508237</p></td><td rowspan="1" colspan="1"><p>Bacharelado</p></td><td rowspan="1" colspan="1"><p>TERAPIA OCUPACIONAL</p></td><td rowspan="1" colspan="1"><p>10000</p></td><td rowspan="1" colspan="1"><p>UNIVERSIDADE CESUMAR - UNICESUMAR</p></td><td rowspan="1" colspan="1"><p>CESUMAR - CENTRO DE ENSINO SUPERIOR DE MARINGA LTDA</p></td></tr><tr><td rowspan="1" colspan="1"><p>487</p></td><td rowspan="1" colspan="1"><p>202508231</p></td><td rowspan="1" colspan="1"><p>Tecnológico</p></td><td rowspan="1" colspan="1"><p>TERAPIAS INTEGRATIVAS E COMPLEMENTARES</p></td><td rowspan="1" colspan="1"><p>10000</p></td><td rowspan="1" colspan="1"><p>UNIVERSIDADE CESUMAR - UNICESUMAR</p></td><td rowspan="1" colspan="1"><p>CESUMAR - CENTRO DE ENSINO SUPERIOR DE MARINGA LTDA</p></td></tr></table>]]></Texto>
  </body>
  <Midias />
</article></xml>