﻿<xml><article id="45413587" name="PORTARIA MCID 1033 PROJETO SNDUM" idOficio="11280496" pubName="DO1" artType="Portaria" pubDate="12/09/2025" artClass="00011:00001:00000:00000:00000:00000:00000:00000:00000:00000:00037:00005" artCategory="Ministério das Cidades/Gabinete do Ministro" artSize="12" artNotes="" numberPage="9" pdfPage="http://pesquisa.in.gov.br/imprensa/jsp/visualiza/index.jsp?data=12/09/2025&amp;jornal=515&amp;pagina=9" editionNumber="174" highlightType="" highlightPriority="" highlight="" highlightimage="" highlightimagename="" idMateria="23101414">
  <body>
    <Identifica><![CDATA[ PORTARIA MCID Nº 1.033, DE 10 DE SETEMBRO DE 2025]]></Identifica>
    <Data><![CDATA[]]></Data>
    <Ementa><![CDATA[ Aprova o enquadramento, como prioritário, de projeto de investimento em infraestrutura no setor de iluminação pública, apresentado pela LUZ DE CARUARU S.A.]]></Ementa>
    <Titulo />
    <SubTitulo />
    <Texto><![CDATA[<p class="identifica">PORTARIA MCID Nº 1.033, DE 10 DE SETEMBRO DE 2025</p><p class="ementa">Aprova o enquadramento, como prioritário, de projeto de investimento em infraestrutura no setor de iluminação pública, apresentado pela LUZ DE CARUARU S.A.</p><p>O MINISTRO DE ESTADO DAS CIDADES, no uso das atribuições que lhe confere o art. 87, parágrafo único, incisos I e II, da Constituição Federal, e tendo em vista o disposto no art. 20 da Lei nº 14.600, de 19 de junho de 2023, no art. 1º do Anexo I do Decreto nº 12.553, de 14 de julho de 2025, no art. 2º da Lei n° 12.431, de 24 de junho de 2011, no art. 2º da Lei nº 14.801, de 9 de janeiro de 2024, nos arts. 3º, § 2º, 4º, inciso XV, e 6º do Decreto nº 11.964, de 26 de março de 2024, e na Portaria MCID nº 359, de 9 de abril de 2025, resolve:</p><p>Art. 1º Esta Portaria aprova, na forma de seu Anexo, o enquadramento, como prioritário, do projeto de investimento em infraestrutura do setor de iluminação pública, para fins de emissão de valores mobiliários com benefícios fiscais, nos termos do art. 2º da Lei nº 12.431, de 24 de junho de 2011, da Lei nº 14.801, de 9 de janeiro de 2024, do Decreto nº 11.964, de 26 de março de 2024, e da Portaria MCID nº 359, de 9 de abril de 2025, do Ministério das Cidades, para implantação de empreendimento da LUZ DE CARUARU S.A.</p><p>Art. 2º A LUZ DE CARUARU S.A. deverá:</p><p>I - manter atualizada, junto ao Ministério das Cidades, a relação das pessoas jurídicas que integram o emissor e o titular do Projeto e de suas respectivas sociedades controladoras;</p><p>II - destacar, de maneira clara e de fácil acesso ao investidor, por ocasião da emissão pública dos valores mobiliários com benefícios fiscais, no Prospecto e no Anúncio de Início de Distribuição ou, no caso de ofertas destinadas exclusivamente a investidores profissionais, no Anúncio de Encerramento e no material de divulgação:</p><p>a) a descrição do projeto, com as informações de que trata o art. 8º, inciso I, do Decreto nº 11.964, de 26 de março de 2024;</p><p>b) o compromisso de alocar os recursos obtidos no projeto prioritário; e</p><p>c) o número e a data de publicação da portaria de aprovação;</p><p>III - assegurar a destinação dos recursos captados para implantação do projeto prioritário aprovado;</p><p>IV - manter a documentação relativa à utilização dos recursos disponível para consulta e fiscalização por pelo menos 5 (cinco) anos após o vencimento dos valores mobiliários com benefícios fiscais, ou após o encerramento do fundo de investimento em direitos creditórios; e</p><p>V - atender ao disposto na Portaria MCID nº 359, de 9 de abril de 2025.</p><p>Art. 3º Alterações técnicas do projeto de que trata esta Portaria, desde que autorizadas pelo Ministério das Cidades, não ensejarão a publicação de nova Portaria de aprovação do projeto como prioritário, para os fins de fruição dos benefícios de que tratam o art. 2º da Lei nº 12.431, de 24 de junho de 2011, e a Lei nº 14.801, de 9 de janeiro de 2024.</p><p>Art. 4º O prazo da prioridade concedida ao projeto de investimento em infraestrutura é de 2 (dois) anos, a contar da data de publicação desta Portaria.</p><p>Parágrafo único. Caso a LUZ DE CARUARU S.A. não realize a emissão das debêntures no prazo mencionado no caput, deverá comunicar formalmente o fato à Secretaria Nacional de Desenvolvimento Urbano e Metropolitano do Ministério das Cidades.</p><p>Art. 5º A emissão dos valores mobiliários com benefícios fiscais fica limitada ao montante equivalente às despesas de capital do projeto de investimento.</p><p>Art. 6º Os recursos a serem captados poderão ser utilizados para pagamento ou reembolso de gastos, despesas ou dívidas relacionadas ao projeto de investimento prioritário, conforme a Lei nº 12.431, de 24 de junho de 2011.</p><p>Parágrafo único. Caso o projeto de investimento seja contemplado com recursos da União ou geridos pela União, a captação de recursos ficará limitada à diferença entre o valor total do projeto de investimento e o valor contemplado.</p><p>Art. 7º A LUZ DE CARUARU S.A. deverá observar, ainda, as demais disposições constantes na Lei nº 12.431, de 24 de junho de 2011, na Lei nº 14.801, de 9 de janeiro de 2024, no Decreto nº 11.964, de 26 de março de 2024, na Portaria MCID nº 359, de 9 de abril de 2025, e nas normas vigentes e supervenientes aplicáveis à matéria, em especial aquelas que se referem às disposições relativas ao acompanhamento do projeto aprovado.</p><p>Art. 8º Esta Portaria entra em vigor na data de sua publicação.</p><p class="assina">JADER FONTENELLE BARBALHO FILHO</p><p>ANEXO(Parágrafo único do art. 6º, combinado com o art. 8º, inciso I, do Decreto nº 11.964, de 26 de março de 2024)</p><p /><p></p><table><tr /><tr><td rowspan="1" colspan="1"><p>Titular do Projeto</p></td><td rowspan="1" colspan="1"><p>LUZ DE CARUARU S.A.</p></td></tr><tr><td rowspan="1" colspan="1"><p>CNPJ</p></td><td rowspan="1" colspan="1"><p>46.446.055/0001-20</p></td></tr><tr><td rowspan="1" colspan="1"><p>Relação de Pessoas Jurídicas e percentual de participação na concessão</p></td><td rowspan="1" colspan="1"><p>Enel X Brasil S.A.: 51%, SELT ENGENHARIA LTDA.: 24,50% e MOBIT: 24,5%</p></td></tr><tr><td rowspan="1" colspan="1"><p>Setor prioritário</p></td><td rowspan="1" colspan="1"><p>Iluminação Pública</p></td></tr><tr><td rowspan="1" colspan="1"><p>Local de Implantação do Projeto</p></td><td rowspan="1" colspan="1"><p>Caruaru - PE</p></td></tr><tr><td rowspan="1" colspan="1"><p>Objeto do Projeto de Investimento</p></td><td rowspan="1" colspan="1"><p>Apoiar a prestação dos serviços de iluminação nas vias pública do município de Caruaru - PE</p></td></tr><tr><td rowspan="1" colspan="1"><p>Objetivo do Projeto de Investimento</p></td><td rowspan="1" colspan="1"><p>Promover a atualização tecnológica e o consequente aumento da eficiência energética do sistema de iluminação pública do município</p></td></tr><tr><td rowspan="1" colspan="1"><p>Modalidade enquadrada</p></td><td rowspan="1" colspan="1"><p>Modernização</p></td></tr><tr><td rowspan="1" colspan="1"><p>Benefícios sociais ou ambientais advindos da implementação do projeto</p></td><td rowspan="1" colspan="1"><p>Promover a eficiência energética por meio da substituição de luminárias por dispositivos mais econômicos e sustentáveis, e incentivar a utilização dos logradouros públicos pelos 378.048 habitantes do município</p></td></tr><tr><td rowspan="1" colspan="1"><p>Data de início efetivo do Projeto de Investimento</p></td><td rowspan="1" colspan="1"><p>02/02/2023</p></td></tr><tr><td rowspan="1" colspan="1"><p>Data estimada para o encerramento do Projeto de Investimento</p></td><td rowspan="1" colspan="1"><p>02/02/2027</p></td></tr><tr><td rowspan="1" colspan="1"><p>Prazo para Implantação do Projeto de Investimento</p></td><td rowspan="1" colspan="1"><p>48 meses</p></td></tr><tr><td rowspan="1" colspan="1"><p>Descrição da fase atual do Projeto de Investimento</p></td><td rowspan="1" colspan="1"><p>100% modernizado</p></td></tr><tr><td rowspan="1" colspan="1"><p>Volume estimado dos recursos financeiros necessários para a realização do Projeto de Investimento</p></td><td rowspan="1" colspan="1"><p>R$ 36.127.600,00</p></td></tr><tr><td rowspan="1" colspan="1"><p>Volume máximo de recursos enquadrados para a emissão dos valores mobiliários</p></td><td rowspan="1" colspan="1"><p>R$ 15.100.000,00 (41,80% do valor total)</p></td></tr><tr><td rowspan="1" colspan="1"><p>Processo Administrativo</p></td><td rowspan="1" colspan="1"><p>80000.003107/2025-13</p></td></tr></table>]]></Texto>
  </body>
  <Midias />
</article></xml>