﻿<xml><article id="45402654" name="Resolucao nA 146.2025" idOficio="11278431" pubName="DO1" artType="Resolução" pubDate="12/09/2025" artClass="00025:00102:00035:00000:00000:00000:00000:00000:00000:00000:00064:00000" artCategory="Ministério da Educação/Universidade Federal do Espírito Santo/Conselho Universitário" artSize="12" artNotes="" numberPage="131" pdfPage="http://pesquisa.in.gov.br/imprensa/jsp/visualiza/index.jsp?data=12/09/2025&amp;jornal=515&amp;pagina=131" editionNumber="174" highlightType="" highlightPriority="" highlight="" highlightimage="" highlightimagename="" idMateria="23098284">
  <body>
    <Identifica><![CDATA[ RESOLUÇÃO CUN/UFES Nº 146, DE 28 DE AGOSTO DE 2025]]></Identifica>
    <Data><![CDATA[]]></Data>
    <Ementa><![CDATA[ Aprova a alocação das Funções Gratificadas e das Funções Comissionadas de Coordenação de Curso no âmbito da Universidade Federal do Espírito Santo - Ufes e dá outras providências.]]></Ementa>
    <Titulo />
    <SubTitulo />
    <Texto><![CDATA[<p class="identifica">RESOLUÇÃO CUN/UFES Nº 146, DE 28 DE AGOSTO DE 2025</p><p class="ementa">Aprova a alocação das Funções Gratificadas e das Funções Comissionadas de Coordenação de Curso no âmbito da Universidade Federal do Espírito Santo - Ufes e dá outras providências.</p><p>O CONSELHO UNIVERSITÁRIO DA UNIVERSIDADE FEDERAL DO ESPÍRITO SANTO, no uso de suas atribuições legais e estatutárias, tendo em vista o que consta do Processo Digital nº 23068.035414/2025-37 - GABINETE DA REITORIA - GR; o parecer da Comissão de Legislação e Normas; e ainda, a aprovação da plenária por unanimidade na Sessão Ordinária do dia 28 de agosto de 2025, resolve:</p><p>Art. 1° Esta Resolução aprova a alocação de Funções Gratificadas - FG-1 e Funções Comissionadas de Coordenação de Curso - FCC no âmbito da Universidade Federal do Espírito Santo - Ufes, na forma do Anexo I.</p><p>Art. 2° A alocação de 1 (uma) vaga de FG-1 será a critério da Administração Central da Ufes.</p><p>Art. 3° O art. 2º da Resolução nº 46, de 29 de agosto de 2016, deste Conselho, passa a vigorar com as seguintes alterações</p><p>"Art. 2° Criar o Departamento de Línguas Vernáculas - DLV, o Departamento de Línguas Estrangeiras - DLE e o Departamento de Letras - DL, vinculados ao CCHN." (NR)</p><p>Art. 4° O Anexo II da Resolução n° 22, de 9 de julho de 2019, do Conselho Universitário, passa a vigorar conforme o Anexo II desta Resolução.</p><p>Art. 5° A implementação desta Resolução fica condicionada à adoção dos ajustes administrativos necessários pela Administração Central da Ufes, por meio de Portaria Normativa.</p><p>Art. 6° Esta Resolução entra em vigor na data de sua publicação.</p><p class="assina">EUSTÁQUIO VINICIUS RIBEIRO DE CASTRO</p><p class="cargo">Presidente do Conselho</p><p class="anexo">ANEXO I</p><p>a) QUADRO DEMONSTRATIVO DAS FUNÇÕES GRATIFICADAS</p><p /><p></p><table><tr /><tr><td rowspan="1" colspan="1"><p>UNIDADE ORGANIZACIONAL</p></td><td rowspan="1" colspan="1"><p>SIGLA</p></td><td rowspan="1" colspan="1"><p>DENOMINAÇÃO</p></td><td rowspan="1" colspan="1"><p>CARGO/FUNÇÃO</p></td></tr><tr><td rowspan="1" colspan="1"><p>Centro de Ciências da Saúde</p></td><td rowspan="1" colspan="1"><p>CCS</p></td><td rowspan="1" colspan="1" /><td rowspan="1" colspan="1" /></tr><tr><td rowspan="1" colspan="1"><p>Departamento de Nutrição</p></td><td rowspan="1" colspan="1" /><td rowspan="1" colspan="1"><p>Chefe de Departamento</p></td><td rowspan="1" colspan="1"><p>FG-1</p></td></tr><tr><td rowspan="1" colspan="1"><p>Centro de Educação</p></td><td rowspan="1" colspan="1"><p>CE</p></td><td rowspan="1" colspan="1" /><td rowspan="1" colspan="1" /></tr><tr><td rowspan="1" colspan="1"><p>Departamento de Educação do Campo</p></td><td rowspan="1" colspan="1" /><td rowspan="1" colspan="1"><p>Chefe de Departamento</p></td><td rowspan="1" colspan="1"><p>FG-1</p></td></tr><tr><td rowspan="1" colspan="1"><p>Centro de Ciências Humanas e Naturais</p></td><td rowspan="1" colspan="1"><p>CCHN</p></td><td rowspan="1" colspan="1" /><td rowspan="1" colspan="1" /></tr><tr><td rowspan="1" colspan="1"><p>Departamento de Línguas Estrangeiras</p></td><td rowspan="1" colspan="1" /><td rowspan="1" colspan="1"><p>Chefe de Departamento</p></td><td rowspan="1" colspan="1"><p>FG-1</p></td></tr><tr><td rowspan="1" colspan="1"><p>Departamento de Letras</p></td><td rowspan="1" colspan="1" /><td rowspan="1" colspan="1"><p>Chefe de Departamento</p></td><td rowspan="1" colspan="1"><p>FG-1</p></td></tr><tr><td rowspan="1" colspan="1"><p>Centro de Ciências Agrárias e Engenharias</p></td><td rowspan="1" colspan="1"><p>CCAE</p></td><td rowspan="1" colspan="1" /><td rowspan="1" colspan="1" /></tr><tr><td rowspan="1" colspan="1"><p>Departamento de Engenharia Química</p></td><td rowspan="1" colspan="1" /><td rowspan="1" colspan="1"><p>Chefe de Departamento</p></td><td rowspan="1" colspan="1"><p>FG-1</p></td></tr></table><p>b) QUADRO DEMONSTRATIVO DAS FUNÇÕES COMISSIONADAS DE COORDENAÇÃO DE CURSO</p><p /><p></p><table><tr /><tr><td rowspan="1" colspan="1"><p>UNIDADE ORGANIZACIONAL</p></td><td rowspan="1" colspan="1"><p>SIGLA</p></td><td rowspan="1" colspan="1"><p>DENOMINAÇÃO</p></td><td rowspan="1" colspan="1"><p>CARGO/FUNÇÃO</p></td></tr><tr><td rowspan="1" colspan="1"><p>Centro de Ciências Humanas e Naturais</p></td><td rowspan="1" colspan="1"><p>CCHN</p></td><td rowspan="1" colspan="1" /><td rowspan="1" colspan="1" /></tr><tr><td rowspan="1" colspan="1"><p>Coordenação de Letras Português-Espanhol (Licenciatura)</p></td><td rowspan="1" colspan="1" /><td rowspan="1" colspan="1"><p>Coordenador de Curso</p></td><td rowspan="1" colspan="1"><p>FCC</p></td></tr><tr><td rowspan="1" colspan="1"><p>Coordenação de Letras Português-Francês (Licenciatura)</p></td><td rowspan="1" colspan="1" /><td rowspan="1" colspan="1"><p>Coordenador de Curso</p></td><td rowspan="1" colspan="1"><p>FCC</p></td></tr><tr><td rowspan="1" colspan="1"><p>Coordenação de Letras Português-Italiano (Licenciatura)</p></td><td rowspan="1" colspan="1" /><td rowspan="1" colspan="1"><p>Coordenador de Curso</p></td><td rowspan="1" colspan="1"><p>FCC</p></td></tr><tr><td rowspan="1" colspan="1"><p>Coordenação do Programa de Pós-Graduação Profissional em Filosofia em Rede - Prof-Filo</p></td><td rowspan="1" colspan="1" /><td rowspan="1" colspan="1"><p>Coordenador de Curso</p></td><td rowspan="1" colspan="1"><p>FCC</p></td></tr><tr><td rowspan="1" colspan="1"><p>Centro de Ciências da Saúde</p></td><td rowspan="1" colspan="1"><p>CCS</p></td><td rowspan="1" colspan="1" /><td rowspan="1" colspan="1" /></tr><tr><td rowspan="1" colspan="1"><p>Coordenação do Programa de Pós-Graduação em Biotecnologia Rede Nordeste de Biotecnologia - Renorbio</p></td><td rowspan="1" colspan="1" /><td rowspan="1" colspan="1"><p>Coordenador de Curso</p></td><td rowspan="1" colspan="1"><p>FCC</p></td></tr><tr><td rowspan="1" colspan="1"><p>Coordenação do Programa de Pós-Graduação Profissional em Saúde da Família - Profsaúde</p></td><td rowspan="1" colspan="1" /><td rowspan="1" colspan="1"><p>Coordenador de Curso</p></td><td rowspan="1" colspan="1"><p>FCC</p></td></tr><tr><td rowspan="1" colspan="1"><p>Centro Universitário Norte do Espírito Santo</p></td><td rowspan="1" colspan="1"><p>Ceunes</p></td><td rowspan="1" colspan="1" /><td rowspan="1" colspan="1" /></tr><tr><td rowspan="1" colspan="1"><p>Coordenação do Programa de Pós-Graduação em Ciências da Natureza</p></td><td rowspan="1" colspan="1" /><td rowspan="1" colspan="1"><p>Coordenador de Curso</p></td><td rowspan="1" colspan="1"><p>FCC</p></td></tr><tr><td rowspan="1" colspan="1"><p>Centro de Ciências Exatas, Naturais e da Saúde</p></td><td rowspan="1" colspan="1"><p>CCENS</p></td><td rowspan="1" colspan="1" /><td rowspan="1" colspan="1" /></tr><tr><td rowspan="1" colspan="1"><p>Coordenação do Programa de Pós-Graduação em Assistência Farmacêutica em Rede</p></td><td rowspan="1" colspan="1" /><td rowspan="1" colspan="1"><p>Coordenador de Curso</p></td><td rowspan="1" colspan="1"><p>FCC</p></td></tr><tr><td rowspan="1" colspan="1"><p>Coordenação do Programa de Pós-Graduação em Agroquímica</p></td><td rowspan="1" colspan="1" /><td rowspan="1" colspan="1"><p>Coordenador de Curso</p></td><td rowspan="1" colspan="1"><p>FCC</p></td></tr><tr><td rowspan="1" colspan="1"><p>Centro de Educação Física e Desportos</p></td><td rowspan="1" colspan="1"><p>CEFD</p></td><td rowspan="1" colspan="1" /><td rowspan="1" colspan="1" /></tr><tr><td rowspan="1" colspan="1"><p>Coordenação do Programa de Pós-Graduação Profissional em Educação Física em Rede - Proef</p></td><td rowspan="1" colspan="1" /><td rowspan="1" colspan="1"><p>Coordenador de Curso</p></td><td rowspan="1" colspan="1"><p>FCC</p></td></tr><tr><td rowspan="1" colspan="1"><p>Centro Tecnológico</p></td><td rowspan="1" colspan="1"><p>CT</p></td><td rowspan="1" colspan="1" /><td rowspan="1" colspan="1" /></tr><tr><td rowspan="1" colspan="1"><p>Coordenação do Programa de Pós-Graduação em Gestão e Regulação de Recursos Hídricos em Rede Nacional - Prof-água</p></td><td rowspan="1" colspan="1" /><td rowspan="1" colspan="1"><p>Coordenador de Curso</p></td><td rowspan="1" colspan="1"><p>FCC</p></td></tr><tr><td rowspan="1" colspan="1"><p>Centro de Ciências Exatas</p></td><td rowspan="1" colspan="1"><p>CCE</p></td><td rowspan="1" colspan="1" /><td rowspan="1" colspan="1" /></tr><tr><td rowspan="1" colspan="1"><p>Coordenação do Programa de Pós-Graduação em Astrofísica, Cosmologia e Gravitação</p></td><td rowspan="1" colspan="1" /><td rowspan="1" colspan="1"><p>Coordenador de Curso</p></td><td rowspan="1" colspan="1"><p>FCC</p></td></tr><tr><td rowspan="1" colspan="1"><p>Centro de Educação</p></td><td rowspan="1" colspan="1"><p>CE</p></td><td rowspan="1" colspan="1" /><td rowspan="1" colspan="1" /></tr><tr><td rowspan="1" colspan="1"><p>Coordenação do Programa de Pós-Graduação Profissional em Educação</p></td><td rowspan="1" colspan="1" /><td rowspan="1" colspan="1"><p>Coordenador de Curso</p></td><td rowspan="1" colspan="1"><p>FCC</p></td></tr><tr><td rowspan="1" colspan="1"><p>Centro de Ciências Jurídicas e Econômicas</p></td><td rowspan="1" colspan="1"><p>CCJE</p></td><td rowspan="1" colspan="1" /><td rowspan="1" colspan="1" /></tr><tr><td rowspan="1" colspan="1"><p>Coordenação do Programa de Pós-Graduação em Ciência da Informação</p></td><td rowspan="1" colspan="1" /><td rowspan="1" colspan="1"><p>Coordenador de Curso</p></td><td rowspan="1" colspan="1"><p>FCC</p></td></tr></table><p>ANEXO II</p><p>Quadro Demonstrativo dos Cargos em Direção - CD, Funções Gratificadas - FG e Funções Comissionadas de Coordenação de Curso - FCC</p><p /><p></p><table><tr /><tr><td rowspan="1" colspan="1"><p>CD-1</p></td><td rowspan="1" colspan="1"><p>CD-2</p></td><td rowspan="1" colspan="1"><p>CD-3</p></td><td rowspan="1" colspan="1"><p>CD-4</p></td><td rowspan="1" colspan="1"><p>FG-1</p></td><td rowspan="1" colspan="1"><p>FG-2</p></td><td rowspan="1" colspan="1"><p>FG-3</p></td><td rowspan="1" colspan="1"><p>FCC</p></td></tr><tr><td rowspan="1" colspan="1"><p>1</p></td><td rowspan="1" colspan="1"><p>8</p></td><td rowspan="1" colspan="1"><p>18</p></td><td rowspan="1" colspan="1"><p>52</p></td><td rowspan="1" colspan="1"><p>117</p></td><td rowspan="1" colspan="1"><p>65</p></td><td rowspan="1" colspan="1"><p>34</p></td><td rowspan="1" colspan="1"><p>156</p></td></tr></table>]]></Texto>
  </body>
  <Midias />
</article></xml>