﻿<xml><article id="45406704" name="PORTARIA NA 612 - 11.09.2025_003" idOficio="11278735" pubName="DO1" artType="Portaria" pubDate="12/09/2025" artClass="00025:00046:00000:00000:00000:00000:00000:00000:00000:00000:00054:00000" artCategory="Ministério da Educação/Secretaria de Regulação e Supervisão da Educação Superior" artSize="24" artNotes="" numberPage="98" pdfPage="http://pesquisa.in.gov.br/imprensa/jsp/visualiza/index.jsp?data=12/09/2025&amp;jornal=515&amp;pagina=98" editionNumber="174" highlightType="" highlightPriority="" highlight="" highlightimage="" highlightimagename="" idMateria="23098719">
  <body>
    <Identifica />
    <Data><![CDATA[]]></Data>
    <Ementa />
    <Titulo />
    <SubTitulo />
    <Texto><![CDATA[<p /><p></p><table><tr /><tr><td rowspan="1" colspan="1"><p>128</p></td><td rowspan="1" colspan="1"><p>202509601</p></td><td rowspan="1" colspan="1"><p>Licenciatura</p></td><td rowspan="1" colspan="1"><p>CIÊNCIAS BIOLÓGICAS</p></td><td rowspan="1" colspan="1"><p>40</p></td><td rowspan="1" colspan="1"><p>FUNDACAO UNIVERSIDADE DO ESTADO DE SANTA CATARINA - UDESC</p></td><td rowspan="1" colspan="1"><p>FUNDACAO UNIVERSIDADE DO ESTADO DE SC UDESC</p></td></tr><tr><td rowspan="1" colspan="1"><p>129</p></td><td rowspan="1" colspan="1"><p>202509600</p></td><td rowspan="1" colspan="1"><p>Licenciatura</p></td><td rowspan="1" colspan="1"><p>PEDAGOGIA</p></td><td rowspan="1" colspan="1"><p>6320</p></td><td rowspan="1" colspan="1"><p>FUNDACAO UNIVERSIDADE DO ESTADO DE SANTA CATARINA - UDESC</p></td><td rowspan="1" colspan="1"><p>FUNDACAO UNIVERSIDADE DO ESTADO DE SC UDESC</p></td></tr><tr><td rowspan="1" colspan="1"><p>130</p></td><td rowspan="1" colspan="1"><p>202511127</p></td><td rowspan="1" colspan="1"><p>Licenciatura</p></td><td rowspan="1" colspan="1"><p>CIÊNCIAS BIOLÓGICAS</p></td><td rowspan="1" colspan="1"><p>175</p></td><td rowspan="1" colspan="1"><p>FUNDACAO UNIVERSIDADE FEDERAL DA GRANDE DOURADOS - UFGD</p></td><td rowspan="1" colspan="1"><p>FUNDACAO UNIVERSIDADE FEDERAL DA GRANDE DOURADOS</p></td></tr><tr><td rowspan="1" colspan="1"><p>131</p></td><td rowspan="1" colspan="1"><p>202511123</p></td><td rowspan="1" colspan="1"><p>Licenciatura</p></td><td rowspan="1" colspan="1"><p>EDUCAÇÃO FÍSICA</p></td><td rowspan="1" colspan="1"><p>200</p></td><td rowspan="1" colspan="1"><p>FUNDACAO UNIVERSIDADE FEDERAL DA GRANDE DOURADOS - UFGD</p></td><td rowspan="1" colspan="1"><p>FUNDACAO UNIVERSIDADE FEDERAL DA GRANDE DOURADOS</p></td></tr><tr><td rowspan="1" colspan="1"><p>132</p></td><td rowspan="1" colspan="1"><p>202511126</p></td><td rowspan="1" colspan="1"><p>Licenciatura</p></td><td rowspan="1" colspan="1"><p>LETRAS - LIBRAS</p></td><td rowspan="1" colspan="1"><p>30</p></td><td rowspan="1" colspan="1"><p>FUNDACAO UNIVERSIDADE FEDERAL DA GRANDE DOURADOS - UFGD</p></td><td rowspan="1" colspan="1"><p>FUNDACAO UNIVERSIDADE FEDERAL DA GRANDE DOURADOS</p></td></tr><tr><td rowspan="1" colspan="1"><p>133</p></td><td rowspan="1" colspan="1"><p>202507699</p></td><td rowspan="1" colspan="1"><p>Licenciatura</p></td><td rowspan="1" colspan="1"><p>CIÊNCIAS NATURAIS - BIOLOGIA</p></td><td rowspan="1" colspan="1"><p>200</p></td><td rowspan="1" colspan="1"><p>FUNDACAO UNIVERSIDADE FEDERAL DE RONDONIA - UNIR</p></td><td rowspan="1" colspan="1"><p>FUNDACAO UNIVERSIDADE FEDERAL DE RONDONIA</p></td></tr><tr><td rowspan="1" colspan="1"><p>134</p></td><td rowspan="1" colspan="1"><p>202518169</p></td><td rowspan="1" colspan="1"><p>Licenciatura</p></td><td rowspan="1" colspan="1"><p>LETRAS - PORTUGUÊS</p></td><td rowspan="1" colspan="1"><p>300</p></td><td rowspan="1" colspan="1"><p>FUNDACAO UNIVERSIDADE FEDERAL DE RONDONIA - UNIR</p></td><td rowspan="1" colspan="1"><p>FUNDACAO UNIVERSIDADE FEDERAL DE RONDONIA</p></td></tr><tr><td rowspan="1" colspan="1"><p>135</p></td><td rowspan="1" colspan="1"><p>202517994</p></td><td rowspan="1" colspan="1"><p>Licenciatura</p></td><td rowspan="1" colspan="1"><p>PEDAGOGIA</p></td><td rowspan="1" colspan="1"><p>180</p></td><td rowspan="1" colspan="1"><p>FUNDACAO UNIVERSIDADE FEDERAL DE RONDONIA - UNIR</p></td><td rowspan="1" colspan="1"><p>FUNDACAO UNIVERSIDADE FEDERAL DE RONDONIA</p></td></tr><tr><td rowspan="1" colspan="1"><p>136</p></td><td rowspan="1" colspan="1"><p>202511186</p></td><td rowspan="1" colspan="1"><p>Licenciatura</p></td><td rowspan="1" colspan="1"><p>CIÊNCIAS DA NATUREZA</p></td><td rowspan="1" colspan="1"><p>200</p></td><td rowspan="1" colspan="1"><p>FUNDACAO UNIVERSIDADE FEDERAL DO PAMPA - UNIPAMPA - UNIPAMPA</p></td><td rowspan="1" colspan="1"><p>FUNDACAO UNIVERSIDADE FEDERAL DO PAMPA - UNIPAMPA</p></td></tr><tr><td rowspan="1" colspan="1"><p>137</p></td><td rowspan="1" colspan="1"><p>202511182</p></td><td rowspan="1" colspan="1"><p>Licenciatura</p></td><td rowspan="1" colspan="1"><p>GEOGRAFIA</p></td><td rowspan="1" colspan="1"><p>150</p></td><td rowspan="1" colspan="1"><p>FUNDACAO UNIVERSIDADE FEDERAL DO PAMPA - UNIPAMPA - UNIPAMPA</p></td><td rowspan="1" colspan="1"><p>FUNDACAO UNIVERSIDADE FEDERAL DO PAMPA - UNIPAMPA</p></td></tr><tr><td rowspan="1" colspan="1"><p>138</p></td><td rowspan="1" colspan="1"><p>202511183</p></td><td rowspan="1" colspan="1"><p>Licenciatura</p></td><td rowspan="1" colspan="1"><p>HISTÓRIA</p></td><td rowspan="1" colspan="1"><p>150</p></td><td rowspan="1" colspan="1"><p>FUNDACAO UNIVERSIDADE FEDERAL DO PAMPA - UNIPAMPA - UNIPAMPA</p></td><td rowspan="1" colspan="1"><p>FUNDACAO UNIVERSIDADE FEDERAL DO PAMPA - UNIPAMPA</p></td></tr><tr><td rowspan="1" colspan="1"><p>139</p></td><td rowspan="1" colspan="1"><p>202511185</p></td><td rowspan="1" colspan="1"><p>Licenciatura</p></td><td rowspan="1" colspan="1"><p>LETRAS - PORTUGUÊS</p></td><td rowspan="1" colspan="1"><p>800</p></td><td rowspan="1" colspan="1"><p>FUNDACAO UNIVERSIDADE FEDERAL DO PAMPA - UNIPAMPA - UNIPAMPA</p></td><td rowspan="1" colspan="1"><p>FUNDACAO UNIVERSIDADE FEDERAL DO PAMPA - UNIPAMPA</p></td></tr><tr><td rowspan="1" colspan="1"><p>140</p></td><td rowspan="1" colspan="1"><p>202511184</p></td><td rowspan="1" colspan="1"><p>Licenciatura</p></td><td rowspan="1" colspan="1"><p>PEDAGOGIA</p></td><td rowspan="1" colspan="1"><p>200</p></td><td rowspan="1" colspan="1"><p>FUNDACAO UNIVERSIDADE FEDERAL DO PAMPA - UNIPAMPA - UNIPAMPA</p></td><td rowspan="1" colspan="1"><p>FUNDACAO UNIVERSIDADE FEDERAL DO PAMPA - UNIPAMPA</p></td></tr><tr><td rowspan="1" colspan="1"><p>141</p></td><td rowspan="1" colspan="1"><p>202511066</p></td><td rowspan="1" colspan="1"><p>Licenciatura</p></td><td rowspan="1" colspan="1"><p>BIOLOGIA</p></td><td rowspan="1" colspan="1"><p>50</p></td><td rowspan="1" colspan="1"><p>FUNDACAO UNIVERSIDADE FEDERAL DO TOCANTINS - UFT</p></td><td rowspan="1" colspan="1"><p>FUNDACAO UNIVERSIDADE FEDERAL DO TOCANTINS</p></td></tr><tr><td rowspan="1" colspan="1"><p>142</p></td><td rowspan="1" colspan="1"><p>202516631</p></td><td rowspan="1" colspan="1"><p>Licenciatura</p></td><td rowspan="1" colspan="1"><p>COMPUTAÇÃO</p></td><td rowspan="1" colspan="1"><p>1200</p></td><td rowspan="1" colspan="1"><p>FUNDACAO UNIVERSIDADE FEDERAL DO TOCANTINS - UFT</p></td><td rowspan="1" colspan="1"><p>FUNDACAO UNIVERSIDADE FEDERAL DO TOCANTINS</p></td></tr><tr><td rowspan="1" colspan="1"><p>143</p></td><td rowspan="1" colspan="1"><p>202511063</p></td><td rowspan="1" colspan="1"><p>Licenciatura</p></td><td rowspan="1" colspan="1"><p>FÍSICA</p></td><td rowspan="1" colspan="1"><p>75</p></td><td rowspan="1" colspan="1"><p>FUNDACAO UNIVERSIDADE FEDERAL DO TOCANTINS - UFT</p></td><td rowspan="1" colspan="1"><p>FUNDACAO UNIVERSIDADE FEDERAL DO TOCANTINS</p></td></tr><tr><td rowspan="1" colspan="1"><p>144</p></td><td rowspan="1" colspan="1"><p>202511064</p></td><td rowspan="1" colspan="1"><p>Licenciatura</p></td><td rowspan="1" colspan="1"><p>MATEMÁTICA</p></td><td rowspan="1" colspan="1"><p>330</p></td><td rowspan="1" colspan="1"><p>FUNDACAO UNIVERSIDADE FEDERAL DO TOCANTINS - UFT</p></td><td rowspan="1" colspan="1"><p>FUNDACAO UNIVERSIDADE FEDERAL DO TOCANTINS</p></td></tr><tr><td rowspan="1" colspan="1"><p>145</p></td><td rowspan="1" colspan="1"><p>202516630</p></td><td rowspan="1" colspan="1"><p>Licenciatura</p></td><td rowspan="1" colspan="1"><p>MÚSICA - MÚSICA POPULAR BRASILEIRA</p></td><td rowspan="1" colspan="1"><p>1200</p></td><td rowspan="1" colspan="1"><p>FUNDACAO UNIVERSIDADE FEDERAL DO TOCANTINS - UFT</p></td><td rowspan="1" colspan="1"><p>FUNDACAO UNIVERSIDADE FEDERAL DO TOCANTINS</p></td></tr><tr><td rowspan="1" colspan="1"><p>146</p></td><td rowspan="1" colspan="1"><p>202511065</p></td><td rowspan="1" colspan="1"><p>Licenciatura</p></td><td rowspan="1" colspan="1"><p>QUÍMICA</p></td><td rowspan="1" colspan="1"><p>75</p></td><td rowspan="1" colspan="1"><p>FUNDACAO UNIVERSIDADE FEDERAL DO TOCANTINS - UFT</p></td><td rowspan="1" colspan="1"><p>FUNDACAO UNIVERSIDADE FEDERAL DO TOCANTINS</p></td></tr><tr><td rowspan="1" colspan="1"><p>147</p></td><td rowspan="1" colspan="1"><p>202511090</p></td><td rowspan="1" colspan="1"><p>Licenciatura</p></td><td rowspan="1" colspan="1"><p>CIÊNCIA DA COMPUTAÇÃO</p></td><td rowspan="1" colspan="1"><p>150</p></td><td rowspan="1" colspan="1"><p>FUNDACAO UNIVERSIDADE FEDERAL DO VALE DO SAO FRANCISCO - UNIVASF</p></td><td rowspan="1" colspan="1"><p>FUNDACAO UNIVERSIDADE FEDERAL DO VALE DO SAO FRANCISCO</p></td></tr><tr><td rowspan="1" colspan="1"><p>148</p></td><td rowspan="1" colspan="1"><p>202511092</p></td><td rowspan="1" colspan="1"><p>Licenciatura</p></td><td rowspan="1" colspan="1"><p>CIÊNCIAS BIOLÓGICAS</p></td><td rowspan="1" colspan="1"><p>210</p></td><td rowspan="1" colspan="1"><p>FUNDACAO UNIVERSIDADE FEDERAL DO VALE DO SAO FRANCISCO - UNIVASF</p></td><td rowspan="1" colspan="1"><p>FUNDACAO UNIVERSIDADE FEDERAL DO VALE DO SAO FRANCISCO</p></td></tr><tr><td rowspan="1" colspan="1"><p>149</p></td><td rowspan="1" colspan="1"><p>202511089</p></td><td rowspan="1" colspan="1"><p>Licenciatura</p></td><td rowspan="1" colspan="1"><p>EDUCAÇÃO FÍSICA</p></td><td rowspan="1" colspan="1"><p>300</p></td><td rowspan="1" colspan="1"><p>FUNDACAO UNIVERSIDADE FEDERAL DO VALE DO SAO FRANCISCO - UNIVASF</p></td><td rowspan="1" colspan="1"><p>FUNDACAO UNIVERSIDADE FEDERAL DO VALE DO SAO FRANCISCO</p></td></tr><tr><td rowspan="1" colspan="1"><p>150</p></td><td rowspan="1" colspan="1"><p>202511091</p></td><td rowspan="1" colspan="1"><p>Licenciatura</p></td><td rowspan="1" colspan="1"><p>LETRAS - LIBRAS</p></td><td rowspan="1" colspan="1"><p>210</p></td><td rowspan="1" colspan="1"><p>FUNDACAO UNIVERSIDADE FEDERAL DO VALE DO SAO FRANCISCO - UNIVASF</p></td><td rowspan="1" colspan="1"><p>FUNDACAO UNIVERSIDADE FEDERAL DO VALE DO SAO FRANCISCO</p></td></tr><tr><td rowspan="1" colspan="1"><p>151</p></td><td rowspan="1" colspan="1"><p>202511088</p></td><td rowspan="1" colspan="1"><p>Licenciatura</p></td><td rowspan="1" colspan="1"><p>PEDAGOGIA</p></td><td rowspan="1" colspan="1"><p>300</p></td><td rowspan="1" colspan="1"><p>FUNDACAO UNIVERSIDADE FEDERAL DO VALE DO SAO FRANCISCO - UNIVASF</p></td><td rowspan="1" colspan="1"><p>FUNDACAO UNIVERSIDADE FEDERAL DO VALE DO SAO FRANCISCO</p></td></tr><tr><td rowspan="1" colspan="1"><p>152</p></td><td rowspan="1" colspan="1"><p>202517708</p></td><td rowspan="1" colspan="1"><p>Bacharelado</p></td><td rowspan="1" colspan="1"><p>ENGENHARIA</p></td><td rowspan="1" colspan="1"><p>918</p></td><td rowspan="1" colspan="1"><p>FUNDACAO UNIVERSIDADE VIRTUAL DO ESTADO DE SAO PAULO - UNIVESP</p></td><td rowspan="1" colspan="1"><p>FUNDACAO UNIVERSIDADE VIRTUAL DO ESTADO DE SAO PAULO-UNIVESP</p></td></tr><tr><td rowspan="1" colspan="1"><p>153</p></td><td rowspan="1" colspan="1"><p>202509382</p></td><td rowspan="1" colspan="1"><p>Bacharelado</p></td><td rowspan="1" colspan="1"><p>ENGENHARIA DE COMPUTAÇÃO</p></td><td rowspan="1" colspan="1"><p>648</p></td><td rowspan="1" colspan="1"><p>FUNDACAO UNIVERSIDADE VIRTUAL DO ESTADO DE SAO PAULO - UNIVESP</p></td><td rowspan="1" colspan="1"><p>FUNDACAO UNIVERSIDADE VIRTUAL DO ESTADO DE SAO PAULO-UNIVESP</p></td></tr><tr><td rowspan="1" colspan="1"><p>154</p></td><td rowspan="1" colspan="1"><p>202509381</p></td><td rowspan="1" colspan="1"><p>Bacharelado</p></td><td rowspan="1" colspan="1"><p>ENGENHARIA DE PRODUÇÃO</p></td><td rowspan="1" colspan="1"><p>648</p></td><td rowspan="1" colspan="1"><p>FUNDACAO UNIVERSIDADE VIRTUAL DO ESTADO DE SAO PAULO - UNIVESP</p></td><td rowspan="1" colspan="1"><p>FUNDACAO UNIVERSIDADE VIRTUAL DO ESTADO DE SAO PAULO-UNIVESP</p></td></tr><tr><td rowspan="1" colspan="1"><p>155</p></td><td rowspan="1" colspan="1"><p>202517733</p></td><td rowspan="1" colspan="1"><p>Licenciatura</p></td><td rowspan="1" colspan="1"><p>LETRAS</p></td><td rowspan="1" colspan="1"><p>8100</p></td><td rowspan="1" colspan="1"><p>FUNDACAO UNIVERSIDADE VIRTUAL DO ESTADO DE SAO PAULO - UNIVESP</p></td><td rowspan="1" colspan="1"><p>FUNDACAO UNIVERSIDADE VIRTUAL DO ESTADO DE SAO PAULO-UNIVESP</p></td></tr><tr><td rowspan="1" colspan="1"><p>156</p></td><td rowspan="1" colspan="1"><p>202511314</p></td><td rowspan="1" colspan="1"><p>Licenciatura</p></td><td rowspan="1" colspan="1"><p>MATEMÁTICA</p></td><td rowspan="1" colspan="1"><p>324</p></td><td rowspan="1" colspan="1"><p>FUNDACAO UNIVERSIDADE VIRTUAL DO ESTADO DE SAO PAULO - UNIVESP</p></td><td rowspan="1" colspan="1"><p>FUNDACAO UNIVERSIDADE VIRTUAL DO ESTADO DE SAO PAULO-UNIVESP</p></td></tr><tr><td rowspan="1" colspan="1"><p>157</p></td><td rowspan="1" colspan="1"><p>202511315</p></td><td rowspan="1" colspan="1"><p>Licenciatura</p></td><td rowspan="1" colspan="1"><p>PEDAGOGIA</p></td><td rowspan="1" colspan="1"><p>4120</p></td><td rowspan="1" colspan="1"><p>FUNDACAO UNIVERSIDADE VIRTUAL DO ESTADO DE SAO PAULO - UNIVESP</p></td><td rowspan="1" colspan="1"><p>FUNDACAO UNIVERSIDADE VIRTUAL DO ESTADO DE SAO PAULO-UNIVESP</p></td></tr><tr><td rowspan="1" colspan="1"><p>158</p></td><td rowspan="1" colspan="1"><p>202510776</p></td><td rowspan="1" colspan="1"><p>Licenciatura</p></td><td rowspan="1" colspan="1"><p>PEDAGOGIA</p></td><td rowspan="1" colspan="1"><p>1000</p></td><td rowspan="1" colspan="1"><p>GRAN CENTRO UNIVERSITARIO - GRAN</p></td><td rowspan="1" colspan="1"><p>GRAN CENTRO UNIVERSITARIO LTDA.</p></td></tr><tr><td rowspan="1" colspan="1"><p>159</p></td><td rowspan="1" colspan="1"><p>202517791</p></td><td rowspan="1" colspan="1"><p>Licenciatura</p></td><td rowspan="1" colspan="1"><p>PEDAGOGIA</p></td><td rowspan="1" colspan="1"><p>100</p></td><td rowspan="1" colspan="1"><p>INSTITUTO APAE BRASIL DE ENSINO E PESQUISA - IEP APAE</p></td><td rowspan="1" colspan="1"><p>FEDERACAO NACIONAL DAS APAES</p></td></tr><tr><td rowspan="1" colspan="1"><p>160</p></td><td rowspan="1" colspan="1"><p>202510906</p></td><td rowspan="1" colspan="1"><p>Licenciatura</p></td><td rowspan="1" colspan="1"><p>PEDAGOGIA</p></td><td rowspan="1" colspan="1"><p>760</p></td><td rowspan="1" colspan="1"><p>INSTITUTO DE EDUCACAO E INOVACAO - IEDI</p></td><td rowspan="1" colspan="1"><p>INSTITUTO DE EDUCACAO E INOVACAO IEDI LTDA</p></td></tr><tr><td rowspan="1" colspan="1"><p>161</p></td><td rowspan="1" colspan="1"><p>202517344</p></td><td rowspan="1" colspan="1"><p>Tecnológico</p></td><td rowspan="1" colspan="1"><p>RADIOLOGIA</p></td><td rowspan="1" colspan="1"><p>80</p></td><td rowspan="1" colspan="1"><p>INSTITUTO DE EDUCACAO MEDICA - IDOMED</p></td><td rowspan="1" colspan="1"><p>SOCIEDADE DE ENSINO SUPERIOR ESTACIO DE SA LTDA</p></td></tr></table>]]></Texto>
  </body>
  <Midias />
</article></xml>