﻿<xml><article id="45406440" name="PORTARIA NA 609 - 11.09.2025_004" idOficio="11278735" pubName="DO1" artType="Portaria" pubDate="12/09/2025" artClass="00025:00046:00000:00000:00000:00000:00000:00000:00000:00000:00054:00000" artCategory="Ministério da Educação/Secretaria de Regulação e Supervisão da Educação Superior" artSize="24" artNotes="" numberPage="71" pdfPage="http://pesquisa.in.gov.br/imprensa/jsp/visualiza/index.jsp?data=12/09/2025&amp;jornal=515&amp;pagina=71" editionNumber="174" highlightType="" highlightPriority="" highlight="" highlightimage="" highlightimagename="" idMateria="23098716">
  <body>
    <Identifica />
    <Data><![CDATA[]]></Data>
    <Ementa />
    <Titulo />
    <SubTitulo />
    <Texto><![CDATA[<p /><p></p><table><tr /><tr><td rowspan="1" colspan="1"><p>108</p></td><td rowspan="1" colspan="1"><p>202510656</p></td><td rowspan="1" colspan="1"><p>Licenciatura</p></td><td rowspan="1" colspan="1"><p>PEDAGOGIA</p></td><td rowspan="1" colspan="1"><p>40000</p></td><td rowspan="1" colspan="1"><p>CENTRO UNIVERSITARIO LEONARDO DA VINCI - UNIASSELVI</p></td><td rowspan="1" colspan="1"><p>SOCIEDADE EDUCACIONAL LEONARDO DA VINCI LTDA</p></td></tr><tr><td rowspan="1" colspan="1"><p>109</p></td><td rowspan="1" colspan="1"><p>202508340</p></td><td rowspan="1" colspan="1"><p>Tecnológico</p></td><td rowspan="1" colspan="1"><p>PODOLOGIA</p></td><td rowspan="1" colspan="1"><p>10000</p></td><td rowspan="1" colspan="1"><p>CENTRO UNIVERSITARIO LEONARDO DA VINCI - UNIASSELVI</p></td><td rowspan="1" colspan="1"><p>SOCIEDADE EDUCACIONAL LEONARDO DA VINCI LTDA</p></td></tr><tr><td rowspan="1" colspan="1"><p>110</p></td><td rowspan="1" colspan="1"><p>202509065</p></td><td rowspan="1" colspan="1"><p>Tecnológico</p></td><td rowspan="1" colspan="1"><p>PRODUÇÃO DE CERVEJA</p></td><td rowspan="1" colspan="1"><p>5000</p></td><td rowspan="1" colspan="1"><p>CENTRO UNIVERSITARIO LEONARDO DA VINCI - UNIASSELVI</p></td><td rowspan="1" colspan="1"><p>SOCIEDADE EDUCACIONAL LEONARDO DA VINCI LTDA</p></td></tr><tr><td rowspan="1" colspan="1"><p>111</p></td><td rowspan="1" colspan="1"><p>202508329</p></td><td rowspan="1" colspan="1"><p>Tecnológico</p></td><td rowspan="1" colspan="1"><p>PSICOMOTRICIDADE</p></td><td rowspan="1" colspan="1"><p>5000</p></td><td rowspan="1" colspan="1"><p>CENTRO UNIVERSITARIO LEONARDO DA VINCI - UNIASSELVI</p></td><td rowspan="1" colspan="1"><p>SOCIEDADE EDUCACIONAL LEONARDO DA VINCI LTDA</p></td></tr><tr><td rowspan="1" colspan="1"><p>112</p></td><td rowspan="1" colspan="1"><p>202510657</p></td><td rowspan="1" colspan="1"><p>Licenciatura</p></td><td rowspan="1" colspan="1"><p>PSICOPEDAGOGIA</p></td><td rowspan="1" colspan="1"><p>10000</p></td><td rowspan="1" colspan="1"><p>CENTRO UNIVERSITARIO LEONARDO DA VINCI - UNIASSELVI</p></td><td rowspan="1" colspan="1"><p>SOCIEDADE EDUCACIONAL LEONARDO DA VINCI LTDA</p></td></tr><tr><td rowspan="1" colspan="1"><p>113</p></td><td rowspan="1" colspan="1"><p>202508330</p></td><td rowspan="1" colspan="1"><p>Tecnológico</p></td><td rowspan="1" colspan="1"><p>QUALIDADE DE VIDA NA CONTEMPORANEIDADE</p></td><td rowspan="1" colspan="1"><p>5000</p></td><td rowspan="1" colspan="1"><p>CENTRO UNIVERSITARIO LEONARDO DA VINCI - UNIASSELVI</p></td><td rowspan="1" colspan="1"><p>SOCIEDADE EDUCACIONAL LEONARDO DA VINCI LTDA</p></td></tr><tr><td rowspan="1" colspan="1"><p>114</p></td><td rowspan="1" colspan="1"><p>202510637</p></td><td rowspan="1" colspan="1"><p>Licenciatura</p></td><td rowspan="1" colspan="1"><p>QUÍMICA</p></td><td rowspan="1" colspan="1"><p>7620</p></td><td rowspan="1" colspan="1"><p>CENTRO UNIVERSITARIO LEONARDO DA VINCI - UNIASSELVI</p></td><td rowspan="1" colspan="1"><p>SOCIEDADE EDUCACIONAL LEONARDO DA VINCI LTDA</p></td></tr><tr><td rowspan="1" colspan="1"><p>115</p></td><td rowspan="1" colspan="1"><p>202508327</p></td><td rowspan="1" colspan="1"><p>Tecnológico</p></td><td rowspan="1" colspan="1"><p>RADIOLOGIA</p></td><td rowspan="1" colspan="1"><p>10000</p></td><td rowspan="1" colspan="1"><p>CENTRO UNIVERSITARIO LEONARDO DA VINCI - UNIASSELVI</p></td><td rowspan="1" colspan="1"><p>SOCIEDADE EDUCACIONAL LEONARDO DA VINCI LTDA</p></td></tr><tr><td rowspan="1" colspan="1"><p>116</p></td><td rowspan="1" colspan="1"><p>202509067</p></td><td rowspan="1" colspan="1"><p>Tecnológico</p></td><td rowspan="1" colspan="1"><p>SANEAMENTO AMBIENTAL</p></td><td rowspan="1" colspan="1"><p>5000</p></td><td rowspan="1" colspan="1"><p>CENTRO UNIVERSITARIO LEONARDO DA VINCI - UNIASSELVI</p></td><td rowspan="1" colspan="1"><p>SOCIEDADE EDUCACIONAL LEONARDO DA VINCI LTDA</p></td></tr><tr><td rowspan="1" colspan="1"><p>117</p></td><td rowspan="1" colspan="1"><p>202508336</p></td><td rowspan="1" colspan="1"><p>Bacharelado</p></td><td rowspan="1" colspan="1"><p>SERVIÇO SOCIAL</p></td><td rowspan="1" colspan="1"><p>10000</p></td><td rowspan="1" colspan="1"><p>CENTRO UNIVERSITARIO LEONARDO DA VINCI - UNIASSELVI</p></td><td rowspan="1" colspan="1"><p>SOCIEDADE EDUCACIONAL LEONARDO DA VINCI LTDA</p></td></tr><tr><td rowspan="1" colspan="1"><p>118</p></td><td rowspan="1" colspan="1"><p>202517537</p></td><td rowspan="1" colspan="1"><p>Licenciatura</p></td><td rowspan="1" colspan="1"><p>SOCIOLOGIA</p></td><td rowspan="1" colspan="1"><p>7610</p></td><td rowspan="1" colspan="1"><p>CENTRO UNIVERSITARIO LEONARDO DA VINCI - UNIASSELVI</p></td><td rowspan="1" colspan="1"><p>SOCIEDADE EDUCACIONAL LEONARDO DA VINCI LTDA</p></td></tr><tr><td rowspan="1" colspan="1"><p>119</p></td><td rowspan="1" colspan="1"><p>202510654</p></td><td rowspan="1" colspan="1"><p>Licenciatura</p></td><td rowspan="1" colspan="1"><p>TEATRO</p></td><td rowspan="1" colspan="1"><p>7610</p></td><td rowspan="1" colspan="1"><p>CENTRO UNIVERSITARIO LEONARDO DA VINCI - UNIASSELVI</p></td><td rowspan="1" colspan="1"><p>SOCIEDADE EDUCACIONAL LEONARDO DA VINCI LTDA</p></td></tr><tr><td rowspan="1" colspan="1"><p>120</p></td><td rowspan="1" colspan="1"><p>202508328</p></td><td rowspan="1" colspan="1"><p>Tecnológico</p></td><td rowspan="1" colspan="1"><p>TÉCNICAS PARA ACOMPANHAMENTO TERAPÊUTICO</p></td><td rowspan="1" colspan="1"><p>5000</p></td><td rowspan="1" colspan="1"><p>CENTRO UNIVERSITARIO LEONARDO DA VINCI - UNIASSELVI</p></td><td rowspan="1" colspan="1"><p>SOCIEDADE EDUCACIONAL LEONARDO DA VINCI LTDA</p></td></tr><tr><td rowspan="1" colspan="1"><p>121</p></td><td rowspan="1" colspan="1"><p>202509421</p></td><td rowspan="1" colspan="1"><p>Tecnológico</p></td><td rowspan="1" colspan="1"><p>TECNOLOGIA EM AGROTECNOLOGIA</p></td><td rowspan="1" colspan="1"><p>5000</p></td><td rowspan="1" colspan="1"><p>CENTRO UNIVERSITARIO LEONARDO DA VINCI - UNIASSELVI</p></td><td rowspan="1" colspan="1"><p>SOCIEDADE EDUCACIONAL LEONARDO DA VINCI LTDA</p></td></tr><tr><td rowspan="1" colspan="1"><p>122</p></td><td rowspan="1" colspan="1"><p>202508335</p></td><td rowspan="1" colspan="1"><p>Bacharelado</p></td><td rowspan="1" colspan="1"><p>TERAPIA OCUPACIONAL</p></td><td rowspan="1" colspan="1"><p>10000</p></td><td rowspan="1" colspan="1"><p>CENTRO UNIVERSITARIO LEONARDO DA VINCI - UNIASSELVI</p></td><td rowspan="1" colspan="1"><p>SOCIEDADE EDUCACIONAL LEONARDO DA VINCI LTDA</p></td></tr><tr><td rowspan="1" colspan="1"><p>123</p></td><td rowspan="1" colspan="1"><p>202508333</p></td><td rowspan="1" colspan="1"><p>Tecnológico</p></td><td rowspan="1" colspan="1"><p>TERAPIAS INTEGRATIVAS E COMPLEMENTARES</p></td><td rowspan="1" colspan="1"><p>10000</p></td><td rowspan="1" colspan="1"><p>CENTRO UNIVERSITARIO LEONARDO DA VINCI - UNIASSELVI</p></td><td rowspan="1" colspan="1"><p>SOCIEDADE EDUCACIONAL LEONARDO DA VINCI LTDA</p></td></tr><tr><td rowspan="1" colspan="1"><p>124</p></td><td rowspan="1" colspan="1"><p>202509445</p></td><td rowspan="1" colspan="1"><p>Bacharelado</p></td><td rowspan="1" colspan="1"><p>AGRONOMIA</p></td><td rowspan="1" colspan="1"><p>700</p></td><td rowspan="1" colspan="1"><p>CENTRO UNIVERSITARIO MAIS - UNIMAIS</p></td><td rowspan="1" colspan="1"><p>CENTRO DE EDUCACAO SUPERIOR MAIS LTDA</p></td></tr><tr><td rowspan="1" colspan="1"><p>125</p></td><td rowspan="1" colspan="1"><p>202508611</p></td><td rowspan="1" colspan="1"><p>Bacharelado</p></td><td rowspan="1" colspan="1"><p>EDUCAÇÃO FÍSICA</p></td><td rowspan="1" colspan="1"><p>700</p></td><td rowspan="1" colspan="1"><p>CENTRO UNIVERSITARIO MAIS - UNIMAIS</p></td><td rowspan="1" colspan="1"><p>CENTRO DE EDUCACAO SUPERIOR MAIS LTDA</p></td></tr><tr><td rowspan="1" colspan="1"><p>126</p></td><td rowspan="1" colspan="1"><p>202511114</p></td><td rowspan="1" colspan="1"><p>Licenciatura</p></td><td rowspan="1" colspan="1"><p>EDUCAÇÃO FÍSICA</p></td><td rowspan="1" colspan="1"><p>700</p></td><td rowspan="1" colspan="1"><p>CENTRO UNIVERSITARIO MAIS - UNIMAIS</p></td><td rowspan="1" colspan="1"><p>CENTRO DE EDUCACAO SUPERIOR MAIS LTDA</p></td></tr><tr><td rowspan="1" colspan="1"><p>127</p></td><td rowspan="1" colspan="1"><p>202509321</p></td><td rowspan="1" colspan="1"><p>Bacharelado</p></td><td rowspan="1" colspan="1"><p>ENGENHARIA CIVIL</p></td><td rowspan="1" colspan="1"><p>700</p></td><td rowspan="1" colspan="1"><p>CENTRO UNIVERSITARIO MAIS - UNIMAIS</p></td><td rowspan="1" colspan="1"><p>CENTRO DE EDUCACAO SUPERIOR MAIS LTDA</p></td></tr><tr><td rowspan="1" colspan="1"><p>128</p></td><td rowspan="1" colspan="1"><p>202508613</p></td><td rowspan="1" colspan="1"><p>Bacharelado</p></td><td rowspan="1" colspan="1"><p>FARMÁCIA</p></td><td rowspan="1" colspan="1"><p>700</p></td><td rowspan="1" colspan="1"><p>CENTRO UNIVERSITARIO MAIS - UNIMAIS</p></td><td rowspan="1" colspan="1"><p>CENTRO DE EDUCACAO SUPERIOR MAIS LTDA</p></td></tr><tr><td rowspan="1" colspan="1"><p>129</p></td><td rowspan="1" colspan="1"><p>202508614</p></td><td rowspan="1" colspan="1"><p>Bacharelado</p></td><td rowspan="1" colspan="1"><p>FISIOTERAPIA</p></td><td rowspan="1" colspan="1"><p>700</p></td><td rowspan="1" colspan="1"><p>CENTRO UNIVERSITARIO MAIS - UNIMAIS</p></td><td rowspan="1" colspan="1"><p>CENTRO DE EDUCACAO SUPERIOR MAIS LTDA</p></td></tr><tr><td rowspan="1" colspan="1"><p>130</p></td><td rowspan="1" colspan="1"><p>202508612</p></td><td rowspan="1" colspan="1"><p>Bacharelado</p></td><td rowspan="1" colspan="1"><p>NUTRIÇÃO</p></td><td rowspan="1" colspan="1"><p>700</p></td><td rowspan="1" colspan="1"><p>CENTRO UNIVERSITARIO MAIS - UNIMAIS</p></td><td rowspan="1" colspan="1"><p>CENTRO DE EDUCACAO SUPERIOR MAIS LTDA</p></td></tr><tr><td rowspan="1" colspan="1"><p>131</p></td><td rowspan="1" colspan="1"><p>202511115</p></td><td rowspan="1" colspan="1"><p>Licenciatura</p></td><td rowspan="1" colspan="1"><p>PEDAGOGIA</p></td><td rowspan="1" colspan="1"><p>700</p></td><td rowspan="1" colspan="1"><p>CENTRO UNIVERSITARIO MAIS - UNIMAIS</p></td><td rowspan="1" colspan="1"><p>CENTRO DE EDUCACAO SUPERIOR MAIS LTDA</p></td></tr><tr><td rowspan="1" colspan="1"><p>132</p></td><td rowspan="1" colspan="1"><p>202508481</p></td><td rowspan="1" colspan="1"><p>Bacharelado</p></td><td rowspan="1" colspan="1"><p>EDUCAÇÃO FÍSICA</p></td><td rowspan="1" colspan="1"><p>450</p></td><td rowspan="1" colspan="1"><p>CENTRO UNIVERSITARIO MARIO PONTES JUCA - UMJ</p></td><td rowspan="1" colspan="1"><p>FAPEC - FUNDACAO ALAGOANA DE PESQUISA, EDUCACAO E CULTURA</p></td></tr><tr><td rowspan="1" colspan="1"><p>133</p></td><td rowspan="1" colspan="1"><p>202515713</p></td><td rowspan="1" colspan="1"><p>Bacharelado</p></td><td rowspan="1" colspan="1"><p>ENGENHARIA CIVIL</p></td><td rowspan="1" colspan="1"><p>3200</p></td><td rowspan="1" colspan="1"><p>CENTRO UNIVERSITARIO MARIO PONTES JUCA - UMJ</p></td><td rowspan="1" colspan="1"><p>FAPEC - FUNDACAO ALAGOANA DE PESQUISA, EDUCACAO E CULTURA</p></td></tr><tr><td rowspan="1" colspan="1"><p>134</p></td><td rowspan="1" colspan="1"><p>202515289</p></td><td rowspan="1" colspan="1"><p>Bacharelado</p></td><td rowspan="1" colspan="1"><p>NUTRIÇÃO</p></td><td rowspan="1" colspan="1"><p>3200</p></td><td rowspan="1" colspan="1"><p>CENTRO UNIVERSITARIO MARIO PONTES JUCA - UMJ</p></td><td rowspan="1" colspan="1"><p>FAPEC - FUNDACAO ALAGOANA DE PESQUISA, EDUCACAO E CULTURA</p></td></tr><tr><td rowspan="1" colspan="1"><p>135</p></td><td rowspan="1" colspan="1"><p>202510871</p></td><td rowspan="1" colspan="1"><p>Licenciatura</p></td><td rowspan="1" colspan="1"><p>PEDAGOGIA</p></td><td rowspan="1" colspan="1"><p>450</p></td><td rowspan="1" colspan="1"><p>CENTRO UNIVERSITARIO MARIO PONTES JUCA - UMJ</p></td><td rowspan="1" colspan="1"><p>FAPEC - FUNDACAO ALAGOANA DE PESQUISA, EDUCACAO E CULTURA</p></td></tr><tr><td rowspan="1" colspan="1"><p>136</p></td><td rowspan="1" colspan="1"><p>202515290</p></td><td rowspan="1" colspan="1"><p>Bacharelado</p></td><td rowspan="1" colspan="1"><p>SERVIÇO SOCIAL</p></td><td rowspan="1" colspan="1"><p>3200</p></td><td rowspan="1" colspan="1"><p>CENTRO UNIVERSITARIO MARIO PONTES JUCA - UMJ</p></td><td rowspan="1" colspan="1"><p>FAPEC - FUNDACAO ALAGOANA DE PESQUISA, EDUCACAO E CULTURA</p></td></tr><tr><td rowspan="1" colspan="1"><p>137</p></td><td rowspan="1" colspan="1"><p>202508273</p></td><td rowspan="1" colspan="1"><p>Bacharelado</p></td><td rowspan="1" colspan="1"><p>BIOMEDICINA</p></td><td rowspan="1" colspan="1"><p>100</p></td><td rowspan="1" colspan="1"><p>CENTRO UNIVERSITARIO MATER DEI -</p></td><td rowspan="1" colspan="1"><p>COLEGIO MATER DEI LTDA</p></td></tr><tr><td rowspan="1" colspan="1"><p>138</p></td><td rowspan="1" colspan="1"><p>202515933</p></td><td rowspan="1" colspan="1"><p>Bacharelado</p></td><td rowspan="1" colspan="1"><p>AGRONOMIA</p></td><td rowspan="1" colspan="1"><p>16000</p></td><td rowspan="1" colspan="1"><p>CENTRO UNIVERSITARIO MAUA DE BRASILIA - UNIMAUÁ</p></td><td rowspan="1" colspan="1"><p>INSTITUTO MAUA DE PESQUISA E EDUCACAO - ME</p></td></tr><tr><td rowspan="1" colspan="1"><p>139</p></td><td rowspan="1" colspan="1"><p>202515373</p></td><td rowspan="1" colspan="1"><p>Bacharelado</p></td><td rowspan="1" colspan="1"><p>BIOMEDICINA</p></td><td rowspan="1" colspan="1"><p>12800</p></td><td rowspan="1" colspan="1"><p>CENTRO UNIVERSITARIO MAUA DE BRASILIA - UNIMAUÁ</p></td><td rowspan="1" colspan="1"><p>INSTITUTO MAUA DE PESQUISA E EDUCACAO - ME</p></td></tr><tr><td rowspan="1" colspan="1"><p>140</p></td><td rowspan="1" colspan="1"><p>202508589</p></td><td rowspan="1" colspan="1"><p>Bacharelado</p></td><td rowspan="1" colspan="1"><p>EDUCAÇÃO FÍSICA</p></td><td rowspan="1" colspan="1"><p>2000</p></td><td rowspan="1" colspan="1"><p>CENTRO UNIVERSITARIO MAUA DE BRASILIA - UNIMAUÁ</p></td><td rowspan="1" colspan="1"><p>INSTITUTO MAUA DE PESQUISA E EDUCACAO - ME</p></td></tr><tr><td rowspan="1" colspan="1"><p>141</p></td><td rowspan="1" colspan="1"><p>202518025</p></td><td rowspan="1" colspan="1"><p>Licenciatura</p></td><td rowspan="1" colspan="1"><p>EDUCAÇÃO FÍSICA</p></td><td rowspan="1" colspan="1"><p>500</p></td><td rowspan="1" colspan="1"><p>CENTRO UNIVERSITARIO MAUA DE BRASILIA - UNIMAUÁ</p></td><td rowspan="1" colspan="1"><p>INSTITUTO MAUA DE PESQUISA E EDUCACAO - ME</p></td></tr><tr><td rowspan="1" colspan="1"><p>142</p></td><td rowspan="1" colspan="1"><p>202517075</p></td><td rowspan="1" colspan="1"><p>Tecnológico</p></td><td rowspan="1" colspan="1"><p>ESTÉTICA E COSMÉTICA</p></td><td rowspan="1" colspan="1"><p>9600</p></td><td rowspan="1" colspan="1"><p>CENTRO UNIVERSITARIO MAUA DE BRASILIA - UNIMAUÁ</p></td><td rowspan="1" colspan="1"><p>INSTITUTO MAUA DE PESQUISA E EDUCACAO - ME</p></td></tr><tr><td rowspan="1" colspan="1"><p>143</p></td><td rowspan="1" colspan="1"><p>202515374</p></td><td rowspan="1" colspan="1"><p>Bacharelado</p></td><td rowspan="1" colspan="1"><p>FARMÁCIA</p></td><td rowspan="1" colspan="1"><p>16000</p></td><td rowspan="1" colspan="1"><p>CENTRO UNIVERSITARIO MAUA DE BRASILIA - UNIMAUÁ</p></td><td rowspan="1" colspan="1"><p>INSTITUTO MAUA DE PESQUISA E EDUCACAO - ME</p></td></tr><tr><td rowspan="1" colspan="1"><p>144</p></td><td rowspan="1" colspan="1"><p>202508591</p></td><td rowspan="1" colspan="1"><p>Bacharelado</p></td><td rowspan="1" colspan="1"><p>FISIOTERAPIA</p></td><td rowspan="1" colspan="1"><p>1600</p></td><td rowspan="1" colspan="1"><p>CENTRO UNIVERSITARIO MAUA DE BRASILIA - UNIMAUÁ</p></td><td rowspan="1" colspan="1"><p>INSTITUTO MAUA DE PESQUISA E EDUCACAO - ME</p></td></tr><tr><td rowspan="1" colspan="1"><p>145</p></td><td rowspan="1" colspan="1"><p>202517074</p></td><td rowspan="1" colspan="1"><p>Tecnológico</p></td><td rowspan="1" colspan="1"><p>GESTÃO HOSPITALAR</p></td><td rowspan="1" colspan="1"><p>3000</p></td><td rowspan="1" colspan="1"><p>CENTRO UNIVERSITARIO MAUA DE BRASILIA - UNIMAUÁ</p></td><td rowspan="1" colspan="1"><p>INSTITUTO MAUA DE PESQUISA E EDUCACAO - ME</p></td></tr><tr><td rowspan="1" colspan="1"><p>146</p></td><td rowspan="1" colspan="1"><p>202515934</p></td><td rowspan="1" colspan="1"><p>Bacharelado</p></td><td rowspan="1" colspan="1"><p>MEDICINA VETERINÁRIA</p></td><td rowspan="1" colspan="1"><p>16000</p></td><td rowspan="1" colspan="1"><p>CENTRO UNIVERSITARIO MAUA DE BRASILIA - UNIMAUÁ</p></td><td rowspan="1" colspan="1"><p>INSTITUTO MAUA DE PESQUISA E EDUCACAO - ME</p></td></tr><tr><td rowspan="1" colspan="1"><p>147</p></td><td rowspan="1" colspan="1"><p>202508590</p></td><td rowspan="1" colspan="1"><p>Bacharelado</p></td><td rowspan="1" colspan="1"><p>NUTRIÇÃO</p></td><td rowspan="1" colspan="1"><p>1600</p></td><td rowspan="1" colspan="1"><p>CENTRO UNIVERSITARIO MAUA DE BRASILIA - UNIMAUÁ</p></td><td rowspan="1" colspan="1"><p>INSTITUTO MAUA DE PESQUISA E EDUCACAO - ME</p></td></tr><tr><td rowspan="1" colspan="1"><p>148</p></td><td rowspan="1" colspan="1"><p>202511069</p></td><td rowspan="1" colspan="1"><p>Licenciatura</p></td><td rowspan="1" colspan="1"><p>PEDAGOGIA</p></td><td rowspan="1" colspan="1"><p>500</p></td><td rowspan="1" colspan="1"><p>CENTRO UNIVERSITARIO MAUA DE BRASILIA - UNIMAUÁ</p></td><td rowspan="1" colspan="1"><p>INSTITUTO MAUA DE PESQUISA E EDUCACAO - ME</p></td></tr><tr><td rowspan="1" colspan="1"><p>149</p></td><td rowspan="1" colspan="1"><p>202515372</p></td><td rowspan="1" colspan="1"><p>Tecnológico</p></td><td rowspan="1" colspan="1"><p>RADIOLOGIA</p></td><td rowspan="1" colspan="1"><p>9600</p></td><td rowspan="1" colspan="1"><p>CENTRO UNIVERSITARIO MAUA DE BRASILIA - UNIMAUÁ</p></td><td rowspan="1" colspan="1"><p>INSTITUTO MAUA DE PESQUISA E EDUCACAO - ME</p></td></tr><tr><td rowspan="1" colspan="1"><p>150</p></td><td rowspan="1" colspan="1"><p>202509245</p></td><td rowspan="1" colspan="1"><p>Bacharelado</p></td><td rowspan="1" colspan="1"><p>ARQUITETURA E URBANISMO</p></td><td rowspan="1" colspan="1"><p>8850</p></td><td rowspan="1" colspan="1"><p>CENTRO UNIVERSITARIO MAURICIO DE NASSAU - UNINASSAU</p></td><td rowspan="1" colspan="1"><p>SER EDUCACIONAL S.A.</p></td></tr><tr><td rowspan="1" colspan="1"><p>151</p></td><td rowspan="1" colspan="1"><p>202508536</p></td><td rowspan="1" colspan="1"><p>Bacharelado</p></td><td rowspan="1" colspan="1"><p>BIOMEDICINA</p></td><td rowspan="1" colspan="1"><p>8100</p></td><td rowspan="1" colspan="1"><p>CENTRO UNIVERSITARIO MAURICIO DE NASSAU - UNINASSAU</p></td><td rowspan="1" colspan="1"><p>SER EDUCACIONAL S.A.</p></td></tr><tr><td rowspan="1" colspan="1"><p>152</p></td><td rowspan="1" colspan="1"><p>202510945</p></td><td rowspan="1" colspan="1"><p>Licenciatura</p></td><td rowspan="1" colspan="1"><p>CIÊNCIAS BIOLÓGICAS</p></td><td rowspan="1" colspan="1"><p>2000</p></td><td rowspan="1" colspan="1"><p>CENTRO UNIVERSITARIO MAURICIO DE NASSAU - UNINASSAU</p></td><td rowspan="1" colspan="1"><p>SER EDUCACIONAL S.A.</p></td></tr><tr><td rowspan="1" colspan="1"><p>153</p></td><td rowspan="1" colspan="1"><p>202516560</p></td><td rowspan="1" colspan="1"><p>Licenciatura</p></td><td rowspan="1" colspan="1"><p>EDUCAÇÃO ESPECIAL</p></td><td rowspan="1" colspan="1"><p>8000</p></td><td rowspan="1" colspan="1"><p>CENTRO UNIVERSITARIO MAURICIO DE NASSAU - UNINASSAU</p></td><td rowspan="1" colspan="1"><p>SER EDUCACIONAL S.A.</p></td></tr><tr><td rowspan="1" colspan="1"><p>154</p></td><td rowspan="1" colspan="1"><p>202508533</p></td><td rowspan="1" colspan="1"><p>Bacharelado</p></td><td rowspan="1" colspan="1"><p>EDUCAÇÃO FÍSICA</p></td><td rowspan="1" colspan="1"><p>8850</p></td><td rowspan="1" colspan="1"><p>CENTRO UNIVERSITARIO MAURICIO DE NASSAU - UNINASSAU</p></td><td rowspan="1" colspan="1"><p>SER EDUCACIONAL S.A.</p></td></tr><tr><td rowspan="1" colspan="1"><p>155</p></td><td rowspan="1" colspan="1"><p>202510940</p></td><td rowspan="1" colspan="1"><p>Licenciatura</p></td><td rowspan="1" colspan="1"><p>EDUCAÇÃO FÍSICA</p></td><td rowspan="1" colspan="1"><p>8100</p></td><td rowspan="1" colspan="1"><p>CENTRO UNIVERSITARIO MAURICIO DE NASSAU - UNINASSAU</p></td><td rowspan="1" colspan="1"><p>SER EDUCACIONAL S.A.</p></td></tr><tr><td rowspan="1" colspan="1"><p>156</p></td><td rowspan="1" colspan="1"><p>202509247</p></td><td rowspan="1" colspan="1"><p>Bacharelado</p></td><td rowspan="1" colspan="1"><p>ENGENHARIA CIVIL</p></td><td rowspan="1" colspan="1"><p>2000</p></td><td rowspan="1" colspan="1"><p>CENTRO UNIVERSITARIO MAURICIO DE NASSAU - UNINASSAU</p></td><td rowspan="1" colspan="1"><p>SER EDUCACIONAL S.A.</p></td></tr><tr><td rowspan="1" colspan="1"><p>157</p></td><td rowspan="1" colspan="1"><p>202509249</p></td><td rowspan="1" colspan="1"><p>Bacharelado</p></td><td rowspan="1" colspan="1"><p>ENGENHARIA DE PRODUÇÃO</p></td><td rowspan="1" colspan="1"><p>2000</p></td><td rowspan="1" colspan="1"><p>CENTRO UNIVERSITARIO MAURICIO DE NASSAU - UNINASSAU</p></td><td rowspan="1" colspan="1"><p>SER EDUCACIONAL S.A.</p></td></tr><tr><td rowspan="1" colspan="1"><p>158</p></td><td rowspan="1" colspan="1"><p>202509246</p></td><td rowspan="1" colspan="1"><p>Bacharelado</p></td><td rowspan="1" colspan="1"><p>ENGENHARIA ELÉTRICA</p></td><td rowspan="1" colspan="1"><p>2000</p></td><td rowspan="1" colspan="1"><p>CENTRO UNIVERSITARIO MAURICIO DE NASSAU - UNINASSAU</p></td><td rowspan="1" colspan="1"><p>SER EDUCACIONAL S.A.</p></td></tr><tr><td rowspan="1" colspan="1"><p>159</p></td><td rowspan="1" colspan="1"><p>202509244</p></td><td rowspan="1" colspan="1"><p>Bacharelado</p></td><td rowspan="1" colspan="1"><p>ENGENHARIA MECÂNICA</p></td><td rowspan="1" colspan="1"><p>2000</p></td><td rowspan="1" colspan="1"><p>CENTRO UNIVERSITARIO MAURICIO DE NASSAU - UNINASSAU</p></td><td rowspan="1" colspan="1"><p>SER EDUCACIONAL S.A.</p></td></tr><tr><td rowspan="1" colspan="1"><p>160</p></td><td rowspan="1" colspan="1"><p>202512021</p></td><td rowspan="1" colspan="1"><p>Tecnológico</p></td><td rowspan="1" colspan="1"><p>ESTÉTICA E COSMÉTICA</p></td><td rowspan="1" colspan="1"><p>8100</p></td><td rowspan="1" colspan="1"><p>CENTRO UNIVERSITARIO MAURICIO DE NASSAU - UNINASSAU</p></td><td rowspan="1" colspan="1"><p>SER EDUCACIONAL S.A.</p></td></tr><tr><td rowspan="1" colspan="1"><p>161</p></td><td rowspan="1" colspan="1"><p>202508535</p></td><td rowspan="1" colspan="1"><p>Bacharelado</p></td><td rowspan="1" colspan="1"><p>FARMÁCIA</p></td><td rowspan="1" colspan="1"><p>2000</p></td><td rowspan="1" colspan="1"><p>CENTRO UNIVERSITARIO MAURICIO DE NASSAU - UNINASSAU</p></td><td rowspan="1" colspan="1"><p>SER EDUCACIONAL S.A.</p></td></tr><tr><td rowspan="1" colspan="1"><p>162</p></td><td rowspan="1" colspan="1"><p>202508534</p></td><td rowspan="1" colspan="1"><p>Bacharelado</p></td><td rowspan="1" colspan="1"><p>FISIOTERAPIA</p></td><td rowspan="1" colspan="1"><p>8100</p></td><td rowspan="1" colspan="1"><p>CENTRO UNIVERSITARIO MAURICIO DE NASSAU - UNINASSAU</p></td><td rowspan="1" colspan="1"><p>SER EDUCACIONAL S.A.</p></td></tr><tr><td rowspan="1" colspan="1"><p>163</p></td><td rowspan="1" colspan="1"><p>202510943</p></td><td rowspan="1" colspan="1"><p>Licenciatura</p></td><td rowspan="1" colspan="1"><p>GEOGRAFIA</p></td><td rowspan="1" colspan="1"><p>500</p></td><td rowspan="1" colspan="1"><p>CENTRO UNIVERSITARIO MAURICIO DE NASSAU - UNINASSAU</p></td><td rowspan="1" colspan="1"><p>SER EDUCACIONAL S.A.</p></td></tr><tr><td rowspan="1" colspan="1"><p>164</p></td><td rowspan="1" colspan="1"><p>202509248</p></td><td rowspan="1" colspan="1"><p>Tecnológico</p></td><td rowspan="1" colspan="1"><p>GESTÃO AMBIENTAL</p></td><td rowspan="1" colspan="1"><p>2000</p></td><td rowspan="1" colspan="1"><p>CENTRO UNIVERSITARIO MAURICIO DE NASSAU - UNINASSAU</p></td><td rowspan="1" colspan="1"><p>SER EDUCACIONAL S.A.</p></td></tr></table>]]></Texto>
  </body>
  <Midias />
</article></xml>