﻿<xml><article id="45414880" name="Int_Desp_2.710_2025_DIR" idOficio="11280625" pubName="DO1" artType="Despacho" pubDate="12/09/2025" artClass="00035:00043:00021:00000:00000:00000:00000:00000:00000:00000:00024:00012" artCategory="Ministério de Minas e Energia/Agência Nacional de Energia Elétrica/Diretoria Colegiada" artSize="12" artNotes="" numberPage="169" pdfPage="http://pesquisa.in.gov.br/imprensa/jsp/visualiza/index.jsp?data=12/09/2025&amp;jornal=515&amp;pagina=169" editionNumber="174" highlightType="" highlightPriority="" highlight="" highlightimage="" highlightimagename="" idMateria="23101744">
  <body>
    <Identifica><![CDATA[ DESPACHO Nº 2.710, DE 9 DE SETEMBRO DE 2025]]></Identifica>
    <Data><![CDATA[]]></Data>
    <Ementa />
    <Titulo />
    <SubTitulo />
    <Texto><![CDATA[<p class="identifica">DESPACHO Nº 2.710, DE 9 DE SETEMBRO DE 2025</p><p>O DIRETOR-GERAL DA AGÊNCIA NACIONAL DE ENERGIA ELÉTRICA - ANEEL, no uso de suas atribuições regimentais, de acordo com deliberação da Diretoria, tendo em vista o que consta do processo nº 48500.020874/2025-35, decide:</p><p>conhecer e, no mérito, negar provimento ao pedido de medida cautelar protocolado pela Companhia Paulista de Força e Luz - CPFL Paulista cadastrada sob o CNPJ: 33.050.196/0001-88 com vistas ao ajuste temporário da referência para apuração de Adicional de Encargos de Uso do Sistema de Transmissão - ADCEUST e penalidades referentes à contratação dos Montantes de Uso do Sistema de Transmissão - MUST nos pontos de conexão: Bariri, Descalvado, Iacanga, Ibitinga-SE, Penápolis, São Carlos, São Carlos II, Ubarana e Vila Ventura.</p><p class="assina">SANDOVAL DE ARAÚJO FEITOSA</p>]]></Texto>
  </body>
  <Midias />
</article></xml>