﻿<xml><article id="45406431" name="PORTARIA NA 609 - 11.09.2025_001" idOficio="11278735" pubName="DO1" artType="Portaria" pubDate="12/09/2025" artClass="00025:00046:00000:00000:00000:00000:00000:00000:00000:00000:00054:00000" artCategory="Ministério da Educação/Secretaria de Regulação e Supervisão da Educação Superior" artSize="24" artNotes="" numberPage="69" pdfPage="http://pesquisa.in.gov.br/imprensa/jsp/visualiza/index.jsp?data=12/09/2025&amp;jornal=515&amp;pagina=69" editionNumber="174" highlightType="" highlightPriority="" highlight="" highlightimage="" highlightimagename="" idMateria="23098716">
  <body>
    <Identifica><![CDATA[ PORTARIA SERES/MEC Nº 609, DE 11 DE SETEMBRO DE 2025]]></Identifica>
    <Data><![CDATA[]]></Data>
    <Ementa />
    <Titulo />
    <SubTitulo />
    <Texto><![CDATA[<p class="identifica">PORTARIA SERES/MEC Nº 609, DE 11 DE SETEMBRO DE 2025</p><p>A SECRETÁRIA DE REGULAÇÃO E SUPERVISÃO DA EDUCAÇÃO SUPERIOR, no uso das atribuições que lhe confere o Decreto nº 11.691, de 5 de setembro de 2023, e tendo em vista os Decretos nº 9.235, de 15 de dezembro de 2017, e nº 12.456, de 19 de maio de 2025; as Portarias Normativas MEC nºs 20 e 23, de 21 de dezembro de 2017; a Portaria MEC nº 381, de 20 de maio de 2025; conforme consta dos processos e-MEC listados na planilha anexa e do processo SEI nº 23000.021707/2025-11, resolve:</p><p>Art. 1º Fica(m) autorizado(s) o(s) curso(s) superior(es) no formato semipresencial, relacionado(s) no Anexo desta Portaria, com as vagas totais anuais nele estabelecidas, nos termos do art. 10, do Decreto nº 9.235, de 2017.</p><p>Art. 2º Os endereços utilizados para as atividades presenciais dos cursos de graduação, ofertados no formato semipresencial, são, exclusivamente, aqueles constantes do Cadastro e-MEC, em conformidade com o art. 30 do Decreto nº 12.456, de 2025.</p><p>Art. 3º A(s) instituição(ões) deverá(ão) solicitar o reconhecimento do(s) curso(s), neste ato autorizado(s), nos termos do art. 46 do Decreto nº 9.235, de 2017.</p><p>Art. 4º Esta portaria entra em vigor na data de sua publicação.</p><p class="assina">MARTA ABRAMO</p><p>ANEXO</p><p /><p></p><table><tr /><tr><td rowspan="1" colspan="1"><p>Nº de Ordem</p></td><td rowspan="1" colspan="1"><p>Nº do Processo</p></td><td rowspan="1" colspan="1"><p>Grau</p></td><td rowspan="1" colspan="1"><p>Curso</p></td><td rowspan="1" colspan="1"><p>Nº de Vagas Totais Anuais</p></td><td rowspan="1" colspan="1"><p>Mantida</p></td><td rowspan="1" colspan="1"><p>Mantenedora</p></td></tr><tr><td rowspan="1" colspan="1"><p>1</p></td><td rowspan="1" colspan="1"><p>202511175</p></td><td rowspan="1" colspan="1"><p>Licenciatura</p></td><td rowspan="1" colspan="1"><p>ARTES</p></td><td rowspan="1" colspan="1"><p>1000</p></td><td rowspan="1" colspan="1"><p>CENTRO UNIVERSITARIO INTERNACIONAL SIGNORELLI - UNISIGNORELLI</p></td><td rowspan="1" colspan="1"><p>INSTITUTO DE GESTAO EDUCACIONAL SIGNORELLI LTDA.</p></td></tr><tr><td rowspan="1" colspan="1"><p>2</p></td><td rowspan="1" colspan="1"><p>202517612</p></td><td rowspan="1" colspan="1"><p>Bacharelado</p></td><td rowspan="1" colspan="1"><p>BIOMEDICINA</p></td><td rowspan="1" colspan="1"><p>1500</p></td><td rowspan="1" colspan="1"><p>CENTRO UNIVERSITARIO INTERNACIONAL SIGNORELLI - UNISIGNORELLI</p></td><td rowspan="1" colspan="1"><p>INSTITUTO DE GESTAO EDUCACIONAL SIGNORELLI LTDA.</p></td></tr><tr><td rowspan="1" colspan="1"><p>3</p></td><td rowspan="1" colspan="1"><p>202517375</p></td><td rowspan="1" colspan="1"><p>Licenciatura</p></td><td rowspan="1" colspan="1"><p>CIÊNCIAS BIOLÓGICAS</p></td><td rowspan="1" colspan="1"><p>1500</p></td><td rowspan="1" colspan="1"><p>CENTRO UNIVERSITARIO INTERNACIONAL SIGNORELLI - UNISIGNORELLI</p></td><td rowspan="1" colspan="1"><p>INSTITUTO DE GESTAO EDUCACIONAL SIGNORELLI LTDA.</p></td></tr><tr><td rowspan="1" colspan="1"><p>4</p></td><td rowspan="1" colspan="1"><p>202517935</p></td><td rowspan="1" colspan="1"><p>Licenciatura</p></td><td rowspan="1" colspan="1"><p>EDUCAÇÃO ESPECIAL</p></td><td rowspan="1" colspan="1"><p>1500</p></td><td rowspan="1" colspan="1"><p>CENTRO UNIVERSITARIO INTERNACIONAL SIGNORELLI - UNISIGNORELLI</p></td><td rowspan="1" colspan="1"><p>INSTITUTO DE GESTAO EDUCACIONAL SIGNORELLI LTDA.</p></td></tr><tr><td rowspan="1" colspan="1"><p>5</p></td><td rowspan="1" colspan="1"><p>202517545</p></td><td rowspan="1" colspan="1"><p>Bacharelado</p></td><td rowspan="1" colspan="1"><p>EDUCAÇÃO FÍSICA</p></td><td rowspan="1" colspan="1"><p>1500</p></td><td rowspan="1" colspan="1"><p>CENTRO UNIVERSITARIO INTERNACIONAL SIGNORELLI - UNISIGNORELLI</p></td><td rowspan="1" colspan="1"><p>INSTITUTO DE GESTAO EDUCACIONAL SIGNORELLI LTDA.</p></td></tr><tr><td rowspan="1" colspan="1"><p>6</p></td><td rowspan="1" colspan="1"><p>202517690</p></td><td rowspan="1" colspan="1"><p>Bacharelado</p></td><td rowspan="1" colspan="1"><p>FARMÁCIA</p></td><td rowspan="1" colspan="1"><p>1500</p></td><td rowspan="1" colspan="1"><p>CENTRO UNIVERSITARIO INTERNACIONAL SIGNORELLI - UNISIGNORELLI</p></td><td rowspan="1" colspan="1"><p>INSTITUTO DE GESTAO EDUCACIONAL SIGNORELLI LTDA.</p></td></tr><tr><td rowspan="1" colspan="1"><p>7</p></td><td rowspan="1" colspan="1"><p>202518187</p></td><td rowspan="1" colspan="1"><p>Licenciatura</p></td><td rowspan="1" colspan="1"><p>FILOSOFIA</p></td><td rowspan="1" colspan="1"><p>1500</p></td><td rowspan="1" colspan="1"><p>CENTRO UNIVERSITARIO INTERNACIONAL SIGNORELLI - UNISIGNORELLI</p></td><td rowspan="1" colspan="1"><p>INSTITUTO DE GESTAO EDUCACIONAL SIGNORELLI LTDA.</p></td></tr><tr><td rowspan="1" colspan="1"><p>8</p></td><td rowspan="1" colspan="1"><p>202518058</p></td><td rowspan="1" colspan="1"><p>Bacharelado</p></td><td rowspan="1" colspan="1"><p>FISIOTERAPIA</p></td><td rowspan="1" colspan="1"><p>1500</p></td><td rowspan="1" colspan="1"><p>CENTRO UNIVERSITARIO INTERNACIONAL SIGNORELLI - UNISIGNORELLI</p></td><td rowspan="1" colspan="1"><p>INSTITUTO DE GESTAO EDUCACIONAL SIGNORELLI LTDA.</p></td></tr><tr><td rowspan="1" colspan="1"><p>9</p></td><td rowspan="1" colspan="1"><p>202509341</p></td><td rowspan="1" colspan="1"><p>Tecnológico</p></td><td rowspan="1" colspan="1"><p>GESTÃO AMBIENTAL</p></td><td rowspan="1" colspan="1"><p>500</p></td><td rowspan="1" colspan="1"><p>CENTRO UNIVERSITARIO INTERNACIONAL SIGNORELLI - UNISIGNORELLI</p></td><td rowspan="1" colspan="1"><p>INSTITUTO DE GESTAO EDUCACIONAL SIGNORELLI LTDA.</p></td></tr><tr><td rowspan="1" colspan="1"><p>10</p></td><td rowspan="1" colspan="1"><p>202517874</p></td><td rowspan="1" colspan="1"><p>Licenciatura</p></td><td rowspan="1" colspan="1"><p>HISTÓRIA</p></td><td rowspan="1" colspan="1"><p>1500</p></td><td rowspan="1" colspan="1"><p>CENTRO UNIVERSITARIO INTERNACIONAL SIGNORELLI - UNISIGNORELLI</p></td><td rowspan="1" colspan="1"><p>INSTITUTO DE GESTAO EDUCACIONAL SIGNORELLI LTDA.</p></td></tr><tr><td rowspan="1" colspan="1"><p>11</p></td><td rowspan="1" colspan="1"><p>202518145</p></td><td rowspan="1" colspan="1"><p>Licenciatura</p></td><td rowspan="1" colspan="1"><p>LETRAS</p></td><td rowspan="1" colspan="1"><p>1500</p></td><td rowspan="1" colspan="1"><p>CENTRO UNIVERSITARIO INTERNACIONAL SIGNORELLI - UNISIGNORELLI</p></td><td rowspan="1" colspan="1"><p>INSTITUTO DE GESTAO EDUCACIONAL SIGNORELLI LTDA.</p></td></tr><tr><td rowspan="1" colspan="1"><p>12</p></td><td rowspan="1" colspan="1"><p>202511177</p></td><td rowspan="1" colspan="1"><p>Licenciatura</p></td><td rowspan="1" colspan="1"><p>MATEMÁTICA</p></td><td rowspan="1" colspan="1"><p>1000</p></td><td rowspan="1" colspan="1"><p>CENTRO UNIVERSITARIO INTERNACIONAL SIGNORELLI - UNISIGNORELLI</p></td><td rowspan="1" colspan="1"><p>INSTITUTO DE GESTAO EDUCACIONAL SIGNORELLI LTDA.</p></td></tr><tr><td rowspan="1" colspan="1"><p>13</p></td><td rowspan="1" colspan="1"><p>202518054</p></td><td rowspan="1" colspan="1"><p>Bacharelado</p></td><td rowspan="1" colspan="1"><p>NUTRIÇÃO</p></td><td rowspan="1" colspan="1"><p>1500</p></td><td rowspan="1" colspan="1"><p>CENTRO UNIVERSITARIO INTERNACIONAL SIGNORELLI - UNISIGNORELLI</p></td><td rowspan="1" colspan="1"><p>INSTITUTO DE GESTAO EDUCACIONAL SIGNORELLI LTDA.</p></td></tr><tr><td rowspan="1" colspan="1"><p>14</p></td><td rowspan="1" colspan="1"><p>202511176</p></td><td rowspan="1" colspan="1"><p>Licenciatura</p></td><td rowspan="1" colspan="1"><p>PEDAGOGIA</p></td><td rowspan="1" colspan="1"><p>2500</p></td><td rowspan="1" colspan="1"><p>CENTRO UNIVERSITARIO INTERNACIONAL SIGNORELLI - UNISIGNORELLI</p></td><td rowspan="1" colspan="1"><p>INSTITUTO DE GESTAO EDUCACIONAL SIGNORELLI LTDA.</p></td></tr><tr><td rowspan="1" colspan="1"><p>15</p></td><td rowspan="1" colspan="1"><p>202511178</p></td><td rowspan="1" colspan="1"><p>Licenciatura</p></td><td rowspan="1" colspan="1"><p>Programa especial de formação pedagógica para docentes para as disciplinas do currículo do ensino fundamental, médio e ed. Profissional em nível médio</p></td><td rowspan="1" colspan="1"><p>1500</p></td><td rowspan="1" colspan="1"><p>CENTRO UNIVERSITARIO INTERNACIONAL SIGNORELLI - UNISIGNORELLI</p></td><td rowspan="1" colspan="1"><p>INSTITUTO DE GESTAO EDUCACIONAL SIGNORELLI LTDA.</p></td></tr><tr><td rowspan="1" colspan="1"><p>16</p></td><td rowspan="1" colspan="1"><p>202517731</p></td><td rowspan="1" colspan="1"><p>Bacharelado</p></td><td rowspan="1" colspan="1"><p>SERVIÇO SOCIAL</p></td><td rowspan="1" colspan="1"><p>1000</p></td><td rowspan="1" colspan="1"><p>CENTRO UNIVERSITARIO INTERNACIONAL SIGNORELLI - UNISIGNORELLI</p></td><td rowspan="1" colspan="1"><p>INSTITUTO DE GESTAO EDUCACIONAL SIGNORELLI LTDA.</p></td></tr><tr><td rowspan="1" colspan="1"><p>17</p></td><td rowspan="1" colspan="1"><p>202518062</p></td><td rowspan="1" colspan="1"><p>Licenciatura</p></td><td rowspan="1" colspan="1"><p>ARTES VISUAIS</p></td><td rowspan="1" colspan="1"><p>500</p></td><td rowspan="1" colspan="1"><p>CENTRO UNIVERSITARIO INVEST - UNINVEST</p></td><td rowspan="1" colspan="1"><p>INSTITUTO INVEST DE EDUCACAO CONSULTORIA E ASSESSORIA LTDA</p></td></tr><tr><td rowspan="1" colspan="1"><p>18</p></td><td rowspan="1" colspan="1"><p>202516669</p></td><td rowspan="1" colspan="1"><p>Licenciatura</p></td><td rowspan="1" colspan="1"><p>ARTES CÊNICAS</p></td><td rowspan="1" colspan="1"><p>8000</p></td><td rowspan="1" colspan="1"><p>CENTRO UNIVERSITARIO ITOP - UNITOP</p></td><td rowspan="1" colspan="1"><p>INSTITUTO TOCANTINENSE DE EDUCACAO SUPERIOR E PESQUISA LTDA - ME</p></td></tr><tr><td rowspan="1" colspan="1"><p>19</p></td><td rowspan="1" colspan="1"><p>202516673</p></td><td rowspan="1" colspan="1"><p>Licenciatura</p></td><td rowspan="1" colspan="1"><p>BIOLOGIA</p></td><td rowspan="1" colspan="1"><p>8000</p></td><td rowspan="1" colspan="1"><p>CENTRO UNIVERSITARIO ITOP - UNITOP</p></td><td rowspan="1" colspan="1"><p>INSTITUTO TOCANTINENSE DE EDUCACAO SUPERIOR E PESQUISA LTDA - ME</p></td></tr><tr><td rowspan="1" colspan="1"><p>20</p></td><td rowspan="1" colspan="1"><p>202515396</p></td><td rowspan="1" colspan="1"><p>Bacharelado</p></td><td rowspan="1" colspan="1"><p>BIOMEDICINA</p></td><td rowspan="1" colspan="1"><p>8000</p></td><td rowspan="1" colspan="1"><p>CENTRO UNIVERSITARIO ITOP - UNITOP</p></td><td rowspan="1" colspan="1"><p>INSTITUTO TOCANTINENSE DE EDUCACAO SUPERIOR E PESQUISA LTDA - ME</p></td></tr><tr><td rowspan="1" colspan="1"><p>21</p></td><td rowspan="1" colspan="1"><p>202515395</p></td><td rowspan="1" colspan="1"><p>Bacharelado</p></td><td rowspan="1" colspan="1"><p>EDUCAÇÃO FÍSICA</p></td><td rowspan="1" colspan="1"><p>8000</p></td><td rowspan="1" colspan="1"><p>CENTRO UNIVERSITARIO ITOP - UNITOP</p></td><td rowspan="1" colspan="1"><p>INSTITUTO TOCANTINENSE DE EDUCACAO SUPERIOR E PESQUISA LTDA - ME</p></td></tr><tr><td rowspan="1" colspan="1"><p>22</p></td><td rowspan="1" colspan="1"><p>202516671</p></td><td rowspan="1" colspan="1"><p>Licenciatura</p></td><td rowspan="1" colspan="1"><p>EDUCAÇÃO FÍSICA</p></td><td rowspan="1" colspan="1"><p>8000</p></td><td rowspan="1" colspan="1"><p>CENTRO UNIVERSITARIO ITOP - UNITOP</p></td><td rowspan="1" colspan="1"><p>INSTITUTO TOCANTINENSE DE EDUCACAO SUPERIOR E PESQUISA LTDA - ME</p></td></tr><tr><td rowspan="1" colspan="1"><p>23</p></td><td rowspan="1" colspan="1"><p>202515818</p></td><td rowspan="1" colspan="1"><p>Bacharelado</p></td><td rowspan="1" colspan="1"><p>ENGENHARIA AMBIENTAL E SANITÁRIA</p></td><td rowspan="1" colspan="1"><p>10000</p></td><td rowspan="1" colspan="1"><p>CENTRO UNIVERSITARIO ITOP - UNITOP</p></td><td rowspan="1" colspan="1"><p>INSTITUTO TOCANTINENSE DE EDUCACAO SUPERIOR E PESQUISA LTDA - ME</p></td></tr><tr><td rowspan="1" colspan="1"><p>24</p></td><td rowspan="1" colspan="1"><p>202515817</p></td><td rowspan="1" colspan="1"><p>Bacharelado</p></td><td rowspan="1" colspan="1"><p>ENGENHARIA CIVIL</p></td><td rowspan="1" colspan="1"><p>25000</p></td><td rowspan="1" colspan="1"><p>CENTRO UNIVERSITARIO ITOP - UNITOP</p></td><td rowspan="1" colspan="1"><p>INSTITUTO TOCANTINENSE DE EDUCACAO SUPERIOR E PESQUISA LTDA - ME</p></td></tr><tr><td rowspan="1" colspan="1"><p>25</p></td><td rowspan="1" colspan="1"><p>202515819</p></td><td rowspan="1" colspan="1"><p>Bacharelado</p></td><td rowspan="1" colspan="1"><p>ENGENHARIA DE PRODUÇÃO</p></td><td rowspan="1" colspan="1"><p>10000</p></td><td rowspan="1" colspan="1"><p>CENTRO UNIVERSITARIO ITOP - UNITOP</p></td><td rowspan="1" colspan="1"><p>INSTITUTO TOCANTINENSE DE EDUCACAO SUPERIOR E PESQUISA LTDA - ME</p></td></tr><tr><td rowspan="1" colspan="1"><p>26</p></td><td rowspan="1" colspan="1"><p>202516670</p></td><td rowspan="1" colspan="1"><p>Licenciatura</p></td><td rowspan="1" colspan="1"><p>GEOGRAFIA</p></td><td rowspan="1" colspan="1"><p>8000</p></td><td rowspan="1" colspan="1"><p>CENTRO UNIVERSITARIO ITOP - UNITOP</p></td><td rowspan="1" colspan="1"><p>INSTITUTO TOCANTINENSE DE EDUCACAO SUPERIOR E PESQUISA LTDA - ME</p></td></tr><tr><td rowspan="1" colspan="1"><p>27</p></td><td rowspan="1" colspan="1"><p>202515816</p></td><td rowspan="1" colspan="1"><p>Tecnológico</p></td><td rowspan="1" colspan="1"><p>GESTÃO AMBIENTAL</p></td><td rowspan="1" colspan="1"><p>17500</p></td><td rowspan="1" colspan="1"><p>CENTRO UNIVERSITARIO ITOP - UNITOP</p></td><td rowspan="1" colspan="1"><p>INSTITUTO TOCANTINENSE DE EDUCACAO SUPERIOR E PESQUISA LTDA - ME</p></td></tr><tr><td rowspan="1" colspan="1"><p>28</p></td><td rowspan="1" colspan="1"><p>202517084</p></td><td rowspan="1" colspan="1"><p>Tecnológico</p></td><td rowspan="1" colspan="1"><p>GESTÃO HOSPITALAR</p></td><td rowspan="1" colspan="1"><p>6000</p></td><td rowspan="1" colspan="1"><p>CENTRO UNIVERSITARIO ITOP - UNITOP</p></td><td rowspan="1" colspan="1"><p>INSTITUTO TOCANTINENSE DE EDUCACAO SUPERIOR E PESQUISA LTDA - ME</p></td></tr><tr><td rowspan="1" colspan="1"><p>29</p></td><td rowspan="1" colspan="1"><p>202516672</p></td><td rowspan="1" colspan="1"><p>Licenciatura</p></td><td rowspan="1" colspan="1"><p>HISTÓRIA</p></td><td rowspan="1" colspan="1"><p>8000</p></td><td rowspan="1" colspan="1"><p>CENTRO UNIVERSITARIO ITOP - UNITOP</p></td><td rowspan="1" colspan="1"><p>INSTITUTO TOCANTINENSE DE EDUCACAO SUPERIOR E PESQUISA LTDA - ME</p></td></tr><tr><td rowspan="1" colspan="1"><p>30</p></td><td rowspan="1" colspan="1"><p>202516668</p></td><td rowspan="1" colspan="1"><p>Licenciatura</p></td><td rowspan="1" colspan="1"><p>LETRAS - PORTUGUÊS E INGLÊS</p></td><td rowspan="1" colspan="1"><p>8000</p></td><td rowspan="1" colspan="1"><p>CENTRO UNIVERSITARIO ITOP - UNITOP</p></td><td rowspan="1" colspan="1"><p>INSTITUTO TOCANTINENSE DE EDUCACAO SUPERIOR E PESQUISA LTDA - ME</p></td></tr><tr><td rowspan="1" colspan="1"><p>31</p></td><td rowspan="1" colspan="1"><p>202516667</p></td><td rowspan="1" colspan="1"><p>Licenciatura</p></td><td rowspan="1" colspan="1"><p>LETRAS - PORTUGUÊS E LITERATURA</p></td><td rowspan="1" colspan="1"><p>8000</p></td><td rowspan="1" colspan="1"><p>CENTRO UNIVERSITARIO ITOP - UNITOP</p></td><td rowspan="1" colspan="1"><p>INSTITUTO TOCANTINENSE DE EDUCACAO SUPERIOR E PESQUISA LTDA - ME</p></td></tr><tr><td rowspan="1" colspan="1"><p>32</p></td><td rowspan="1" colspan="1"><p>202516674</p></td><td rowspan="1" colspan="1"><p>Licenciatura</p></td><td rowspan="1" colspan="1"><p>MATEMÁTICA</p></td><td rowspan="1" colspan="1"><p>20000</p></td><td rowspan="1" colspan="1"><p>CENTRO UNIVERSITARIO ITOP - UNITOP</p></td><td rowspan="1" colspan="1"><p>INSTITUTO TOCANTINENSE DE EDUCACAO SUPERIOR E PESQUISA LTDA - ME</p></td></tr><tr><td rowspan="1" colspan="1"><p>33</p></td><td rowspan="1" colspan="1"><p>202511159</p></td><td rowspan="1" colspan="1"><p>Licenciatura</p></td><td rowspan="1" colspan="1"><p>PEDAGOGIA</p></td><td rowspan="1" colspan="1"><p>350</p></td><td rowspan="1" colspan="1"><p>CENTRO UNIVERSITARIO ITOP - UNITOP</p></td><td rowspan="1" colspan="1"><p>INSTITUTO TOCANTINENSE DE EDUCACAO SUPERIOR E PESQUISA LTDA - ME</p></td></tr><tr><td rowspan="1" colspan="1"><p>34</p></td><td rowspan="1" colspan="1"><p>202515815</p></td><td rowspan="1" colspan="1"><p>Tecnológico</p></td><td rowspan="1" colspan="1"><p>SANEAMENTO AMBIENTAL</p></td><td rowspan="1" colspan="1"><p>4000</p></td><td rowspan="1" colspan="1"><p>CENTRO UNIVERSITARIO ITOP - UNITOP</p></td><td rowspan="1" colspan="1"><p>INSTITUTO TOCANTINENSE DE EDUCACAO SUPERIOR E PESQUISA LTDA - ME</p></td></tr><tr><td rowspan="1" colspan="1"><p>35</p></td><td rowspan="1" colspan="1"><p>202515394</p></td><td rowspan="1" colspan="1"><p>Bacharelado</p></td><td rowspan="1" colspan="1"><p>SERVIÇO SOCIAL</p></td><td rowspan="1" colspan="1"><p>8000</p></td><td rowspan="1" colspan="1"><p>CENTRO UNIVERSITARIO ITOP - UNITOP</p></td><td rowspan="1" colspan="1"><p>INSTITUTO TOCANTINENSE DE EDUCACAO SUPERIOR E PESQUISA LTDA - ME</p></td></tr><tr><td rowspan="1" colspan="1"><p>36</p></td><td rowspan="1" colspan="1"><p>202515634</p></td><td rowspan="1" colspan="1"><p>Bacharelado</p></td><td rowspan="1" colspan="1"><p>ARQUITETURA E URBANISMO</p></td><td rowspan="1" colspan="1"><p>6000</p></td><td rowspan="1" colspan="1"><p>CENTRO UNIVERSITARIO JORGE AMADO - UNIJORGE</p></td><td rowspan="1" colspan="1"><p>ASBEC-SOCIEDADE BAIANA DE EDUCACAO E CULTURA LTDA</p></td></tr><tr><td rowspan="1" colspan="1"><p>37</p></td><td rowspan="1" colspan="1"><p>202508224</p></td><td rowspan="1" colspan="1"><p>Bacharelado</p></td><td rowspan="1" colspan="1"><p>BIOMEDICINA</p></td><td rowspan="1" colspan="1"><p>500</p></td><td rowspan="1" colspan="1"><p>CENTRO UNIVERSITARIO JORGE AMADO - UNIJORGE</p></td><td rowspan="1" colspan="1"><p>ASBEC-SOCIEDADE BAIANA DE EDUCACAO E CULTURA LTDA</p></td></tr><tr><td rowspan="1" colspan="1"><p>38</p></td><td rowspan="1" colspan="1"><p>202510484</p></td><td rowspan="1" colspan="1"><p>Licenciatura</p></td><td rowspan="1" colspan="1"><p>CIÊNCIAS BIOLÓGICAS</p></td><td rowspan="1" colspan="1"><p>500</p></td><td rowspan="1" colspan="1"><p>CENTRO UNIVERSITARIO JORGE AMADO - UNIJORGE</p></td><td rowspan="1" colspan="1"><p>ASBEC-SOCIEDADE BAIANA DE EDUCACAO E CULTURA LTDA</p></td></tr><tr><td rowspan="1" colspan="1"><p>39</p></td><td rowspan="1" colspan="1"><p>202510479</p></td><td rowspan="1" colspan="1"><p>Licenciatura</p></td><td rowspan="1" colspan="1"><p>CIÊNCIAS SOCIAIS</p></td><td rowspan="1" colspan="1"><p>500</p></td><td rowspan="1" colspan="1"><p>CENTRO UNIVERSITARIO JORGE AMADO - UNIJORGE</p></td><td rowspan="1" colspan="1"><p>ASBEC-SOCIEDADE BAIANA DE EDUCACAO E CULTURA LTDA</p></td></tr><tr><td rowspan="1" colspan="1"><p>40</p></td><td rowspan="1" colspan="1"><p>202510481</p></td><td rowspan="1" colspan="1"><p>Licenciatura</p></td><td rowspan="1" colspan="1"><p>EDUCAÇÃO ESPECIAL</p></td><td rowspan="1" colspan="1"><p>500</p></td><td rowspan="1" colspan="1"><p>CENTRO UNIVERSITARIO JORGE AMADO - UNIJORGE</p></td><td rowspan="1" colspan="1"><p>ASBEC-SOCIEDADE BAIANA DE EDUCACAO E CULTURA LTDA</p></td></tr></table>]]></Texto>
  </body>
  <Midias />
</article></xml>