﻿<xml><article id="45406077" name="CONSULTA PUBLICA NA 36 DE 11 DE " idOficio="11278897" pubName="DO1" artType="Aviso de Consulta Pública" pubDate="12/09/2025" artClass="00019:00031:00000:00000:00000:00000:00000:00000:00000:00000:00017:00000" artCategory="Ministério do Desenvolvimento, Indústria, Comércio e Serviços/Secretaria de Desenvolvimento Industrial, Inovação, Comércio e Serviços" artSize="24" artNotes="" numberPage="30" pdfPage="http://pesquisa.in.gov.br/imprensa/jsp/visualiza/index.jsp?data=12/09/2025&amp;jornal=515&amp;pagina=30" editionNumber="174" highlightType="" highlightPriority="" highlight="" highlightimage="" highlightimagename="" idMateria="23098916">
  <body>
    <Identifica><![CDATA[ CONSULTA PÚBLICA Nº 36, DE 11 DE SETEMBRO DE 2025]]></Identifica>
    <Data><![CDATA[]]></Data>
    <Ementa />
    <Titulo />
    <SubTitulo />
    <Texto><![CDATA[<p class="identifica">CONSULTA PÚBLICA Nº 36, DE 11 DE SETEMBRO DE 2025</p><p>A Secretaria de Desenvolvimento Industrial, Inovação, Comércio e Serviços do Ministério do Desenvolvimento, Indústria, Comércio e Serviços, de acordo com os artigos 8º e 9º da Portaria Interministerial MDIC nº 56, de 3 de maio de 2024, torna pública a proposta de fixação do Processo Produtivo Básico - PPB de MECANISMO RECICLADOR/RECIRCULADOR AUTOMÁTICO DE CÉDULAS OU PAPEL-MOEDA PARA TERMINAIS DE AUTOATENDIMENTO E/OU AUTOMAÇÃO DE RETAGUARDA, DE BAIXA CAPACIDADE, COMPOSTO DE UNIDADE DE AUTENTICAÇÃO, UNIDADE DE CARGA, UNIDADE DE RECICLAGEM E UNIDADE DE DEPÓSITO.</p><p>O texto completo está disponível no sítio da Secretaria, no endereço: https://www.gov.br/mdic/pt-br/assuntos/competitividade-industrial/processo-produtivo-basico-ppb/novo-portal/consultas-publicas.</p><p>As manifestações deverão ser encaminhadas no prazo máximo de 15 (quinze) dias, a contar da data de publicação desta Consulta no Diário Oficial da União, a todos os seguintes e-mails: cgel.ppb@mdic.gov.br, cgia@mcti.gov.br, cgtd@mcti.gov.br e cgpri.ppb@suframa.gov.br.</p><p class="assina">UALLACE MOREIRA LIMA</p><p class="cargo">Secretário</p><p>ANEXO</p><p>PROPOSTA Nº 010/25 - fixação do Processo Produtivo Básico - PPB para MECANISMO RECICLADOR/RECIRCULADOR AUTOMÁTICO DE CÉDULAS OU PAPEL-MOEDA PARA TERMINAIS DE AUTOATENDIMENTO E/OU AUTOMAÇÃO DE RETAGUARDA, DE BAIXA CAPACIDADE, COMPOSTO DE UNIDADE DE AUTENTICAÇÃO, UNIDADE DE CARGA, UNIDADE DE RECICLAGEM E UNIDADE DE DEPÓSITO.</p><p>OBS.: A consulta está em forma de Portaria na versão da Lei de Informática, mas também vale para a versão da Zona Franca de Manaus.</p><p>Art. 1º O Processo Produtivo Básico do produto fixação do Processo Produtivo Básico - PPB para MECANISMO RECICLADOR/RECIRCULADOR AUTOMÁTICO DE CÉDULAS OU PAPEL-MOEDA PARA TERMINAIS DE AUTOATENDIMENTO E/OU AUTOMAÇÃO DE RETAGUARDA, DE BAIXA CAPACIDADE, COMPOSTO DE UNIDADE DE AUTENTICAÇÃO, UNIDADE DE CARGA, UNIDADE DE RECICLAGEM E UNIDADE DE DEPÓSITO, industrializados no País, passa a ser composto pelas etapas e respectivas pontuações relacionadas na tabela constante do Anexo I desta Portaria Interministerial.</p><p>§ 1º Os pontos totais serão atribuídos a cada etapa de produção realizada, conforme o disposto no Anexo II desta Portaria, sendo que a empresa deverá acumular os pontos por ano-calendário.</p><p>§ 2º O projeto de desenvolvimento a que se refere a etapa I do Anexo I desta Portaria só será pontuado para os produtos que atendam às especificações, normas e padrões adotados pela legislação brasileira e cujas especificações, projetos e desenvolvimentos tenham sido realizados no País, por técnicos de comprovado conhecimento em tais atividades, residentes e domiciliados no Brasil e atendam às Portarias específicas do Ministério da Ciência, Tecnologia e Inovação.</p><p>§ 3º Entende-se como MECANISMO RECICLADOR/ RECIRCULADOR AUTOMÁTICO DE CÉDULAS OU PAPEL-MOEDA PARA TERMINAIS DE AUTOATENDIMENTO E/OU AUTOMAÇÃO DE RETAGUARDA, DE BAIXA CAPACIDADE, COMPOSTO DE UNIDADE DE AUTENTICAÇÃO, UNIDADE DE CARGA, UNIDADE DE RECICLAGEM E UNIDADE DE DEPÓSITO o produto que possua em sua composição as seguintes unidades:</p><p>I - Unidade de autenticação;</p><p>II - Unidade de carga;</p><p>III - Unidade de reciclagem; e</p><p>IV - Unidade de depósito.</p><p>§ 4º Desde que atendido o Processo Produtivo Básico, as unidades que compõem o MECANISMO RECICLADOR/ RECIRCULADOR AUTOMÁTICO DE CÉDULAS OU PAPEL-MOEDA PARA TERMINAIS DE AUTOATENDIMENTO E/OU AUTOMAÇÃO DE RETAGUARDA, DE BAIXA CAPACIDADE, COMPOSTO DE UNIDADE DE AUTENTICAÇÃO, UNIDADE DE CARGA, UNIDADE DE RECICLAGEM E UNIDADE DE DEPÓSITO, poderão ser vendidos separadamente.</p><p>§ 5º O MECANISMO RECICLADOR/ RECIRCULADOR AUTOMÁTICO DE CÉDULAS OU PAPEL-MOEDA PARA TERMINAIS DE AUTOATENDIMENTO E/OU AUTOMAÇÃO DE RETAGUARDA, DE BAIXA CAPACIDADE, COMPOSTO DE UNIDADE DE AUTENTICAÇÃO, UNIDADE DE CARGA, UNIDADE DE RECICLAGEM E UNIDADE DE DEPÓSITO, poderá ser comercializado de forma completa, ou apenas a unidade de autenticação, ou ainda, a unidade de autenticação agregada a outra unidade do produto ou, finalmente, cada unidade, de forma individualizada.</p><p>§ 6º Entende-se por MECANISMO RECICLADOR/ RECIRCULADOR AUTOMÁTICO DE CÉDULAS OU PAPEL-MOEDA PARA TERMINAIS DE AUTOATENDIMENTO E/OU AUTOMAÇÃO DE RETAGUARDA, DE BAIXA CAPACIDADE, o mecanismo que possui a capacidade de reciclagem de até 2.000 (duas mil) cédulas.</p><p>§ 7º A unidade de autenticação é composta por 4 (quatro) subconjuntos obrigatórios: subconjunto de processamento/classificação (contendo sistema tracionador, sistema de transporte e módulo validador), compartimento de armazenagem temporária (ESCROW), dispositivo de recolhimento das cédulas não coletadas (saque) e a placa controladora principal do mecanismo reciclador e 2 (dois) subconjuntos opcionais: estrutura de separação de cofre e estrutura de queda livre de cédulas monetárias.</p><p>§ 8º A unidade de carga é composta por 3 (três) subconjuntos obrigatórios: subconjunto estrutural externo (equipado com sistema de transporte de cédulas monetárias, sinalização luminosa e mecanismo de segurança); cassete de carregamento e a placa de comunicação.</p><p>§ 9º A unidade de reciclagem é composta por 3 (três) subconjuntos obrigatórios: subconjunto estrutural externo (equipado com sistema de transporte de cédulas monetárias, sinalização luminosa e mecanismo de segurança); cassete de reciclagem de cédulas monetárias em sistema de rolo e fita e a placa de comunicação.</p><p>§ 10. A unidade de depósito é composta por 3 (três) subconjuntos obrigatórios: subconjunto estrutural externo (equipado com sistema de transporte de cédulas monetárias, sinalização luminosa e mecanismo de segurança); cassete de depósito e a placa de comunicação.</p><p>Art. 2º Quando a produção atingir o valor de 10.000 (dez mil) unidades, no ano-calendário, as metas estabelecidas no Anexo II desta Portaria, para as unidades constantes deste artigo, deverão ser as seguintes:</p><p>I - mecanismo reciclador/recirculador automático de cédulas ou papel-moeda para terminais de autoatendimento e/ou automação de retaguarda (na forma de conjunto completo): 693 (seiscentos e noventa e três) pontos;</p><p>II - unidade de carga: 101 (cento e um) pontos; e</p><p>III - unidade de reciclagem: 123 (cento e vinte e três) pontos.</p><p>Art. 3º O investimento em Pesquisa, Desenvolvimento e Inovação Adicional (PD&amp;IA) ao exigido pela legislação a que se refere a etapa II do Anexo I deverá ser aplicado em programas e projetos de interesse nacional nas áreas de tecnologias da informação e comunicação considerados prioritários pelo Comitê da Área de Tecnologia da Informação - CATI.</p><p>§ 1º O investimento a que se refere o caput deste artigo deverá ser calculado sobre o faturamento bruto incentivado no mercado interno, decorrente da comercialização, dos produtos a que se refere esta Portaria, nos termos dos §§1º e 2º do art. 9º do Decreto nº 10.356, de 20 de maio de 2020.</p><p>§ 2º A comprovação do investimento em PD&amp;IA deverá ser apresentada de forma discriminada junto com o relatório descritivo referente à obrigação estabelecida na Lei nº 8.248, de 23 de outubro de 1991.</p><p>§ 3º Para efeito do disposto no caput, serão considerados como aplicação em atividades de PD&amp;IA do ano-calendário os dispêndios correspondentes à execução de tais atividades realizados até 31 de março do ano subsequente.</p><p>Art. 4º Sempre que fatores técnicos ou econômicos, devidamente comprovados, assim o determinarem, a realização de qualquer etapa do Processo Produtivo Básico poderá ser suspensa temporariamente ou modificada, por meio de portaria conjunta dos Ministérios da Economia e da Ciência, Tecnologia e Inovações.</p><p>Art. 5º Esta portaria entra em vigor na data de sua publicação.</p><p>Anexo I</p><p /><p></p><table><tr /><tr><td rowspan="1" colspan="1"><p>Etapa</p></td><td rowspan="1" colspan="1"><p>Descrição da etapa produtiva</p></td><td rowspan="1" colspan="1"><p>Pontos Totais</p></td></tr><tr><td rowspan="1" colspan="1"><p>I</p></td><td rowspan="1" colspan="1"><p>Projeto de Desenvolvimento no País - Portaria MCT nº 950, de 12 de dezembro de 2006, ou Portaria MCTIC nº 1.309, de 19 de dezembro de 2013, ou Portaria MCTIC nº 356, de 19 de janeiro de 2018, ou Portaria MCTIC nº 3.303, de 25 de junho de 2018, ou Portaria MCTI nº 4.514, de 2 de março de 2021.</p></td><td rowspan="1" colspan="1"><p>80</p></td></tr><tr><td rowspan="1" colspan="1"><p>II</p></td><td rowspan="1" colspan="1"><p>Investimento em Pesquisa, Desenvolvimento e Inovação Adicional (PD&amp;IA), valendo 20 pontos para cada 1% investido, limitado a 60 pontos.</p></td><td rowspan="1" colspan="1"><p>60</p></td></tr><tr><td rowspan="1" colspan="1"><p>III</p></td><td rowspan="1" colspan="1"><p>Desenvolvimento do software embarcado de baixo nível (firmware) da placa de circuito impresso controladora da unidade de autenticação.</p></td><td rowspan="1" colspan="1"><p>20</p></td></tr><tr><td rowspan="1" colspan="1"><p>IV</p></td><td rowspan="1" colspan="1"><p>Estampagem da tampa lateral de acabamento do subconjunto gabinete externo montado da unidade de carga.</p></td><td rowspan="1" colspan="1"><p>27</p></td></tr><tr><td rowspan="1" colspan="1"><p>V</p></td><td rowspan="1" colspan="1"><p>Estampagem da tampa lateral de acabamento do subconjunto gabinete externo montado da unidade de reciclagem.</p></td><td rowspan="1" colspan="1"><p>27</p></td></tr><tr><td rowspan="1" colspan="1"><p>VI</p></td><td rowspan="1" colspan="1"><p>Furação, transferência de imagem, corrosão, acabamento mecânico e teste elétrico da placa de circuito impresso controladora da unidade de autenticação.</p></td><td rowspan="1" colspan="1"><p>177</p></td></tr><tr><td rowspan="1" colspan="1"><p>VII</p></td><td rowspan="1" colspan="1"><p>Montagem e soldagem de todos os componentes nas placas de circuito impresso controladora principal da unidade de autenticação.</p></td><td rowspan="1" colspan="1"><p>296</p></td></tr><tr><td rowspan="1" colspan="1"><p>VIII</p></td><td rowspan="1" colspan="1"><p>Furação, transferência de imagem, corrosão, acabamento mecânico e teste elétrico placas de circuitos impressos com função de comunicação da unidade de carga.</p></td><td rowspan="1" colspan="1"><p>27</p></td></tr><tr><td rowspan="1" colspan="1"><p>IX</p></td><td rowspan="1" colspan="1"><p>Montagem e soldagem de todos os componentes nas placas de circuito impresso de comunicação da unidade de carga.</p></td><td rowspan="1" colspan="1"><p>45</p></td></tr><tr><td rowspan="1" colspan="1"><p>X</p></td><td rowspan="1" colspan="1"><p>Furação, transferência de imagem, corrosão, acabamento mecânico e teste elétrico placas de circuitos impressos com função de comunicação da unidade de reciclagem.</p></td><td rowspan="1" colspan="1"><p>38</p></td></tr><tr><td rowspan="1" colspan="1"><p>XI</p></td><td rowspan="1" colspan="1"><p>Montagem e soldagem de todos os componentes nas placas de circuito impresso principal da unidade de reciclagem.</p></td><td rowspan="1" colspan="1"><p>63</p></td></tr><tr><td rowspan="1" colspan="1"><p>XII</p></td><td rowspan="1" colspan="1"><p>Furação, transferência de imagem, corrosão, acabamento mecânico e teste elétrico placas de circuitos impressos com função de comunicação da unidade de depósito.</p></td><td rowspan="1" colspan="1"><p>27</p></td></tr><tr><td rowspan="1" colspan="1"><p>XIII</p></td><td rowspan="1" colspan="1"><p>Montagem e soldagem de todos os componentes nas placas de circuito impresso principal da unidade de depósito.</p></td><td rowspan="1" colspan="1"><p>45</p></td></tr><tr><td rowspan="1" colspan="1"><p>XIV</p></td><td rowspan="1" colspan="1"><p>Integração da placa de circuito impresso principal e das partes elétricas e mecânicas desagregadas em, no mínimo, em 4 (quatro) partes, para a formação da unidade de autenticação.</p></td><td rowspan="1" colspan="1"><p>59</p></td></tr><tr><td rowspan="1" colspan="1"><p>XV</p></td><td rowspan="1" colspan="1"><p>Integração da placa de circuito impresso principal e das partes elétricas e mecânicas, desagregadas em, no mínimo, 3 (três) partes, para a formação da unidade de carga.</p></td><td rowspan="1" colspan="1"><p>9</p></td></tr><tr><td rowspan="1" colspan="1"><p>XVI</p></td><td rowspan="1" colspan="1"><p>Integração da placa de circuito impresso principal e das partes elétricas e mecânicas, desagregadas em, no mínimo, 3 (três) partes, para a formação da unidade de reciclagem.</p></td><td rowspan="1" colspan="1"><p>13</p></td></tr><tr><td rowspan="1" colspan="1"><p>XVII</p></td><td rowspan="1" colspan="1"><p>Integração da placa de circuito impresso principal e das partes elétricas e mecânicas, desagregadas em, no mínimo, 3 (três) partes, para a formação da unidade de depósito.</p></td><td rowspan="1" colspan="1"><p>9</p></td></tr><tr><td rowspan="1" colspan="1"><p>XVIII</p></td><td rowspan="1" colspan="1"><p>Integração dos módulos para a formação final do mecanismo circulador/ recirculador.</p></td><td rowspan="1" colspan="1"><p>80</p></td></tr><tr><td rowspan="1" colspan="1"><p>XIX</p></td><td rowspan="1" colspan="1"><p>Testes.</p></td><td rowspan="1" colspan="1"><p>20</p></td></tr><tr><td rowspan="1" colspan="1"><p></p></td><td rowspan="1" colspan="1"><p>TOTAL</p></td><td rowspan="1" colspan="1"><p>1.122</p></td></tr></table><p>Anexo II</p><p /><p></p><table><tr /><tr><td rowspan="1" colspan="1"><p>Meta de Pontos por tipo de Equipamentos</p></td><td rowspan="1" colspan="1"><p>Pontos a Cumprir</p></td></tr><tr><td rowspan="1" colspan="1"><p>Mecanismo reciclador/recirculador automático de cédulas ou papel-moeda para terminais de autoatendimento e/ou automação de retaguarda, composto de unidade de autenticação, unidade de carga, unidade de reciclagem e unidade de depósito.</p></td><td rowspan="1" colspan="1"><p>638</p></td></tr><tr><td rowspan="1" colspan="1"><p>Unidade de autenticação</p></td><td rowspan="1" colspan="1"><p>375</p></td></tr><tr><td rowspan="1" colspan="1"><p>Unidade de carga</p></td><td rowspan="1" colspan="1"><p>74</p></td></tr><tr><td rowspan="1" colspan="1"><p>Unidade de reciclagem</p></td><td rowspan="1" colspan="1"><p>96</p></td></tr><tr><td rowspan="1" colspan="1"><p>Unidade de depósito</p></td><td rowspan="1" colspan="1"><p>74</p></td></tr></table>]]></Texto>
  </body>
  <Midias />
</article></xml>