﻿<xml><article id="45416618" name="82- Setembro" idOficio="11280886" pubName="DO1" artType="Portaria" pubDate="12/09/2025" artClass="00015:00027:00014:00001:00000:00000:00000:00000:00000:00000:00054:00000" artCategory="Ministério da Cultura/Instituto do Patrimônio Histórico e Artístico Nacional/Departamento de Ações Estratégicas e Intersetoriais/Centro Nacional de Arqueologia" artSize="12" artNotes="" numberPage="23" pdfPage="http://pesquisa.in.gov.br/imprensa/jsp/visualiza/index.jsp?data=12/09/2025&amp;jornal=515&amp;pagina=23" editionNumber="174" highlightType="" highlightPriority="" highlight="" highlightimage="" highlightimagename="" idMateria="23102118">
  <body>
    <Identifica><![CDATA[ Portaria nº 82, de 11 de setembro de 2025]]></Identifica>
    <Data><![CDATA[]]></Data>
    <Ementa />
    <Titulo />
    <SubTitulo />
    <Texto><![CDATA[<p class="identifica">Portaria nº 82, de 11 de setembro de 2025</p><p>A DIRETORA DO CENTRO NACIONAL DE ARQUEOLOGIA DO DEPARTAMENTO DE AÇÕES ESTRATÉGICAS E INTERSETORIAIS DO INSTITUTO DO PATRIMÔNIO HISTÓRICO E ARTÍSTICO NACIONAL - IPHAN, no uso da atribuição que lhe foi conferida pela Portaria de Pessoal MINC n.º 581, de 19/08/2025, e de acordo com o disposto no Decreto n.º 11.178, de 18/08/2022, e com a Lei n.º 3.924, de 26/07/1961, e com a Portaria SPHAN n.º 07, de 1º/12/1988, e ainda do que consta dos processos administrativos relacionados nos anexos a esta Portaria, resolve:</p><p>I - Expedir PERMISSÃO, sem prejuízo das demais autorizações exigíveis por diferentes órgãos e entidades da Administração Pública, aos arqueólogos coordenadores dos projetos das pesquisas arqueológicas relacionadas no anexo I desta Portaria, regidos pela Portaria Iphan nº 230/02;</p><p>II - Expedir RENOVAÇÃO, sem prejuízo das demais autorizações exigíveis por diferentes órgãos e entidades da Administração Pública, aos arqueólogos coordenadores dos projetos das pesquisas arqueológicas relacionadas no anexo II desta Portaria, regidos pela Instrução Normativa 001/2015, de 25 de março de 2015;</p><p>III - Expedir AUTORIZAÇÃO, sem prejuízo das demais autorizações exigíveis por diferentes órgãos e entidades da Administração Pública, aos arqueólogos coordenadores dos projetos e programas de pesquisas arqueológicas relacionadas no anexo III desta Portaria, regidos pela Instrução Normativa 001/2015, de 25 de março de 2015;</p><p>IV - As autorizações para a execução dos projetos e programas relacionados nesta Portaria não correspondem à manifestação conclusiva do Iphan para fins de obtenção de licença ambiental.</p><p>V - As Superintendências Estaduais são as unidades responsáveis pela aprovação dos projetos e programas de sua competência, cujas execuções estão sendo autorizadas na presente portaria, bem como pela fiscalização e monitoramento das ações oriundas dos mesmos, com base nas vistorias realizadas a partir do cronograma do projeto, inclusive no que diz respeito à destinação e à guarda do material coletado, assim como das ações de preservação e valorização dos remanescentes.</p><p>VI - Condicionar a eficácia das presentes autorizações, permissões e renovações à apresentação, por parte dos arqueólogos coordenadores, de relatórios parciais e finais, em meio físico e digital, ao término dos prazos fixados nos projetos de pesquisa anexos a esta Portaria.</p><p>VII- Esta Portaria entra em vigor na data de sua publicação</p><p class="assina">Alyne Mayra Rufino dos Santos</p><p>ANEXO I</p><p>01-Processo nº: 01506.003316/2013-58</p><p>Projeto: Prospecção Arqueológica e Educação Patrimonial do Loteamento Figueira Garden 2 - Etapa 2</p><p>Arqueóloga Coordenadora: Lúcia de Jesus Cardoso Oliveira Juliani</p><p>Apoio Institucional: Museu Municipal Elisabeth Aytai</p><p>Área de Abrangência: Município de Bragança Paulista, no Estado de São Paulo</p><p>Prazo de Validade: 04 (quatro) meses</p><p>02-Processo nº 01508.000676/2014-69</p><p>Projeto: Monitoramento Arqueológico e Educação Patrimonial na área das Obras de Pavimentação da Rodovia PR-092 em Doutor Ulysses - KM 117,88 ao 129,83 com extensão de 11,95 KM - Novo Lote 01</p><p>Arqueólogo Coordenador: Rodrigo Junghans</p><p>Apoio Institucional: Laboratório de Arqueologia, Etnologia e Etno-História (LAEE) - Universidade Estadual de Maringá (UEM)</p><p>Área de Abrangência: Municípios de Cerro Azul e Doutor Ulysses, no Estado do Paraná</p><p>Prazo de Validade: 05 (cinco) meses</p><p>ANEXO II</p><p>01-Enquadramento IN: Nível III</p><p>Empreendedor: Idiomar Zanella</p><p>Empreendimento: PCH Safira</p><p>Processo nº 001508.000606/2024-82</p><p>Projeto: Avaliação de Impacto ao Patrimônio Arqueológico na área do Empreendimento PCH Safira</p><p>Arqueólogo Coordenador: Valdir Luiz Schwengber</p><p>Arqueólogo Coordenador de Campo: Alessandro De Bona Mello</p><p>Apoio Institucional: Laboratório de Arqueologia, Etnologia e Etno-história - LAEE/UEM</p><p>Área de Abrangência: Municípios de Clevelândia e Honório Serpa, no Estado do Paraná</p><p>Prazo de Validade: 03 (três) meses</p><p>02-Enquadramento IN: Nível II</p><p>Empreendedor: Secretaria de Estado de Infraestrutura e Mobilidade (SIE)</p><p>Empreendimento: Implantação e Pavimentação Asfáltica da Rodovia SC-370, trecho Rio Rufino (entr com a SC112) - Urubici (entr com a SC- 110)</p><p>Processo nº 01510.000703/2022-64</p><p>Projeto: Acompanhamento Arqueológico das Obras de Implantação e Pavimentação Asfáltica da Rodovia SC-370, municípios de Urubici e Rio Rufino/SC</p><p>Arqueóloga Coordenadora Geral: Marina Lopes da Fonseca</p><p>Arqueólogo Coordenador de Campo: Lara Delabary Dutra</p><p>Área de Abrangência: Municípios de Urubici e Rio Rufino, no Estado de Santa Catarina</p><p>Prazo de Validade: 20 (vinte) meses</p><p>03-Enquadramento IN: Nível II</p><p>Empreendedor: Consórcio Nova Ponte</p><p>Empreendimento: Ponte de Guaratuba e Acessos PR-412</p><p>Processo nº 01508.000250/2020-53</p><p>Projeto: Salvamento Arqueológico na Ponte de Guaratuba e Acessos</p><p>Arqueóloga Coordenadora: Sergia Meire da Silva</p><p>Arqueólogo Coordenador de Campo: Pedro Mateus Oliveira Abrantes Procedino</p><p>Apoio Institucional: Laboratório de Arqueologia, Etnologia e Etno-História (LAEE) - Universidade Estadual de Maringá (UEM)</p><p>Área de Abrangência: Município de Guaratuba, no Estado do Paraná</p><p>Prazo de Validade: 06 (seis) meses</p><p>ANEXO III</p><p>01-Enquadramento IN: Nível III</p><p>Empreendedor: Centrais Elétricas Brasileiras S.A. Eletrobras</p><p>Empreendimento: Complexo Fotovoltaico Fortim</p><p>Processo nº 01496.000402/2025-17</p><p>Projeto: Avaliação de Impacto ao Patrimônio Arqueológico na área do Complexo Fotovoltaico Fortim</p><p>Arqueóloga Coordenadora: Emília Maria Almeida Arnaldo</p><p>Arqueólogo Coordenador de Campo: Everaldo Gomes Dourado</p><p>Apoio Institucional: Instituto de Patrimônio e Guarda Arqueológica - IPGA</p><p>Área de abrangência: Município de Fortim, no Estado do Ceará</p><p>Prazo de Validade: 03 (três) meses</p><p>02-Enquadramento IN: Nível III</p><p>Empreendedor: Condomínio Bomm Krebs SPE Ltda</p><p>Empreendimento: Loteamento Condomínio de Chácaras Bomm&amp;Krebs</p><p>Processo nº 01508.000472/2025-81</p><p>Projeto: Avaliação de Impacto ao Patrimônio Arqueológico na Área do Loteamento Condomínio de Chácaras Bomm&amp;Krebs</p><p>Arqueóloga Coordenadora: Amanda Lopes da Silva</p><p>Arqueólogo Coordenador de Campo: Alexsandro Sanches de Oliveira</p><p>Apoio Institucional: Laboratório de Arqueologia Etnologia e Etno-História (LAEE) - Universidade Estadual de Maringá (UEM)</p><p>Área de Abrangência: Município de Cascavel, no Estado do Paraná</p><p>Prazo de Validade: 04 (quatro) meses</p><p>03-Enquadramento IN: Nível III</p><p>Empreendedor: Loteamento Armando Miqueiro SPE Ltda</p><p>Empreendimento: Loteamento Armando Miqueiro SPE Ltda</p><p>Processo nº 01492.000558/2024-49</p><p>Projeto: Avaliação do Impacto ao Patrimônio Arqueológico na área do empreendimento Loteamento Armando Miqueiro SPE Ltda</p><p>Arqueólogo Coordenador: Wagner Fernando da Veiga e Silva</p><p>Arqueólogo Coordenador de Campo: Wagner Fernando da Veiga e Silva</p><p>Apoio Institucional: Núcleo de Arqueologia, Etnologia e Educação Patrimonial (NAEEP) - Fundação Casa da Cultura de Marabá (FCCM)</p><p>Área de Abrangência: Município de Itaituba, no Estado do Pará</p><p>Prazo de Validade: 04 (quatro) meses</p><p>04-Enquadramento IN: Nível II</p><p>Empreendedor: Departamento de Estradas de Rodagem do Estado da Paraíba - DER/PB</p><p>Empreendimento: Rodovia Vicinal nos trechos entre Boqueirão, Campo Verde, Marinho e Floresta</p><p>Processo nº 01408.000170/2025-31</p><p>Projeto: Acompanhamento Arqueológico das obras de pavimentação de Rodovia Vicinal nos trechos entre Boqueirão, Campo Verde, Marinho e Floresta</p><p>Arqueóloga Coordenadora: Jade Paiva de Lima</p><p>Arqueóloga Coordenadora de Campo: Jade Paiva de Lima</p><p>Área de Abrangência: Municípios de Boqueirão e Floresta, no Estado da Paraíba</p><p>Prazo de Validade: 18 (dezoito) meses</p><p>05-Enquadramento IN: Nível III</p><p>Empreendedor: Gustavo Henrique Carvalho Alberini</p><p>Empreendimento: CGH Formiga</p><p>Processo nº 01425.000178/2024-16</p><p>Projeto: Avaliação de impacto ao patrimônio arqueológico na CGH Formiga</p><p>Arqueólogo Coordenador geral e de campo: Rodrigo Penha Freitas de Melo</p><p>Apoio Institucional: Museu de História Natural de Mato Grosso</p><p>Área de Abrangência: Município de de Sorriso, Estado de Mato Grosso</p><p>Prazo de Validade: 04 (quatro) meses</p><p>06-Enquadramento IN: Nível III</p><p>Empreendedor: Quatro Irmãos Empreendimentos Imobiliários LTDA</p><p>Empreendimento: Condomínio Vertical Universitário</p><p>Processo n.º 01508.000605/2025-19</p><p>Projeto: Avaliação de Impacto ao Patrimônio Arqueológico Condomínio Vertical Universitário.</p><p>Arqueólogo Coordenador: Amanda Lopes da Silva</p><p>Arqueólogo de Campo: Alexsandro Sanches de Oliveira</p><p>Apoio Institucional: Laboratório de Arqueologia, Etnologia e Etno-História (LAEE) - Universidade Estadual de Maringá (UEM).</p><p>Área de Abrangência: Município de Cascavel, Estado do Paraná.</p><p>Prazo de Validade: 04 (quatro) meses</p><p>07-Enquadramento IN: Nível III</p><p>Empreendedor: Joaquim Ribas de Andrade Ribeiro</p><p>Empreendimento: Loteamento Construtora Andrade Ribeiro</p><p>Processo nº 01508.000712/2025-47</p><p>Projeto: Avaliação de Impacto ao Patrimônio Arqueológico na área do Loteamento Construtora Andrade Ribeiro</p><p>Arqueólogo Coordenador: Diogo Gomes</p><p>Arqueólogo Coordenador de Campo: Diogo Gomes</p><p>Apoio Institucional: Laboratório de Arqueologia, Etnologia e Etno-história (LAEE) da Universidade Estadual de Maringá (UEM)</p><p>Área de Abrangência: Município de Campo Magro, novEstado do Paraná</p><p>Prazo de Validade: 04 (quatro) meses</p><p>08-Enquadramento IN: Nível III</p><p>Empreendedor: Secretaria de Estado de Infraestrutura e Logística - SINFRA/MT</p><p>Empreendimento: Pavimentação Asfáltica da Rodovia MT- 199, Trecho 1: Divisa Brasil/Bolívia - Com extensão de 40 km", localizado no município de Vila Bela da Santíssima Trindade - Mato Grosso</p><p>Processo n.º: 01425.000277/2025-71</p><p>Projeto: Avaliação de Impacto ao Patrimônio Arqueológico na área da Pavimentação Asfáltica da Rodovia MT- 199, Trecho 1: Divisa Brasil/Bolívia - Início da Pavimentação (Início do PU Vila Bela da Santíssima Trindade) e Acesso ao Destacamento Militar Palmarito, com extensão de 40 km</p><p>Arqueólogo Coordenador: Marcos Vinicius Oliveira dos Santos</p><p>Arqueólogo de Campo: Karla Freitas Oliveira</p><p>Apoio Institucional: Museu de História Natural de Alta Floresta - Universidade Federal do Mato Grosso (UFMT)</p><p>Área de Abrangência: município de Vila Bela da Santíssima Trindade, no Estado do Mato Grosso</p><p>Prazo de Validade: 03 (três) meses</p><p>09-Enquadramento IN: Nível III</p><p>Empreendedor: MVM Participações</p><p>Empreendimento: Condomínio Pousada da Lagoa II</p><p>Processo nº 01512.000160/2025-16</p><p>Projeto: Avaliação de Impacto ao Patrimônio Arqueológico Condomínio Pousada da Lagoa II</p><p>Arqueóloga Coordenadora: Marina Amanda Barth</p><p>Arqueóloga Coordenadora de Campo: Marina Amanda Barth</p><p>Apoio Institucional: Associação Pró-ensino em Santa Cruz do Sul - APESC / Centro de Ensino e Pesquisas Arqueológicas - CEPA da UNISC</p><p>Área de Abrangência: Município de Arroio do Sal, no Estado do Rio Grande do Sul</p><p>Prazo de Validade: 06 (seis) meses</p><p>10-Enquadramento IN: Nível III</p><p>Empreendedor: Delfos Loteadora e Incorporadora SPE LTDA</p><p>Empreendimento: Loteamento para Fins Residenciais</p><p>Processo nº 01512.000342/2025-89</p><p>Projeto: Avaliação de Impacto ao Patrimônio Arqueológico na Área de Implantação do Loteamento para Fins Residenciais</p><p>Arqueóloga Coordenadora: Renata Rauber</p><p>Arqueóloga Coordenadora de Campo: Renata Rauber</p><p>Apoio Institucional: Núcleo de Pré-História e Arqueologia (NUPHA) da Universidade de Passo Fundo - UPF</p><p>Área de Abrangência: Município de Guaíba, Estado do Rio Grande do Sul</p><p>Prazo de Validade: 03 (três) meses</p><p>11-Enquadramento IN: Nível III</p><p>Empreendedor: Mineração Portobello ltda</p><p>Empreendimento: Extração de Argila a Céu Aberto</p><p>Processo nº 01504.000019/2025-12</p><p>Projeto: Avaliação de Impacto ao Patrimônio Arqueológico - Extração de argila a céu aberto em Cedro de São João</p><p>Arqueóloga Coordenadora: Gleyce da Conceição Lopes dos Santos</p><p>Arqueólogo Coordenador de Campo: Josué Lopes dos Santos</p><p>Apoio Institucional: Museu de Arqueologia de Xingó da Universidade Federal de Sergipe</p><p>Área de Abrangência: Município de Cedro de São João, no Estado de Sergipe</p><p>Prazo de Validade: 02 (dois) meses</p><p>12-Enquadramento IN: Nível III</p><p>Empreendedor: Tenda Negócios Imobiliários S.A.</p><p>Empreendimento: Condomínio Giardinos Trebbiano e Nebbiolo</p><p>Processo n.º 01508.000065/2025-73</p><p>Projeto: Avaliação de Impacto ao Patrimônio Arqueológico na área do Condomínio Giardinos Trebbiano e Nebbiolo</p><p>Arqueólogos coordenadores: Lilia Benevides Guedes e Adilson Pereira Nascimento Júnior</p><p>Arqueólogo coordenador de Campo: Fernando José Cantele</p><p>Apoio Institucional: Laboratório de Arqueologia Etnologia e Etno-história da Universidade Estadual de Maringá (LAEE/UEM)</p><p>Área de Abrangência: Município de Curitiba, estado do Paraná</p><p>Prazo de Validade: 04 (quatro) meses</p><p>13-Enquadramento IN: Nível III</p><p>Empreendedor: Umuarama Administradora de Imóveis Ltda</p><p>Empreendimento: Umuarama Imóveis</p><p>Processo nº 01492.000229/2025-89</p><p>Projeto: Avaliação de Impacto ao Patrimônio Arqueológico na Área de Implantação do Loteamento Umuarama Imóveis, no município no município de Canãa dos Carajás</p><p>Arqueólogo Coordenador: Wagner Fernando da Veiga e Silva</p><p>Arqueólogo Coordenador de Campo: Wagner Fernando da Veiga e Silva</p><p>Apoio Institucional: Núcleo de Arqueologia de Marabá (NAM) Hilmar Harry Kluck - Fundação Casa da Cultura de Marabá</p><p>Área de Abrangência: Município de Canãa dos Carajás, no Estado do Pará</p><p>Prazo de Validade: 06(seis) meses</p><p>14-Enquadramento IN: Nível III</p><p>Empreendedor: White Mineração, Importação e Exportação Ltda</p><p>Empreendimento: Extração Sununga</p><p>Processo n.º 01496.000247/2025-21</p><p>Projeto: Avaliação de Impacto ao Patrimônio Arqueológico na Área da Extração Sununga</p><p>Arqueólogo Coordenador: Felipe de Souza Soares</p><p>Arqueólogo Coordenador de Campo: Felipe de Souza Soares</p><p>Apoio Institucional: Instituto Tembetá Instituto de Arqueologia e Patrimônio Cultural do Ceará</p><p>Área de Abrangência: Município de Granja, no Estado do Ceará</p><p>Prazo de Validade: 02 (dois) meses</p><p>15-Enquadramento IN: Nível III</p><p>Empreendedor: Rôgga Construtora e Incorporadora</p><p>Empreendimento: Residencial Multifamiliar Terceira Letra</p><p>Processo nº 01450.010687/2024-31</p><p>Projeto: Avaliação de Impacto ao Patrimônio Arqueológico na Área de Implantação do Residencial Multifamiliar Terceira Letra</p><p>Arqueólogo Coordenador: Valdir Luiz Schwengber</p><p>Arqueólogo Coordenador de Campo: Jedson Francisco Cerezer</p><p>Apoio Institucional: Laboratório de Arqueologia Pedro Ignácio Schmitz - LAPIS</p><p>Área de Abrangência: Município de Barra Velha, no Estado de Santa Catarina</p><p>Prazo de Validade: 04 (quatro) meses</p><p>16-Enquadramento IN: Nível II</p><p>Empreendedor: Águas Cuiabá</p><p>Empreendimento: Melhorias no sistema de drenagem e esgotamento sanitário na bacia do córrego da prainha</p><p>Processo nº 01450.010496/2024-70</p><p>Projeto: Acompanhamento Arqueológico do empreendimento Melhorias no Sistema de Drenagem e Esgotamento Sanitário na Bacia do Córrego da Prainha</p><p>Arqueólogo Coordenador : Daniel dos Santos Correa</p><p>Arqueólogo Coordenador de Campo: Daniel dos Santos Correa</p><p>Área de Abrangência: Município de Cuiabá, no Estado de Mato Grosso</p><p>Prazo de validade: 12 meses</p><p>17-Enquadramento IN: Nível III</p><p>Empreendedor: EBES Sistemas de Energia S.A</p><p>Empreendimento: Fazenda Solar Mucambo</p><p>Processo nº 01496.000155/2022-06</p><p>Projeto: Avaliação de Impacto ao Patrimônio Arqueológico na Área do empreendimento Fazenda Solar Mucambo</p><p>Arqueólogo Coordenador: Felipe Silva Sales</p><p>Arqueólogos de Campo: Vanessa da Silva Belarmino, Shilton Paes Ribeiro Alves</p><p>Apoio Institucional: Instituto Tembetá Instituto de Arqueologia e Patrimônio Cultural do Ceará</p><p>Área de Abrangência: Município de Mucambo, no Estado do Ceará</p><p>Prazo de Validade: 06 (seis) meses</p><p>18-Enquadramento IN: Nível III</p><p>Empreendedor: STAFF SPE Ltda</p><p>Empreendimento: Condomínio Residencial STAFF</p><p>Processo nº 01424.000124/2025-33</p><p>Projeto: Avaliação de Impacto ao Patrimônio Arqueológico (PAIPA): Condomínio Residencial Staff</p><p>Arqueólogo Coordenador Geral: Keyla Maria Ribeiro Frazão</p><p>Arqueólogo coordenador de Campo: Lucas Renan da Silva</p><p>Apoio Institucional: Núcleo de Pesquisa Arqueológica (NuPArq) do Instituto de Pesquisas Científicas e Tecnológicas do Estado do Amapá</p><p>Área de Abrangência: Município de Santana, no Estado do Amapá</p><p>Prazo de Validade: 06 (seis) meses</p><p>19-Enquadramento IN: Nível III</p><p>Empreendedor: E M Krum Construtora Ltda</p><p>Empreendimento: Condomínio Vertical Lotão</p><p>Processo nº 01508.000611/2025-76</p><p>Projeto: Avaliação de Impacto ao Patrimônio Arqueológico no Condomínio Vertical Lotão</p><p>Arqueóloga Coordenadora: Amanda Lopes da Silva</p><p>Arqueólogo Coordenador de Campo: Alexsandro Sanches de Oliveira</p><p>Apoio Institucional: Laboratório de Arqueologia e Etnologia e Etno-História - Universidade Estadual de Maringá</p><p>Área de Abrangência: Município de Cascavel, no Estado de Minas Gerais</p><p>Prazo de Validade: 04 (quatro) meses</p><p>20-Enquadramento IN: Nível III</p><p>Empreendedor: Poutrinha Geração de Energia 37 Ltda</p><p>Empreendimento: Fazenda Solar Santa Quitéria</p><p>Processo nº 01496.000115/2022-56</p><p>Projeto: Avaliação de Impacto ao Patrimônio Arqueológico para a Área do Empreendimento Fazenda Solar Santa Quitéria</p><p>Arqueólogo Coordenador: Felipe Silva Sales</p><p>Arqueólogo Coordenador de Campo: Shilton Paes Ribeiro Alves</p><p>Apoio Institucional: Reserva Técnica de Arqueologia - Instituto Tembetá - Instituto de Arqueologia e Patrimônio Cultural do Ceará</p><p>Área de Abrangência: Município de Santa Quitéria, no Estado do Ceará</p><p>Prazo de Validade: 03 (três) meses</p><p>21-Enquadramento IN: Nível III</p><p>Empreendedor: Areal Touguinha</p><p>Empreendimento: Areal Touguinha</p><p>Processo nº 01512.000259/2025-18</p><p>Projeto: Avaliação de Impacto ao Patrimônio Arqueológico da Área de Implantação do Areal Touguinha</p><p>Arqueóloga Coordenadora: Mariana Costa de Moraes Fernandes</p><p>Arqueóloga Coordenadora de Campo: Mariana Costa de Moraes Fernandes</p><p>Apoio Institucional: LEPAN Reserva Técnica de Arqueologia da Universidade Federal do Rio Grande (FURG)</p><p>Área de Abrangência: Município de Rio Grande, no Estado do Rio Grande do Sul</p><p>Prazo de Validade: 05 (cinco) meses</p><p>22-Enquadramento IN: Nível III</p><p>Empreendedor: Unimin do Brasil Ltda</p><p>Empreendimento: Mina Morro Bonito Etapa 3</p><p>Processo nº 01510.000962/2019-90</p><p>Projeto: Avaliação de Impacto ao Patrimônio Arqueológico na Área da Mina Morro Bonito Etapa 3</p><p>Arqueólogos Coordenadores: Juliano Gordo Costa e Marina da Fonseca Lopes</p><p>Arqueólogo Coordenador de Campo: Juliano Gordo Costa</p><p>Apoio Institucional: Laboratório de Arqueologia Pedro Ignácio Schmitz - Universidade do Extremo Sul Catarinense (LAPIS - UNESC)</p><p>Área de Abrangência: Município de Jaguaruna, no Estado de Santa Catarina</p><p>Prazo de Validade: 06 (seis) meses</p><p>23-Enquadramento IN: Nível III</p><p>Empreendedor: CRVR Companhia Riograndense de Valorização de Resíduos Ltda</p><p>Empreendimento: Central de Tratamento de Resíduos</p><p>Processo nº 01512.000440/2021-92</p><p>Projeto: Programa de Gestão do Patrimônio Arqueológico na Área de Implantação da Central de Tratamento de Resíduos</p><p>Arqueólogo Coordenador: André Garcia Loureiro</p><p>Arqueólogo de Campo: Lúcio Lemes</p><p>Apoio Institucional: Centro de Ensino e Pesquisas Arqueológicas (CEPA) - Universidade de Santa Cruz do Sul (UNISC)</p><p>Área de Abrangência: município de Alegrete, estado do Rio Grande do Sul</p><p>Prazo de Validade: 24 (vinte e quatro) meses</p><p>24-Enquadramento IN: Nível III</p><p>Empreendedor: FSM Empreendimentos SPE</p><p>Empreendimento: Empreendimento Sereníssima Condomínio Fazenda</p><p>Processo nº 01450.004010/2024-64</p><p>Projeto: Programa de Gestão do Patrimônio Arqueológico na Área de Implantação do Empreendimento Sereníssima Condomínio Fazenda</p><p>Arqueólogo Coordenador: Valdir Luiz Schwengber</p><p>Arqueólogos Coordenadores de Campo: Alessandro De Bona Mello e Éberson Martins do Couto</p><p>Apoio Institucional: Núcleo de Estudos Etnológicos e Arqueológicos do Centro de Memória do Oeste de Santa Catarina (NEEA/CEOM) - Universidade Comunitária da Região de Chapecó (UNOCHAPECÓ)</p><p>Área de Abrangência: Município de Itajaí, no Estado de Santa Catarina</p><p>Prazo de Validade: 24 (vinte e quatro) meses</p><p>25-Enquadramento IN: Nível III</p><p>Empreendedor: Mirante Do Pirapo - Participações Ltda</p><p>Empreendimento: Loteamento Fazenda</p><p>Processo nº 01508.000501/2024-23</p><p>Projeto: Programa de Gestão do Patrimônio Arqueológico no Loteamento Fazenda</p><p>Arqueólogo Coordenador: Jardel Stenio de Araujo Barbosa</p><p>Arqueólogos Coordenadores de Campo: Cassiano Bervig e Ana Claudia Fragoso</p><p>Apoio Institucional: Laboratório de Arqueologia, Etnologia e Etno-História (LAEE) - Universidade Estadual de Maringá (UEM)</p><p>Área de Abrangência: Município de Iguaraçu, no Estado do Paraná</p><p>Prazo de Validade: 10 (dez) meses</p>]]></Texto>
  </body>
  <Midias />
</article></xml>