﻿<xml><article id="45406329" name="PORTARIA NA 607 - 11.09.2025_006" idOficio="11278735" pubName="DO1" artType="Portaria" pubDate="12/09/2025" artClass="00025:00046:00000:00000:00000:00000:00000:00000:00000:00000:00054:00000" artCategory="Ministério da Educação/Secretaria de Regulação e Supervisão da Educação Superior" artSize="24" artNotes="" numberPage="54" pdfPage="http://pesquisa.in.gov.br/imprensa/jsp/visualiza/index.jsp?data=12/09/2025&amp;jornal=515&amp;pagina=54" editionNumber="174" highlightType="" highlightPriority="" highlight="" highlightimage="" highlightimagename="" idMateria="23098714">
  <body>
    <Identifica />
    <Data><![CDATA[]]></Data>
    <Ementa />
    <Titulo />
    <SubTitulo />
    <Texto><![CDATA[<p /><p></p><table><tr /><tr><td rowspan="1" colspan="1"><p>223</p></td><td rowspan="1" colspan="1"><p>202508419</p></td><td rowspan="1" colspan="1"><p>Bacharelado</p></td><td rowspan="1" colspan="1"><p>BIOMEDICINA</p></td><td rowspan="1" colspan="1"><p>1000</p></td><td rowspan="1" colspan="1"><p>CENTRO UNIVERSITARIO ESTACIO DE BRASILIA - ESTACIO BRASILIA - ESTÁCIO BRASÍLIA</p></td><td rowspan="1" colspan="1"><p>IESST - INSTITUTO DE ENSINO SUPERIOR SOCIAL E TECNOLOGICO</p></td></tr><tr><td rowspan="1" colspan="1"><p>224</p></td><td rowspan="1" colspan="1"><p>202507829</p></td><td rowspan="1" colspan="1"><p>Bacharelado</p></td><td rowspan="1" colspan="1"><p>CIÊNCIAS BIOLÓGICAS</p></td><td rowspan="1" colspan="1"><p>1000</p></td><td rowspan="1" colspan="1"><p>CENTRO UNIVERSITARIO ESTACIO DE BRASILIA - ESTACIO BRASILIA - ESTÁCIO BRASÍLIA</p></td><td rowspan="1" colspan="1"><p>IESST - INSTITUTO DE ENSINO SUPERIOR SOCIAL E TECNOLOGICO</p></td></tr><tr><td rowspan="1" colspan="1"><p>225</p></td><td rowspan="1" colspan="1"><p>202517988</p></td><td rowspan="1" colspan="1"><p>Licenciatura</p></td><td rowspan="1" colspan="1"><p>CIÊNCIAS BIOLÓGICAS</p></td><td rowspan="1" colspan="1"><p>1000</p></td><td rowspan="1" colspan="1"><p>CENTRO UNIVERSITARIO ESTACIO DE BRASILIA - ESTACIO BRASILIA - ESTÁCIO BRASÍLIA</p></td><td rowspan="1" colspan="1"><p>IESST - INSTITUTO DE ENSINO SUPERIOR SOCIAL E TECNOLOGICO</p></td></tr><tr><td rowspan="1" colspan="1"><p>226</p></td><td rowspan="1" colspan="1"><p>202507830</p></td><td rowspan="1" colspan="1"><p>Bacharelado</p></td><td rowspan="1" colspan="1"><p>CIÊNCIAS DA NATUREZA</p></td><td rowspan="1" colspan="1"><p>1000</p></td><td rowspan="1" colspan="1"><p>CENTRO UNIVERSITARIO ESTACIO DE BRASILIA - ESTACIO BRASILIA - ESTÁCIO BRASÍLIA</p></td><td rowspan="1" colspan="1"><p>IESST - INSTITUTO DE ENSINO SUPERIOR SOCIAL E TECNOLOGICO</p></td></tr><tr><td rowspan="1" colspan="1"><p>227</p></td><td rowspan="1" colspan="1"><p>202507828</p></td><td rowspan="1" colspan="1"><p>Bacharelado</p></td><td rowspan="1" colspan="1"><p>CIÊNCIAS EXATAS</p></td><td rowspan="1" colspan="1"><p>1000</p></td><td rowspan="1" colspan="1"><p>CENTRO UNIVERSITARIO ESTACIO DE BRASILIA - ESTACIO BRASILIA - ESTÁCIO BRASÍLIA</p></td><td rowspan="1" colspan="1"><p>IESST - INSTITUTO DE ENSINO SUPERIOR SOCIAL E TECNOLOGICO</p></td></tr><tr><td rowspan="1" colspan="1"><p>228</p></td><td rowspan="1" colspan="1"><p>202517922</p></td><td rowspan="1" colspan="1"><p>Licenciatura</p></td><td rowspan="1" colspan="1"><p>COMPUTAÇÃO</p></td><td rowspan="1" colspan="1"><p>1000</p></td><td rowspan="1" colspan="1"><p>CENTRO UNIVERSITARIO ESTACIO DE BRASILIA - ESTACIO BRASILIA - ESTÁCIO BRASÍLIA</p></td><td rowspan="1" colspan="1"><p>IESST - INSTITUTO DE ENSINO SUPERIOR SOCIAL E TECNOLOGICO</p></td></tr><tr><td rowspan="1" colspan="1"><p>229</p></td><td rowspan="1" colspan="1"><p>202508423</p></td><td rowspan="1" colspan="1"><p>Bacharelado</p></td><td rowspan="1" colspan="1"><p>EDUCAÇÃO FÍSICA</p></td><td rowspan="1" colspan="1"><p>1000</p></td><td rowspan="1" colspan="1"><p>CENTRO UNIVERSITARIO ESTACIO DE BRASILIA - ESTACIO BRASILIA - ESTÁCIO BRASÍLIA</p></td><td rowspan="1" colspan="1"><p>IESST - INSTITUTO DE ENSINO SUPERIOR SOCIAL E TECNOLOGICO</p></td></tr><tr><td rowspan="1" colspan="1"><p>230</p></td><td rowspan="1" colspan="1"><p>202517835</p></td><td rowspan="1" colspan="1"><p>Licenciatura</p></td><td rowspan="1" colspan="1"><p>EDUCAÇÃO FÍSICA</p></td><td rowspan="1" colspan="1"><p>1000</p></td><td rowspan="1" colspan="1"><p>CENTRO UNIVERSITARIO ESTACIO DE BRASILIA - ESTACIO BRASILIA - ESTÁCIO BRASÍLIA</p></td><td rowspan="1" colspan="1"><p>IESST - INSTITUTO DE ENSINO SUPERIOR SOCIAL E TECNOLOGICO</p></td></tr><tr><td rowspan="1" colspan="1"><p>231</p></td><td rowspan="1" colspan="1"><p>202509114</p></td><td rowspan="1" colspan="1"><p>Bacharelado</p></td><td rowspan="1" colspan="1"><p>ENGENHARIA CIVIL</p></td><td rowspan="1" colspan="1"><p>1000</p></td><td rowspan="1" colspan="1"><p>CENTRO UNIVERSITARIO ESTACIO DE BRASILIA - ESTACIO BRASILIA - ESTÁCIO BRASÍLIA</p></td><td rowspan="1" colspan="1"><p>IESST - INSTITUTO DE ENSINO SUPERIOR SOCIAL E TECNOLOGICO</p></td></tr><tr><td rowspan="1" colspan="1"><p>232</p></td><td rowspan="1" colspan="1"><p>202509115</p></td><td rowspan="1" colspan="1"><p>Bacharelado</p></td><td rowspan="1" colspan="1"><p>ENGENHARIA DE PRODUÇÃO</p></td><td rowspan="1" colspan="1"><p>1000</p></td><td rowspan="1" colspan="1"><p>CENTRO UNIVERSITARIO ESTACIO DE BRASILIA - ESTACIO BRASILIA - ESTÁCIO BRASÍLIA</p></td><td rowspan="1" colspan="1"><p>IESST - INSTITUTO DE ENSINO SUPERIOR SOCIAL E TECNOLOGICO</p></td></tr><tr><td rowspan="1" colspan="1"><p>233</p></td><td rowspan="1" colspan="1"><p>202515684</p></td><td rowspan="1" colspan="1"><p>Bacharelado</p></td><td rowspan="1" colspan="1"><p>ENGENHARIA ELÉTRICA</p></td><td rowspan="1" colspan="1"><p>1000</p></td><td rowspan="1" colspan="1"><p>CENTRO UNIVERSITARIO ESTACIO DE BRASILIA - ESTACIO BRASILIA - ESTÁCIO BRASÍLIA</p></td><td rowspan="1" colspan="1"><p>IESST - INSTITUTO DE ENSINO SUPERIOR SOCIAL E TECNOLOGICO</p></td></tr><tr><td rowspan="1" colspan="1"><p>234</p></td><td rowspan="1" colspan="1"><p>202509112</p></td><td rowspan="1" colspan="1"><p>Bacharelado</p></td><td rowspan="1" colspan="1"><p>ENGENHARIA MECÂNICA</p></td><td rowspan="1" colspan="1"><p>1000</p></td><td rowspan="1" colspan="1"><p>CENTRO UNIVERSITARIO ESTACIO DE BRASILIA - ESTACIO BRASILIA - ESTÁCIO BRASÍLIA</p></td><td rowspan="1" colspan="1"><p>IESST - INSTITUTO DE ENSINO SUPERIOR SOCIAL E TECNOLOGICO</p></td></tr><tr><td rowspan="1" colspan="1"><p>235</p></td><td rowspan="1" colspan="1"><p>202511906</p></td><td rowspan="1" colspan="1"><p>Tecnológico</p></td><td rowspan="1" colspan="1"><p>ESTÉTICA E COSMÉTICA</p></td><td rowspan="1" colspan="1"><p>1000</p></td><td rowspan="1" colspan="1"><p>CENTRO UNIVERSITARIO ESTACIO DE BRASILIA - ESTACIO BRASILIA - ESTÁCIO BRASÍLIA</p></td><td rowspan="1" colspan="1"><p>IESST - INSTITUTO DE ENSINO SUPERIOR SOCIAL E TECNOLOGICO</p></td></tr><tr><td rowspan="1" colspan="1"><p>236</p></td><td rowspan="1" colspan="1"><p>202508420</p></td><td rowspan="1" colspan="1"><p>Bacharelado</p></td><td rowspan="1" colspan="1"><p>FARMÁCIA</p></td><td rowspan="1" colspan="1"><p>1000</p></td><td rowspan="1" colspan="1"><p>CENTRO UNIVERSITARIO ESTACIO DE BRASILIA - ESTACIO BRASILIA - ESTÁCIO BRASÍLIA</p></td><td rowspan="1" colspan="1"><p>IESST - INSTITUTO DE ENSINO SUPERIOR SOCIAL E TECNOLOGICO</p></td></tr><tr><td rowspan="1" colspan="1"><p>237</p></td><td rowspan="1" colspan="1"><p>202517666</p></td><td rowspan="1" colspan="1"><p>Licenciatura</p></td><td rowspan="1" colspan="1"><p>FILOSOFIA</p></td><td rowspan="1" colspan="1"><p>1000</p></td><td rowspan="1" colspan="1"><p>CENTRO UNIVERSITARIO ESTACIO DE BRASILIA - ESTACIO BRASILIA - ESTÁCIO BRASÍLIA</p></td><td rowspan="1" colspan="1"><p>IESST - INSTITUTO DE ENSINO SUPERIOR SOCIAL E TECNOLOGICO</p></td></tr><tr><td rowspan="1" colspan="1"><p>238</p></td><td rowspan="1" colspan="1"><p>202510753</p></td><td rowspan="1" colspan="1"><p>Licenciatura</p></td><td rowspan="1" colspan="1"><p>FÍSICA</p></td><td rowspan="1" colspan="1"><p>1000</p></td><td rowspan="1" colspan="1"><p>CENTRO UNIVERSITARIO ESTACIO DE BRASILIA - ESTACIO BRASILIA - ESTÁCIO BRASÍLIA</p></td><td rowspan="1" colspan="1"><p>IESST - INSTITUTO DE ENSINO SUPERIOR SOCIAL E TECNOLOGICO</p></td></tr><tr><td rowspan="1" colspan="1"><p>239</p></td><td rowspan="1" colspan="1"><p>202515246</p></td><td rowspan="1" colspan="1"><p>Bacharelado</p></td><td rowspan="1" colspan="1"><p>FISIOTERAPIA</p></td><td rowspan="1" colspan="1"><p>1000</p></td><td rowspan="1" colspan="1"><p>CENTRO UNIVERSITARIO ESTACIO DE BRASILIA - ESTACIO BRASILIA - ESTÁCIO BRASÍLIA</p></td><td rowspan="1" colspan="1"><p>IESST - INSTITUTO DE ENSINO SUPERIOR SOCIAL E TECNOLOGICO</p></td></tr><tr><td rowspan="1" colspan="1"><p>240</p></td><td rowspan="1" colspan="1"><p>202517582</p></td><td rowspan="1" colspan="1"><p>Licenciatura</p></td><td rowspan="1" colspan="1"><p>GEOGRAFIA</p></td><td rowspan="1" colspan="1"><p>1000</p></td><td rowspan="1" colspan="1"><p>CENTRO UNIVERSITARIO ESTACIO DE BRASILIA - ESTACIO BRASILIA - ESTÁCIO BRASÍLIA</p></td><td rowspan="1" colspan="1"><p>IESST - INSTITUTO DE ENSINO SUPERIOR SOCIAL E TECNOLOGICO</p></td></tr><tr><td rowspan="1" colspan="1"><p>241</p></td><td rowspan="1" colspan="1"><p>202508421</p></td><td rowspan="1" colspan="1"><p>Tecnológico</p></td><td rowspan="1" colspan="1"><p>GERONTOLOGIA - BEM-ESTAR E EDUCAÇÃO</p></td><td rowspan="1" colspan="1"><p>1000</p></td><td rowspan="1" colspan="1"><p>CENTRO UNIVERSITARIO ESTACIO DE BRASILIA - ESTACIO BRASILIA - ESTÁCIO BRASÍLIA</p></td><td rowspan="1" colspan="1"><p>IESST - INSTITUTO DE ENSINO SUPERIOR SOCIAL E TECNOLOGICO</p></td></tr><tr><td rowspan="1" colspan="1"><p>242</p></td><td rowspan="1" colspan="1"><p>202509113</p></td><td rowspan="1" colspan="1"><p>Tecnológico</p></td><td rowspan="1" colspan="1"><p>GESTÃO AMBIENTAL</p></td><td rowspan="1" colspan="1"><p>1000</p></td><td rowspan="1" colspan="1"><p>CENTRO UNIVERSITARIO ESTACIO DE BRASILIA - ESTACIO BRASILIA - ESTÁCIO BRASÍLIA</p></td><td rowspan="1" colspan="1"><p>IESST - INSTITUTO DE ENSINO SUPERIOR SOCIAL E TECNOLOGICO</p></td></tr><tr><td rowspan="1" colspan="1"><p>243</p></td><td rowspan="1" colspan="1"><p>202517939</p></td><td rowspan="1" colspan="1"><p>Licenciatura</p></td><td rowspan="1" colspan="1"><p>GESTÃO E EMPREENDEDORISMO</p></td><td rowspan="1" colspan="1"><p>1000</p></td><td rowspan="1" colspan="1"><p>CENTRO UNIVERSITARIO ESTACIO DE BRASILIA - ESTACIO BRASILIA - ESTÁCIO BRASÍLIA</p></td><td rowspan="1" colspan="1"><p>IESST - INSTITUTO DE ENSINO SUPERIOR SOCIAL E TECNOLOGICO</p></td></tr><tr><td rowspan="1" colspan="1"><p>244</p></td><td rowspan="1" colspan="1"><p>202511907</p></td><td rowspan="1" colspan="1"><p>Tecnológico</p></td><td rowspan="1" colspan="1"><p>GESTÃO HOSPITALAR</p></td><td rowspan="1" colspan="1"><p>1000</p></td><td rowspan="1" colspan="1"><p>CENTRO UNIVERSITARIO ESTACIO DE BRASILIA - ESTACIO BRASILIA - ESTÁCIO BRASÍLIA</p></td><td rowspan="1" colspan="1"><p>IESST - INSTITUTO DE ENSINO SUPERIOR SOCIAL E TECNOLOGICO</p></td></tr><tr><td rowspan="1" colspan="1"><p>245</p></td><td rowspan="1" colspan="1"><p>202510749</p></td><td rowspan="1" colspan="1"><p>Licenciatura</p></td><td rowspan="1" colspan="1"><p>HISTÓRIA</p></td><td rowspan="1" colspan="1"><p>1000</p></td><td rowspan="1" colspan="1"><p>CENTRO UNIVERSITARIO ESTACIO DE BRASILIA - ESTACIO BRASILIA - ESTÁCIO BRASÍLIA</p></td><td rowspan="1" colspan="1"><p>IESST - INSTITUTO DE ENSINO SUPERIOR SOCIAL E TECNOLOGICO</p></td></tr><tr><td rowspan="1" colspan="1"><p>246</p></td><td rowspan="1" colspan="1"><p>202517330</p></td><td rowspan="1" colspan="1"><p>Licenciatura</p></td><td rowspan="1" colspan="1"><p>LETRAS - ESPANHOL</p></td><td rowspan="1" colspan="1"><p>1000</p></td><td rowspan="1" colspan="1"><p>CENTRO UNIVERSITARIO ESTACIO DE BRASILIA - ESTACIO BRASILIA - ESTÁCIO BRASÍLIA</p></td><td rowspan="1" colspan="1"><p>IESST - INSTITUTO DE ENSINO SUPERIOR SOCIAL E TECNOLOGICO</p></td></tr><tr><td rowspan="1" colspan="1"><p>247</p></td><td rowspan="1" colspan="1"><p>202517793</p></td><td rowspan="1" colspan="1"><p>Licenciatura</p></td><td rowspan="1" colspan="1"><p>LETRAS - INGLÊS</p></td><td rowspan="1" colspan="1"><p>1000</p></td><td rowspan="1" colspan="1"><p>CENTRO UNIVERSITARIO ESTACIO DE BRASILIA - ESTACIO BRASILIA - ESTÁCIO BRASÍLIA</p></td><td rowspan="1" colspan="1"><p>IESST - INSTITUTO DE ENSINO SUPERIOR SOCIAL E TECNOLOGICO</p></td></tr><tr><td rowspan="1" colspan="1"><p>248</p></td><td rowspan="1" colspan="1"><p>202517400</p></td><td rowspan="1" colspan="1"><p>Licenciatura</p></td><td rowspan="1" colspan="1"><p>LETRAS - LIBRAS - LÍNGUA PORTUGUESA</p></td><td rowspan="1" colspan="1"><p>1000</p></td><td rowspan="1" colspan="1"><p>CENTRO UNIVERSITARIO ESTACIO DE BRASILIA - ESTACIO BRASILIA - ESTÁCIO BRASÍLIA</p></td><td rowspan="1" colspan="1"><p>IESST - INSTITUTO DE ENSINO SUPERIOR SOCIAL E TECNOLOGICO</p></td></tr><tr><td rowspan="1" colspan="1"><p>249</p></td><td rowspan="1" colspan="1"><p>202510748</p></td><td rowspan="1" colspan="1"><p>Licenciatura</p></td><td rowspan="1" colspan="1"><p>LETRAS - LÍNGUA PORTUGUESA</p></td><td rowspan="1" colspan="1"><p>1000</p></td><td rowspan="1" colspan="1"><p>CENTRO UNIVERSITARIO ESTACIO DE BRASILIA - ESTACIO BRASILIA - ESTÁCIO BRASÍLIA</p></td><td rowspan="1" colspan="1"><p>IESST - INSTITUTO DE ENSINO SUPERIOR SOCIAL E TECNOLOGICO</p></td></tr><tr><td rowspan="1" colspan="1"><p>250</p></td><td rowspan="1" colspan="1"><p>202507827</p></td><td rowspan="1" colspan="1"><p>Bacharelado</p></td><td rowspan="1" colspan="1"><p>MATEMÁTICA</p></td><td rowspan="1" colspan="1"><p>1000</p></td><td rowspan="1" colspan="1"><p>CENTRO UNIVERSITARIO ESTACIO DE BRASILIA - ESTACIO BRASILIA - ESTÁCIO BRASÍLIA</p></td><td rowspan="1" colspan="1"><p>IESST - INSTITUTO DE ENSINO SUPERIOR SOCIAL E TECNOLOGICO</p></td></tr><tr><td rowspan="1" colspan="1"><p>251</p></td><td rowspan="1" colspan="1"><p>202510746</p></td><td rowspan="1" colspan="1"><p>Licenciatura</p></td><td rowspan="1" colspan="1"><p>MATEMÁTICA</p></td><td rowspan="1" colspan="1"><p>1000</p></td><td rowspan="1" colspan="1"><p>CENTRO UNIVERSITARIO ESTACIO DE BRASILIA - ESTACIO BRASILIA - ESTÁCIO BRASÍLIA</p></td><td rowspan="1" colspan="1"><p>IESST - INSTITUTO DE ENSINO SUPERIOR SOCIAL E TECNOLOGICO</p></td></tr><tr><td rowspan="1" colspan="1"><p>252</p></td><td rowspan="1" colspan="1"><p>202508422</p></td><td rowspan="1" colspan="1"><p>Bacharelado</p></td><td rowspan="1" colspan="1"><p>NUTRIÇÃO</p></td><td rowspan="1" colspan="1"><p>1000</p></td><td rowspan="1" colspan="1"><p>CENTRO UNIVERSITARIO ESTACIO DE BRASILIA - ESTACIO BRASILIA - ESTÁCIO BRASÍLIA</p></td><td rowspan="1" colspan="1"><p>IESST - INSTITUTO DE ENSINO SUPERIOR SOCIAL E TECNOLOGICO</p></td></tr><tr><td rowspan="1" colspan="1"><p>253</p></td><td rowspan="1" colspan="1"><p>202510757</p></td><td rowspan="1" colspan="1"><p>Licenciatura</p></td><td rowspan="1" colspan="1"><p>PEDAGOGIA</p></td><td rowspan="1" colspan="1"><p>1000</p></td><td rowspan="1" colspan="1"><p>CENTRO UNIVERSITARIO ESTACIO DE BRASILIA - ESTACIO BRASILIA - ESTÁCIO BRASÍLIA</p></td><td rowspan="1" colspan="1"><p>IESST - INSTITUTO DE ENSINO SUPERIOR SOCIAL E TECNOLOGICO</p></td></tr><tr><td rowspan="1" colspan="1"><p>254</p></td><td rowspan="1" colspan="1"><p>202516410</p></td><td rowspan="1" colspan="1"><p>Bacharelado</p></td><td rowspan="1" colspan="1"><p>PEDAGOGIA</p></td><td rowspan="1" colspan="1"><p>9600</p></td><td rowspan="1" colspan="1"><p>CENTRO UNIVERSITARIO ESTACIO DE BRASILIA - ESTACIO BRASILIA - ESTÁCIO BRASÍLIA</p></td><td rowspan="1" colspan="1"><p>IESST - INSTITUTO DE ENSINO SUPERIOR SOCIAL E TECNOLOGICO</p></td></tr><tr><td rowspan="1" colspan="1"><p>255</p></td><td rowspan="1" colspan="1"><p>202510752</p></td><td rowspan="1" colspan="1"><p>Tecnológico</p></td><td rowspan="1" colspan="1"><p>PROCESSOS ESCOLARES</p></td><td rowspan="1" colspan="1"><p>1000</p></td><td rowspan="1" colspan="1"><p>CENTRO UNIVERSITARIO ESTACIO DE BRASILIA - ESTACIO BRASILIA - ESTÁCIO BRASÍLIA</p></td><td rowspan="1" colspan="1"><p>IESST - INSTITUTO DE ENSINO SUPERIOR SOCIAL E TECNOLOGICO</p></td></tr><tr><td rowspan="1" colspan="1"><p>256</p></td><td rowspan="1" colspan="1"><p>202510750</p></td><td rowspan="1" colspan="1"><p>Bacharelado</p></td><td rowspan="1" colspan="1"><p>PSICOPEDAGOGIA</p></td><td rowspan="1" colspan="1"><p>1000</p></td><td rowspan="1" colspan="1"><p>CENTRO UNIVERSITARIO ESTACIO DE BRASILIA - ESTACIO BRASILIA - ESTÁCIO BRASÍLIA</p></td><td rowspan="1" colspan="1"><p>IESST - INSTITUTO DE ENSINO SUPERIOR SOCIAL E TECNOLOGICO</p></td></tr><tr><td rowspan="1" colspan="1"><p>257</p></td><td rowspan="1" colspan="1"><p>202517432</p></td><td rowspan="1" colspan="1"><p>Licenciatura</p></td><td rowspan="1" colspan="1"><p>QUÍMICA</p></td><td rowspan="1" colspan="1"><p>1000</p></td><td rowspan="1" colspan="1"><p>CENTRO UNIVERSITARIO ESTACIO DE BRASILIA - ESTACIO BRASILIA - ESTÁCIO BRASÍLIA</p></td><td rowspan="1" colspan="1"><p>IESST - INSTITUTO DE ENSINO SUPERIOR SOCIAL E TECNOLOGICO</p></td></tr><tr><td rowspan="1" colspan="1"><p>258</p></td><td rowspan="1" colspan="1"><p>202508417</p></td><td rowspan="1" colspan="1"><p>Tecnológico</p></td><td rowspan="1" colspan="1"><p>RADIOLOGIA</p></td><td rowspan="1" colspan="1"><p>1000</p></td><td rowspan="1" colspan="1"><p>CENTRO UNIVERSITARIO ESTACIO DE BRASILIA - ESTACIO BRASILIA - ESTÁCIO BRASÍLIA</p></td><td rowspan="1" colspan="1"><p>IESST - INSTITUTO DE ENSINO SUPERIOR SOCIAL E TECNOLOGICO</p></td></tr><tr><td rowspan="1" colspan="1"><p>259</p></td><td rowspan="1" colspan="1"><p>202508418</p></td><td rowspan="1" colspan="1"><p>Bacharelado</p></td><td rowspan="1" colspan="1"><p>SERVIÇO SOCIAL</p></td><td rowspan="1" colspan="1"><p>1000</p></td><td rowspan="1" colspan="1"><p>CENTRO UNIVERSITARIO ESTACIO DE BRASILIA - ESTACIO BRASILIA - ESTÁCIO BRASÍLIA</p></td><td rowspan="1" colspan="1"><p>IESST - INSTITUTO DE ENSINO SUPERIOR SOCIAL E TECNOLOGICO</p></td></tr><tr><td rowspan="1" colspan="1"><p>260</p></td><td rowspan="1" colspan="1"><p>202517466</p></td><td rowspan="1" colspan="1"><p>Licenciatura</p></td><td rowspan="1" colspan="1"><p>SOCIOLOGIA</p></td><td rowspan="1" colspan="1"><p>1000</p></td><td rowspan="1" colspan="1"><p>CENTRO UNIVERSITARIO ESTACIO DE BRASILIA - ESTACIO BRASILIA - ESTÁCIO BRASÍLIA</p></td><td rowspan="1" colspan="1"><p>IESST - INSTITUTO DE ENSINO SUPERIOR SOCIAL E TECNOLOGICO</p></td></tr><tr><td rowspan="1" colspan="1"><p>261</p></td><td rowspan="1" colspan="1"><p>202518218</p></td><td rowspan="1" colspan="1"><p>Licenciatura</p></td><td rowspan="1" colspan="1"><p>TURISMO</p></td><td rowspan="1" colspan="1"><p>1000</p></td><td rowspan="1" colspan="1"><p>CENTRO UNIVERSITARIO ESTACIO DE BRASILIA - ESTACIO BRASILIA - ESTÁCIO BRASÍLIA</p></td><td rowspan="1" colspan="1"><p>IESST - INSTITUTO DE ENSINO SUPERIOR SOCIAL E TECNOLOGICO</p></td></tr><tr><td rowspan="1" colspan="1"><p>262</p></td><td rowspan="1" colspan="1"><p>202510545</p></td><td rowspan="1" colspan="1"><p>Licenciatura</p></td><td rowspan="1" colspan="1"><p>ARTES VISUAIS</p></td><td rowspan="1" colspan="1"><p>1940</p></td><td rowspan="1" colspan="1"><p>CENTRO UNIVERSITARIO ESTACIO DE RIBEIRAO PRETO - ESTACIO RIBEIRAO PRE</p></td><td rowspan="1" colspan="1"><p>SOCIEDADE DE ENSINO SUPERIOR ESTACIO RIBEIRAO PRETO LTDA</p></td></tr><tr><td rowspan="1" colspan="1"><p>263</p></td><td rowspan="1" colspan="1"><p>202508994</p></td><td rowspan="1" colspan="1"><p>Tecnológico</p></td><td rowspan="1" colspan="1"><p>AUTOMAÇÃO INDUSTRIAL</p></td><td rowspan="1" colspan="1"><p>1260</p></td><td rowspan="1" colspan="1"><p>CENTRO UNIVERSITARIO ESTACIO DE RIBEIRAO PRETO - ESTACIO RIBEIRAO PRE</p></td><td rowspan="1" colspan="1"><p>SOCIEDADE DE ENSINO SUPERIOR ESTACIO RIBEIRAO PRETO LTDA</p></td></tr><tr><td rowspan="1" colspan="1"><p>264</p></td><td rowspan="1" colspan="1"><p>202508261</p></td><td rowspan="1" colspan="1"><p>Bacharelado</p></td><td rowspan="1" colspan="1"><p>BIOMEDICINA</p></td><td rowspan="1" colspan="1"><p>320</p></td><td rowspan="1" colspan="1"><p>CENTRO UNIVERSITARIO ESTACIO DE RIBEIRAO PRETO - ESTACIO RIBEIRAO PRE</p></td><td rowspan="1" colspan="1"><p>SOCIEDADE DE ENSINO SUPERIOR ESTACIO RIBEIRAO PRETO LTDA</p></td></tr><tr><td rowspan="1" colspan="1"><p>265</p></td><td rowspan="1" colspan="1"><p>202507808</p></td><td rowspan="1" colspan="1"><p>Bacharelado</p></td><td rowspan="1" colspan="1"><p>CIÊNCIAS BIOLÓGICAS</p></td><td rowspan="1" colspan="1"><p>280</p></td><td rowspan="1" colspan="1"><p>CENTRO UNIVERSITARIO ESTACIO DE RIBEIRAO PRETO - ESTACIO RIBEIRAO PRE</p></td><td rowspan="1" colspan="1"><p>SOCIEDADE DE ENSINO SUPERIOR ESTACIO RIBEIRAO PRETO LTDA</p></td></tr><tr><td rowspan="1" colspan="1"><p>266</p></td><td rowspan="1" colspan="1"><p>202510535</p></td><td rowspan="1" colspan="1"><p>Licenciatura</p></td><td rowspan="1" colspan="1"><p>CIÊNCIAS BIOLÓGICAS</p></td><td rowspan="1" colspan="1"><p>280</p></td><td rowspan="1" colspan="1"><p>CENTRO UNIVERSITARIO ESTACIO DE RIBEIRAO PRETO - ESTACIO RIBEIRAO PRE</p></td><td rowspan="1" colspan="1"><p>SOCIEDADE DE ENSINO SUPERIOR ESTACIO RIBEIRAO PRETO LTDA</p></td></tr><tr><td rowspan="1" colspan="1"><p>267</p></td><td rowspan="1" colspan="1"><p>202507810</p></td><td rowspan="1" colspan="1"><p>Bacharelado</p></td><td rowspan="1" colspan="1"><p>CIÊNCIAS DA NATUREZA</p></td><td rowspan="1" colspan="1"><p>1920</p></td><td rowspan="1" colspan="1"><p>CENTRO UNIVERSITARIO ESTACIO DE RIBEIRAO PRETO - ESTACIO RIBEIRAO PRE</p></td><td rowspan="1" colspan="1"><p>SOCIEDADE DE ENSINO SUPERIOR ESTACIO RIBEIRAO PRETO LTDA</p></td></tr><tr><td rowspan="1" colspan="1"><p>268</p></td><td rowspan="1" colspan="1"><p>202507809</p></td><td rowspan="1" colspan="1"><p>Bacharelado</p></td><td rowspan="1" colspan="1"><p>CIÊNCIAS EXATAS</p></td><td rowspan="1" colspan="1"><p>1920</p></td><td rowspan="1" colspan="1"><p>CENTRO UNIVERSITARIO ESTACIO DE RIBEIRAO PRETO - ESTACIO RIBEIRAO PRE</p></td><td rowspan="1" colspan="1"><p>SOCIEDADE DE ENSINO SUPERIOR ESTACIO RIBEIRAO PRETO LTDA</p></td></tr></table>]]></Texto>
  </body>
  <Midias />
</article></xml>