﻿<xml><article id="45418468" name="5Atos11set" idOficio="11281143" pubName="DO1" artType="Ato" pubDate="12/09/2025" artClass="00014:00019:00016:00057:00000:00000:00000:00000:00000:00000:00006:00000" artCategory="Ministério das Comunicações/Agência Nacional de Telecomunicações/Superintendência de Outorga e Recursos à Prestação/Gerência de Outorga e Licenciamento de Estações" artSize="12" artNotes="" numberPage="22" pdfPage="http://pesquisa.in.gov.br/imprensa/jsp/visualiza/index.jsp?data=12/09/2025&amp;jornal=515&amp;pagina=22" editionNumber="174" highlightType="" highlightPriority="" highlight="" highlightimage="" highlightimagename="" idMateria="23102532">
  <body>
    <Identifica><![CDATA[ ATOS DE 11 DE SETEMBRO DE 2025]]></Identifica>
    <Data><![CDATA[]]></Data>
    <Ementa />
    <Titulo />
    <SubTitulo />
    <Texto><![CDATA[<p class="identifica">ATOS DE 11 DE SETEMBRO DE 2025</p><p>Nº 12.592 - Autoriza CLARO S.A., CNPJ nº 40.432.544/0001-47, a realizar operação temporária de equipamentos de radiocomunicação, na cidade de São Paulo/SP, no período de 25/09/2025 a 02/10/2025.</p><p>Nº 12.594 - Autoriza ALEXANDRE CHIARELLO BORTOT ME, CNPJ nº 01.177.557/0001-65, a realizar operação temporária de equipamentos de radiocomunicação, na cidade de Dianópolis/TO, Palmas/TO e Ponte Alta do Tocantins/TO, no período de 20/09/2025 a 28/09/2025.</p><p>Nº 12.595 - Autoriza Versus Tecnologia em Eletronica e Informatica Ltda, CNPJ nº 03.376.293/0001-02, a realizar operação temporária de equipamentos de radiocomunicação, na cidade de São Paulo/SP, no período de 12/09/2025 a 12/09/2025.</p><p>Nº 12.608 - Autoriza Versus Tecnologia em Eletronica e Informatica Ltda, CNPJ nº 03.376.293/0001-02, a realizar operação temporária de equipamentos de radiocomunicação, na cidade de São Paulo/SP, no período de 13/09/2025 a 14/09/2025.</p><p class="assina">Renato Sales Bizerra Aguiar</p><p class="cargo">Gerente</p>]]></Texto>
  </body>
  <Midias />
</article></xml>