﻿<xml><article id="45413578" name="Ato de SIR - Ato 12596 (14365880" idOficio="11280340" pubName="DO1" artType="Ato" pubDate="12/09/2025" artClass="00014:00019:00014:00159:00007:00000:00000:00000:00000:00000:00006:00000" artCategory="Ministério das Comunicações/Agência Nacional de Telecomunicações/Superintendência de Fiscalização/Gerência Regional nos Estados do Ceará, Rio Grande do Norte e Piauí/Coordenação de Processo de Outorga e Recursos à Prestação" artSize="12" artNotes="" numberPage="18" pdfPage="http://pesquisa.in.gov.br/imprensa/jsp/visualiza/index.jsp?data=12/09/2025&amp;jornal=515&amp;pagina=18" editionNumber="174" highlightType="" highlightPriority="" highlight="" highlightimage="" highlightimagename="" idMateria="23101260">
  <body>
    <Identifica><![CDATA[ Ato nº 12.596, de 11 de setembro de 2025]]></Identifica>
    <Data><![CDATA[]]></Data>
    <Ementa />
    <Titulo />
    <SubTitulo />
    <Texto><![CDATA[<p class="identifica">Ato nº 12.596, de 11 de setembro de 2025</p><p>Expedir autorização a OMAR JANUARIO DE MELO, CPF nº ***.815.794-**, para explorar Serviços de Telecomunicações de Interesse Restrito, por prazo indeterminado, sem caráter de exclusividade, e tendo como área de prestação de serviço todo o território nacional.</p><p class="assina">Gilberto Studart Gurgel Neto</p><p class="cargo">Gerente</p>]]></Texto>
  </body>
  <Midias />
</article></xml>