﻿<xml><article id="45417526" name="Portaria 582 DG - Altera Estrutu" idOficio="11281019" pubName="DO1" artType="Portaria" pubDate="12/09/2025" artClass="00066:00009:00002:00002:00000:00000:00000:00000:00000:00000:00054:00000" artCategory="Ministério Público da União/Ministério Público Militar/Procuradoria-Geral de Justiça Militar/Secretaria da Procuradoria-Geral de Justiça Militar" artSize="24" artNotes="" numberPage="209" pdfPage="http://pesquisa.in.gov.br/imprensa/jsp/visualiza/index.jsp?data=12/09/2025&amp;jornal=515&amp;pagina=209" editionNumber="174" highlightType="" highlightPriority="" highlight="" highlightimage="" highlightimagename="" idMateria="23102364">
  <body>
    <Identifica><![CDATA[ Portaria nº 582 DG/SEC/MPM, de 11 de setembro de 2025]]></Identifica>
    <Data><![CDATA[]]></Data>
    <Ementa />
    <Titulo />
    <SubTitulo />
    <Texto><![CDATA[<p class="identifica">Portaria nº 582 DG/SEC/MPM, de 11 de setembro de 2025</p><p>O DIRETOR-GERAL DA SECRETARIA DO MINISTÉRIO PÚBLICO MILITAR, Substituto, no uso das atribuições que lhe são conferidas pelo artigo 124, inciso XX, da Lei Complementar nº 75, de 20 de maio de 1993, pelo artigo 1º, inciso I, da Portaria nº 290/PGJM, de 5 de dezembro de 2013, e considerando a necessidade de modificar a estrutura organizacional do Ministério Público Militar definida na Portaria nº 5/PGJM, de 17 de janeiro de 2025, resolve:</p><p>Alterar a estrutura organizacional do Ministério Público Militar, na forma descrita a seguir, a partir da data de publicação em Diário Oficial da União.</p><p /><p></p><table><tr /><tr><td rowspan="1" colspan="1"><p></p></td><td rowspan="1" colspan="2"><p>SITUAÇÃO ANTERIOR</p></td><td rowspan="1" colspan="1"><p></p></td><td rowspan="1" colspan="2"><p>SITUAÇÃO ATUAL</p></td></tr><tr><td rowspan="1" colspan="1"><p>Quantitativo</p></td><td rowspan="1" colspan="1"><p>DENOMINAÇÃO</p></td><td rowspan="1" colspan="1"><p>Cargo/ Função</p></td><td rowspan="1" colspan="1"><p>Quantitativo</p></td><td rowspan="1" colspan="1"><p>DENOMINAÇÃO</p></td><td rowspan="1" colspan="1"><p>Cargo/ Função</p></td></tr><tr><td rowspan="1" colspan="1"><p></p></td><td rowspan="1" colspan="1"><p>MINISTÉRIO PÚBLICO MILITAR</p></td><td rowspan="1" colspan="1"><p></p></td><td rowspan="1" colspan="1"><p></p></td><td rowspan="1" colspan="1"><p>MINISTÉRIO PÚBLICO MILITAR</p></td><td rowspan="1" colspan="1"><p></p></td></tr><tr><td rowspan="1" colspan="1"><p></p></td><td rowspan="1" colspan="1"><p>PROCURADORIA DE JUSTIÇA MILITAR EM PORTO ALEGRE/RS</p></td><td rowspan="1" colspan="1"><p></p></td><td rowspan="1" colspan="1"><p></p></td><td rowspan="1" colspan="1"><p>PROCURADORIA DE JUSTIÇA MILITAR EM PORTO ALEGRE/RS</p></td><td rowspan="1" colspan="1"><p></p></td></tr><tr><td rowspan="1" colspan="1"><p>1</p></td><td rowspan="1" colspan="1"><p>Assistente II</p></td><td rowspan="1" colspan="1"><p>FC-2</p></td><td rowspan="1" colspan="1"><p>0</p></td><td rowspan="1" colspan="1"><p>Assistente II</p></td><td rowspan="1" colspan="1"><p>FC-2</p></td></tr><tr><td rowspan="1" colspan="1"><p>0</p></td><td rowspan="1" colspan="1"><p>Assistente Jurídico II</p></td><td rowspan="1" colspan="1"><p>FC-2</p></td><td rowspan="1" colspan="1"><p>1</p></td><td rowspan="1" colspan="1"><p>Assistente Jurídico II</p></td><td rowspan="1" colspan="1"><p>FC-2</p></td></tr></table><p>ELIOMAR VIEIRA DAS NEVES</p>]]></Texto>
  </body>
  <Midias />
</article></xml>