﻿<xml><article id="45414898" name="Int_Desp_2.729_2025_STD" idOficio="11280629" pubName="DO1" artType="Despacho" pubDate="12/09/2025" artClass="00035:00043:00056:00000:00000:00000:00000:00000:00000:00000:00024:00000" artCategory="Ministério de Minas e Energia/Agência Nacional de Energia Elétrica/Superintendência de Regulação dos Serviços de Transmissão e Distribuição de Energia Elétrica" artSize="12" artNotes="" numberPage="169" pdfPage="http://pesquisa.in.gov.br/imprensa/jsp/visualiza/index.jsp?data=12/09/2025&amp;jornal=515&amp;pagina=169" editionNumber="174" highlightType="" highlightPriority="" highlight="" highlightimage="" highlightimagename="" idMateria="23101802">
  <body>
    <Identifica><![CDATA[ DESPACHO Nº 2.729, DE 10 DE SETEMBRO DE 2025]]></Identifica>
    <Data><![CDATA[]]></Data>
    <Ementa />
    <Titulo />
    <SubTitulo />
    <Texto><![CDATA[<p class="identifica">DESPACHO Nº 2.729, DE 10 DE SETEMBRO DE 2025</p><p>O SUPERINTENDENTE DE REGULAÇÃO DOS SERVIÇOS DE TRANSMISSÃO E DISTRIBUIÇÃO DE ENERGIA ELÉTRICA DA AGÊNCIA NACIONAL DE ENERGIA ELÉTRICA - ANEEL, no uso das suas atribuições regimentais delegadas pelo inciso I do art. 1º da Portaria nº 6.823, de 4 maio de 2023 e tendo em vista o que consta do Processo nº 48500.001878/2025-14, decide:</p><p>Indeferir a solicitação da EDP Transmissão SP-MG S.A. - EDP SP-MG, inscrita no CNPJ/MF sob o nº 27.821.748/0001-01, de afastamento da aplicação de Parcela Variável Por Indisponibilidade - PVI em razão do desligamento automático da LT 500 kV Estreito / Cachoeira Paulista C2, ocorrido em 03 de abril de 2023.</p><p class="assina">CARLOS ALBERTO CALIXTO MATTAR</p>]]></Texto>
  </body>
  <Midias />
</article></xml>