﻿<xml><article id="45406227" name="PARTARIA NA 605 - 11.09.2025_003" idOficio="11278735" pubName="DO1" artType="Portaria" pubDate="12/09/2025" artClass="00025:00046:00000:00000:00000:00000:00000:00000:00000:00000:00054:00000" artCategory="Ministério da Educação/Secretaria de Regulação e Supervisão da Educação Superior" artSize="24" artNotes="" numberPage="35" pdfPage="http://pesquisa.in.gov.br/imprensa/jsp/visualiza/index.jsp?data=12/09/2025&amp;jornal=515&amp;pagina=35" editionNumber="174" highlightType="" highlightPriority="" highlight="" highlightimage="" highlightimagename="" idMateria="23098710">
  <body>
    <Identifica />
    <Data><![CDATA[]]></Data>
    <Ementa />
    <Titulo />
    <SubTitulo />
    <Texto><![CDATA[<p /><p></p><table><tr /><tr><td rowspan="1" colspan="1"><p>142</p></td><td rowspan="1" colspan="1"><p>202507763</p></td><td rowspan="1" colspan="1"><p>Bacharelado</p></td><td rowspan="1" colspan="1"><p>QUÍMICA</p></td><td rowspan="1" colspan="1"><p>500</p></td><td rowspan="1" colspan="1"><p>CENTRO UNIVERSITÁRIO ANHANGUERA PITÁGORAS AMPLI</p></td><td rowspan="1" colspan="1"><p>ANHANGUERA EDUCACIONAL PARTICIPACOES S/A</p></td></tr><tr><td rowspan="1" colspan="1"><p>143</p></td><td rowspan="1" colspan="1"><p>202507844</p></td><td rowspan="1" colspan="1"><p>Tecnológico</p></td><td rowspan="1" colspan="1"><p>RADIOLOGIA</p></td><td rowspan="1" colspan="1"><p>500</p></td><td rowspan="1" colspan="1"><p>CENTRO UNIVERSITÁRIO ANHANGUERA PITÁGORAS AMPLI</p></td><td rowspan="1" colspan="1"><p>ANHANGUERA EDUCACIONAL PARTICIPACOES S/A</p></td></tr><tr><td rowspan="1" colspan="1"><p>144</p></td><td rowspan="1" colspan="1"><p>202509761</p></td><td rowspan="1" colspan="1"><p>Licenciatura</p></td><td rowspan="1" colspan="1"><p>SOCIOLOGIA</p></td><td rowspan="1" colspan="1"><p>5000</p></td><td rowspan="1" colspan="1"><p>CENTRO UNIVERSITÁRIO ANHANGUERA PITÁGORAS AMPLI</p></td><td rowspan="1" colspan="1"><p>ANHANGUERA EDUCACIONAL PARTICIPACOES S/A</p></td></tr><tr><td rowspan="1" colspan="1"><p>145</p></td><td rowspan="1" colspan="1"><p>202507930</p></td><td rowspan="1" colspan="1"><p>Tecnológico</p></td><td rowspan="1" colspan="1"><p>TERAPIAS INTEGRATIVAS E COMPLEMENTARES</p></td><td rowspan="1" colspan="1"><p>500</p></td><td rowspan="1" colspan="1"><p>CENTRO UNIVERSITÁRIO ANHANGUERA PITÁGORAS AMPLI</p></td><td rowspan="1" colspan="1"><p>ANHANGUERA EDUCACIONAL PARTICIPACOES S/A</p></td></tr><tr><td rowspan="1" colspan="1"><p>146</p></td><td rowspan="1" colspan="1"><p>202515900</p></td><td rowspan="1" colspan="1"><p>Bacharelado</p></td><td rowspan="1" colspan="1"><p>AGRONOMIA</p></td><td rowspan="1" colspan="1"><p>30000</p></td><td rowspan="1" colspan="1"><p>CENTRO UNIVERSITARIO ANHANGUERA PITAGORAS UNOPAR DE CAMPO GRANDE -</p></td><td rowspan="1" colspan="1"><p>ANHANGUERA EDUCACIONAL PARTICIPACOES S/A</p></td></tr><tr><td rowspan="1" colspan="1"><p>147</p></td><td rowspan="1" colspan="1"><p>202515618</p></td><td rowspan="1" colspan="1"><p>Bacharelado</p></td><td rowspan="1" colspan="1"><p>ARQUITETURA E URBANISMO</p></td><td rowspan="1" colspan="1"><p>30000</p></td><td rowspan="1" colspan="1"><p>CENTRO UNIVERSITARIO ANHANGUERA PITAGORAS UNOPAR DE CAMPO GRANDE -</p></td><td rowspan="1" colspan="1"><p>ANHANGUERA EDUCACIONAL PARTICIPACOES S/A</p></td></tr><tr><td rowspan="1" colspan="1"><p>148</p></td><td rowspan="1" colspan="1"><p>202510395</p></td><td rowspan="1" colspan="1"><p>Licenciatura</p></td><td rowspan="1" colspan="1"><p>ARTES VISUAIS</p></td><td rowspan="1" colspan="1"><p>3000</p></td><td rowspan="1" colspan="1"><p>CENTRO UNIVERSITARIO ANHANGUERA PITAGORAS UNOPAR DE CAMPO GRANDE -</p></td><td rowspan="1" colspan="1"><p>ANHANGUERA EDUCACIONAL PARTICIPACOES S/A</p></td></tr><tr><td rowspan="1" colspan="1"><p>149</p></td><td rowspan="1" colspan="1"><p>202515165</p></td><td rowspan="1" colspan="1"><p>Bacharelado</p></td><td rowspan="1" colspan="1"><p>BIOMEDICINA</p></td><td rowspan="1" colspan="1"><p>24000</p></td><td rowspan="1" colspan="1"><p>CENTRO UNIVERSITARIO ANHANGUERA PITAGORAS UNOPAR DE CAMPO GRANDE -</p></td><td rowspan="1" colspan="1"><p>ANHANGUERA EDUCACIONAL PARTICIPACOES S/A</p></td></tr><tr><td rowspan="1" colspan="1"><p>150</p></td><td rowspan="1" colspan="1"><p>202510387</p></td><td rowspan="1" colspan="1"><p>Licenciatura</p></td><td rowspan="1" colspan="1"><p>EDUCAÇÃO ESPECIAL</p></td><td rowspan="1" colspan="1"><p>3000</p></td><td rowspan="1" colspan="1"><p>CENTRO UNIVERSITARIO ANHANGUERA PITAGORAS UNOPAR DE CAMPO GRANDE -</p></td><td rowspan="1" colspan="1"><p>ANHANGUERA EDUCACIONAL PARTICIPACOES S/A</p></td></tr><tr><td rowspan="1" colspan="1"><p>151</p></td><td rowspan="1" colspan="1"><p>202510384</p></td><td rowspan="1" colspan="1"><p>Licenciatura</p></td><td rowspan="1" colspan="1"><p>EDUCAÇÃO FÍSICA</p></td><td rowspan="1" colspan="1"><p>3000</p></td><td rowspan="1" colspan="1"><p>CENTRO UNIVERSITARIO ANHANGUERA PITAGORAS UNOPAR DE CAMPO GRANDE -</p></td><td rowspan="1" colspan="1"><p>ANHANGUERA EDUCACIONAL PARTICIPACOES S/A</p></td></tr><tr><td rowspan="1" colspan="1"><p>152</p></td><td rowspan="1" colspan="1"><p>202515611</p></td><td rowspan="1" colspan="1"><p>Bacharelado</p></td><td rowspan="1" colspan="1"><p>ENGENHARIA AMBIENTAL</p></td><td rowspan="1" colspan="1"><p>30000</p></td><td rowspan="1" colspan="1"><p>CENTRO UNIVERSITARIO ANHANGUERA PITAGORAS UNOPAR DE CAMPO GRANDE -</p></td><td rowspan="1" colspan="1"><p>ANHANGUERA EDUCACIONAL PARTICIPACOES S/A</p></td></tr><tr><td rowspan="1" colspan="1"><p>153</p></td><td rowspan="1" colspan="1"><p>202515612</p></td><td rowspan="1" colspan="1"><p>Bacharelado</p></td><td rowspan="1" colspan="1"><p>ENGENHARIA AMBIENTAL E SANITÁRIA</p></td><td rowspan="1" colspan="1"><p>50000</p></td><td rowspan="1" colspan="1"><p>CENTRO UNIVERSITARIO ANHANGUERA PITAGORAS UNOPAR DE CAMPO GRANDE -</p></td><td rowspan="1" colspan="1"><p>ANHANGUERA EDUCACIONAL PARTICIPACOES S/A</p></td></tr><tr><td rowspan="1" colspan="1"><p>154</p></td><td rowspan="1" colspan="1"><p>202515615</p></td><td rowspan="1" colspan="1"><p>Bacharelado</p></td><td rowspan="1" colspan="1"><p>ENGENHARIA CIVIL</p></td><td rowspan="1" colspan="1"><p>50000</p></td><td rowspan="1" colspan="1"><p>CENTRO UNIVERSITARIO ANHANGUERA PITAGORAS UNOPAR DE CAMPO GRANDE -</p></td><td rowspan="1" colspan="1"><p>ANHANGUERA EDUCACIONAL PARTICIPACOES S/A</p></td></tr><tr><td rowspan="1" colspan="1"><p>155</p></td><td rowspan="1" colspan="1"><p>202515619</p></td><td rowspan="1" colspan="1"><p>Bacharelado</p></td><td rowspan="1" colspan="1"><p>ENGENHARIA DE COMPUTAÇÃO</p></td><td rowspan="1" colspan="1"><p>50000</p></td><td rowspan="1" colspan="1"><p>CENTRO UNIVERSITARIO ANHANGUERA PITAGORAS UNOPAR DE CAMPO GRANDE -</p></td><td rowspan="1" colspan="1"><p>ANHANGUERA EDUCACIONAL PARTICIPACOES S/A</p></td></tr><tr><td rowspan="1" colspan="1"><p>156</p></td><td rowspan="1" colspan="1"><p>202515617</p></td><td rowspan="1" colspan="1"><p>Bacharelado</p></td><td rowspan="1" colspan="1"><p>ENGENHARIA DE CONTROLE E AUTOMAÇÃO</p></td><td rowspan="1" colspan="1"><p>50000</p></td><td rowspan="1" colspan="1"><p>CENTRO UNIVERSITARIO ANHANGUERA PITAGORAS UNOPAR DE CAMPO GRANDE -</p></td><td rowspan="1" colspan="1"><p>ANHANGUERA EDUCACIONAL PARTICIPACOES S/A</p></td></tr><tr><td rowspan="1" colspan="1"><p>157</p></td><td rowspan="1" colspan="1"><p>202515614</p></td><td rowspan="1" colspan="1"><p>Bacharelado</p></td><td rowspan="1" colspan="1"><p>ENGENHARIA DE PRODUÇÃO</p></td><td rowspan="1" colspan="1"><p>50000</p></td><td rowspan="1" colspan="1"><p>CENTRO UNIVERSITARIO ANHANGUERA PITAGORAS UNOPAR DE CAMPO GRANDE -</p></td><td rowspan="1" colspan="1"><p>ANHANGUERA EDUCACIONAL PARTICIPACOES S/A</p></td></tr><tr><td rowspan="1" colspan="1"><p>158</p></td><td rowspan="1" colspan="1"><p>202515616</p></td><td rowspan="1" colspan="1"><p>Bacharelado</p></td><td rowspan="1" colspan="1"><p>ENGENHARIA ELÉTRICA</p></td><td rowspan="1" colspan="1"><p>50000</p></td><td rowspan="1" colspan="1"><p>CENTRO UNIVERSITARIO ANHANGUERA PITAGORAS UNOPAR DE CAMPO GRANDE -</p></td><td rowspan="1" colspan="1"><p>ANHANGUERA EDUCACIONAL PARTICIPACOES S/A</p></td></tr><tr><td rowspan="1" colspan="1"><p>159</p></td><td rowspan="1" colspan="1"><p>202515613</p></td><td rowspan="1" colspan="1"><p>Bacharelado</p></td><td rowspan="1" colspan="1"><p>ENGENHARIA MECÂNICA</p></td><td rowspan="1" colspan="1"><p>50000</p></td><td rowspan="1" colspan="1"><p>CENTRO UNIVERSITARIO ANHANGUERA PITAGORAS UNOPAR DE CAMPO GRANDE -</p></td><td rowspan="1" colspan="1"><p>ANHANGUERA EDUCACIONAL PARTICIPACOES S/A</p></td></tr><tr><td rowspan="1" colspan="1"><p>160</p></td><td rowspan="1" colspan="1"><p>202515164</p></td><td rowspan="1" colspan="1"><p>Bacharelado</p></td><td rowspan="1" colspan="1"><p>FARMÁCIA</p></td><td rowspan="1" colspan="1"><p>30000</p></td><td rowspan="1" colspan="1"><p>CENTRO UNIVERSITARIO ANHANGUERA PITAGORAS UNOPAR DE CAMPO GRANDE -</p></td><td rowspan="1" colspan="1"><p>ANHANGUERA EDUCACIONAL PARTICIPACOES S/A</p></td></tr><tr><td rowspan="1" colspan="1"><p>161</p></td><td rowspan="1" colspan="1"><p>202510391</p></td><td rowspan="1" colspan="1"><p>Licenciatura</p></td><td rowspan="1" colspan="1"><p>FILOSOFIA</p></td><td rowspan="1" colspan="1"><p>3000</p></td><td rowspan="1" colspan="1"><p>CENTRO UNIVERSITARIO ANHANGUERA PITAGORAS UNOPAR DE CAMPO GRANDE -</p></td><td rowspan="1" colspan="1"><p>ANHANGUERA EDUCACIONAL PARTICIPACOES S/A</p></td></tr><tr><td rowspan="1" colspan="1"><p>162</p></td><td rowspan="1" colspan="1"><p>202515166</p></td><td rowspan="1" colspan="1"><p>Bacharelado</p></td><td rowspan="1" colspan="1"><p>FISIOTERAPIA</p></td><td rowspan="1" colspan="1"><p>30000</p></td><td rowspan="1" colspan="1"><p>CENTRO UNIVERSITARIO ANHANGUERA PITAGORAS UNOPAR DE CAMPO GRANDE -</p></td><td rowspan="1" colspan="1"><p>ANHANGUERA EDUCACIONAL PARTICIPACOES S/A</p></td></tr><tr><td rowspan="1" colspan="1"><p>163</p></td><td rowspan="1" colspan="1"><p>202510388</p></td><td rowspan="1" colspan="1"><p>Licenciatura</p></td><td rowspan="1" colspan="1"><p>GEOGRAFIA</p></td><td rowspan="1" colspan="1"><p>3000</p></td><td rowspan="1" colspan="1"><p>CENTRO UNIVERSITARIO ANHANGUERA PITAGORAS UNOPAR DE CAMPO GRANDE -</p></td><td rowspan="1" colspan="1"><p>ANHANGUERA EDUCACIONAL PARTICIPACOES S/A</p></td></tr><tr><td rowspan="1" colspan="1"><p>164</p></td><td rowspan="1" colspan="1"><p>202508185</p></td><td rowspan="1" colspan="1"><p>Tecnológico</p></td><td rowspan="1" colspan="1"><p>GERONTOLOGIA</p></td><td rowspan="1" colspan="1"><p>3000</p></td><td rowspan="1" colspan="1"><p>CENTRO UNIVERSITARIO ANHANGUERA PITAGORAS UNOPAR DE CAMPO GRANDE -</p></td><td rowspan="1" colspan="1"><p>ANHANGUERA EDUCACIONAL PARTICIPACOES S/A</p></td></tr><tr><td rowspan="1" colspan="1"><p>165</p></td><td rowspan="1" colspan="1"><p>202508928</p></td><td rowspan="1" colspan="1"><p>Tecnológico</p></td><td rowspan="1" colspan="1"><p>GESTÃO AMBIENTAL</p></td><td rowspan="1" colspan="1"><p>500</p></td><td rowspan="1" colspan="1"><p>CENTRO UNIVERSITARIO ANHANGUERA PITAGORAS UNOPAR DE CAMPO GRANDE -</p></td><td rowspan="1" colspan="1"><p>ANHANGUERA EDUCACIONAL PARTICIPACOES S/A</p></td></tr><tr><td rowspan="1" colspan="1"><p>166</p></td><td rowspan="1" colspan="1"><p>202511776</p></td><td rowspan="1" colspan="1"><p>Tecnológico</p></td><td rowspan="1" colspan="1"><p>GESTÃO HOSPITALAR</p></td><td rowspan="1" colspan="1"><p>3000</p></td><td rowspan="1" colspan="1"><p>CENTRO UNIVERSITARIO ANHANGUERA PITAGORAS UNOPAR DE CAMPO GRANDE -</p></td><td rowspan="1" colspan="1"><p>ANHANGUERA EDUCACIONAL PARTICIPACOES S/A</p></td></tr><tr><td rowspan="1" colspan="1"><p>167</p></td><td rowspan="1" colspan="1"><p>202510394</p></td><td rowspan="1" colspan="1"><p>Licenciatura</p></td><td rowspan="1" colspan="1"><p>HISTÓRIA</p></td><td rowspan="1" colspan="1"><p>3000</p></td><td rowspan="1" colspan="1"><p>CENTRO UNIVERSITARIO ANHANGUERA PITAGORAS UNOPAR DE CAMPO GRANDE -</p></td><td rowspan="1" colspan="1"><p>ANHANGUERA EDUCACIONAL PARTICIPACOES S/A</p></td></tr><tr><td rowspan="1" colspan="1"><p>168</p></td><td rowspan="1" colspan="1"><p>202510393</p></td><td rowspan="1" colspan="1"><p>Licenciatura</p></td><td rowspan="1" colspan="1"><p>LETRAS - PORTUGUÊS</p></td><td rowspan="1" colspan="1"><p>3000</p></td><td rowspan="1" colspan="1"><p>CENTRO UNIVERSITARIO ANHANGUERA PITAGORAS UNOPAR DE CAMPO GRANDE -</p></td><td rowspan="1" colspan="1"><p>ANHANGUERA EDUCACIONAL PARTICIPACOES S/A</p></td></tr><tr><td rowspan="1" colspan="1"><p>169</p></td><td rowspan="1" colspan="1"><p>202510390</p></td><td rowspan="1" colspan="1"><p>Licenciatura</p></td><td rowspan="1" colspan="1"><p>LETRAS - PORTUGUÊS E ESPANHOL</p></td><td rowspan="1" colspan="1"><p>3000</p></td><td rowspan="1" colspan="1"><p>CENTRO UNIVERSITARIO ANHANGUERA PITAGORAS UNOPAR DE CAMPO GRANDE -</p></td><td rowspan="1" colspan="1"><p>ANHANGUERA EDUCACIONAL PARTICIPACOES S/A</p></td></tr><tr><td rowspan="1" colspan="1"><p>170</p></td><td rowspan="1" colspan="1"><p>202510385</p></td><td rowspan="1" colspan="1"><p>Licenciatura</p></td><td rowspan="1" colspan="1"><p>LETRAS - PORTUGUÊS E INGLÊS</p></td><td rowspan="1" colspan="1"><p>3000</p></td><td rowspan="1" colspan="1"><p>CENTRO UNIVERSITARIO ANHANGUERA PITAGORAS UNOPAR DE CAMPO GRANDE -</p></td><td rowspan="1" colspan="1"><p>ANHANGUERA EDUCACIONAL PARTICIPACOES S/A</p></td></tr><tr><td rowspan="1" colspan="1"><p>171</p></td><td rowspan="1" colspan="1"><p>202510392</p></td><td rowspan="1" colspan="1"><p>Licenciatura</p></td><td rowspan="1" colspan="1"><p>MATEMÁTICA</p></td><td rowspan="1" colspan="1"><p>3000</p></td><td rowspan="1" colspan="1"><p>CENTRO UNIVERSITARIO ANHANGUERA PITAGORAS UNOPAR DE CAMPO GRANDE -</p></td><td rowspan="1" colspan="1"><p>ANHANGUERA EDUCACIONAL PARTICIPACOES S/A</p></td></tr><tr><td rowspan="1" colspan="1"><p>172</p></td><td rowspan="1" colspan="1"><p>202515163</p></td><td rowspan="1" colspan="1"><p>Bacharelado</p></td><td rowspan="1" colspan="1"><p>NUTRIÇÃO</p></td><td rowspan="1" colspan="1"><p>24000</p></td><td rowspan="1" colspan="1"><p>CENTRO UNIVERSITARIO ANHANGUERA PITAGORAS UNOPAR DE CAMPO GRANDE -</p></td><td rowspan="1" colspan="1"><p>ANHANGUERA EDUCACIONAL PARTICIPACOES S/A</p></td></tr><tr><td rowspan="1" colspan="1"><p>173</p></td><td rowspan="1" colspan="1"><p>202510383</p></td><td rowspan="1" colspan="1"><p>Licenciatura</p></td><td rowspan="1" colspan="1"><p>PEDAGOGIA</p></td><td rowspan="1" colspan="1"><p>3000</p></td><td rowspan="1" colspan="1"><p>CENTRO UNIVERSITARIO ANHANGUERA PITAGORAS UNOPAR DE CAMPO GRANDE -</p></td><td rowspan="1" colspan="1"><p>ANHANGUERA EDUCACIONAL PARTICIPACOES S/A</p></td></tr><tr><td rowspan="1" colspan="1"><p>174</p></td><td rowspan="1" colspan="1"><p>202507853</p></td><td rowspan="1" colspan="1"><p>Tecnológico</p></td><td rowspan="1" colspan="1"><p>PODOLOGIA</p></td><td rowspan="1" colspan="1"><p>3000</p></td><td rowspan="1" colspan="1"><p>CENTRO UNIVERSITARIO ANHANGUERA PITAGORAS UNOPAR DE CAMPO GRANDE -</p></td><td rowspan="1" colspan="1"><p>ANHANGUERA EDUCACIONAL PARTICIPACOES S/A</p></td></tr><tr><td rowspan="1" colspan="1"><p>175</p></td><td rowspan="1" colspan="1"><p>202508929</p></td><td rowspan="1" colspan="1"><p>Tecnológico</p></td><td rowspan="1" colspan="1"><p>PRODUÇÃO CERVEJEIRA</p></td><td rowspan="1" colspan="1"><p>3000</p></td><td rowspan="1" colspan="1"><p>CENTRO UNIVERSITARIO ANHANGUERA PITAGORAS UNOPAR DE CAMPO GRANDE -</p></td><td rowspan="1" colspan="1"><p>ANHANGUERA EDUCACIONAL PARTICIPACOES S/A</p></td></tr><tr><td rowspan="1" colspan="1"><p>176</p></td><td rowspan="1" colspan="1"><p>202510386</p></td><td rowspan="1" colspan="1"><p>Bacharelado</p></td><td rowspan="1" colspan="1"><p>PSICOPEDAGOGIA</p></td><td rowspan="1" colspan="1"><p>2000</p></td><td rowspan="1" colspan="1"><p>CENTRO UNIVERSITARIO ANHANGUERA PITAGORAS UNOPAR DE CAMPO GRANDE -</p></td><td rowspan="1" colspan="1"><p>ANHANGUERA EDUCACIONAL PARTICIPACOES S/A</p></td></tr><tr><td rowspan="1" colspan="1"><p>177</p></td><td rowspan="1" colspan="1"><p>202507803</p></td><td rowspan="1" colspan="1"><p>Bacharelado</p></td><td rowspan="1" colspan="1"><p>QUÍMICA</p></td><td rowspan="1" colspan="1"><p>2000</p></td><td rowspan="1" colspan="1"><p>CENTRO UNIVERSITARIO ANHANGUERA PITAGORAS UNOPAR DE CAMPO GRANDE -</p></td><td rowspan="1" colspan="1"><p>ANHANGUERA EDUCACIONAL PARTICIPACOES S/A</p></td></tr><tr><td rowspan="1" colspan="1"><p>178</p></td><td rowspan="1" colspan="1"><p>202508184</p></td><td rowspan="1" colspan="1"><p>Tecnológico</p></td><td rowspan="1" colspan="1"><p>RADIOLOGIA</p></td><td rowspan="1" colspan="1"><p>3000</p></td><td rowspan="1" colspan="1"><p>CENTRO UNIVERSITARIO ANHANGUERA PITAGORAS UNOPAR DE CAMPO GRANDE -</p></td><td rowspan="1" colspan="1"><p>ANHANGUERA EDUCACIONAL PARTICIPACOES S/A</p></td></tr><tr><td rowspan="1" colspan="1"><p>179</p></td><td rowspan="1" colspan="1"><p>202508183</p></td><td rowspan="1" colspan="1"><p>Bacharelado</p></td><td rowspan="1" colspan="1"><p>SERVIÇO SOCIAL</p></td><td rowspan="1" colspan="1"><p>3000</p></td><td rowspan="1" colspan="1"><p>CENTRO UNIVERSITARIO ANHANGUERA PITAGORAS UNOPAR DE CAMPO GRANDE -</p></td><td rowspan="1" colspan="1"><p>ANHANGUERA EDUCACIONAL PARTICIPACOES S/A</p></td></tr><tr><td rowspan="1" colspan="1"><p>180</p></td><td rowspan="1" colspan="1"><p>202510389</p></td><td rowspan="1" colspan="1"><p>Licenciatura</p></td><td rowspan="1" colspan="1"><p>SOCIOLOGIA</p></td><td rowspan="1" colspan="1"><p>3000</p></td><td rowspan="1" colspan="1"><p>CENTRO UNIVERSITARIO ANHANGUERA PITAGORAS UNOPAR DE CAMPO GRANDE -</p></td><td rowspan="1" colspan="1"><p>ANHANGUERA EDUCACIONAL PARTICIPACOES S/A</p></td></tr><tr><td rowspan="1" colspan="1"><p>181</p></td><td rowspan="1" colspan="1"><p>202508182</p></td><td rowspan="1" colspan="1"><p>Tecnológico</p></td><td rowspan="1" colspan="1"><p>TERAPIAS INTEGRATIVAS E COMPLEMENTARES</p></td><td rowspan="1" colspan="1"><p>3000</p></td><td rowspan="1" colspan="1"><p>CENTRO UNIVERSITARIO ANHANGUERA PITAGORAS UNOPAR DE CAMPO GRANDE -</p></td><td rowspan="1" colspan="1"><p>ANHANGUERA EDUCACIONAL PARTICIPACOES S/A</p></td></tr><tr><td rowspan="1" colspan="1"><p>182</p></td><td rowspan="1" colspan="1"><p>202515895</p></td><td rowspan="1" colspan="1"><p>Bacharelado</p></td><td rowspan="1" colspan="1"><p>AGRONOMIA</p></td><td rowspan="1" colspan="1"><p>30000</p></td><td rowspan="1" colspan="1"><p>CENTRO UNIVERSITARIO ANHANGUERA PITAGORAS UNOPAR DE NITEROI - UNIAN-RJ</p></td><td rowspan="1" colspan="1"><p>ANHANGUERA EDUCACIONAL PARTICIPACOES S/A</p></td></tr><tr><td rowspan="1" colspan="1"><p>183</p></td><td rowspan="1" colspan="1"><p>202515564</p></td><td rowspan="1" colspan="1"><p>Bacharelado</p></td><td rowspan="1" colspan="1"><p>ARQUITETURA E URBANISMO</p></td><td rowspan="1" colspan="1"><p>30000</p></td><td rowspan="1" colspan="1"><p>CENTRO UNIVERSITARIO ANHANGUERA PITAGORAS UNOPAR DE NITEROI - UNIAN-RJ</p></td><td rowspan="1" colspan="1"><p>ANHANGUERA EDUCACIONAL PARTICIPACOES S/A</p></td></tr><tr><td rowspan="1" colspan="1"><p>184</p></td><td rowspan="1" colspan="1"><p>202510061</p></td><td rowspan="1" colspan="1"><p>Licenciatura</p></td><td rowspan="1" colspan="1"><p>ARTES VISUAIS</p></td><td rowspan="1" colspan="1"><p>3000</p></td><td rowspan="1" colspan="1"><p>CENTRO UNIVERSITARIO ANHANGUERA PITAGORAS UNOPAR DE NITEROI - UNIAN-RJ</p></td><td rowspan="1" colspan="1"><p>ANHANGUERA EDUCACIONAL PARTICIPACOES S/A</p></td></tr><tr><td rowspan="1" colspan="1"><p>185</p></td><td rowspan="1" colspan="1"><p>202515126</p></td><td rowspan="1" colspan="1"><p>Bacharelado</p></td><td rowspan="1" colspan="1"><p>BIOMEDICINA</p></td><td rowspan="1" colspan="1"><p>24000</p></td><td rowspan="1" colspan="1"><p>CENTRO UNIVERSITARIO ANHANGUERA PITAGORAS UNOPAR DE NITEROI - UNIAN-RJ</p></td><td rowspan="1" colspan="1"><p>ANHANGUERA EDUCACIONAL PARTICIPACOES S/A</p></td></tr><tr><td rowspan="1" colspan="1"><p>186</p></td><td rowspan="1" colspan="1"><p>202510053</p></td><td rowspan="1" colspan="1"><p>Licenciatura</p></td><td rowspan="1" colspan="1"><p>EDUCAÇÃO ESPECIAL</p></td><td rowspan="1" colspan="1"><p>3000</p></td><td rowspan="1" colspan="1"><p>CENTRO UNIVERSITARIO ANHANGUERA PITAGORAS UNOPAR DE NITEROI - UNIAN-RJ</p></td><td rowspan="1" colspan="1"><p>ANHANGUERA EDUCACIONAL PARTICIPACOES S/A</p></td></tr><tr><td rowspan="1" colspan="1"><p>187</p></td><td rowspan="1" colspan="1"><p>202510054</p></td><td rowspan="1" colspan="1"><p>Licenciatura</p></td><td rowspan="1" colspan="1"><p>EDUCAÇÃO FÍSICA</p></td><td rowspan="1" colspan="1"><p>3000</p></td><td rowspan="1" colspan="1"><p>CENTRO UNIVERSITARIO ANHANGUERA PITAGORAS UNOPAR DE NITEROI - UNIAN-RJ</p></td><td rowspan="1" colspan="1"><p>ANHANGUERA EDUCACIONAL PARTICIPACOES S/A</p></td></tr><tr><td rowspan="1" colspan="1"><p>188</p></td><td rowspan="1" colspan="1"><p>202515127</p></td><td rowspan="1" colspan="1"><p>Bacharelado</p></td><td rowspan="1" colspan="1"><p>EDUCAÇÃO FÍSICA</p></td><td rowspan="1" colspan="1"><p>79992</p></td><td rowspan="1" colspan="1"><p>CENTRO UNIVERSITARIO ANHANGUERA PITAGORAS UNOPAR DE NITEROI - UNIAN-RJ</p></td><td rowspan="1" colspan="1"><p>ANHANGUERA EDUCACIONAL PARTICIPACOES S/A</p></td></tr><tr><td rowspan="1" colspan="1"><p>189</p></td><td rowspan="1" colspan="1"><p>202515563</p></td><td rowspan="1" colspan="1"><p>Bacharelado</p></td><td rowspan="1" colspan="1"><p>ENGENHARIA AMBIENTAL</p></td><td rowspan="1" colspan="1"><p>50000</p></td><td rowspan="1" colspan="1"><p>CENTRO UNIVERSITARIO ANHANGUERA PITAGORAS UNOPAR DE NITEROI - UNIAN-RJ</p></td><td rowspan="1" colspan="1"><p>ANHANGUERA EDUCACIONAL PARTICIPACOES S/A</p></td></tr><tr><td rowspan="1" colspan="1"><p>190</p></td><td rowspan="1" colspan="1"><p>202515555</p></td><td rowspan="1" colspan="1"><p>Bacharelado</p></td><td rowspan="1" colspan="1"><p>ENGENHARIA AMBIENTAL E SANITÁRIA</p></td><td rowspan="1" colspan="1"><p>50000</p></td><td rowspan="1" colspan="1"><p>CENTRO UNIVERSITARIO ANHANGUERA PITAGORAS UNOPAR DE NITEROI - UNIAN-RJ</p></td><td rowspan="1" colspan="1"><p>ANHANGUERA EDUCACIONAL PARTICIPACOES S/A</p></td></tr><tr><td rowspan="1" colspan="1"><p>191</p></td><td rowspan="1" colspan="1"><p>202515560</p></td><td rowspan="1" colspan="1"><p>Bacharelado</p></td><td rowspan="1" colspan="1"><p>ENGENHARIA CIVIL</p></td><td rowspan="1" colspan="1"><p>50000</p></td><td rowspan="1" colspan="1"><p>CENTRO UNIVERSITARIO ANHANGUERA PITAGORAS UNOPAR DE NITEROI - UNIAN-RJ</p></td><td rowspan="1" colspan="1"><p>ANHANGUERA EDUCACIONAL PARTICIPACOES S/A</p></td></tr><tr><td rowspan="1" colspan="1"><p>192</p></td><td rowspan="1" colspan="1"><p>202515562</p></td><td rowspan="1" colspan="1"><p>Bacharelado</p></td><td rowspan="1" colspan="1"><p>ENGENHARIA DE COMPUTAÇÃO</p></td><td rowspan="1" colspan="1"><p>50000</p></td><td rowspan="1" colspan="1"><p>CENTRO UNIVERSITARIO ANHANGUERA PITAGORAS UNOPAR DE NITEROI - UNIAN-RJ</p></td><td rowspan="1" colspan="1"><p>ANHANGUERA EDUCACIONAL PARTICIPACOES S/A</p></td></tr><tr><td rowspan="1" colspan="1"><p>193</p></td><td rowspan="1" colspan="1"><p>202515557</p></td><td rowspan="1" colspan="1"><p>Bacharelado</p></td><td rowspan="1" colspan="1"><p>ENGENHARIA DE CONTROLE E AUTOMAÇÃO</p></td><td rowspan="1" colspan="1"><p>50000</p></td><td rowspan="1" colspan="1"><p>CENTRO UNIVERSITARIO ANHANGUERA PITAGORAS UNOPAR DE NITEROI - UNIAN-RJ</p></td><td rowspan="1" colspan="1"><p>ANHANGUERA EDUCACIONAL PARTICIPACOES S/A</p></td></tr><tr><td rowspan="1" colspan="1"><p>194</p></td><td rowspan="1" colspan="1"><p>202515558</p></td><td rowspan="1" colspan="1"><p>Bacharelado</p></td><td rowspan="1" colspan="1"><p>ENGENHARIA DE PRODUÇÃO</p></td><td rowspan="1" colspan="1"><p>50000</p></td><td rowspan="1" colspan="1"><p>CENTRO UNIVERSITARIO ANHANGUERA PITAGORAS UNOPAR DE NITEROI - UNIAN-RJ</p></td><td rowspan="1" colspan="1"><p>ANHANGUERA EDUCACIONAL PARTICIPACOES S/A</p></td></tr><tr><td rowspan="1" colspan="1"><p>195</p></td><td rowspan="1" colspan="1"><p>202515559</p></td><td rowspan="1" colspan="1"><p>Bacharelado</p></td><td rowspan="1" colspan="1"><p>ENGENHARIA ELÉTRICA</p></td><td rowspan="1" colspan="1"><p>50000</p></td><td rowspan="1" colspan="1"><p>CENTRO UNIVERSITARIO ANHANGUERA PITAGORAS UNOPAR DE NITEROI - UNIAN-RJ</p></td><td rowspan="1" colspan="1"><p>ANHANGUERA EDUCACIONAL PARTICIPACOES S/A</p></td></tr><tr><td rowspan="1" colspan="1"><p>196</p></td><td rowspan="1" colspan="1"><p>202515556</p></td><td rowspan="1" colspan="1"><p>Bacharelado</p></td><td rowspan="1" colspan="1"><p>ENGENHARIA MECÂNICA</p></td><td rowspan="1" colspan="1"><p>50000</p></td><td rowspan="1" colspan="1"><p>CENTRO UNIVERSITARIO ANHANGUERA PITAGORAS UNOPAR DE NITEROI - UNIAN-RJ</p></td><td rowspan="1" colspan="1"><p>ANHANGUERA EDUCACIONAL PARTICIPACOES S/A</p></td></tr><tr><td rowspan="1" colspan="1"><p>197</p></td><td rowspan="1" colspan="1"><p>202515125</p></td><td rowspan="1" colspan="1"><p>Bacharelado</p></td><td rowspan="1" colspan="1"><p>FARMÁCIA</p></td><td rowspan="1" colspan="1"><p>30000</p></td><td rowspan="1" colspan="1"><p>CENTRO UNIVERSITARIO ANHANGUERA PITAGORAS UNOPAR DE NITEROI - UNIAN-RJ</p></td><td rowspan="1" colspan="1"><p>ANHANGUERA EDUCACIONAL PARTICIPACOES S/A</p></td></tr><tr><td rowspan="1" colspan="1"><p>198</p></td><td rowspan="1" colspan="1"><p>202510057</p></td><td rowspan="1" colspan="1"><p>Licenciatura</p></td><td rowspan="1" colspan="1"><p>FILOSOFIA</p></td><td rowspan="1" colspan="1"><p>3000</p></td><td rowspan="1" colspan="1"><p>CENTRO UNIVERSITARIO ANHANGUERA PITAGORAS UNOPAR DE NITEROI - UNIAN-RJ</p></td><td rowspan="1" colspan="1"><p>ANHANGUERA EDUCACIONAL PARTICIPACOES S/A</p></td></tr><tr><td rowspan="1" colspan="1"><p>199</p></td><td rowspan="1" colspan="1"><p>202515128</p></td><td rowspan="1" colspan="1"><p>Bacharelado</p></td><td rowspan="1" colspan="1"><p>FISIOTERAPIA</p></td><td rowspan="1" colspan="1"><p>30000</p></td><td rowspan="1" colspan="1"><p>CENTRO UNIVERSITARIO ANHANGUERA PITAGORAS UNOPAR DE NITEROI - UNIAN-RJ</p></td><td rowspan="1" colspan="1"><p>ANHANGUERA EDUCACIONAL PARTICIPACOES S/A</p></td></tr><tr><td rowspan="1" colspan="1"><p>200</p></td><td rowspan="1" colspan="1"><p>202510051</p></td><td rowspan="1" colspan="1"><p>Licenciatura</p></td><td rowspan="1" colspan="1"><p>GEOGRAFIA</p></td><td rowspan="1" colspan="1"><p>3000</p></td><td rowspan="1" colspan="1"><p>CENTRO UNIVERSITARIO ANHANGUERA PITAGORAS UNOPAR DE NITEROI - UNIAN-RJ</p></td><td rowspan="1" colspan="1"><p>ANHANGUERA EDUCACIONAL PARTICIPACOES S/A</p></td></tr><tr><td rowspan="1" colspan="1"><p>201</p></td><td rowspan="1" colspan="1"><p>202508105</p></td><td rowspan="1" colspan="1"><p>Tecnológico</p></td><td rowspan="1" colspan="1"><p>GERONTOLOGIA</p></td><td rowspan="1" colspan="1"><p>3000</p></td><td rowspan="1" colspan="1"><p>CENTRO UNIVERSITARIO ANHANGUERA PITAGORAS UNOPAR DE NITEROI - UNIAN-RJ</p></td><td rowspan="1" colspan="1"><p>ANHANGUERA EDUCACIONAL PARTICIPACOES S/A</p></td></tr><tr><td rowspan="1" colspan="1"><p>202</p></td><td rowspan="1" colspan="1"><p>202508860</p></td><td rowspan="1" colspan="1"><p>Tecnológico</p></td><td rowspan="1" colspan="1"><p>GESTÃO AMBIENTAL</p></td><td rowspan="1" colspan="1"><p>3000</p></td><td rowspan="1" colspan="1"><p>CENTRO UNIVERSITARIO ANHANGUERA PITAGORAS UNOPAR DE NITEROI - UNIAN-RJ</p></td><td rowspan="1" colspan="1"><p>ANHANGUERA EDUCACIONAL PARTICIPACOES S/A</p></td></tr><tr><td rowspan="1" colspan="1"><p>203</p></td><td rowspan="1" colspan="1"><p>202511724</p></td><td rowspan="1" colspan="1"><p>Tecnológico</p></td><td rowspan="1" colspan="1"><p>GESTÃO HOSPITALAR</p></td><td rowspan="1" colspan="1"><p>3000</p></td><td rowspan="1" colspan="1"><p>CENTRO UNIVERSITARIO ANHANGUERA PITAGORAS UNOPAR DE NITEROI - UNIAN-RJ</p></td><td rowspan="1" colspan="1"><p>ANHANGUERA EDUCACIONAL PARTICIPACOES S/A</p></td></tr><tr><td rowspan="1" colspan="1"><p>204</p></td><td rowspan="1" colspan="1"><p>202510052</p></td><td rowspan="1" colspan="1"><p>Licenciatura</p></td><td rowspan="1" colspan="1"><p>HISTÓRIA</p></td><td rowspan="1" colspan="1"><p>3000</p></td><td rowspan="1" colspan="1"><p>CENTRO UNIVERSITARIO ANHANGUERA PITAGORAS UNOPAR DE NITEROI - UNIAN-RJ</p></td><td rowspan="1" colspan="1"><p>ANHANGUERA EDUCACIONAL PARTICIPACOES S/A</p></td></tr><tr><td rowspan="1" colspan="1"><p>205</p></td><td rowspan="1" colspan="1"><p>202510060</p></td><td rowspan="1" colspan="1"><p>Licenciatura</p></td><td rowspan="1" colspan="1"><p>LETRAS - PORTUGUÊS</p></td><td rowspan="1" colspan="1"><p>3000</p></td><td rowspan="1" colspan="1"><p>CENTRO UNIVERSITARIO ANHANGUERA PITAGORAS UNOPAR DE NITEROI - UNIAN-RJ</p></td><td rowspan="1" colspan="1"><p>ANHANGUERA EDUCACIONAL PARTICIPACOES S/A</p></td></tr><tr><td rowspan="1" colspan="1"><p>206</p></td><td rowspan="1" colspan="1"><p>202510058</p></td><td rowspan="1" colspan="1"><p>Licenciatura</p></td><td rowspan="1" colspan="1"><p>LETRAS - PORTUGUÊS E ESPANHOL</p></td><td rowspan="1" colspan="1"><p>3000</p></td><td rowspan="1" colspan="1"><p>CENTRO UNIVERSITARIO ANHANGUERA PITAGORAS UNOPAR DE NITEROI - UNIAN-RJ</p></td><td rowspan="1" colspan="1"><p>ANHANGUERA EDUCACIONAL PARTICIPACOES S/A</p></td></tr><tr><td rowspan="1" colspan="1"><p>207</p></td><td rowspan="1" colspan="1"><p>202510056</p></td><td rowspan="1" colspan="1"><p>Licenciatura</p></td><td rowspan="1" colspan="1"><p>LETRAS - PORTUGUÊS E INGLÊS</p></td><td rowspan="1" colspan="1"><p>3000</p></td><td rowspan="1" colspan="1"><p>CENTRO UNIVERSITARIO ANHANGUERA PITAGORAS UNOPAR DE NITEROI - UNIAN-RJ</p></td><td rowspan="1" colspan="1"><p>ANHANGUERA EDUCACIONAL PARTICIPACOES S/A</p></td></tr><tr><td rowspan="1" colspan="1"><p>208</p></td><td rowspan="1" colspan="1"><p>202510055</p></td><td rowspan="1" colspan="1"><p>Licenciatura</p></td><td rowspan="1" colspan="1"><p>MATEMÁTICA</p></td><td rowspan="1" colspan="1"><p>3000</p></td><td rowspan="1" colspan="1"><p>CENTRO UNIVERSITARIO ANHANGUERA PITAGORAS UNOPAR DE NITEROI - UNIAN-RJ</p></td><td rowspan="1" colspan="1"><p>ANHANGUERA EDUCACIONAL PARTICIPACOES S/A</p></td></tr><tr><td rowspan="1" colspan="1"><p>209</p></td><td rowspan="1" colspan="1"><p>202515124</p></td><td rowspan="1" colspan="1"><p>Bacharelado</p></td><td rowspan="1" colspan="1"><p>NUTRIÇÃO</p></td><td rowspan="1" colspan="1"><p>24000</p></td><td rowspan="1" colspan="1"><p>CENTRO UNIVERSITARIO ANHANGUERA PITAGORAS UNOPAR DE NITEROI - UNIAN-RJ</p></td><td rowspan="1" colspan="1"><p>ANHANGUERA EDUCACIONAL PARTICIPACOES S/A</p></td></tr><tr><td rowspan="1" colspan="1"><p>210</p></td><td rowspan="1" colspan="1"><p>202510050</p></td><td rowspan="1" colspan="1"><p>Licenciatura</p></td><td rowspan="1" colspan="1"><p>PEDAGOGIA</p></td><td rowspan="1" colspan="1"><p>3000</p></td><td rowspan="1" colspan="1"><p>CENTRO UNIVERSITARIO ANHANGUERA PITAGORAS UNOPAR DE NITEROI - UNIAN-RJ</p></td><td rowspan="1" colspan="1"><p>ANHANGUERA EDUCACIONAL PARTICIPACOES S/A</p></td></tr><tr><td rowspan="1" colspan="1"><p>211</p></td><td rowspan="1" colspan="1"><p>202507850</p></td><td rowspan="1" colspan="1"><p>Tecnológico</p></td><td rowspan="1" colspan="1"><p>PODOLOGIA</p></td><td rowspan="1" colspan="1"><p>3000</p></td><td rowspan="1" colspan="1"><p>CENTRO UNIVERSITARIO ANHANGUERA PITAGORAS UNOPAR DE NITEROI - UNIAN-RJ</p></td><td rowspan="1" colspan="1"><p>ANHANGUERA EDUCACIONAL PARTICIPACOES S/A</p></td></tr><tr><td rowspan="1" colspan="1"><p>212</p></td><td rowspan="1" colspan="1"><p>202508861</p></td><td rowspan="1" colspan="1"><p>Tecnológico</p></td><td rowspan="1" colspan="1"><p>PRODUÇÃO CERVEJEIRA</p></td><td rowspan="1" colspan="1"><p>3000</p></td><td rowspan="1" colspan="1"><p>CENTRO UNIVERSITARIO ANHANGUERA PITAGORAS UNOPAR DE NITEROI - UNIAN-RJ</p></td><td rowspan="1" colspan="1"><p>ANHANGUERA EDUCACIONAL PARTICIPACOES S/A</p></td></tr><tr><td rowspan="1" colspan="1"><p>213</p></td><td rowspan="1" colspan="1"><p>202510059</p></td><td rowspan="1" colspan="1"><p>Bacharelado</p></td><td rowspan="1" colspan="1"><p>PSICOPEDAGOGIA</p></td><td rowspan="1" colspan="1"><p>2000</p></td><td rowspan="1" colspan="1"><p>CENTRO UNIVERSITARIO ANHANGUERA PITAGORAS UNOPAR DE NITEROI - UNIAN-RJ</p></td><td rowspan="1" colspan="1"><p>ANHANGUERA EDUCACIONAL PARTICIPACOES S/A</p></td></tr><tr><td rowspan="1" colspan="1"><p>214</p></td><td rowspan="1" colspan="1"><p>202507793</p></td><td rowspan="1" colspan="1"><p>Bacharelado</p></td><td rowspan="1" colspan="1"><p>QUÍMICA</p></td><td rowspan="1" colspan="1"><p>500</p></td><td rowspan="1" colspan="1"><p>CENTRO UNIVERSITARIO ANHANGUERA PITAGORAS UNOPAR DE NITEROI - UNIAN-RJ</p></td><td rowspan="1" colspan="1"><p>ANHANGUERA EDUCACIONAL PARTICIPACOES S/A</p></td></tr><tr><td rowspan="1" colspan="1"><p>215</p></td><td rowspan="1" colspan="1"><p>202508104</p></td><td rowspan="1" colspan="1"><p>Tecnológico</p></td><td rowspan="1" colspan="1"><p>RADIOLOGIA</p></td><td rowspan="1" colspan="1"><p>3000</p></td><td rowspan="1" colspan="1"><p>CENTRO UNIVERSITARIO ANHANGUERA PITAGORAS UNOPAR DE NITEROI - UNIAN-RJ</p></td><td rowspan="1" colspan="1"><p>ANHANGUERA EDUCACIONAL PARTICIPACOES S/A</p></td></tr><tr><td rowspan="1" colspan="1"><p>216</p></td><td rowspan="1" colspan="1"><p>202508103</p></td><td rowspan="1" colspan="1"><p>Bacharelado</p></td><td rowspan="1" colspan="1"><p>SERVIÇO SOCIAL</p></td><td rowspan="1" colspan="1"><p>3000</p></td><td rowspan="1" colspan="1"><p>CENTRO UNIVERSITARIO ANHANGUERA PITAGORAS UNOPAR DE NITEROI - UNIAN-RJ</p></td><td rowspan="1" colspan="1"><p>ANHANGUERA EDUCACIONAL PARTICIPACOES S/A</p></td></tr><tr><td rowspan="1" colspan="1"><p>217</p></td><td rowspan="1" colspan="1"><p>202510062</p></td><td rowspan="1" colspan="1"><p>Licenciatura</p></td><td rowspan="1" colspan="1"><p>SOCIOLOGIA</p></td><td rowspan="1" colspan="1"><p>3000</p></td><td rowspan="1" colspan="1"><p>CENTRO UNIVERSITARIO ANHANGUERA PITAGORAS UNOPAR DE NITEROI - UNIAN-RJ</p></td><td rowspan="1" colspan="1"><p>ANHANGUERA EDUCACIONAL PARTICIPACOES S/A</p></td></tr><tr><td rowspan="1" colspan="1"><p>218</p></td><td rowspan="1" colspan="1"><p>202508106</p></td><td rowspan="1" colspan="1"><p>Tecnológico</p></td><td rowspan="1" colspan="1"><p>TERAPIAS INTEGRATIVAS E COMPLEMENTARES</p></td><td rowspan="1" colspan="1"><p>3000</p></td><td rowspan="1" colspan="1"><p>CENTRO UNIVERSITARIO ANHANGUERA PITAGORAS UNOPAR DE NITEROI - UNIAN-RJ</p></td><td rowspan="1" colspan="1"><p>ANHANGUERA EDUCACIONAL PARTICIPACOES S/A</p></td></tr><tr><td rowspan="1" colspan="1"><p>219</p></td><td rowspan="1" colspan="1"><p>202517515</p></td><td rowspan="1" colspan="1"><p>Licenciatura</p></td><td rowspan="1" colspan="1"><p>PEDAGOGIA</p></td><td rowspan="1" colspan="1"><p>1000</p></td><td rowspan="1" colspan="1"><p>CENTRO UNIVERSITARIO ANISIO TEIXEIRA - UNIFAT</p></td><td rowspan="1" colspan="1"><p>SOCIEDADE CIENTIFICA E CULTURAL ANISIO TEIXEIRA LTDA</p></td></tr><tr><td rowspan="1" colspan="1"><p>220</p></td><td rowspan="1" colspan="1"><p>202517630</p></td><td rowspan="1" colspan="1"><p>Licenciatura</p></td><td rowspan="1" colspan="1"><p>BIOLOGIA</p></td><td rowspan="1" colspan="1"><p>500</p></td><td rowspan="1" colspan="1"><p>CENTRO UNIVERSITARIO APARICIO CARVALHO -</p></td><td rowspan="1" colspan="1"><p>SOCIEDADE DE PESQUISA EDUCACAO E CULTURA, DR. APARICIO CARVALHO DE MORAES LTDA</p></td></tr><tr><td rowspan="1" colspan="1"><p>221</p></td><td rowspan="1" colspan="1"><p>202517386</p></td><td rowspan="1" colspan="1"><p>Bacharelado</p></td><td rowspan="1" colspan="1"><p>BIOMEDICINA</p></td><td rowspan="1" colspan="1"><p>500</p></td><td rowspan="1" colspan="1"><p>CENTRO UNIVERSITARIO APARICIO CARVALHO -</p></td><td rowspan="1" colspan="1"><p>SOCIEDADE DE PESQUISA EDUCACAO E CULTURA, DR. APARICIO CARVALHO DE MORAES LTDA</p></td></tr><tr><td rowspan="1" colspan="1"><p>222</p></td><td rowspan="1" colspan="1"><p>202518036</p></td><td rowspan="1" colspan="1"><p>Bacharelado</p></td><td rowspan="1" colspan="1"><p>EDUCAÇÃO FÍSICA</p></td><td rowspan="1" colspan="1"><p>500</p></td><td rowspan="1" colspan="1"><p>CENTRO UNIVERSITARIO APARICIO CARVALHO -</p></td><td rowspan="1" colspan="1"><p>SOCIEDADE DE PESQUISA EDUCACAO E CULTURA, DR. APARICIO CARVALHO DE MORAES LTDA</p></td></tr><tr><td rowspan="1" colspan="1"><p>223</p></td><td rowspan="1" colspan="1"><p>202518014</p></td><td rowspan="1" colspan="1"><p>Bacharelado</p></td><td rowspan="1" colspan="1"><p>ENGENHARIA CIVIL</p></td><td rowspan="1" colspan="1"><p>500</p></td><td rowspan="1" colspan="1"><p>CENTRO UNIVERSITARIO APARICIO CARVALHO -</p></td><td rowspan="1" colspan="1"><p>SOCIEDADE DE PESQUISA EDUCACAO E CULTURA, DR. APARICIO CARVALHO DE MORAES LTDA</p></td></tr><tr><td rowspan="1" colspan="1"><p>224</p></td><td rowspan="1" colspan="1"><p>202517293</p></td><td rowspan="1" colspan="1"><p>Bacharelado</p></td><td rowspan="1" colspan="1"><p>ENGENHARIA DE COMPUTAÇÃO</p></td><td rowspan="1" colspan="1"><p>500</p></td><td rowspan="1" colspan="1"><p>CENTRO UNIVERSITARIO APARICIO CARVALHO -</p></td><td rowspan="1" colspan="1"><p>SOCIEDADE DE PESQUISA EDUCACAO E CULTURA, DR. APARICIO CARVALHO DE MORAES LTDA</p></td></tr><tr><td rowspan="1" colspan="1"><p>225</p></td><td rowspan="1" colspan="1"><p>202517458</p></td><td rowspan="1" colspan="1"><p>Bacharelado</p></td><td rowspan="1" colspan="1"><p>ENGENHARIA DE PRODUÇÃO</p></td><td rowspan="1" colspan="1"><p>500</p></td><td rowspan="1" colspan="1"><p>CENTRO UNIVERSITARIO APARICIO CARVALHO -</p></td><td rowspan="1" colspan="1"><p>SOCIEDADE DE PESQUISA EDUCACAO E CULTURA, DR. APARICIO CARVALHO DE MORAES LTDA</p></td></tr><tr><td rowspan="1" colspan="1"><p>226</p></td><td rowspan="1" colspan="1"><p>202517725</p></td><td rowspan="1" colspan="1"><p>Licenciatura</p></td><td rowspan="1" colspan="1"><p>PEDAGOGIA</p></td><td rowspan="1" colspan="1"><p>500</p></td><td rowspan="1" colspan="1"><p>CENTRO UNIVERSITARIO APARICIO CARVALHO -</p></td><td rowspan="1" colspan="1"><p>SOCIEDADE DE PESQUISA EDUCACAO E CULTURA, DR. APARICIO CARVALHO DE MORAES LTDA</p></td></tr><tr><td rowspan="1" colspan="1"><p>227</p></td><td rowspan="1" colspan="1"><p>202515914</p></td><td rowspan="1" colspan="1"><p>Tecnológico</p></td><td rowspan="1" colspan="1"><p>AGROECOLOGIA</p></td><td rowspan="1" colspan="1"><p>2400</p></td><td rowspan="1" colspan="1"><p>CENTRO UNIVERSITARIO ARAGUAIA - UNIARAGUAIA</p></td><td rowspan="1" colspan="1"><p>SOCIEDADE DE EDUCACAO E CULTURA DE GOIAS S/C LTDA</p></td></tr><tr><td rowspan="1" colspan="1"><p>228</p></td><td rowspan="1" colspan="1"><p>202510765</p></td><td rowspan="1" colspan="1"><p>Licenciatura</p></td><td rowspan="1" colspan="1"><p>CIÊNCIAS BIOLÓGICAS</p></td><td rowspan="1" colspan="1"><p>500</p></td><td rowspan="1" colspan="1"><p>CENTRO UNIVERSITARIO ARAGUAIA - UNIARAGUAIA</p></td><td rowspan="1" colspan="1"><p>SOCIEDADE DE EDUCACAO E CULTURA DE GOIAS S/C LTDA</p></td></tr></table>]]></Texto>
  </body>
  <Midias />
</article></xml>