﻿<xml><article id="45409993" name="Resolucao nA 28 de 2025 (PRS 25-" idOficio="11279794" pubName="DO1" artType="Resolução" pubDate="12/09/2025" artClass="00004:00000:00000:00000:00000:00000:00000:00000:00000:00000:00064:00000" artCategory="Atos do Senado Federal" artSize="12" artNotes="" numberPage="2" pdfPage="http://pesquisa.in.gov.br/imprensa/jsp/visualiza/index.jsp?data=12/09/2025&amp;jornal=515&amp;pagina=2" editionNumber="174" highlightType="" highlightPriority="" highlight="" highlightimage="" highlightimagename="" idMateria="23100045">
  <body>
    <Identifica><![CDATA[RESOLUÇÃO Nº 28, DE 2025]]></Identifica>
    <Data><![CDATA[ Brasília, 11 de setembro de 2025]]></Data>
    <Ementa><![CDATA[ Autoriza o Estado de Alagoas a contratar operação de crédito externo com o Banco Internacional para Reconstrução e Desenvolvimento (Bird), com garantia da União, no valor de JPY 41.623.036.649,00 (quarenta e um bilhões, seiscentos e vinte e três milhões, trinta e seis mil, seiscentos e quarenta e nove ienes japoneses). ]]></Ementa>
    <Titulo />
    <SubTitulo />
    <Texto><![CDATA[<p>Faço saber que o Senado Federal aprovou, e eu, Davi Alcolumbre, Presidente do Senado Federal, nos termos do art. 48, inciso XXVIII, do Regimento Interno, promulgo a seguinte</p><p class="identifica">RESOLUÇÃO Nº 28, DE 2025</p><p class="ementa">Autoriza o Estado de Alagoas a contratar operação de crédito externo com o Banco Internacional para Reconstrução e Desenvolvimento (Bird), com garantia da União, no valor de JPY 41.623.036.649,00 (quarenta e um bilhões, seiscentos e vinte e três milhões, trinta e seis mil, seiscentos e quarenta e nove ienes japoneses).</p><p>O Senado Federal resolve:</p><p>Art. 1º É o Estado de Alagoas autorizado a contratar operação de crédito externo com o Banco Internacional para Reconstrução e Desenvolvimento (Bird), com garantia da União, no valor de JPY 41.623.036.649,00 (quarenta e um bilhões, seiscentos e vinte e três milhões, trinta e seis mil, seiscentos e quarenta e nove ienes japoneses).</p><p>Parágrafo único. Os recursos da operação de crédito de que trata o<strong>caput</strong>destinam-se à reestruturação de dívida do Estado, no âmbito do Programa de Sustentabilidade Fiscal, Econômica e Ambiental do Estado de Alagoas.</p><p>Art. 2º A operação de crédito de que trata o art. 1º deverá ser realizada nas seguintes condições:</p><p>I - devedor: Estado de Alagoas;</p><p>II - credor: Banco Internacional para Reconstrução e Desenvolvimento (Bird);</p><p>III - garantidor: União;</p><p>IV - valor da operação: JPY 41.623.036.649,00 (quarenta e um bilhões, seiscentos e vinte e três milhões, trinta e seis mil, seiscentos e quarenta e nove ienes japoneses);</p><p>V - valor da contrapartida: não há;</p><p>VI - prazo de carência: a carência definida na minuta contratual é 0 (zero) a partir da data de aprovação pelo<strong>Board</strong>do Bird;</p><p>VII - prazo de amortização: 390 (trezentos e noventa) meses;</p><p>VIII - prazo total: 390 (trezentos e noventa) meses;</p><p>IX - cronograma previsto de desembolso: JPY 41.623.036.649,00 (quarenta e um bilhões, seiscentos e vinte e três milhões, trinta e seis mil, seiscentos e quarenta e nove ienes japoneses) em 2025;</p><p>X - aportes estimados de contrapartida: não há;</p><p>XI - taxa de juros e atualização monetária: Tokyo Overnight Average Rate (TONA) acrescida de<strong>spread</strong>variável divulgado periodicamente pelo Bird;</p><p>XII - periodicidade de pagamento dos juros e amortizações: semestral;</p><p>XIII - sistema de amortizações: constante;</p><p>XIV - comissão de compromisso (<strong>commitment charge</strong>): 0,25% a.a. (vinte e cinco centésimos por cento ao ano) sobre o saldo não desembolsado;</p><p>XV - comissão de abertura (<strong>front-end fee</strong>): 0,25% (vinte e cinco centésimos por cento) sobre o valor do financiamento;</p><p>XVI - juros de mora (<strong>default interest rate</strong>): 0,50% (cinquenta centésimos por cento) acrescido à taxa de juros da operação, em caso de mora.</p><p>§ 1º As datas de pagamento do principal e dos encargos financeiros e as datas dos desembolsos previstos poderão ser alteradas em função da data de assinatura do contrato de empréstimo, assim como os montantes estimados dos desembolsos em cada ano poderão ser alterados conforme a execução contratual.</p><p>§ 2º Será exigida nova autorização do Senado Federal caso ocorram, antes da assinatura do contrato, alterações nas condições financeiras do empréstimo autorizado que impliquem ônus superiores aos previstos nesta Resolução.</p><p>Art. 3º É a União autorizada a conceder garantia ao Estado de Alagoas na operação de crédito externo de que trata esta Resolução.</p><p>Parágrafo único. A autorização prevista no<strong>caput</strong>é condicionada:</p><p>I - ao cumprimento das condições prévias ao primeiro desembolso;</p><p>II - à comprovação da situação de adimplemento quanto aos pagamentos de tributos, empréstimos e financiamentos devidos à União e quanto à prestação de contas de recursos anteriormente dela recebidos, nos termos do art. 21, inciso VI, da Resolução do Senado Federal nº 43, de 2001, e do art. 10, § 4º, da Resolução do Senado Federal nº 48, de 2007, bem como quanto à regularidade em relação ao pagamento de precatórios judiciais;</p><p>III - à celebração de contrato de concessão de contragarantia entre o Estado de Alagoas e a União, sob a forma de vinculação das cotas de repartição das receitas tributárias previstas nos arts. 157 e 159, inciso I, alínea "a", e inciso II, complementadas pelas receitas tributárias próprias estabelecidas no art. 155, nos termos do § 4º do art. 167, todos da Constituição Federal, bem como de outras garantias em direito admitidas.</p><p>Art. 4º O prazo máximo para o exercício da presente autorização é de 540 (quinhentos e quarenta) dias, contado a partir da entrada em vigor desta Resolução.</p><p>Art. 5º Esta Resolução entra em vigor na data de sua publicação.</p><p class="data">Brasília, 11 de setembro de 2025</p><p class="assina">Senador DAVI ALCOLUMBRE</p><p class="cargo">Presidente do Senado Federal</p>]]></Texto>
  </body>
  <Midias />
</article></xml>