﻿<xml><article id="45410377" name="RESOLUCAO 192 2025 CONDEL SUDENE" idOficio="11279601" pubName="DO1" artType="Resolução" pubDate="12/09/2025" artClass="00032:00037:00004:00000:00000:00000:00000:00000:00000:00000:00064:00000" artCategory="Ministério da Integração e do Desenvolvimento Regional/Superintendência do Desenvolvimento do Nordeste/Conselho Deliberativo" artSize="24" artNotes="" numberPage="151" pdfPage="http://pesquisa.in.gov.br/imprensa/jsp/visualiza/index.jsp?data=12/09/2025&amp;jornal=515&amp;pagina=151" editionNumber="174" highlightType="" highlightPriority="" highlight="" highlightimage="" highlightimagename="" idMateria="23099787">
  <body>
    <Identifica />
    <Data><![CDATA[]]></Data>
    <Ementa />
    <Titulo />
    <SubTitulo />
    <Texto><![CDATA[<p /><p></p><table><tr><td rowspan="1" colspan="1"><p>228</p></td><td rowspan="1" colspan="1"><p>RN</p></td><td rowspan="1" colspan="1"><p>AGROPECUÁRIO</p></td><td rowspan="1" colspan="1"><p>A02</p></td><td rowspan="1" colspan="1"><p>PRODUÇÃO FLORESTAL</p></td></tr><tr><td rowspan="1" colspan="1"><p>229</p></td><td rowspan="1" colspan="1"><p>RN</p></td><td rowspan="1" colspan="1"><p>AGROPECUÁRIO</p></td><td rowspan="1" colspan="1"><p>A03</p></td><td rowspan="1" colspan="1"><p>PESCA E AQÜICULTURA</p></td></tr><tr><td rowspan="1" colspan="1"><p>230</p></td><td rowspan="1" colspan="1"><p>RN</p></td><td rowspan="1" colspan="1"><p>INDUSTRIAL</p></td><td rowspan="1" colspan="1"><p>B08</p></td><td rowspan="1" colspan="1"><p>EXTRAÇÃO DE MINERAIS NÃO METÁLICOS</p></td></tr><tr><td rowspan="1" colspan="1"><p>231</p></td><td rowspan="1" colspan="1"><p>RN</p></td><td rowspan="1" colspan="1"><p>INDUSTRIAL</p></td><td rowspan="1" colspan="1"><p>B09</p></td><td rowspan="1" colspan="1"><p>ATIVIDADES DE APOIO À EXTRAÇÃO DE MINERAIS</p></td></tr><tr><td rowspan="1" colspan="1"><p>232</p></td><td rowspan="1" colspan="1"><p>RN</p></td><td rowspan="1" colspan="1"><p>INDUSTRIAL</p></td><td rowspan="1" colspan="1"><p>C15</p></td><td rowspan="1" colspan="1"><p>PREPARAÇÃO DE COUROS E FABRICAÇÃO DE ARTEFATOS DE COURO, ARTIGOS PARA VIAGEM E CALÇADOS</p></td></tr><tr><td rowspan="1" colspan="1"><p>233</p></td><td rowspan="1" colspan="1"><p>RN</p></td><td rowspan="1" colspan="1"><p>INDUSTRIAL</p></td><td rowspan="1" colspan="1"><p>C18</p></td><td rowspan="1" colspan="1"><p>IMPRESSÃO E REPRODUÇÃO DE GRAVAÇÕES</p></td></tr><tr><td rowspan="1" colspan="1"><p>234</p></td><td rowspan="1" colspan="1"><p>RN</p></td><td rowspan="1" colspan="1"><p>INDUSTRIAL</p></td><td rowspan="1" colspan="1"><p>C24</p></td><td rowspan="1" colspan="1"><p>METALURGIA</p></td></tr><tr><td rowspan="1" colspan="1"><p>235</p></td><td rowspan="1" colspan="1"><p>RN</p></td><td rowspan="1" colspan="1"><p>INDUSTRIAL</p></td><td rowspan="1" colspan="1"><p>C32</p></td><td rowspan="1" colspan="1"><p>FABRICAÇÃO DE PRODUTOS DIVERSOS</p></td></tr><tr><td rowspan="1" colspan="1"><p>236</p></td><td rowspan="1" colspan="1"><p>RN</p></td><td rowspan="1" colspan="1"><p>INDUSTRIAL</p></td><td rowspan="1" colspan="1"><p>C33</p></td><td rowspan="1" colspan="1"><p>MANUTENÇÃO, REPARAÇÃO E INSTALAÇÃO DE MÁQUINAS E EQUIPAMENTOS</p></td></tr><tr><td rowspan="1" colspan="1"><p>237</p></td><td rowspan="1" colspan="1"><p>SE</p></td><td rowspan="1" colspan="1"><p>AGROPECUÁRIO</p></td><td rowspan="1" colspan="1"><p>A01113</p></td><td rowspan="1" colspan="1"><p>CULTIVO DE CEREAIS</p></td></tr><tr><td rowspan="1" colspan="1"><p>238</p></td><td rowspan="1" colspan="1"><p>SE</p></td><td rowspan="1" colspan="1"><p>AGROPECUÁRIO</p></td><td rowspan="1" colspan="1"><p>A01130</p></td><td rowspan="1" colspan="1"><p>CULTIVO DE CANA DE AÇÚCAR</p></td></tr><tr><td rowspan="1" colspan="1"><p>239</p></td><td rowspan="1" colspan="1"><p>SE</p></td><td rowspan="1" colspan="1"><p>AGROPECUÁRIO</p></td><td rowspan="1" colspan="1"><p>A01164</p></td><td rowspan="1" colspan="1"><p>CULTIVO DE OLEAGINOSAS DE LAVOURA TEMPORÁRIA, EXCETO SOJA</p></td></tr><tr><td rowspan="1" colspan="1"><p>240</p></td><td rowspan="1" colspan="1"><p>SE</p></td><td rowspan="1" colspan="1"><p>AGROPECUÁRIO</p></td><td rowspan="1" colspan="1"><p>A01199</p></td><td rowspan="1" colspan="1"><p>CULTIVO DE PLANTAS DE LAVOURA TEMPORÁRIA NÃO ESPECIFICADAS ANTERIORMENTE</p></td></tr><tr><td rowspan="1" colspan="1"><p>241</p></td><td rowspan="1" colspan="1"><p>SE</p></td><td rowspan="1" colspan="1"><p>AGROPECUÁRIO</p></td><td rowspan="1" colspan="1"><p>A01211</p></td><td rowspan="1" colspan="1"><p>HORTICULTURA</p></td></tr><tr><td rowspan="1" colspan="1"><p>242</p></td><td rowspan="1" colspan="1"><p>SE</p></td><td rowspan="1" colspan="1"><p>AGROPECUÁRIO</p></td><td rowspan="1" colspan="1"><p>A01229</p></td><td rowspan="1" colspan="1"><p>CULTIVO DE FLORES E PLANTAS ORNAMENTAIS</p></td></tr><tr><td rowspan="1" colspan="1"><p>243</p></td><td rowspan="1" colspan="1"><p>SE</p></td><td rowspan="1" colspan="1"><p>AGROPECUÁRIO</p></td><td rowspan="1" colspan="1"><p>A01318</p></td><td rowspan="1" colspan="1"><p>CULTIVO DE LARANJA</p></td></tr><tr><td rowspan="1" colspan="1"><p>244</p></td><td rowspan="1" colspan="1"><p>SE</p></td><td rowspan="1" colspan="1"><p>AGROPECUÁRIO</p></td><td rowspan="1" colspan="1"><p>A01334</p></td><td rowspan="1" colspan="1"><p>CULTIVO DE FRUTAS DE LAVOURA PERMANENTE, EXCETO LARANJA E UVA</p></td></tr><tr><td rowspan="1" colspan="1"><p>245</p></td><td rowspan="1" colspan="1"><p>SE</p></td><td rowspan="1" colspan="1"><p>AGROPECUÁRIO</p></td><td rowspan="1" colspan="1"><p>A01423</p></td><td rowspan="1" colspan="1"><p>PRODUÇÃO DE MUDAS E OUTRAS FORMAS DE PROPAGAÇÃO VEGETAL, CERTIFICADAS</p></td></tr><tr><td rowspan="1" colspan="1"><p>246</p></td><td rowspan="1" colspan="1"><p>SE</p></td><td rowspan="1" colspan="1"><p>AGROPECUÁRIO</p></td><td rowspan="1" colspan="1"><p>A01512</p></td><td rowspan="1" colspan="1"><p>CRIAÇÃO DE BOVINOS</p></td></tr><tr><td rowspan="1" colspan="1"><p>247</p></td><td rowspan="1" colspan="1"><p>SE</p></td><td rowspan="1" colspan="1"><p>AGROPECUÁRIO</p></td><td rowspan="1" colspan="1"><p>A01555</p></td><td rowspan="1" colspan="1"><p>CRIAÇÃO DE AVES</p></td></tr><tr><td rowspan="1" colspan="1"><p>248</p></td><td rowspan="1" colspan="1"><p>SE</p></td><td rowspan="1" colspan="1"><p>AGROPECUÁRIO</p></td><td rowspan="1" colspan="1"><p>A01598</p></td><td rowspan="1" colspan="1"><p>CRIAÇÃO DE ANIMAIS NÃO ESPECIFICADOS ANTERIORMENTE</p></td></tr><tr><td rowspan="1" colspan="1"><p>249</p></td><td rowspan="1" colspan="1"><p>SE</p></td><td rowspan="1" colspan="1"><p>AGROPECUÁRIO</p></td><td rowspan="1" colspan="1"><p>A02</p></td><td rowspan="1" colspan="1"><p>PRODUÇÃO FLORESTAL</p></td></tr><tr><td rowspan="1" colspan="1"><p>250</p></td><td rowspan="1" colspan="1"><p>SE</p></td><td rowspan="1" colspan="1"><p>AGROPECUÁRIO</p></td><td rowspan="1" colspan="1"><p>A03213</p></td><td rowspan="1" colspan="1"><p>AQUICULTURA EM ÁGUA SALGADAE SALOBRA</p></td></tr><tr><td rowspan="1" colspan="1"><p>251</p></td><td rowspan="1" colspan="1"><p>SE</p></td><td rowspan="1" colspan="1"><p>AGROPECUÁRIO</p></td><td rowspan="1" colspan="1"><p>A03221</p></td><td rowspan="1" colspan="1"><p>AQUICULTURA EM ÁGUA DOCE</p></td></tr><tr><td rowspan="1" colspan="1"><p>252</p></td><td rowspan="1" colspan="1"><p>SE</p></td><td rowspan="1" colspan="1"><p>INDUSTRIAL</p></td><td rowspan="1" colspan="1"><p>C15</p></td><td rowspan="1" colspan="1"><p>PREPARAÇÃO DE COUROS E FABRICAÇÃO DE ARTEFATOS DE COURO, ARTIGOS PARA VIAGEM E CALÇADOS</p></td></tr><tr><td rowspan="1" colspan="1"><p>253</p></td><td rowspan="1" colspan="1"><p>SE</p></td><td rowspan="1" colspan="1"><p>INDUSTRIAL</p></td><td rowspan="1" colspan="1"><p>C17</p></td><td rowspan="1" colspan="1"><p>FABRICAÇÃO DE CELULOSE, PAPEL E PRODUTOS DE PAPEL</p></td></tr><tr><td rowspan="1" colspan="1"><p>254</p></td><td rowspan="1" colspan="1"><p>SE</p></td><td rowspan="1" colspan="1"><p>INDUSTRIAL</p></td><td rowspan="1" colspan="1"><p>C18</p></td><td rowspan="1" colspan="1"><p>IMPRESSÃO E REPRODUÇÃO DE GRAVAÇÕES</p></td></tr><tr><td rowspan="1" colspan="1"><p>255</p></td><td rowspan="1" colspan="1"><p>SE</p></td><td rowspan="1" colspan="1"><p>INDUSTRIAL</p></td><td rowspan="1" colspan="1"><p>C21</p></td><td rowspan="1" colspan="1"><p>FABRICAÇÃO DE PRODUTOS FARMOQUÍMICOS E FARMACÊUTICOS</p></td></tr><tr><td rowspan="1" colspan="1"><p>256</p></td><td rowspan="1" colspan="1"><p>SE</p></td><td rowspan="1" colspan="1"><p>INDUSTRIAL</p></td><td rowspan="1" colspan="1"><p>C23</p></td><td rowspan="1" colspan="1"><p>FABRICAÇÃO DE PRODUTOS DE MINERAIS NÃO METÁLICOS</p></td></tr><tr><td rowspan="1" colspan="1"><p>257</p></td><td rowspan="1" colspan="1"><p>SE</p></td><td rowspan="1" colspan="1"><p>INDUSTRIAL</p></td><td rowspan="1" colspan="1"><p>C24</p></td><td rowspan="1" colspan="1"><p>METALURGIA</p></td></tr><tr><td rowspan="1" colspan="1"><p>258</p></td><td rowspan="1" colspan="1"><p>SE</p></td><td rowspan="1" colspan="1"><p>INDUSTRIAL</p></td><td rowspan="1" colspan="1"><p>C33</p></td><td rowspan="1" colspan="1"><p>MANUTENÇÃO, REPARAÇÃO E INSTALAÇÃO DE MÁQUINAS E EQUIPAMENTOS</p></td></tr></table><p class="nota">Republicada por ter saído, no DOU n. 156, Seção 1, de 19 de agosto de 2025, páginas 51 a 57, com incorreção no original.</p>]]></Texto>
  </body>
  <Midias />
</article></xml>