﻿<xml><article id="45414847" name="Res_REA_16.424_2025_SCE" idOficio="11280625" pubName="DO1" artType="Resolução" pubDate="12/09/2025" artClass="00035:00043:00021:00000:00000:00000:00000:00000:00000:00000:00024:00002" artCategory="Ministério de Minas e Energia/Agência Nacional de Energia Elétrica/Diretoria Colegiada" artSize="12" artNotes="" numberPage="168" pdfPage="http://pesquisa.in.gov.br/imprensa/jsp/visualiza/index.jsp?data=12/09/2025&amp;jornal=515&amp;pagina=168" editionNumber="174" highlightType="" highlightPriority="" highlight="" highlightimage="" highlightimagename="" idMateria="23101795">
  <body>
    <Identifica><![CDATA[ RESOLUÇÃO AUTORIZATIVA Nº 16.424, DE 9 DE SETEMBRO DE 2025]]></Identifica>
    <Data><![CDATA[]]></Data>
    <Ementa />
    <Titulo />
    <SubTitulo />
    <Texto><![CDATA[<p class="identifica">RESOLUÇÃO AUTORIZATIVA Nº 16.424, DE 9 DE SETEMBRO DE 2025</p><p>O DIRETOR-GERALDA AGÊNCIA NACIONAL DE ENERGIA ELÉTRICA - ANEEL, com base no art. 16, IV, do Regimento Interno da ANEEL, resolve:</p><p>Processo nº: 48500.026025/2025-95. Interessado: CEMIG Distribuição S.A., CNPJ nº 06.981.180/0001-16. Objeto: Declarar de utilidade pública, para desapropriação, em favor da interessada, a área de terra, que perfaz 0,759 hectares (setecentos e cinquenta e nove centiares), necessária para a implantação da via de acesso à subestação 138 kV Juiz de Fora 8, localizada no município de Juiz de Fora, estado de Minas Gerais. A íntegra desta Resolução consta dos autos e encontra-se disponível no endereço eletrônico http://biblioteca.aneel.gov.br.</p><p class="assina">SANDOVAL DE ARAÚJO FEITOSA NETO</p>]]></Texto>
  </body>
  <Midias />
</article></xml>