﻿<xml><article id="45408496" name="2025-09-11/11279524/ANMWS_230996" idOficio="11279524" pubName="DO1" artType="Despacho" pubDate="12/09/2025" artClass="00035:00044:00021:00000:00000:00000:00000:00000:00000:00000:00024:00438" artCategory="Ministério de Minas e Energia/Agência Nacional de Mineração/Gerência Regional da ANM no Estado de Minas Gerais" artSize="12" artNotes="" numberPage="169" pdfPage="http://pesquisa.in.gov.br/imprensa/jsp/visualiza/index.jsp?data=12/09/2025&amp;jornal=515&amp;pagina=169" editionNumber="174" highlightType="" highlightPriority="" highlight="" highlightimage="" highlightimagename="" idMateria="23099661">
  <body>
    <Identifica><![CDATA[Despacho]]></Identifica>
    <Data><![CDATA[]]></Data>
    <Ementa />
    <Titulo />
    <SubTitulo />
    <Texto><![CDATA[<p class="identifica">Despacho</p><p>Relação nº 438/2025</p><p>Fase de Requerimento de Pesquisa</p><p>O GERENTE REGIONAL DA AGÊNCIA NACIONAL DE MINERAÇÃO, no uso da competência delegada de que trata o Art. 23, inciso I, alínea "a" da Ordem de Serviço nº 334, de 12 de agosto de 2025, e com fundamento no art. 15, do Decreto-lei n° 227, de 28 de fevereiro de 1967, (Código de Mineração), e no art. 2°, inciso XVII da Lei 13.575/2017, outorga o(s) seguinte(s) Alvará(s) de Pesquisa, pelo prazo de 03 anos, com vigência a partir dessa publicação:(323)</p><p>6112/2025-830.360/2025-DOUGLAS ISAAC DUTRA-</p><p>6114/2025-831.140/2025-MINERACAO OLIVEIROS LTDA-</p><p>6117/2025-831.172/2025-NATURALIS MINERACAO LTDA-</p><p>6116/2025-831.146/2025-ARTEMYN BRASIL LTDA-</p><p>6115/2025-831.143/2025-ARANAS SOLUCOES COMERCIO E INDUSTRIA LTDA-</p><p>6113/2025-831.139/2025-JMPC - ADMINISTRACAO E PARTICIPACOES LTDA-</p><p>O GERENTE REGIONAL DA AGÊNCIA NACIONAL DE MINERAÇÃO, no uso da competência delegada de que trata o Art. 23, inciso I, alínea "a" da Ordem de Serviço nº 334, de 12 de agosto de 2025, e com fundamento no art. 15, do Decreto-lei n° 227, de 28 de fevereiro de 1967, (Código de Mineração), e no art. 2°, inciso XVII da Lei 13.575/2017, outorga o(s) seguinte(s) Alvará(s) de Pesquisa, pelo prazo de 02 anos, com vigência a partir dessa publicação:(322)</p><p>6111/2025-831.152/2025-RAFAEL MANO FONTE BOA-</p><p class="assina">LUCIANA CABRAL DANESE</p>]]></Texto>
  </body>
  <Midias />
</article></xml>