﻿<xml><article id="45410383" name="11.09.2025 Portaria Previc NA 82" idOficio="11279891" pubName="DO1" artType="Portaria" pubDate="12/09/2025" artClass="00044:00019:00013:00000:00000:00000:00000:00000:00000:00000:00054:00007" artCategory="Ministério da Previdência Social/Superintendência Nacional de Previdência Complementar/Diretoria de Licenciamento" artSize="12" artNotes="" numberPage="181" pdfPage="http://pesquisa.in.gov.br/imprensa/jsp/visualiza/index.jsp?data=12/09/2025&amp;jornal=515&amp;pagina=181" editionNumber="174" highlightType="" highlightPriority="" highlight="" highlightimage="" highlightimagename="" idMateria="23100193">
  <body>
    <Identifica><![CDATA[ Portaria Previc Nº 828, DE 7 DE setembro DE 2025]]></Identifica>
    <Data><![CDATA[]]></Data>
    <Ementa />
    <Titulo />
    <SubTitulo />
    <Texto><![CDATA[<p class="identifica">Portaria Previc Nº 828, DE 7 DE setembro DE 2025</p><p>O DIRETOR DE LICENCIAMENTO, no uso das atribuições que lhe confere a alínea "b" do inciso I do art. 66 no Anexo I da Portaria Previc nº 861, de 09 de outubro de 2024 (Regimento Interno da Superintendência Nacional de Previdência Complementar - Previc), e considerando as manifestações técnicas exaradas no Processo nº 44011.002175/2020-50, resolve:</p><p>Art. 1º Aprovar o encerramento do Plano GPC Química, inscrito no CNPB sob o nº 2006.0044-92 e no CNPJ sob o nº 48.307.329/0001-26, administrado pelo Icatu Fundo Multipatrocinado - ICATUFMP, CNPJ nº 01.129.017/0001-06, cessando-se os efeitos da Portaria SPC nº 575, de 26 de julho de 2006, publicada em 27 de julho de 2006, no DOU nº 143, Seção I.</p><p>Art. 2º Extinguir o código nº 2006.0044-92 do Cadastro Nacional de Plano de Benefícios (CNPB), vinculado ao Plano GPC Química (anteriormente denominado Plano Prosint), administrado pelo Icatu Fundo Multipatrocinado - ICATUFMP, CNPJ nº 01.129.017/0001-06.</p><p>Art. 3º Esta Portaria entra em vigor na data de sua publicação.</p><p class="assina">Guilherme Capriata Vaccaro Campelo Bezerra</p>]]></Texto>
  </body>
  <Midias />
</article></xml>