﻿<xml><article id="45416153" name="resolucao_3512_2025 COAFE" idOficio="11280829" pubName="DO1" artType="Resolução" pubDate="12/09/2025" artClass="00047:00048:00016:00006:00002:00000:00000:00000:00000:00000:00064:00007" artCategory="Ministério da Saúde/Agência Nacional de Vigilância Sanitária/4ª Diretoria/Gerência-Geral de Inspeção e Fiscalização Sanitária/Coordenação de Autorização de Funcionamento de Empresas" artSize="12" artNotes="" numberPage="197" pdfPage="http://pesquisa.in.gov.br/imprensa/jsp/visualiza/index.jsp?data=12/09/2025&amp;jornal=515&amp;pagina=197" editionNumber="174" highlightType="" highlightPriority="" highlight="" highlightimage="" highlightimagename="" idMateria="23102040">
  <body>
    <Identifica><![CDATA[ RESOLUÇÃO-RE Nº 3.512, DE 11 DE SETEMBRO DE 2025]]></Identifica>
    <Data><![CDATA[]]></Data>
    <Ementa />
    <Titulo />
    <SubTitulo />
    <Texto><![CDATA[<p class="identifica">RESOLUÇÃO-RE Nº 3.512, DE 11 DE SETEMBRO DE 2025</p><p>O COORDENADOR DE AUTORIZAÇÃO DE FUNCIONAMENTO DE EMPRESAS DA AGÊNCIA NACIONAL DE VIGILÂNCIA SANITÁRIA, no uso das atribuições que lhe confere o art. 144, aliado ao art. 203, I, §1° do Regimento Interno aprovado pela Resolução da Diretoria Colegiada - RDC n° 585, de 10 de dezembro de 2021, resolve:</p><p>Art. 1º. Indeferir o pedido de Autorização de Funcionamento para as Empresas constantes no anexo desta Resolução.</p><p>Art. 2º Esta Resolução entra em vigor na data de sua publicação.</p><p class="assina">DANIEL MARCOS PEREIRA DOURADO</p><p class="anexo">ANEXO</p><p>MAGGION COMERCIO VAREJISTA DE COSMETICOS E PRODUTOS DE PERFUMARIA LTDA / 59.698.504/0001-70</p><p>25351.153420/2025-03 /</p><p>723 - AFE - CONCESSÃO - COSMÉTICOS, PERFUMES E PRODUTOS DE HIGIENE - DISTRIBUIR (SOMENTE MATRIZ) / 1155138252</p><p>MOTIVO DO INDEFERIMENTO:</p><p>O documento apresentado, emitido pela autoridade sanitária local competente, não atesta o cumprimento dos requisitos técnicos para as atividades e classes pleiteadas, conforme disposto no artigo 15 e artigo 18 da RDC nº 16/2014.</p><p>--------------------------------------</p><p>H S V COMERCIO VAREJISTA E ATACADISTA LTDA / 59.320.538/0001-26</p><p>25351.153452/2025-09 /</p><p>856 - AFE - CONCESSÃO - PRODUTOS PARA SAÚDE - DISTRIBUIR / 1155219252</p><p>MOTIVO DO INDEFERIMENTO:</p><p>Não apresentação de Relatório de Inspeção que ateste o cumprimento dos requisitos técnicos para as atividades e classes pleiteadas, emitido pela autoridade sanitária local competente, conforme disposto no artigo 15 e artigo 18 da RDC nº 16/2014. Conforme estabelecido pelo art. 51, da Lei 6.360/76 e pelo art. 3º do Decreto 8.077/13, a Autorização emitida pela Anvisa precede o licenciamento sanitário.</p><p>--------------------------------------</p><p>SINGULAR PRODUTOS E SERVICOS LTDA / 23.056.804/0001-08</p><p>25351.151409/2025-09 / 8325423</p><p>859 - AFE - CONCESSÃO - PRODUTOS PARA SAÚDE - IMPORTAR / 1145247253</p><p>MOTIVO DO INDEFERIMENTO:</p><p>O documento apresentado, emitido pela autoridade sanitária competente, não atesta o cumprimento dos requisitos técnicos para as atividades e classes pleiteadas, conforme disposto no artigo 15 e artigo 18 da RDC nº 16/2014.</p><p>--------------------------------------</p><p>M DE LOURDES CARDOSO SOARES / 12.562.195/0001-42</p><p>25351.157189/2025-19 /</p><p>733 - AFE - CONCESSÃO - FARMÁCIAS E DROGARIAS / 1173782257</p><p>MOTIVO DO INDEFERIMENTO:</p><p>A empresa já possui AFE vigente, nº 7.87557-6, contrariando o disposto na RDC nº 275/2019 e Lei nº 9.782/1999.</p><p>--------------------------------------</p><p>NP COMERCIO E PRESTACAO DE SERVICO LTDA / 51.120.674/0001-60</p><p>25351.151806/2025-72 /</p><p>723 - AFE - CONCESSÃO - COSMÉTICOS, PERFUMES E PRODUTOS DE HIGIENE - DISTRIBUIR (SOMENTE MATRIZ) / 1147267251</p><p>MOTIVO DO INDEFERIMENTO:</p><p>Não apresentação de Relatório de Inspeção, emitido pela autoridade sanitária competente, que ateste o cumprimento dos requisitos técnicos para as atividades e classes pleiteadas, conforme disposto no artigo 15 e artigo 18 da RDC nº 16/2014.</p>]]></Texto>
  </body>
  <Midias />
</article></xml>