﻿<xml><article id="45416159" name="resolucao_3514_2025 COAFE" idOficio="11280829" pubName="DO1" artType="Resolução" pubDate="12/09/2025" artClass="00047:00048:00016:00006:00002:00000:00000:00000:00000:00000:00064:00009" artCategory="Ministério da Saúde/Agência Nacional de Vigilância Sanitária/4ª Diretoria/Gerência-Geral de Inspeção e Fiscalização Sanitária/Coordenação de Autorização de Funcionamento de Empresas" artSize="12" artNotes="" numberPage="198" pdfPage="http://pesquisa.in.gov.br/imprensa/jsp/visualiza/index.jsp?data=12/09/2025&amp;jornal=515&amp;pagina=198" editionNumber="174" highlightType="" highlightPriority="" highlight="" highlightimage="" highlightimagename="" idMateria="23102042">
  <body>
    <Identifica><![CDATA[ RESOLUÇÃO-RE Nº 3.514, DE 11 DE SETEMBRO DE 2025]]></Identifica>
    <Data><![CDATA[]]></Data>
    <Ementa />
    <Titulo />
    <SubTitulo />
    <Texto><![CDATA[<p class="identifica">RESOLUÇÃO-RE Nº 3.514, DE 11 DE SETEMBRO DE 2025</p><p>O COORDENADOR DE AUTORIZAÇÃO DE FUNCIONAMENTO DE EMPRESAS DA AGÊNCIA NACIONAL DE VIGILÂNCIA SANITÁRIA, no uso das atribuições que lhe confere o art. 144, aliado ao art. 203, I, §1° do Regimento Interno aprovado pela Resolução da Diretoria Colegiada - RDC n° 585, de 10 de dezembro de 2021, resolve:</p><p>Art. 1º. Conceder Autorização Especial para Empresas de Medicamentos e de Insumos Farmacêuticos, constantes no anexo desta Resolução, de acordo com a Portaria n°. 344, de 12 de maio de 1998 e suas atualizações, observando-se as proibições e restrições estabelecidas.</p><p>Art. 2º Esta Resolução entra em vigor na data de sua publicação.</p><p class="assina">DANIEL MARCOS PEREIRA DOURADO</p><p class="anexo">ANEXO</p><p>ALS PHARMA LTDA / 04.425.347/0003-07</p><p>25351.151582/2025-07 / 1413963</p><p>LABORATÓRIOS OU INSTITUIÇÕES DE PESQUISA: INSUMOS FARMACÊUTICOS / MEDICAMENTO / OUTROS PRODUTOS SUJEITOS A CONTROLE ESPECIAL</p><p>70309 - AE - CONCESSÃO - LABORATÓRIOS OU INSTITUIÇÕES DE PESQUISA (EXCETO INDÚSTRIA E FARMÁCIA DE MANIPULAÇÃO) / 1146451253</p><p>--------------------------------------</p><p>BMPHARMA LTDA / 54.553.859/0001-57</p><p>25351.156770/2025-13 / 1414621</p><p>MANIPULAR: INSUMOS FARMACÊUTICOS</p><p>705 - AE - CONCESSÃO - FARMÁCIA DE MANIPULAÇÃO / 1171656254</p><p>--------------------------------------</p><p>MG BRASIL COMERCIO E SERVICOS LTDA / 44.735.855/0002-17</p><p>25351.151419/2025-36 / 1415123</p><p>ARMAZENAR: INSUMOS FARMACÊUTICOS / MEDICAMENTO</p><p>DISTRIBUIR: INSUMOS FARMACÊUTICOS / MEDICAMENTO</p><p>EXPEDIR: INSUMOS FARMACÊUTICOS / MEDICAMENTO</p><p>704 - AE - CONCESSÃO - MEDICAMENTOS E INSUMOS FARMACÊUTICOS - DISTRIBUIDORA DO PRODUTO SUJEITO A CONTROLE ESPECIAL / 1145341250</p><p>--------------------------------------</p><p>H.G.B SOLUCOES ADUANEIRAS E TRANSPORTES LTDA / 40.970.678/0001-11</p><p>25351.151738/2025-41 / 1413981</p><p>TRANSPORTAR: INSUMOS FARMACÊUTICOS / MEDICAMENTO</p><p>7176 - AE - CONCESSÃO - MEDICAMENTOS E INSUMOS FARMACÊUTICOS - TRANSPORTADORA DO PRODUTO SUJEITO A CONTROLE ESPECIAL / 1146969252</p><p>--------------------------------------</p><p>PPR TRANSPORTES LTDA / 35.214.735/0001-00</p><p>25351.151985/2025-48 / 1414037</p><p>TRANSPORTAR: MEDICAMENTO</p><p>7176 - AE - CONCESSÃO - MEDICAMENTOS E INSUMOS FARMACÊUTICOS - TRANSPORTADORA DO PRODUTO SUJEITO A CONTROLE ESPECIAL / 1148140255</p><p>--------------------------------------</p><p>HOSPDROGAS COMERCIAL LTDA / 08.774.906/0005-07</p><p>25351.148602/2025-54 / 1413687</p><p>ARMAZENAR: INSUMOS FARMACÊUTICOS / MEDICAMENTO</p><p>DISTRIBUIR: INSUMOS FARMACÊUTICOS / MEDICAMENTO</p><p>EXPEDIR: INSUMOS FARMACÊUTICOS / MEDICAMENTO</p><p>704 - AE - CONCESSÃO - MEDICAMENTOS E INSUMOS FARMACÊUTICOS - DISTRIBUIDORA DO PRODUTO SUJEITO A CONTROLE ESPECIAL / 1130754251</p><p>--------------------------------------</p><p>BULGARELLI &amp; FONSECA FARMACIA MAGISTRAL LTDA / 58.193.738/0001-00</p><p>25351.157597/2025-71 / 1414787</p><p>MANIPULAR: INSUMOS FARMACÊUTICOS</p><p>705 - AE - CONCESSÃO - FARMÁCIA DE MANIPULAÇÃO / 1175878251</p><p>--------------------------------------</p><p>e oliveira pires farmacia de manipulacao / 32.669.613/0001-02</p><p>25351.155818/2025-76 / 1415154</p><p>MANIPULAR: INSUMOS FARMACÊUTICOS</p><p>705 - AE - CONCESSÃO - FARMÁCIA DE MANIPULAÇÃO / 1166965252</p>]]></Texto>
  </body>
  <Midias />
</article></xml>