﻿<xml><article id="45406353" name="PORTARIA NA 608 - 11.09.2025_004" idOficio="11278735" pubName="DO1" artType="Portaria" pubDate="12/09/2025" artClass="00025:00046:00000:00000:00000:00000:00000:00000:00000:00000:00054:00000" artCategory="Ministério da Educação/Secretaria de Regulação e Supervisão da Educação Superior" artSize="24" artNotes="" numberPage="62" pdfPage="http://pesquisa.in.gov.br/imprensa/jsp/visualiza/index.jsp?data=12/09/2025&amp;jornal=515&amp;pagina=62" editionNumber="174" highlightType="" highlightPriority="" highlight="" highlightimage="" highlightimagename="" idMateria="23098715">
  <body>
    <Identifica />
    <Data><![CDATA[]]></Data>
    <Ementa />
    <Titulo />
    <SubTitulo />
    <Texto><![CDATA[<p /><p></p><table><tr /><tr><td rowspan="1" colspan="1"><p>156</p></td><td rowspan="1" colspan="1"><p>202510985</p></td><td rowspan="1" colspan="1"><p>Licenciatura</p></td><td rowspan="1" colspan="1"><p>EDUCAÇÃO ESPECIAL</p></td><td rowspan="1" colspan="1"><p>400</p></td><td rowspan="1" colspan="1"><p>CENTRO UNIVERSITARIO FAVENI - UNIFAVENI</p></td><td rowspan="1" colspan="1"><p>UNIFAVENI CENTRO UNIVERSITARIO FAVENI LTDA</p></td></tr><tr><td rowspan="1" colspan="1"><p>157</p></td><td rowspan="1" colspan="1"><p>202508550</p></td><td rowspan="1" colspan="1"><p>Bacharelado</p></td><td rowspan="1" colspan="1"><p>EDUCAÇÃO FÍSICA</p></td><td rowspan="1" colspan="1"><p>900</p></td><td rowspan="1" colspan="1"><p>CENTRO UNIVERSITARIO FAVENI - UNIFAVENI</p></td><td rowspan="1" colspan="1"><p>UNIFAVENI CENTRO UNIVERSITARIO FAVENI LTDA</p></td></tr><tr><td rowspan="1" colspan="1"><p>158</p></td><td rowspan="1" colspan="1"><p>202510983</p></td><td rowspan="1" colspan="1"><p>Licenciatura</p></td><td rowspan="1" colspan="1"><p>EDUCAÇÃO FÍSICA</p></td><td rowspan="1" colspan="1"><p>400</p></td><td rowspan="1" colspan="1"><p>CENTRO UNIVERSITARIO FAVENI - UNIFAVENI</p></td><td rowspan="1" colspan="1"><p>UNIFAVENI CENTRO UNIVERSITARIO FAVENI LTDA</p></td></tr><tr><td rowspan="1" colspan="1"><p>159</p></td><td rowspan="1" colspan="1"><p>202510984</p></td><td rowspan="1" colspan="1"><p>Licenciatura</p></td><td rowspan="1" colspan="1"><p>FILOSOFIA</p></td><td rowspan="1" colspan="1"><p>400</p></td><td rowspan="1" colspan="1"><p>CENTRO UNIVERSITARIO FAVENI - UNIFAVENI</p></td><td rowspan="1" colspan="1"><p>UNIFAVENI CENTRO UNIVERSITARIO FAVENI LTDA</p></td></tr><tr><td rowspan="1" colspan="1"><p>160</p></td><td rowspan="1" colspan="1"><p>202510992</p></td><td rowspan="1" colspan="1"><p>Licenciatura</p></td><td rowspan="1" colspan="1"><p>FÍSICA</p></td><td rowspan="1" colspan="1"><p>200</p></td><td rowspan="1" colspan="1"><p>CENTRO UNIVERSITARIO FAVENI - UNIFAVENI</p></td><td rowspan="1" colspan="1"><p>UNIFAVENI CENTRO UNIVERSITARIO FAVENI LTDA</p></td></tr><tr><td rowspan="1" colspan="1"><p>161</p></td><td rowspan="1" colspan="1"><p>202510994</p></td><td rowspan="1" colspan="1"><p>Licenciatura</p></td><td rowspan="1" colspan="1"><p>GEOGRAFIA</p></td><td rowspan="1" colspan="1"><p>200</p></td><td rowspan="1" colspan="1"><p>CENTRO UNIVERSITARIO FAVENI - UNIFAVENI</p></td><td rowspan="1" colspan="1"><p>UNIFAVENI CENTRO UNIVERSITARIO FAVENI LTDA</p></td></tr><tr><td rowspan="1" colspan="1"><p>162</p></td><td rowspan="1" colspan="1"><p>202510993</p></td><td rowspan="1" colspan="1"><p>Licenciatura</p></td><td rowspan="1" colspan="1"><p>HISTÓRIA</p></td><td rowspan="1" colspan="1"><p>200</p></td><td rowspan="1" colspan="1"><p>CENTRO UNIVERSITARIO FAVENI - UNIFAVENI</p></td><td rowspan="1" colspan="1"><p>UNIFAVENI CENTRO UNIVERSITARIO FAVENI LTDA</p></td></tr><tr><td rowspan="1" colspan="1"><p>163</p></td><td rowspan="1" colspan="1"><p>202510982</p></td><td rowspan="1" colspan="1"><p>Licenciatura</p></td><td rowspan="1" colspan="1"><p>LETRAS</p></td><td rowspan="1" colspan="1"><p>200</p></td><td rowspan="1" colspan="1"><p>CENTRO UNIVERSITARIO FAVENI - UNIFAVENI</p></td><td rowspan="1" colspan="1"><p>UNIFAVENI CENTRO UNIVERSITARIO FAVENI LTDA</p></td></tr><tr><td rowspan="1" colspan="1"><p>164</p></td><td rowspan="1" colspan="1"><p>202510989</p></td><td rowspan="1" colspan="1"><p>Licenciatura</p></td><td rowspan="1" colspan="1"><p>LETRAS - PORTUGUÊS E ESPANHOL</p></td><td rowspan="1" colspan="1"><p>400</p></td><td rowspan="1" colspan="1"><p>CENTRO UNIVERSITARIO FAVENI - UNIFAVENI</p></td><td rowspan="1" colspan="1"><p>UNIFAVENI CENTRO UNIVERSITARIO FAVENI LTDA</p></td></tr><tr><td rowspan="1" colspan="1"><p>165</p></td><td rowspan="1" colspan="1"><p>202510991</p></td><td rowspan="1" colspan="1"><p>Licenciatura</p></td><td rowspan="1" colspan="1"><p>LETRAS - PORTUGUÊS E INGLÊS</p></td><td rowspan="1" colspan="1"><p>400</p></td><td rowspan="1" colspan="1"><p>CENTRO UNIVERSITARIO FAVENI - UNIFAVENI</p></td><td rowspan="1" colspan="1"><p>UNIFAVENI CENTRO UNIVERSITARIO FAVENI LTDA</p></td></tr><tr><td rowspan="1" colspan="1"><p>166</p></td><td rowspan="1" colspan="1"><p>202510981</p></td><td rowspan="1" colspan="1"><p>Licenciatura</p></td><td rowspan="1" colspan="1"><p>MATEMÁTICA</p></td><td rowspan="1" colspan="1"><p>200</p></td><td rowspan="1" colspan="1"><p>CENTRO UNIVERSITARIO FAVENI - UNIFAVENI</p></td><td rowspan="1" colspan="1"><p>UNIFAVENI CENTRO UNIVERSITARIO FAVENI LTDA</p></td></tr><tr><td rowspan="1" colspan="1"><p>167</p></td><td rowspan="1" colspan="1"><p>202510995</p></td><td rowspan="1" colspan="1"><p>Licenciatura</p></td><td rowspan="1" colspan="1"><p>MÚSICA</p></td><td rowspan="1" colspan="1"><p>400</p></td><td rowspan="1" colspan="1"><p>CENTRO UNIVERSITARIO FAVENI - UNIFAVENI</p></td><td rowspan="1" colspan="1"><p>UNIFAVENI CENTRO UNIVERSITARIO FAVENI LTDA</p></td></tr><tr><td rowspan="1" colspan="1"><p>168</p></td><td rowspan="1" colspan="1"><p>202510987</p></td><td rowspan="1" colspan="1"><p>Licenciatura</p></td><td rowspan="1" colspan="1"><p>QUÍMICA</p></td><td rowspan="1" colspan="1"><p>200</p></td><td rowspan="1" colspan="1"><p>CENTRO UNIVERSITARIO FAVENI - UNIFAVENI</p></td><td rowspan="1" colspan="1"><p>UNIFAVENI CENTRO UNIVERSITARIO FAVENI LTDA</p></td></tr><tr><td rowspan="1" colspan="1"><p>169</p></td><td rowspan="1" colspan="1"><p>202508545</p></td><td rowspan="1" colspan="1"><p>Bacharelado</p></td><td rowspan="1" colspan="1"><p>SERVIÇO SOCIAL</p></td><td rowspan="1" colspan="1"><p>400</p></td><td rowspan="1" colspan="1"><p>CENTRO UNIVERSITARIO FAVENI - UNIFAVENI</p></td><td rowspan="1" colspan="1"><p>UNIFAVENI CENTRO UNIVERSITARIO FAVENI LTDA</p></td></tr><tr><td rowspan="1" colspan="1"><p>170</p></td><td rowspan="1" colspan="1"><p>202510996</p></td><td rowspan="1" colspan="1"><p>Licenciatura</p></td><td rowspan="1" colspan="1"><p>SOCIOLOGIA</p></td><td rowspan="1" colspan="1"><p>400</p></td><td rowspan="1" colspan="1"><p>CENTRO UNIVERSITARIO FAVENI - UNIFAVENI</p></td><td rowspan="1" colspan="1"><p>UNIFAVENI CENTRO UNIVERSITARIO FAVENI LTDA</p></td></tr><tr><td rowspan="1" colspan="1"><p>171</p></td><td rowspan="1" colspan="1"><p>202508548</p></td><td rowspan="1" colspan="1"><p>Bacharelado</p></td><td rowspan="1" colspan="1"><p>TERAPIA OCUPACIONAL</p></td><td rowspan="1" colspan="1"><p>900</p></td><td rowspan="1" colspan="1"><p>CENTRO UNIVERSITARIO FAVENI - UNIFAVENI</p></td><td rowspan="1" colspan="1"><p>UNIFAVENI CENTRO UNIVERSITARIO FAVENI LTDA</p></td></tr><tr><td rowspan="1" colspan="1"><p>172</p></td><td rowspan="1" colspan="1"><p>202508443</p></td><td rowspan="1" colspan="1"><p>Bacharelado</p></td><td rowspan="1" colspan="1"><p>BIOMEDICINA</p></td><td rowspan="1" colspan="1"><p>100</p></td><td rowspan="1" colspan="1"><p>CENTRO UNIVERSITARIO FAVIP WYDEN - UNIFAVIP WYDEN</p></td><td rowspan="1" colspan="1"><p>SOCIEDADE DE EDUCACAO DO VALE DO IPOJUCA LTDA</p></td></tr><tr><td rowspan="1" colspan="1"><p>173</p></td><td rowspan="1" colspan="1"><p>202515010</p></td><td rowspan="1" colspan="1"><p>Bacharelado</p></td><td rowspan="1" colspan="1"><p>CIÊNCIAS BIOLÓGICAS</p></td><td rowspan="1" colspan="1"><p>6000</p></td><td rowspan="1" colspan="1"><p>CENTRO UNIVERSITARIO FAVIP WYDEN - UNIFAVIP WYDEN</p></td><td rowspan="1" colspan="1"><p>SOCIEDADE DE EDUCACAO DO VALE DO IPOJUCA LTDA</p></td></tr><tr><td rowspan="1" colspan="1"><p>174</p></td><td rowspan="1" colspan="1"><p>202508446</p></td><td rowspan="1" colspan="1"><p>Bacharelado</p></td><td rowspan="1" colspan="1"><p>EDUCAÇÃO FÍSICA</p></td><td rowspan="1" colspan="1"><p>100</p></td><td rowspan="1" colspan="1"><p>CENTRO UNIVERSITARIO FAVIP WYDEN - UNIFAVIP WYDEN</p></td><td rowspan="1" colspan="1"><p>SOCIEDADE DE EDUCACAO DO VALE DO IPOJUCA LTDA</p></td></tr><tr><td rowspan="1" colspan="1"><p>175</p></td><td rowspan="1" colspan="1"><p>202509136</p></td><td rowspan="1" colspan="1"><p>Bacharelado</p></td><td rowspan="1" colspan="1"><p>ENGENHARIA CIVIL</p></td><td rowspan="1" colspan="1"><p>100</p></td><td rowspan="1" colspan="1"><p>CENTRO UNIVERSITARIO FAVIP WYDEN - UNIFAVIP WYDEN</p></td><td rowspan="1" colspan="1"><p>SOCIEDADE DE EDUCACAO DO VALE DO IPOJUCA LTDA</p></td></tr><tr><td rowspan="1" colspan="1"><p>176</p></td><td rowspan="1" colspan="1"><p>202509134</p></td><td rowspan="1" colspan="1"><p>Bacharelado</p></td><td rowspan="1" colspan="1"><p>ENGENHARIA DE PRODUÇÃO</p></td><td rowspan="1" colspan="1"><p>100</p></td><td rowspan="1" colspan="1"><p>CENTRO UNIVERSITARIO FAVIP WYDEN - UNIFAVIP WYDEN</p></td><td rowspan="1" colspan="1"><p>SOCIEDADE DE EDUCACAO DO VALE DO IPOJUCA LTDA</p></td></tr><tr><td rowspan="1" colspan="1"><p>177</p></td><td rowspan="1" colspan="1"><p>202509137</p></td><td rowspan="1" colspan="1"><p>Bacharelado</p></td><td rowspan="1" colspan="1"><p>ENGENHARIA ELÉTRICA</p></td><td rowspan="1" colspan="1"><p>100</p></td><td rowspan="1" colspan="1"><p>CENTRO UNIVERSITARIO FAVIP WYDEN - UNIFAVIP WYDEN</p></td><td rowspan="1" colspan="1"><p>SOCIEDADE DE EDUCACAO DO VALE DO IPOJUCA LTDA</p></td></tr><tr><td rowspan="1" colspan="1"><p>178</p></td><td rowspan="1" colspan="1"><p>202509133</p></td><td rowspan="1" colspan="1"><p>Bacharelado</p></td><td rowspan="1" colspan="1"><p>ENGENHARIA MECÂNICA</p></td><td rowspan="1" colspan="1"><p>100</p></td><td rowspan="1" colspan="1"><p>CENTRO UNIVERSITARIO FAVIP WYDEN - UNIFAVIP WYDEN</p></td><td rowspan="1" colspan="1"><p>SOCIEDADE DE EDUCACAO DO VALE DO IPOJUCA LTDA</p></td></tr><tr><td rowspan="1" colspan="1"><p>179</p></td><td rowspan="1" colspan="1"><p>202511922</p></td><td rowspan="1" colspan="1"><p>Tecnológico</p></td><td rowspan="1" colspan="1"><p>ESTÉTICA E COSMÉTICA</p></td><td rowspan="1" colspan="1"><p>1080</p></td><td rowspan="1" colspan="1"><p>CENTRO UNIVERSITARIO FAVIP WYDEN - UNIFAVIP WYDEN</p></td><td rowspan="1" colspan="1"><p>SOCIEDADE DE EDUCACAO DO VALE DO IPOJUCA LTDA</p></td></tr><tr><td rowspan="1" colspan="1"><p>180</p></td><td rowspan="1" colspan="1"><p>202508444</p></td><td rowspan="1" colspan="1"><p>Bacharelado</p></td><td rowspan="1" colspan="1"><p>FARMÁCIA</p></td><td rowspan="1" colspan="1"><p>100</p></td><td rowspan="1" colspan="1"><p>CENTRO UNIVERSITARIO FAVIP WYDEN - UNIFAVIP WYDEN</p></td><td rowspan="1" colspan="1"><p>SOCIEDADE DE EDUCACAO DO VALE DO IPOJUCA LTDA</p></td></tr><tr><td rowspan="1" colspan="1"><p>181</p></td><td rowspan="1" colspan="1"><p>202508447</p></td><td rowspan="1" colspan="1"><p>Bacharelado</p></td><td rowspan="1" colspan="1"><p>FISIOTERAPIA</p></td><td rowspan="1" colspan="1"><p>100</p></td><td rowspan="1" colspan="1"><p>CENTRO UNIVERSITARIO FAVIP WYDEN - UNIFAVIP WYDEN</p></td><td rowspan="1" colspan="1"><p>SOCIEDADE DE EDUCACAO DO VALE DO IPOJUCA LTDA</p></td></tr><tr><td rowspan="1" colspan="1"><p>182</p></td><td rowspan="1" colspan="1"><p>202509135</p></td><td rowspan="1" colspan="1"><p>Tecnológico</p></td><td rowspan="1" colspan="1"><p>GESTÃO AMBIENTAL</p></td><td rowspan="1" colspan="1"><p>1080</p></td><td rowspan="1" colspan="1"><p>CENTRO UNIVERSITARIO FAVIP WYDEN - UNIFAVIP WYDEN</p></td><td rowspan="1" colspan="1"><p>SOCIEDADE DE EDUCACAO DO VALE DO IPOJUCA LTDA</p></td></tr><tr><td rowspan="1" colspan="1"><p>183</p></td><td rowspan="1" colspan="1"><p>202511923</p></td><td rowspan="1" colspan="1"><p>Tecnológico</p></td><td rowspan="1" colspan="1"><p>GESTÃO HOSPITALAR</p></td><td rowspan="1" colspan="1"><p>1080</p></td><td rowspan="1" colspan="1"><p>CENTRO UNIVERSITARIO FAVIP WYDEN - UNIFAVIP WYDEN</p></td><td rowspan="1" colspan="1"><p>SOCIEDADE DE EDUCACAO DO VALE DO IPOJUCA LTDA</p></td></tr><tr><td rowspan="1" colspan="1"><p>184</p></td><td rowspan="1" colspan="1"><p>202516447</p></td><td rowspan="1" colspan="1"><p>Licenciatura</p></td><td rowspan="1" colspan="1"><p>HISTÓRIA</p></td><td rowspan="1" colspan="1"><p>6000</p></td><td rowspan="1" colspan="1"><p>CENTRO UNIVERSITARIO FAVIP WYDEN - UNIFAVIP WYDEN</p></td><td rowspan="1" colspan="1"><p>SOCIEDADE DE EDUCACAO DO VALE DO IPOJUCA LTDA</p></td></tr><tr><td rowspan="1" colspan="1"><p>185</p></td><td rowspan="1" colspan="1"><p>202516449</p></td><td rowspan="1" colspan="1"><p>Licenciatura</p></td><td rowspan="1" colspan="1"><p>LETRAS - INGLÊS</p></td><td rowspan="1" colspan="1"><p>6000</p></td><td rowspan="1" colspan="1"><p>CENTRO UNIVERSITARIO FAVIP WYDEN - UNIFAVIP WYDEN</p></td><td rowspan="1" colspan="1"><p>SOCIEDADE DE EDUCACAO DO VALE DO IPOJUCA LTDA</p></td></tr><tr><td rowspan="1" colspan="1"><p>186</p></td><td rowspan="1" colspan="1"><p>202516450</p></td><td rowspan="1" colspan="1"><p>Licenciatura</p></td><td rowspan="1" colspan="1"><p>LETRAS - LÍNGUA PORTUGUESA</p></td><td rowspan="1" colspan="1"><p>6000</p></td><td rowspan="1" colspan="1"><p>CENTRO UNIVERSITARIO FAVIP WYDEN - UNIFAVIP WYDEN</p></td><td rowspan="1" colspan="1"><p>SOCIEDADE DE EDUCACAO DO VALE DO IPOJUCA LTDA</p></td></tr><tr><td rowspan="1" colspan="1"><p>187</p></td><td rowspan="1" colspan="1"><p>202508445</p></td><td rowspan="1" colspan="1"><p>Bacharelado</p></td><td rowspan="1" colspan="1"><p>NUTRIÇÃO</p></td><td rowspan="1" colspan="1"><p>100</p></td><td rowspan="1" colspan="1"><p>CENTRO UNIVERSITARIO FAVIP WYDEN - UNIFAVIP WYDEN</p></td><td rowspan="1" colspan="1"><p>SOCIEDADE DE EDUCACAO DO VALE DO IPOJUCA LTDA</p></td></tr><tr><td rowspan="1" colspan="1"><p>188</p></td><td rowspan="1" colspan="1"><p>202510784</p></td><td rowspan="1" colspan="1"><p>Licenciatura</p></td><td rowspan="1" colspan="1"><p>PEDAGOGIA</p></td><td rowspan="1" colspan="1"><p>1080</p></td><td rowspan="1" colspan="1"><p>CENTRO UNIVERSITARIO FAVIP WYDEN - UNIFAVIP WYDEN</p></td><td rowspan="1" colspan="1"><p>SOCIEDADE DE EDUCACAO DO VALE DO IPOJUCA LTDA</p></td></tr><tr><td rowspan="1" colspan="1"><p>189</p></td><td rowspan="1" colspan="1"><p>202510785</p></td><td rowspan="1" colspan="1"><p>Bacharelado</p></td><td rowspan="1" colspan="1"><p>PEDAGOGIA</p></td><td rowspan="1" colspan="1"><p>1390</p></td><td rowspan="1" colspan="1"><p>CENTRO UNIVERSITARIO FAVIP WYDEN - UNIFAVIP WYDEN</p></td><td rowspan="1" colspan="1"><p>SOCIEDADE DE EDUCACAO DO VALE DO IPOJUCA LTDA</p></td></tr><tr><td rowspan="1" colspan="1"><p>190</p></td><td rowspan="1" colspan="1"><p>202516448</p></td><td rowspan="1" colspan="1"><p>Tecnológico</p></td><td rowspan="1" colspan="1"><p>PROCESSOS ESCOLARES</p></td><td rowspan="1" colspan="1"><p>3000</p></td><td rowspan="1" colspan="1"><p>CENTRO UNIVERSITARIO FAVIP WYDEN - UNIFAVIP WYDEN</p></td><td rowspan="1" colspan="1"><p>SOCIEDADE DE EDUCACAO DO VALE DO IPOJUCA LTDA</p></td></tr><tr><td rowspan="1" colspan="1"><p>191</p></td><td rowspan="1" colspan="1"><p>202508448</p></td><td rowspan="1" colspan="1"><p>Tecnológico</p></td><td rowspan="1" colspan="1"><p>RADIOLOGIA</p></td><td rowspan="1" colspan="1"><p>100</p></td><td rowspan="1" colspan="1"><p>CENTRO UNIVERSITARIO FAVIP WYDEN - UNIFAVIP WYDEN</p></td><td rowspan="1" colspan="1"><p>SOCIEDADE DE EDUCACAO DO VALE DO IPOJUCA LTDA</p></td></tr><tr><td rowspan="1" colspan="1"><p>192</p></td><td rowspan="1" colspan="1"><p>202508253</p></td><td rowspan="1" colspan="1"><p>Bacharelado</p></td><td rowspan="1" colspan="1"><p>BIOMEDICINA</p></td><td rowspan="1" colspan="1"><p>321</p></td><td rowspan="1" colspan="1"><p>CENTRO UNIVERSITARIO FBV WYDEN - UNIFBV WYDEN</p></td><td rowspan="1" colspan="1"><p>YDUQS EDUCACIONAL LTDA.</p></td></tr><tr><td rowspan="1" colspan="1"><p>193</p></td><td rowspan="1" colspan="1"><p>202515004</p></td><td rowspan="1" colspan="1"><p>Bacharelado</p></td><td rowspan="1" colspan="1"><p>CIÊNCIAS BIOLÓGICAS</p></td><td rowspan="1" colspan="1"><p>2400</p></td><td rowspan="1" colspan="1"><p>CENTRO UNIVERSITARIO FBV WYDEN - UNIFBV WYDEN</p></td><td rowspan="1" colspan="1"><p>YDUQS EDUCACIONAL LTDA.</p></td></tr><tr><td rowspan="1" colspan="1"><p>194</p></td><td rowspan="1" colspan="1"><p>202508254</p></td><td rowspan="1" colspan="1"><p>Bacharelado</p></td><td rowspan="1" colspan="1"><p>EDUCAÇÃO FÍSICA</p></td><td rowspan="1" colspan="1"><p>100</p></td><td rowspan="1" colspan="1"><p>CENTRO UNIVERSITARIO FBV WYDEN - UNIFBV WYDEN</p></td><td rowspan="1" colspan="1"><p>YDUQS EDUCACIONAL LTDA.</p></td></tr><tr><td rowspan="1" colspan="1"><p>195</p></td><td rowspan="1" colspan="1"><p>202508988</p></td><td rowspan="1" colspan="1"><p>Bacharelado</p></td><td rowspan="1" colspan="1"><p>ENGENHARIA CIVIL</p></td><td rowspan="1" colspan="1"><p>100</p></td><td rowspan="1" colspan="1"><p>CENTRO UNIVERSITARIO FBV WYDEN - UNIFBV WYDEN</p></td><td rowspan="1" colspan="1"><p>YDUQS EDUCACIONAL LTDA.</p></td></tr><tr><td rowspan="1" colspan="1"><p>196</p></td><td rowspan="1" colspan="1"><p>202508984</p></td><td rowspan="1" colspan="1"><p>Bacharelado</p></td><td rowspan="1" colspan="1"><p>ENGENHARIA DE PRODUÇÃO</p></td><td rowspan="1" colspan="1"><p>1080</p></td><td rowspan="1" colspan="1"><p>CENTRO UNIVERSITARIO FBV WYDEN - UNIFBV WYDEN</p></td><td rowspan="1" colspan="1"><p>YDUQS EDUCACIONAL LTDA.</p></td></tr></table>]]></Texto>
  </body>
  <Midias />
</article></xml>