﻿<xml><article id="45410611" name="Ext.Parecer9790-Fiocruz" idOficio="11279913" pubName="DO1" artType="Extrato de Parecer Técnico" pubDate="12/09/2025" artClass="00013:00018:00000:00000:00000:00000:00000:00000:00000:00000:00034:00000" artCategory="Ministério da Ciência, Tecnologia e Inovação/Comissão Técnica Nacional de Biossegurança" artSize="12" artNotes="" numberPage="14" pdfPage="http://pesquisa.in.gov.br/imprensa/jsp/visualiza/index.jsp?data=12/09/2025&amp;jornal=515&amp;pagina=14" editionNumber="174" highlightType="" highlightPriority="" highlight="" highlightimage="" highlightimagename="" idMateria="23100241">
  <body>
    <Identifica><![CDATA[ EXTRATO DE PARECER TÉCNICO Nº 9.790/2025]]></Identifica>
    <Data><![CDATA[]]></Data>
    <Ementa />
    <Titulo />
    <SubTitulo />
    <Texto><![CDATA[<p class="identifica">EXTRATO DE PARECER TÉCNICO Nº 9.790/2025</p><p>O Presidente da Comissão Técnica Nacional de Biossegurança - CTNBio, no uso de suas atribuições e de acordo com o artigo 14, inciso XIX, da Lei 11.105/05 e do Art. 5º, inciso XIX do Decreto 5.591/05, torna público que na 284ª Reunião Ordinária da CTNBio, realizada em 04/09/2025, a Comissão apreciou e emitiu parecer técnico para o seguinte processo:</p><p>Processo: 01245.012748/2025-10</p><p>Requerente: Centro de Pesquisa Aggeu Magalhães - Fiocruz</p><p>CQB: 098/99</p><p>Assunto: Solicitação de Parecer para extensão de Certificado de Qualidade de Biossegurança - CQB da instituição para inclusão de áreas com nível de biossegurança NB2.</p><p>Extrato Prévio: 10.333/2025, publicado no Diário Oficial da União em 10/07/2025</p><p>Decisão: DEFERIDO</p><p>A requerente, por meio de seu representante legal, solicitou parecer técnico da CTNBio para extensão de Certificado de Qualidade de Biossegurança da instituição para inclusão das áreas do Núcleo de Plataformas Tecnológicas, do Departamento de Vice-direção de Pesquisa, Desenvolvimento Tecnológico e Serviços de Referência, para execução das atividades de pesquisa em regime de contenção com microorganismos geneticamente modificados (OGM), com Nível de Biossegurança 1 e 2. A CTNBio, após apreciação da solicitação de parecer para Extensão de Certificado de Qualidade em Biossegurança da instituição, concluiu pelo deferimento, nos termos deste Parecer Técnico. No âmbito das competências dispostas na Lei 11.105/05 e seu decreto 5.591/05, a Comissão concluiu que o presente pedido atende às normas da CTNBio e à legislação pertinente que visam garantir a biossegurança do meio ambiente, agricultura, saúde humana e animal.</p><p>A CTNBio esclarece que este extrato não exime a requerente do cumprimento das demais legislações vigentes no país, aplicáveis ao objeto do requerimento.</p><p>A íntegra deste Parecer Técnico consta do processo arquivado na CTNBio. Informações complementares ou solicitações de maiores informações sobre o processo, deverão ser encaminhadas, via Sistema FALABR, através da página eletrônica do Ministério da Ciência, Tecnologia e Inovação.</p><p class="assina">Mario Tyago Murakami</p><p class="cargo">Substituto</p>]]></Texto>
  </body>
  <Midias />
</article></xml>