﻿<xml><article id="45416923" name="DELIBERACAO 325" idOficio="11280955" pubName="DO1" artType="Deliberação" pubDate="12/09/2025" artClass="00050:00019:00043:00000:00000:00000:00000:00000:00000:00000:00022:00325" artCategory="Ministério dos Transportes/Agência Nacional de Transportes Terrestres/Diretoria Colegiada" artSize="12" artNotes="" numberPage="203" pdfPage="http://pesquisa.in.gov.br/imprensa/jsp/visualiza/index.jsp?data=12/09/2025&amp;jornal=515&amp;pagina=203" editionNumber="174" highlightType="" highlightPriority="" highlight="" highlightimage="" highlightimagename="" idMateria="23102235">
  <body>
    <Identifica><![CDATA[ DELIBERAÇÃO Nº 325, DE 11 DE SETEMBRO DE 2025]]></Identifica>
    <Data><![CDATA[]]></Data>
    <Ementa />
    <Titulo />
    <SubTitulo />
    <Texto><![CDATA[<p class="identifica">DELIBERAÇÃO Nº 325, DE 11 DE SETEMBRO DE 2025</p><p>A Diretoria Colegiada da Agência Nacional de Transportes Terrestres - ANTT, no uso de suas atribuições, fundamentada no Voto DFQ - 131, de 11 de setembro de 2025, e no que consta do processo nº 50500.206064/2022-73, delibera:</p><p>Art. 1º Fica conhecido o recurso interposto pela Companhia de Concessão Rodoviária Juiz de Fora-Rio - Concer, para, no mérito, negar-lhe provimento, mantendo-se a penalidade de multa no patamar de 1.000 (mil) Unidades de Referência de Tarifa - URT, por conduta que configura o ilícito descrito no art. 7º, inciso VII, da Resolução ANTT nº 4.071, de 3 de abril de 2013.</p><p>Art. 2º Fica determinada à Superintendência de Infraestrutura Rodoviária - Surod a atualização do valor da multa, em conformidade com o Contrato de Concessão PG-138/95-00.</p><p>Art. 3º Fica autorizada a Surod, em caso de não quitação da multa no prazo regulamentar de 30 (trinta) dias previsto no art. 85, § 3º, da Resolução ANTT nº 5.083, de 27 de abril de 2016, contado do recebimento da respectiva Guia de Recolhimento da União - GRU pela Concessionária, a adotar as providências necessárias à execução da caução, como forma de garantia contratual, nos termos do Contrato de Concessão PG-138/95-00.</p><p>Art. 4º Esta Deliberação entra em vigor na data de sua publicação.</p><p class="assina">GUILHERME THEO SAMPAIO</p><p class="cargo">Diretor-Geral</p>]]></Texto>
  </body>
  <Midias />
</article></xml>