﻿<xml><article id="45406662" name="Deliberacao PAS URESN 5" idOficio="11279015" pubName="DO1" artType="Deliberação" pubDate="12/09/2025" artClass="00041:00020:00025:00006:00002:00000:00000:00000:00000:00000:00022:00000" artCategory="Ministério de Portos e Aeroportos/Agência Nacional de Transportes Aquaviários/Superintendência de Fiscalização e Coordenação das Unidades Regionais/Gerência Regional de Belém/Unidade Regional de Santana" artSize="12" artNotes="" numberPage="181" pdfPage="http://pesquisa.in.gov.br/imprensa/jsp/visualiza/index.jsp?data=12/09/2025&amp;jornal=515&amp;pagina=181" editionNumber="174" highlightType="" highlightPriority="" highlight="" highlightimage="" highlightimagename="" idMateria="23099048">
  <body>
    <Identifica><![CDATA[ DELIBERAÇÃO Nº 5, dE 8 de AGOSTO de 2025]]></Identifica>
    <Data><![CDATA[]]></Data>
    <Ementa><![CDATA[ Processo nº 50300.012885/2025-40. Fiscalizado: COMPANHIA DOCAS DE SANTANA-CDSA, CNPJ 04.756.826/0001-36  .  Objeto e Fundamento Legal:]]></Ementa>
    <Titulo />
    <SubTitulo />
    <Texto><![CDATA[<p class="identifica">DELIBERAÇÃO Nº 5, dE 8 de AGOSTO de 2025</p><p class="ementa">Processo nº 50300.012885/2025-40. Fiscalizado: COMPANHIA DOCAS DE SANTANA-CDSA, CNPJ 04.756.826/0001-36 . Objeto e Fundamento Legal:</p><p>O CHEFE DA UNIDADE REGIONAL DE SANTANA DA AGÊNCIA NACIONAL DE TRANSPORTES AQUAVIÁRIOS - ANTAQ, no uso das atribuições que lhe são conferidas pelo Regimento Interno, em observância ao procedimento ditado pela Lei nº 9.784/99 e Resolução nº 3.259 ANTAQ/2014, com base na análise dos fatos apurados no processo nº 50300.012885/2025-40, considerando os fatos contidos nos autos do processo, decido:</p><p>I-Considerar nulo o Auto de Infração 007071-8 (SEI nº 2588497) por conter vício formal insanável.</p><p>II-Arquivar o processo sem aplicação de penalidade à autuada.</p><p>III-Notifique-se a empresa Companhia Docas de Santana (CNPJ 04.756.826/0001-36) acerca da presente decisão.</p><p class="assina">Renan Medeiros Santos</p>]]></Texto>
  </body>
  <Midias />
</article></xml>