﻿<xml><article id="45406593" name="Atos Declaratorios CVM 23.870 a " idOficio="11279029" pubName="DO1" artType="Ato Declaratório" pubDate="12/09/2025" artClass="00028:00040:00019:00020:00003:00000:00000:00000:00000:00000:00007:00000" artCategory="Ministério da Fazenda/Comissão de Valores Mobiliários/Superintendência-Geral/Superintendência de Supervisão de Investidores Institucionais/Gerência de Acompanhamento de Investidores Institucionais" artSize="12" artNotes="" numberPage="142" pdfPage="http://pesquisa.in.gov.br/imprensa/jsp/visualiza/index.jsp?data=12/09/2025&amp;jornal=515&amp;pagina=142" editionNumber="174" highlightType="" highlightPriority="" highlight="" highlightimage="" highlightimagename="" idMateria="23099015">
  <body>
    <Identifica><![CDATA[ ATOS DECLARATÓRIOS CVM DE 11 DE SETEMBRO DE 2025]]></Identifica>
    <Data><![CDATA[]]></Data>
    <Ementa />
    <Titulo />
    <SubTitulo />
    <Texto><![CDATA[<p class="identifica">ATOS DECLARATÓRIOS CVM DE 11 DE SETEMBRO DE 2025</p><p>Nº 23.870 - O Gerente de Acompanhamento de Investidores Institucionais da Comissão de Valores Mobiliários, no uso da competência dada pela Resolução CVM nº 24, de 5 de março de 2021, cancela, a pedido, a autorização concedida a PENÍNSULA PARTNERS GESTÃO DE INVESTIMENTOS LTDA, CNPJ nº 40.090.621, para prestar os serviços de Administrador de Carteira de Valores Mobiliários previstos na Resolução CVM nº 21, de 25 de fevereiro de 2021.</p><p>Nº 23.871 - O Gerente de Acompanhamento de Investidores Institucionais da Comissão de Valores Mobiliários, no uso da competência dada pela Resolução CVM nº 24, de 5 de março de 2021, cancela, a pedido, a autorização concedida a ALEXANDRE LUIZ ZIMATH, CPF nº ***.727.589-**, para prestar os serviços de Administrador de Carteira de Valores Mobiliários previstos na Resolução CVM nº 21, de 25 de fevereiro de 2021.</p><p>Nº 23.872 - O Gerente de Acompanhamento de Investidores Institucionais da Comissão de Valores Mobiliários, no uso da competência dada pela Resolução CVM nº 24, de 5 de março de 2021, autoriza MABE INVEST CONSULTORIA E TREINAMENTO LTDA., CNPJ nº 62.033.515, a prestar os serviços de Consultor de Valores Mobiliários, previstos na Resolução CVM nº 19, de 25 de fevereiro de 2021.</p><p>Nº 23.873 - O Gerente de Acompanhamento de Investidores Institucionais da Comissão de Valores Mobiliários, no uso da competência dada pela Resolução CVM nº 24, de 5 de março de 2021, autoriza VITOR SAKUMOTO HIGA, CPF n° ***.750.208-**, a prestar os serviços de Consultor de Valores Mobiliários, previstos na Resolução CVM nº 19, de 25 de fevereiro de 2021.</p><p>Nº 23.874 - O Gerente de Acompanhamento de Investidores Institucionais da Comissão de Valores Mobiliários, no uso da competência dada pela Resolução CVM nº 24, de 5 de março de 2021, autoriza ADELE MICHELLE SILVA QUETGLAS, CPF n° ***.256.365-**, a prestar os serviços de Consultor de Valores Mobiliários, previstos na Resolução CVM nº 19, de 25 de fevereiro de 2021.</p><p>Nº 23.875 - O Gerente de Acompanhamento de Investidores Institucionais da Comissão de Valores Mobiliários, no uso da competência dada pela Resolução CVM nº 24, de 5 de março de 2021, autoriza ÍTALO HENRIQUE BEZERRA DA SILVA, CPF n° ***.751.052-**, a prestar os serviços de Consultor de Valores Mobiliários, previstos na Resolução CVM nº 19, de 25 de fevereiro de 2021.</p><p>Nº 23.876 - O Gerente de Acompanhamento de Investidores Institucionais da Comissão de Valores Mobiliários, no uso da competência dada pela Resolução CVM nº 24, de 5 de março de 2021, autoriza OLP WEALTH MANAGEMENT LTDA., CNPJ n° 60.806.944, a prestar os serviços de Consultor de Valores Mobiliários, previstos na Resolução CVM nº 19, de 25 de fevereiro de 2021.</p><p>Nº 23.877 - O Gerente de Acompanhamento de Investidores Institucionais da Comissão de Valores Mobiliários, no uso da competência dada pela Resolução CVM nº 24, de 5 de março de 2021, cancela, a pedido, a autorização concedida a ANTONIO JOAQUIM DE MOURA ANDRADE, CPF nº ***.066.338-**, para prestar os serviços de Administrador de Carteira de Valores Mobiliários previstos na Resolução CVM nº 21, de 25 de fevereiro de 2021.</p><p>Nº 23.878 - O Gerente de Acompanhamento de Investidores Institucionais da Comissão de Valores Mobiliários, no uso da competência dada pela Resolução CVM nº 24, de 5 de março de 2021, cancela, a pedido, a autorização concedida a FRANCISCO ANTONIO BARBIERI RABELO, CPF nº ***.925.768-**, para prestar os serviços de Administrador de Carteira de Valores Mobiliários previstos na Resolução CVM nº 21, de 25 de fevereiro de 2021.</p><p class="assina">VEROCHILE DA SILVA JUNIOR</p>]]></Texto>
  </body>
  <Midias />
</article></xml>