﻿<xml><article id="45410245" name="ALVARA NA 142445305 e 142468796" idOficio="11279852" pubName="DO1" artType="Alvará" pubDate="12/09/2025" artClass="00033:00045:00057:00003:00000:00000:00000:00000:00000:00000:00004:00000" artCategory="Ministério da Justiça e Segurança Pública/Polícia Federal/Diretoria de Polícia Administrativa/Coordenação-Geral de Controle de Serviços e Produtos" artSize="12" artNotes="" numberPage="151" pdfPage="http://pesquisa.in.gov.br/imprensa/jsp/visualiza/index.jsp?data=12/09/2025&amp;jornal=515&amp;pagina=151" editionNumber="174" highlightType="" highlightPriority="" highlight="" highlightimage="" highlightimagename="" idMateria="23100131">
  <body>
    <Identifica><![CDATA[ ALVARÁ Nº 142445305, DE 4 DE SETEMBRO DE 2025]]></Identifica>
    <Data><![CDATA[]]></Data>
    <Ementa />
    <Titulo />
    <SubTitulo />
    <Texto><![CDATA[<p class="identifica">ALVARÁ Nº 142445305, DE 4 DE SETEMBRO DE 2025</p><p>O COORDENADOR-GERAL DE CONTROLE DE SERVIÇOS E PRODUTOS DA POLÍCIA FEDERAL, no uso das atribuições que lhe são conferidas pelo art. 40 da Lei 14.967/24, atendendo à solicitação da parte interessada, de acordo com a decisão prolatada no Processo SEI nº 08124.000679/2025-17 e GESP 2025/39419, resolve: CONCEDER autorização de funcionamento, válida por 02 (dois) anos da data da publicação deste Alvará no D.O.U., à empresa QAP SEGURANÇA PRIVADA LTDA CNPJ nº 30.909.842/0001-21, especializada em segurança privada, na(s) atividade(s) de Vigilância Patrimonial, para atuar em Minas Gerais, com Certificado de Segurança nº 08124.000679/2025-17/2025, expedido pela DREX/SR/PF.</p><p class="assina">CAIRO COSTA DUARTE</p><p class="identifica">ALVARÁ Nº 142468796, DE 8 DE SETEMBRO DE 2025</p><p>O COORDENADOR-GERAL DE CONTROLE DE SERVIÇOS E PRODUTOS DA POLÍCIA FEDERAL, no uso das atribuições que lhe são conferidas pelo art. 40 da Lei 14.967/24, atendendo à solicitação da parte interessada, de acordo com a decisão prolatada no Processo nº 08337.000520/2025-99, resolve: CONCEDER autorização de funcionamento, válida por 02 (dois) anos da data da publicação deste Alvará no D.O.U, à empresa DAIVIG SEGURANÇA LTDA, CNPJ nº 45.954.392/0001-66, especializada em segurança privada, na(s) atividade(s) de Vigilância Patrimonial, para atuar no Mato Grosso do Sul, com Certificado de Segurança nº 1686/2025, expedido pela DREX/SR/PF.</p><p class="assina">CAIRO COSTA DUARTE</p>]]></Texto>
  </body>
  <Midias />
</article></xml>